biopolymer_type,pore_size,porosity,printing_method,layer_thickness,material_composition,density,compressive_strength,elastic_modulus,degradation_rate,cell_viability,bone_regeneration_score
PLGA,187.57609239962284,80.67991501773,freeze drying,258.89755528127046,0.08898832676577156,0.29000778160577745,5.477939694200425,327.64077645487345,5.897055584132267,68.41446798972787,7.971444487470668
Gelatin,50.58407438076075,94.49375135392914,electrospinning,266.1185283697008,0.2384996271516183,0.09797264520561257,1.1682360905712388,74.72416564656518,2.448182379989241,60.004637918676444,3.9640221623452243
PLGA,494.31092664653187,33.01927682679985,salt leaching,262.6406981655034,0.0823961897831164,0.9974348009697297,38.006275254422285,4075.8079608860044,5.774924068137929,55.79522825552214,3.07229812704667
Gelatin,244.08498620001268,73.06394848300883,FDM,159.09887663129385,0.4910234842504676,0.6017089051001966,23.063258661673398,3477.0118746492194,3.3157978578052756,87.1924103088299,5.602139045213088
Gelatin,83.92046668290355,51.14647149961218,salt leaching,186.0370513913187,0.3813375336732941,0.9948569480076014,41.70374524762938,8318.482806570299,2.769351624798431,74.72785880929831,2.811710387729012
PLA,199.0367611506293,30.358937613034158,FDM,335.41149995919193,0.27680644214957806,1.231741682499265,72.3708398087547,12744.744754442429,18.731320509733735,67.88748916713679,3.93425949913019
PCL,97.66876271451773,50.213850911518044,FDM,163.81416270936145,0.21668018827695876,0.7863442338325625,29.979838617995505,4350.861138052849,24.0,67.91463205483464,4.360386279601072
Gelatin,442.0496220364955,57.79016619330572,SLS,58.896694360433315,0.027607770486918752,0.5908085056628443,4.566525131539057,433.42826142160425,2.8589893925745087,65.21061819807782,6.296375756916927
PGA,170.91596544050333,90.43034740226724,SLS,332.84213284754594,0.3125315899518051,0.1948669483601358,5.377322256346273,312.55564894940176,2.500565788244856,67.61095583844023,7.170802354335188
Gelatin,254.0991870384765,72.09985783518854,FDM,50.182131948360535,0.0766450110339595,0.415143239898233,4.727692608406689,545.2452403270071,2.985519594003293,71.67469668347282,6.678761728526879
PGA,214.0731646798027,66.27663013112718,electrospinning,191.3426598703143,0.1997330185160982,0.62508542042056,29.15212959275249,2513.3575900852743,2.296801514418929,80.7605431512853,4.646189344915718
PCL,358.27775998867344,32.148297638535645,SLA,170.77493680933904,0.32209825835085604,1.215093040931972,70.25996865756474,13684.63209001593,24.0,58.77109457636362,3.982984387743285
PLA,325.8373495394399,71.09987898858266,electrospinning,271.73539876631315,0.08524692237951856,0.4054171462585977,11.968618425789911,822.7917010045563,15.033483483300369,76.45058159577142,8.581313424102497
PGA,434.06979372446074,44.72222538786597,SLA,275.8104766433074,0.3845327615137072,1.190099019781017,64.79960364303628,10011.607792729046,2.7904920747017026,57.22658954938975,3.4565186496846088
Gelatin,243.4562207863667,72.89896299222164,SLA,336.02777007042556,0.21011873696910635,0.46836384160430106,11.200308474883816,1564.1760962397025,3.1952861222594566,77.40750432470853,6.141993485662155
PGA,594.4667591526795,88.31216689691752,SLS,360.4802484927911,0.2011366186448704,0.2169076363973233,6.2731178737291975,319.61645229549305,2.4670086929875503,48.27492655565212,5.558339310972567
PGA,53.796187884664015,40.45252334213741,FDM,242.05682627830515,0.24921394821100237,1.1514853934406144,63.42681562836008,8184.608788734536,2.6798294140003414,58.86198470271741,2.095463934084948
PGA,281.0455938892919,65.26511498606845,FDM,228.084926893566,0.03662263168367736,0.5520514837002822,21.883510490597317,801.2854613006232,2.71534053427831,67.73430174166639,5.625066044267127
PLA,551.6930447473247,86.1708917296737,salt leaching,130.56484388454436,0.19624340399927503,0.2233158840237944,6.371859599327728,436.6234555617392,18.59253723697566,72.12006242074324,7.566592890691346
Gelatin,479.21935187812875,93.72155294154297,freeze drying,76.37118960214487,0.28524584776997963,0.11699525245880323,1.4029602182184056,97.73807178296596,2.5961604366380184,81.0794381262971,5.970943607751971
Gelatin,511.2554200243773,94.35350025677711,SLA,99.02940533278341,0.08205189688539843,0.08456725479800735,0.4809867902955697,25.440403440755922,2.5116277564442004,55.90137566420201,3.5455735253103944
PGA,700.3042389350778,89.36063591617064,SLA,228.96983960132823,0.23853740553691066,0.203896028625521,5.580836511957772,297.42309927615366,2.697743939720098,51.65932038926841,5.608172436430074
PCL,296.1145006060489,40.07770508730337,electrospinning,393.6443109086859,0.4285992788011823,1.2010474570434317,66.0984814118746,13110.424823754358,24.0,70.25224402951565,4.736958663396495
PLGA,773.9388727930773,59.72223550489235,salt leaching,344.7080762541935,0.17284686468031865,0.6657321683329828,21.201787356401685,2484.4413283979898,7.104978003119578,62.05413895091116,4.278800086161842
PGA,608.0319822493366,46.30593427753298,salt leaching,114.51678601597952,0.05256878498302839,0.8672458406461747,48.897876651139214,2609.045134707237,2.536222662610015,50.73958066242753,2.2049106523742283
PLA,259.95042270945714,92.06624324310762,freeze drying,308.263920843519,0.19739801632377404,0.128291243640358,2.381640766878201,123.9120498443563,18.28304647057501,70.59193899514914,6.922602228189182
Chitosan,283.55998204347065,93.66818436039806,FDM,111.36559446126849,0.4152423091406794,0.13465707953115139,2.286391886241837,155.2014298592259,7.565975644734561,69.2339475844125,8.182363948319788
PLGA,245.67021750628547,30.994795118875007,SLA,376.70270782781904,0.15975943026876918,1.1242083485418017,58.421011624158844,8665.062495021859,7.64663735315725,62.23782065509801,4.158387979511536
PLGA,341.1274446548914,71.81373419875295,salt leaching,210.38851167203083,0.27796270498497067,0.5195045871449844,20.055354584868894,2357.852982964655,5.662166767063695,72.78301131749032,5.778958545722159
PCL,120.83222056694629,74.3954402720632,freeze drying,74.91602696108015,0.35439966999892125,0.4751108716217483,18.131250954124983,2232.426186272503,24.0,86.53354092288659,6.5305809194381075
Chitosan,261.52592942847986,41.53357034568198,freeze drying,312.7151630743004,0.3366963590709936,1.163025110029014,60.1402424883965,11954.017001259816,8.07442607938555,85.93816368675746,5.303448145370342
PLA,604.9315703355309,45.48534990625866,freeze drying,182.2051101617032,0.5374235063419922,1.2355630402097517,67.75678891248367,13072.694844610753,19.196461660009977,71.91147851502586,4.045787665887824
PLA,762.5464752881037,91.78946455094115,salt leaching,250.70326084315013,0.3806103844950466,0.16149842710310094,3.821567149549189,258.24449731457133,19.513642487054376,64.94678572674896,7.182419606701152
Chitosan,420.8152285269361,33.74131940108188,freeze drying,242.33510881330744,0.1564660956098492,1.1090481768223774,36.823074366539565,6512.136359510608,9.190024455289345,70.89382969821305,4.556600095936593
Gelatin,216.9323131782729,55.78235412702637,freeze drying,362.1639180718718,0.5294258793214657,1.0183176081459804,53.32229453528785,10346.42837887096,3.4582261652058346,79.14331657246548,4.226929193515742
Chitosan,312.66368502523517,76.03177771290798,salt leaching,218.58344578744035,0.3098898269937943,0.465536506532464,13.472944927569872,1687.307453034565,7.041903845621019,82.79562160823353,7.669167278251806
PLGA,625.3961398314287,83.48137287198506,salt leaching,310.4740799301543,0.3917795710603152,0.33848666129341376,8.68966701027734,870.7721083638078,6.296297345257775,64.83224932319875,6.820273367065948
Chitosan,82.36993396293208,87.92430239037462,freeze drying,234.69538818020496,0.2857409114209608,0.22944388125257512,4.82658339585895,422.0241202310256,7.72064524071453,75.2355131549258,7.622589794736422
Gelatin,725.8685078682417,32.95401472219476,SLS,148.33711635728062,0.6369616468547801,1.6738237828063096,105.73325594998798,25512.79737698765,3.206705183513167,48.95793100329058,1.2489432195628385
PLA,789.6580583597022,75.38051141128344,salt leaching,237.63372822044212,0.41702709894678675,0.5013812420608698,22.36645234618961,2694.279404634523,21.280923487297446,71.47881918508841,5.4656571176860735
PLA,112.0613150264796,86.98299658517652,SLA,243.0557553904245,0.25152400623347,0.22394593934158832,6.677200661307772,490.2622416475997,16.961667743570572,67.97807640782649,7.376951621914824
PGA,476.81110187431074,34.128268923350085,SLS,62.88765367259698,0.2774134444730165,1.3038714872169976,93.42810566827758,13409.689170073438,2.9839873921212616,55.76294769023957,2.667345273588168
PGA,230.81362424722388,43.327946352924116,FDM,138.00485382912944,0.11931074781282558,0.9766200994319443,45.660475829148744,3835.361197147833,2.4863252474780384,56.51850214432083,3.1326632055458394
Gelatin,673.5286175468759,50.00552058511821,electrospinning,335.7350073245718,0.16931974797741584,0.8272964198871221,22.67673911684961,4167.934298761446,3.178292203385991,62.8172562119557,3.4861176327414345
PLGA,312.94066910494774,68.34464964555114,SLA,187.28541578490632,0.3550346679591438,0.6276030118698348,26.816304595202435,3614.62498477123,6.274020794986115,76.26354354119569,6.513297039263196
Chitosan,160.30511069677846,90.22819563549713,freeze drying,222.24070257783836,0.31687415782404843,0.19099282597544626,3.447469430698387,276.89306198544966,7.5478733449444295,75.80768637500583,6.952108529744288
PLA,154.1203794870576,71.65685841220895,SLS,113.65802953970069,0.3484160831840041,0.5400713974921323,19.984266027607532,2436.6107148542696,17.405927826950933,62.846295244442544,5.596701120309802
PLGA,182.75786320756012,35.76566469420862,SLA,92.22255488521029,0.045237021762316226,0.9133345305341043,33.36572343682706,2608.684790469167,5.489128333994387,57.135646421985136,3.4884414593623463
Gelatin,740.6543003988598,33.97006739056614,SLS,146.9071768515213,0.23196695617958596,1.1671058149421212,39.84849534367629,8796.860271202138,3.2022682298261547,47.58968230979597,1.6659117910547832
PCL,96.75602188343109,39.60304097390473,freeze drying,96.5909250056174,0.2920173837148192,1.045166268129377,60.4067190148569,10757.796770382134,24.0,67.78060790144498,3.1335129501273036
Chitosan,65.05339833329478,50.935145762906586,salt leaching,124.00680244879062,0.11534929455875124,0.7859508949871497,23.745124090498127,3306.698823139573,8.769623930618035,64.39997902351533,4.369568313733791
Gelatin,468.3066994628281,68.12480325294933,SLA,247.56048988292446,0.062209560129805365,0.4660081115215144,4.659238229896551,538.4279965820218,2.8530242593145725,63.61054417721334,7.273925188474419
Chitosan,218.99959828439617,53.748193278813744,electrospinning,220.73343028305828,0.3115911045435302,0.8997291961059026,36.879806812428505,6423.007895356729,8.701929767488265,82.85054663674462,5.782338624237953
PGA,259.98432024521315,80.0170406574759,SLA,115.46531199513318,0.2292038586977989,0.3799380544506443,11.52238710147497,823.8272859700076,2.565851327486194,67.25123755283627,6.674487926019054
PGA,290.4816441196357,68.60240134126342,salt leaching,179.23066852846364,0.7621414790482508,0.8680397384200622,46.86925316001545,7222.966352382165,2.6992694313616,73.44153911235624,4.194516544612211
PLA,404.87465078891915,69.39662226862951,SLS,328.00130748826183,0.07032673543031769,0.420589584764668,12.58088754883788,818.1049994780423,16.797975770604594,70.65342192907903,8.299403982616107
PLGA,154.82928246971713,81.69237527089287,freeze drying,120.56956201671059,0.175779297018787,0.303569806799924,7.40995664948469,589.5441938849619,5.565183931478314,81.16702281437246,7.058059387082104
Gelatin,518.0761581363782,65.08576902445115,SLS,203.56063638591866,0.012400462680750093,0.47913526529821826,2.440232988543074,134.06843739767385,2.634651196654777,59.677860835543996,5.824920817884075
PGA,301.1792109928146,39.05268472312017,SLS,327.9088162446036,0.1477574261189918,1.0783817023698878,55.20025080827913,5415.735978326843,2.5802489903060524,54.93485843800337,3.3036484214264092
Gelatin,477.4172636534874,79.55981457314489,salt leaching,356.8679728666123,0.4238316358627833,0.4318800533449912,10.909938324930113,1418.802577945174,2.7620213122950674,81.65622038526028,5.921826639477981
PLGA,628.9114854486838,30.793199700672893,salt leaching,259.45494542182945,0.413974239928062,1.445933093197968,100.54249034145052,20941.18400973541,7.047077441067773,51.9791191408252,2.6125054648900656
PCL,511.21269736449085,89.2704065747927,electrospinning,98.69066795007166,0.1922799751977658,0.16421871817012698,2.7854333835447185,178.7255977114063,24.0,71.07120547620934,6.65237920202865
PCL,482.2162701251099,69.43647801488564,FDM,198.44573495583512,0.2198248077728683,0.48466066465161345,14.511289838285037,1659.4385830303286,24.0,75.95437304188155,6.368862030776299
PLA,702.4222715465962,63.72447371319469,FDM,256.94640251072525,0.12733867143072533,0.5380447228220976,17.657436255603933,1626.1728163667647,17.231971496097664,56.92907207795534,5.450434962677544
PGA,309.75949577447096,52.5519581232548,electrospinning,308.12543683841193,0.04178072820452439,0.7580701433263265,31.97631288820325,1446.1051026436787,2.521086073859771,66.07272444080574,4.945782301397185
PLA,485.4412627085326,71.09717871476947,freeze drying,54.583059805916776,0.060275574539274804,0.3916697463694277,11.985988112424936,709.286189014266,15.11930532129604,79.77175532349649,8.006483450807066
PLA,347.9885865931984,57.74127884688871,freeze drying,329.9237077259943,0.3449494168170329,0.8024311575470876,44.17640220258849,6554.644331978554,20.53285679532411,79.44323248610723,5.962452703142948
PCL,450.8419184429352,61.27071664519309,SLA,223.95418208743715,0.1365410663575744,0.5494774542655655,19.579958265681018,2039.0329873410726,24.0,71.56461447591752,6.30800358659271
PLA,679.8416445924279,86.35459440074902,salt leaching,192.79457337769566,0.025985095551398038,0.17597545334589382,3.6863745687556415,110.07236676558392,15.4222271365957,57.940456849723226,7.4288334990586
PLGA,653.9862255184288,94.26737082710378,SLA,261.11909076194286,0.040879964886770925,0.08105896011208281,0.8850508393914852,19.696708715665565,5.84056835629805,44.5509311331545,3.3548576371201566
Chitosan,577.9596013538821,89.19056023011976,salt leaching,268.66644486513786,0.41795018702735115,0.2303937858142643,5.6938874871637015,505.53953564439684,7.0129162497941,72.5349233755709,7.0784509855648485
Chitosan,214.63289381071903,93.34557223792655,salt leaching,322.9155711758108,0.32160943773418643,0.13061420716158445,1.8669741052792814,124.10096339855762,7.150733439420534,77.62058806500876,7.2445657492974895
PCL,351.9125326977354,44.17150198711562,freeze drying,275.7689587192653,0.07952210277127437,0.7282502733562831,26.70133927689795,2474.359527663411,24.0,73.24531201878078,5.806470563220648
PLA,100.38154993678256,56.34112572179977,electrospinning,224.1127128929617,0.10918872858420317,0.6324208292502991,24.32096376279557,2294.5663744276007,19.71244640066245,61.81510206666726,5.038980572874151
Chitosan,735.8089594437198,57.220084117984754,SLA,184.0984848873241,0.11496641249919834,0.6849882578277369,16.02524906046323,2081.7139350569873,8.161686208971835,51.75998047272586,4.956339119549887
PGA,589.2844288881842,49.31291151550638,salt leaching,248.241624103914,0.12441869206696163,0.8776764781263058,45.017172681142675,3660.227108866476,2.706232335527413,55.41105312050418,2.8431460102647983
Chitosan,106.35333630185657,77.33226915323422,FDM,223.42196067216946,0.07875169611316551,0.34858787125106255,6.571147132130145,551.6588785949529,7.834195850664252,64.52688602411963,7.622307397513632
PGA,118.68655499497561,89.62538240504578,freeze drying,97.8865208216365,0.24991387096213663,0.2007343748578913,5.572613367464225,300.5943764774349,2.5918199991865616,76.24776173220923,6.817435083726112
Gelatin,785.4326001349912,88.71864782134162,electrospinning,276.3327216910072,0.15845322707022133,0.18447445426352174,2.176221489088924,187.95044499411492,3.097056121674234,60.23444372718958,4.933301718784776
Gelatin,598.2677535937112,42.51893680606598,freeze drying,90.34870743654953,0.11377533623073635,0.8937130443703303,18.48500904566062,3381.1002869963495,3.123107366504303,63.68326117138986,3.5751961201130817
PGA,140.4251643329591,35.001958105898595,salt leaching,293.70107155734894,0.35269310542401194,1.3658446931019443,90.42492809589156,14537.712012419246,3.241045409937429,60.88110214918976,2.2495229789132654
Chitosan,707.4990333968371,57.13789546181299,SLA,211.67999770145565,0.17555366548203422,0.7317499558687931,19.50985342525162,2863.065470343607,6.897112957639811,51.85788292220388,4.0649134278318355
PLGA,485.5679054204958,47.65965311948526,FDM,189.40058439147245,0.15711947284895722,0.8502093957607221,28.770008495869746,3689.6910559902794,6.358882810637392,58.211038551187514,4.755317997952449
PCL,491.83140085317115,48.02226697029028,electrospinning,368.618685720137,0.012554851446739455,0.6082291261605384,18.432617040015582,468.39464536378375,24.0,57.87261080899553,6.333714288168946
Gelatin,727.7929753814528,94.29701913786833,SLS,310.1734880127685,0.0559187107795225,0.08273050171216999,0.3924643526859578,18.498178620535757,2.317929424791922,43.76859786320391,2.1021460264511043
PLA,767.9526972374942,83.70337022660777,FDM,330.26939049545626,0.14747871614529973,0.24798326448673896,6.605501695072641,434.9934329039208,15.902016818893248,57.22322227993059,7.097711884886999
PLA,661.8748437429633,44.58863716938294,SLS,128.33616518791808,0.019973443913906614,0.7082399338805391,32.00223146989059,1786.8853344162098,17.141771965535316,41.04614171209696,3.9597048927220158
PLA,696.595712949088,82.61854485711707,SLA,279.3346932236576,0.5049189672404935,0.3831559676274833,12.34945025320746,1322.519537785626,20.826501320583283,59.2063915688831,5.4743280761162785
PLGA,720.8599482260506,94.44589678442813,freeze drying,71.53095918373226,0.06735938558182432,0.08119657282773017,0.9174452003141393,25.644534048040626,5.410215545701371,61.779710985769555,3.430595427192911
PGA,687.9362968206814,86.37412306238716,salt leaching,297.9270418502622,0.14059507332607277,0.23951076205372326,6.932627657085982,312.8233381403811,2.1115130556137234,62.41256880581887,6.560028533169412
PGA,146.6524006050839,51.782725526844224,SLA,310.2278897020627,0.34308362650584523,1.005713729100227,48.09515078992569,6571.062466125379,2.647209239815663,65.24294199417666,3.4166527953142696
PLA,525.5042773247085,65.0990496815306,SLA,322.94588830290024,0.2404821601518052,0.593079152096205,23.86562510972095,2819.709552548545,19.587179263658015,70.09801653732728,5.322876609441006
PLGA,565.91429172561,34.409408841836175,salt leaching,155.3372484313857,0.43602252704810884,1.3965553745826462,87.52854334416767,17997.680038659422,6.370843208873201,62.76383532067289,3.285501179033306
Chitosan,612.2388738071935,38.45560560849108,salt leaching,315.3921185751579,0.059206641779608125,0.9253886674460422,24.076697838694976,3037.250765756441,7.760631042751998,59.71319489040415,4.0627237765889594
Chitosan,172.71786589375188,81.6626206687454,FDM,292.78877902352104,0.17385048630700992,0.3125126511384221,5.932991151826323,568.0125919716886,8.362280318852978,68.00821820199171,7.797797622381645
Chitosan,528.8944607480641,55.843635867581625,freeze drying,145.97532082203452,0.0871198364271746,0.6855097642114707,15.576887770143355,1885.2211864558344,6.813044180881745,72.0417662882913,5.691723640024773
PLGA,776.1450709360413,42.05915852070287,SLS,354.0181087844638,0.1374419505281385,0.9205466668762099,38.615139138326114,4911.030861529686,5.763721640907454,39.84667397431099,2.541036326606441
PGA,647.4029682321323,61.29895284831576,salt leaching,91.05786613683807,0.3390887269520634,0.8047200601488664,40.30189252639453,4904.958541890379,2.3842593510865333,65.23838235661022,3.0944819380027164
PGA,162.1854820006743,60.19890878132766,freeze drying,288.15981922576384,0.35987287799564427,0.8409946942022254,48.46556967478247,6156.821533983334,2.958910696834659,81.26297361642715,3.598495786047561
PLGA,478.17837638312324,31.1938964011351,FDM,218.82473354305705,0.21911687102313246,1.1948878523393593,52.13087825206887,8783.176696634499,6.96487998729252,61.21696492655946,3.4642683665122016
Chitosan,318.35101319620355,50.9361556442568,salt leaching,392.11323521017505,0.07810811096494678,0.7539587944682471,20.12044225974692,2478.540792939864,9.128960567715216,67.90972214471682,6.810091181770107
PLA,512.4534363968555,69.84137136626438,electrospinning,154.59256021805984,0.272710056302676,0.5310561161312266,22.099601944613216,2546.876597879803,18.687325325584602,73.96359063386805,6.261930704176647
Gelatin,637.8744150641464,61.258749044184015,SLA,64.26393713236547,0.16359900373102446,0.6370914289774876,14.476244731156877,2329.208091641946,2.9277793691255374,60.41100009605857,4.241887115063599
Gelatin,608.2092991962166,86.66913063325288,salt leaching,201.7793668847361,0.237260376489393,0.2368987039790222,3.827960567576431,380.74004749591717,2.3901784835196738,65.48517384473152,5.623257127846616
Gelatin,680.3393047077002,41.32256687758649,FDM,386.2731930204419,0.350991048999656,1.1628599156289579,54.28137115504639,11786.052991781024,3.190766278851537,57.425089354464845,2.0126890985159607
PLA,72.04583431738047,55.70848604018599,salt leaching,262.16604974641007,0.3051581888810987,0.8073688103927676,37.685320239080916,5484.5503812469615,19.012445109379563,67.76393138982111,4.350506157984279
Chitosan,148.67576384544486,76.52862270433576,FDM,368.16138223297435,0.34691072401953627,0.47109255073835465,13.339153841004686,1689.3561510347606,8.466150000704046,75.26960115572045,6.946026779798423
PLA,494.71313857619555,40.62905171802648,salt leaching,186.87853782811624,0.11698695576262724,0.8688612248512173,45.783494232117306,5194.564421288862,17.226800403073955,66.05184772991396,4.296322923109852
PGA,105.1225604975095,41.03426383069015,SLA,231.9208819946062,0.061829901313133415,0.9612384628913567,52.66656452739141,3184.631467578627,2.793928853270352,47.57492793865742,1.9885333984598466
PLA,602.3015112992304,73.14729429541732,SLS,216.12080651243485,0.3585143176843196,0.5168507684926605,18.935458766349328,2268.906988049431,16.92233252881566,58.390958987538546,5.238395018993359
Chitosan,88.77262793114522,71.60019284439939,salt leaching,128.645411940438,0.25354742461122753,0.5236095145441743,15.372859814735465,2008.9120768166372,8.099272986294093,67.43999388385227,5.963431556078284
Chitosan,485.08417227160106,46.524597693337064,FDM,232.6055163226746,0.4485796344781681,1.1684452196484583,53.737464259082344,10732.788154314265,9.56043231161798,70.46438756600243,4.468384423467511
Chitosan,598.1221061531572,40.15064991149131,FDM,132.09645266719002,0.1605943127311976,1.0060915430243973,34.55560131187788,5849.919529137422,7.157333234540808,52.37708154312292,3.741762873697821
PLA,134.83236430742977,81.70817416026621,salt leaching,371.5372289477265,0.040415558269668445,0.2409387805566108,5.232402418790756,210.15198319867218,17.07220005869488,65.49396604047061,8.601403495613003
PLA,636.7891130437051,66.8560569641334,freeze drying,308.4572232379643,0.700861354654108,0.8546646920054405,47.8779057241733,7694.771097214301,23.602499860014923,75.99966663647606,4.532734023560015
PGA,140.15679152795633,65.39179136745523,FDM,52.01553117434255,0.14842470385206083,0.6127203445755348,25.520570894980082,1891.5110224786167,2.48725068704974,62.86412863771179,4.183035551416005
PLGA,104.89694282633273,69.22415856978957,electrospinning,283.8744794942557,0.09700623166244315,0.46643289126609944,12.749686878307347,1003.6846503742911,5.83667143185386,60.372949639765935,5.727036237312529
PLGA,349.1170856726754,67.7112039997766,freeze drying,236.76089135440745,0.08349856032633614,0.48146869685347193,14.780805956348408,1107.7607991023415,5.0224177768614,73.2836504838759,6.003193188484183
Chitosan,765.9950225249806,72.55505029303764,salt leaching,183.02607812802185,0.4582952875893881,0.6043423904769737,23.285788792104036,3342.889834670644,7.854528290646807,70.29998356045604,5.697083790388667
PLGA,485.6990399470983,35.825712045071235,SLS,301.1725250680203,0.2807504893900294,1.1860424843638582,67.34442714856836,11987.59311691187,6.299232079116416,52.27444365361196,3.511472286448491
Chitosan,738.314366878533,57.59428263776352,SLA,80.46363690568053,0.17632621363011974,0.724531735699474,19.200567376491485,2805.8987555865206,8.28491030284485,56.44520299296347,4.997787620802934
PCL,534.9544350671451,41.36027378377952,FDM,176.27038168870993,0.1499836642287239,0.8477646353716468,37.94092623435523,5089.678054470714,24.0,59.32107973807809,4.14543085536512
PGA,162.2779759677183,57.55641283936463,salt leaching,103.54433028999694,0.31392089095458436,0.8652345284454797,40.67005056025384,4989.5104907727655,2.595248267697585,68.70439935879493,3.426986890249049
PGA,242.6628857342861,71.0810065913272,SLA,70.45911493799386,0.1853693806672271,0.5293038726951957,20.95083170206294,1605.6074709443606,2.474628999203703,72.56171188126281,4.961170057975124
PLGA,128.08223703812476,77.08202311336818,electrospinning,252.4354209522432,0.15924747686619842,0.37315919317360524,8.942801517212526,763.3466389077528,5.552958735009885,65.62307654728863,6.365901229227469
PLGA,439.2948431812028,34.39481663349397,freeze drying,330.12477773782655,0.412491208691433,1.368923718148425,82.17127483953958,16647.124783866806,6.931602109121553,66.8145547995662,4.125066067535536
PLGA,322.20820388449397,94.70623189577671,SLA,206.22332291917476,0.5743538266280889,0.12596946961634883,2.453374847329325,153.20851507189937,6.877298241442388,64.38470436253289,7.2285655751434
Gelatin,666.3548329258151,30.080384184361613,FDM,155.29858792363927,0.17116309255320486,1.159332651627578,39.82698535490383,8671.667135673171,2.7680676516575176,52.29178162751498,1.9450821121544812
PLA,553.6688327097779,36.040394384660345,FDM,139.96654325122796,0.23723258090175814,1.082909183819697,55.452345049336735,8822.08184808326,17.84216500144771,51.53234002168713,3.271373474459666
Chitosan,335.6821441332404,52.51091495828523,SLA,133.66936626904297,0.404738894587831,1.0012090868175019,51.76853612402239,9582.87397140038,7.4228312211738645,77.95349120164401,5.436625718011495
PLGA,343.28207229363085,62.574944946830634,freeze drying,189.01257210022385,0.4660788884233441,0.8172145455688512,40.657467796575766,6425.030840535799,6.112863626281197,78.25836576635565,5.8498192595767184
Chitosan,180.1433862398815,75.17182077866,SLS,171.13490428822493,0.1950109558038346,0.4323254309131522,11.88782165683654,1364.44604693338,8.496393945911292,70.010901432283,7.369015897678415
Gelatin,181.12897044530942,62.66679497012376,electrospinning,189.53205972030958,0.22213879107721246,0.6532750224860687,15.117928500933134,2495.99066831049,3.359979963790311,77.68912107097432,5.788941402667982
PLGA,752.3368804127455,86.94683751887277,freeze drying,147.2134183122414,0.22574777656864695,0.22824805281930288,5.116604057773652,379.7630819759826,5.2788562048904,60.544921173881825,6.128867789329485
PCL,514.6233135556907,49.32807813539453,freeze drying,200.61801212812242,0.07594411626747401,0.657350603577651,22.31365485162327,1915.3972364000465,24.0,63.12123897555726,4.828767851476276
PLGA,180.31444674672088,72.62203871650766,salt leaching,346.8055598372905,0.2760191857053768,0.5036435318921436,16.302231298901578,1884.380385895375,6.2578090512181825,76.39489619506413,5.851997741836625
Chitosan,772.8667066117632,46.157716751471234,electrospinning,96.83130769782105,0.46367930119537787,1.1906891302296274,56.56685811498083,11394.631595769966,8.769589842063676,57.599653994805976,3.6658229970684757
Chitosan,199.14220833147192,34.2000841898656,freeze drying,64.92162325046145,0.06365617573140195,0.9944988139105057,25.741697087917785,3437.189761965968,7.54519215103435,62.86633099599268,4.840989038162005
PLGA,407.01359702657487,54.43273853447501,SLA,188.06669749951237,0.4588892884460409,0.98907824388336,55.02880387801647,9557.584932000043,6.618871634442646,70.8644082574445,4.8683817459844905
Chitosan,680.6536845694419,32.497712682551125,FDM,365.61669724739824,0.6080023100245345,1.6632590883108875,113.22754233470135,26513.70238166545,9.237292481423678,49.09892720024376,2.87717019201971
PGA,603.0753265411142,63.294424852823845,freeze drying,288.07972272292363,0.13830461346843548,0.6438354159542373,32.277326516000024,2368.695052254149,2.7135687162718787,63.77852366790187,3.570285511843422
PGA,630.9901483858864,72.98908971957694,salt leaching,114.81844875361378,0.317252053249009,0.5520890485852143,20.069192191394638,1974.5408145251265,2.9911064596747057,63.35596894287841,4.660080208658203
PLA,336.4547297396719,43.36967204271108,FDM,92.48524635579226,0.3537058646452298,1.0847982177721505,54.449259751021,9431.874931189031,23.900583489096086,74.7539544954,4.608358581080092
PCL,414.51162723315497,89.8193167792615,electrospinning,232.26884964197444,0.05965093572304469,0.1287449328498158,1.8564451926332042,61.30197173727924,23.760500851372683,67.151884670418,6.696213427297917
PCL,172.7628510989761,47.79643498841693,FDM,374.91113649700196,0.30838410809796013,0.9205107535870263,42.04454830390369,7085.49161530529,24.0,71.94891377724082,4.117640204782499
Gelatin,596.3680078712099,80.46908402248211,electrospinning,279.656643188375,0.3469647232062555,0.3856450651063658,8.239547618499685,1031.1455183423034,2.536750957789273,64.56685353462005,5.98403223816649
PGA,210.13352473300392,62.88042504186888,SLA,344.24605980392,0.09366540482666463,0.6242539811096487,25.221107538094074,1501.5124171467526,2.542081453609748,67.28286080221203,5.15766868534356
PLA,170.05372621592974,60.001235837286345,freeze drying,53.266066939482656,0.3945674595467061,0.7974249011468236,36.356717621606,5485.890754593479,20.54965416036493,83.95992801720881,5.4429451988160285
PGA,316.53842651430455,80.94646599155082,SLA,243.97927994620582,0.12871475594736603,0.33124910020255693,10.043638478673094,510.2148455637138,2.26085334958765,62.928326396200255,6.853193649399319
PGA,143.53554268354287,55.049432398078515,freeze drying,275.1778129691245,0.3499577148924417,0.9425826106310027,43.574966856863696,5803.9767336713885,2.5359639382940053,67.73724173444107,3.132702744147703
PLGA,340.7551960627957,56.15126310462614,FDM,355.9918647135832,0.1858223602672486,0.7350532460999206,29.711907680472994,3743.465031765048,5.478195401426322,70.97476755590404,5.2480232986308915
PGA,668.7870576350465,62.38661934712449,salt leaching,76.97039769701591,0.16877129450145967,0.6783232788714593,33.526226475598335,2782.2492130506816,2.582912502966729,59.72410538449776,3.0915207256195867
PLA,116.45032225971292,44.33977692622873,FDM,259.37885292230857,0.17638238198662265,0.8777006862130422,47.99218680916436,6309.036734592125,17.353310702962027,59.95344764286202,4.079454981226426
PGA,762.7345646979438,43.19086389236864,FDM,247.94248772250413,0.372435880113178,1.211935504243143,79.14258856568588,12209.982459453675,3.3088889348887873,55.90954699785387,1.6369951577295505
PGA,219.15599744429946,54.499420707864175,electrospinning,211.60648476433377,0.11898727807908394,0.783865502481761,42.66248115244392,3206.1414834654993,2.800826026883133,61.62455433758042,3.3618830636793353
Gelatin,148.51205610868,55.924341930742415,salt leaching,372.9180703307264,0.3143134157549387,0.8443856554440887,33.81467916135315,6301.10296890104,2.9218670097814012,75.02297483957291,4.020094196294173
Gelatin,167.28635330258598,85.45082552123728,salt leaching,66.27520525402292,0.20432276118962808,0.24992295050884528,4.156707137176474,423.73576656481447,2.396292349170791,71.55051022622382,6.797074652825255
PGA,145.9911564001898,87.3388149283339,salt leaching,187.70674629725704,0.2733651004602002,0.24978637488728242,7.970782679326037,497.7722996897874,2.2003989698201316,73.94007635650698,6.100190172192592
PLA,281.5240575298964,91.557339203017,SLS,388.5746622258963,0.5007126985508982,0.18543133057118744,4.541690940943071,338.18156931959027,21.63777523802431,65.66443912657999,7.9513191582530895
PGA,643.7749913400137,65.67451268680382,FDM,264.51505630168225,0.19299169703142544,0.6324974074695728,29.24588113166474,2496.5064849215214,2.347773664043445,54.5674361969437,3.8158968786693146
PGA,611.9627845218323,48.88819138741308,freeze drying,325.4395472211832,0.3756070040032028,1.0930175152675534,63.93864499490414,9394.350239811247,2.746516244157622,69.84095231650954,2.6964266879509835
PLGA,615.5807602371231,31.16646910695197,electrospinning,94.18882397741471,0.23740968144118113,1.2181549281832469,63.576933270715855,11042.207965771246,7.463072421210329,53.4503354412503,2.9923580473594957
Gelatin,731.9151543961701,65.01561686692642,SLS,224.23437781200158,0.07251196151793525,0.5179513246790278,6.9514149927467805,883.2083176138277,3.2877258688424864,50.415015880400915,5.106802480747568
PLGA,618.1114135920631,47.968709887920745,salt leaching,159.32218565992974,0.671053885378312,1.3291952564781824,73.54156704988549,14872.545939120722,7.91756288139686,59.747054849631645,3.9120215368865967
PGA,155.53364603656883,43.131018446161846,electrospinning,114.47869373330914,0.4858584443581461,1.3177058713153982,87.48342150312295,15233.006573965009,2.666583916380088,70.89904614737401,2.876469213067511
Gelatin,363.3207344563248,93.96717073737236,FDM,283.7719995812695,0.398996799528171,0.12477062726746314,1.896115024819286,133.37038906973808,2.730467165318523,78.28450009504648,6.837385478119743
Gelatin,598.6223677552717,42.181776366342845,electrospinning,350.3619686050074,0.08544349991189867,0.8694694640014451,15.157813958602873,2593.925266247065,3.395392356450043,55.5312598622218,3.483909237415951
PCL,671.1869393279138,51.788523079106724,electrospinning,110.81655759751033,0.30914138433338456,0.8508498732016714,39.69638476365664,6433.916801471218,24.0,64.37459586214231,3.9059845679309673
Gelatin,681.0856648135699,60.6336658808807,FDM,392.6867283053041,0.12341103848995925,0.6188938337614087,11.941876097766018,1838.991102439082,2.560544754026408,55.829181951719846,4.753212346952487
PLGA,677.780843932205,48.15294574953668,FDM,275.0086685205477,0.238657764590658,0.9187145343874817,35.2069657445793,5317.263794289322,6.220472268791243,56.99033529515567,3.6020478856072984
PLGA,624.5485824014769,81.24907731146442,FDM,282.74471621659836,0.19850901751931455,0.3186346770790977,7.145272623901322,604.6318256475115,5.776051367687312,60.07312087755273,6.980803527964157
Gelatin,359.57084694951953,82.15303139535217,SLS,217.6745220861729,0.3444222676536175,0.35157815731874875,7.358740982277276,879.7649766803361,2.9786889357120607,81.35608770033969,7.7052997124596505
PGA,679.5956821255752,93.81691506194079,FDM,267.4705740387354,0.1542087345347455,0.11004766795417306,1.981387921066526,63.40792083736821,2.110588208651443,48.82547675834893,3.608233340938457
PLA,84.59267325180038,66.86610069476006,electrospinning,149.3399564582321,0.47453121665935005,0.7111709797896676,37.47591504327841,5444.089838464687,22.634236664105842,69.4941953607672,4.5961912247836105
Chitosan,645.9337090251427,32.25356733722142,electrospinning,253.98239227922136,0.13981271390434644,1.11420677791752,41.3688883612761,7166.1552874551735,7.556748054978266,48.008863112321166,3.2526802065036904
PLGA,671.9650994875667,87.13362851834738,SLS,250.12032321691277,0.2603411181837529,0.233037962101013,5.221119236040174,405.3646992619778,6.0759327527597895,55.701014485906065,6.579625449829237
Chitosan,228.0751012811047,63.303645540476396,SLS,86.47868098292169,0.23275669214574515,0.6632220987949438,22.140781637316586,3225.412316131625,8.433843139694126,72.56709763608032,6.485569291388096
Gelatin,240.79368563138524,53.52045105833402,electrospinning,215.37267425227975,0.20618072866395643,0.7999712815502557,20.996754213746026,3830.3935301751917,3.0131948194673965,71.41795651535924,4.759131574162915
Chitosan,205.2444338288201,63.57722084898864,salt leaching,51.92702970614729,0.12337753709739656,0.5885595818673074,15.202100694476238,1861.3387276760197,7.7983524484085835,73.51841862275754,7.2602422076930715
PLA,263.42172632217313,83.1834334686361,freeze drying,236.0598126115508,0.1224095862523156,0.24784294595852843,5.583323634673782,344.01508038971826,16.749724580295922,86.10912603592153,8.40223453068018
PLGA,358.2658064491593,88.99471516617606,SLS,299.91142556339975,0.1516705381136731,0.17768292903165056,3.5190942917536265,203.78830346141086,4.7792314796757625,66.17435545063574,6.666637281805062
Chitosan,502.8465897120408,74.62834437701945,FDM,90.07067332306679,0.3262312039710489,0.500051129532644,15.143790824946365,1971.0114860319682,8.22712229111697,66.9839299806761,6.227297294630053
PLA,551.4294850421855,74.11354718371672,SLA,176.67199679325273,0.09679692929511054,0.3688514415524293,12.333461933630508,849.0742736142032,15.370034633711379,64.76676237232763,6.555706161280793
Gelatin,58.77995804817805,57.432226908296535,SLA,153.2642476789547,0.3799924367510766,0.8658227095732964,33.969717097975014,6323.138957405643,2.901319718438137,68.50631317732666,3.4018143722282503
PLGA,569.369620001919,57.94552003035963,freeze drying,285.53831783805134,0.1502974988960734,0.6779343967314775,26.02125877129352,2933.9205346996614,6.809681941227492,71.81736115467652,5.393407892556511
PGA,327.5392510056914,31.782320148222748,SLA,187.54097887085194,0.19319526366493342,1.2572356905904927,67.44657668219762,8121.177268921356,3.0635615553627775,63.7624920865275,3.0303751346677137
PCL,334.18270854411077,30.436175369763898,salt leaching,185.05607601329058,0.28586806340452814,1.1952216124088626,66.94996021715647,12705.788767229882,24.0,70.97634848169709,4.365208392170241
PLGA,155.41472568377057,61.56333047786086,FDM,59.63785195431292,0.2401805068257199,0.682145843270678,22.53344264458462,2937.0796043388327,6.134968816276576,65.27620651730587,4.576116656564233
PGA,393.892256661418,48.800910178222544,freeze drying,365.0291140557683,0.27171979040357913,1.008717330747879,58.28976631042957,7297.230600382572,3.0543300325433522,82.00281849444333,3.8613871975430776
Gelatin,73.20323354850647,93.09823998902112,salt leaching,320.73861203709737,0.09936738310334381,0.10551833710798376,0.6503730432296985,39.959811294839156,2.9060068877504786,62.56870653723595,3.4927296665101015
Chitosan,182.87819395389914,62.98401379778324,SLS,287.0855625315509,0.019677422181749622,0.5309704426205942,9.28210241344623,661.6944936671208,8.858377875913767,60.17348307788205,7.992165100269311
PLGA,636.7912470950655,77.74756500289186,SLS,155.17128496015133,0.42273251176576315,0.46844621104134637,14.616296407475648,1736.1040018767862,7.110799739602449,61.02866733652704,6.324392261792257
PGA,499.34043878024386,52.974948135540856,freeze drying,210.46324859924022,0.3939433693020673,1.0195916529702747,60.78101764123615,8760.004419332923,2.8395335245037367,65.00809401102984,3.66525909798384
PGA,434.67681211039815,36.08870734588416,SLS,314.1174275595071,0.46866466333025764,1.4630808017748052,100.84736385413461,18327.03514183917,3.038027820002032,58.051505339892906,3.0696973113340964
PGA,594.2873474149618,88.13941619357509,SLA,209.59274651597792,0.008827617938363027,0.18316308361667993,4.127479939137357,59.554236486548234,2.5524535727595237,46.02071197305102,4.663568187346749
PLA,273.8261842714075,45.62485526546645,FDM,159.16467800149817,0.39149221670140405,1.0808420122688365,71.05757519389596,12469.910700080818,18.121503897826994,76.94451102610772,4.8812821232502035
Gelatin,319.0366440627601,82.28841849916782,freeze drying,147.56595534509356,0.11347099343133875,0.27528186372774643,3.426460805573219,347.6933896364567,3.0148298185384315,86.12045429792971,6.958959521279564
Chitosan,543.9053867525412,79.7975356317131,salt leaching,346.07250388720627,0.3384298277232518,0.4024840405315448,11.007802672389325,1287.4154344721032,7.321515036897114,66.90849811977453,6.645937116556491
PGA,656.1764075069166,91.5997216876906,electrospinning,75.31076634027852,0.21373753127609357,0.15761062510411666,3.4760848576566863,155.18875928441173,2.58491345287973,60.17360617945808,5.075611770004438
PCL,352.1549619744778,49.19388211311631,SLA,131.33451306961675,0.17416901467023657,0.7591495222109654,30.66623112820097,4102.244740579665,24.0,69.29864326204144,5.879060925544512
Chitosan,318.36056308516163,72.10813398938434,SLS,93.02223746288564,0.5769585103288984,0.6721039897647352,28.71377161272516,4293.288797080737,6.885421061660745,79.3706784122412,6.002865865324224
PLGA,666.9010957881476,82.25730299091381,electrospinning,243.37533859276118,0.19827634401796954,0.301427163358996,7.4340112395464555,611.6325138903204,5.470635578519518,56.69180080192914,6.313215265248847
PGA,611.48392559465,50.64314169197258,FDM,50.04714255156986,0.1489136799557373,0.8742284968203962,38.30383324025052,3396.5683632987157,2.442998470468207,57.30663699721113,2.7219290915484673
PGA,320.1754391003209,47.57556361499416,FDM,344.94916575619425,0.20341348239407128,0.9748480388060414,59.96730048096283,6510.670410780072,2.6228545565635546,73.73133600538054,3.516142566496226
PCL,473.47178824794736,90.4611127534976,SLA,345.4870458420364,0.26620788609037055,0.1601337655138458,2.9113734684845864,199.67324728987694,24.0,60.980494281497954,7.657800044388596
PLA,251.72602369653947,60.90142951025479,electrospinning,272.0189088989215,0.2884067973855725,0.7001994798712987,32.22679500243426,4317.363688131372,17.153502366246197,80.60222053186574,6.325448968893486
PLA,694.2175140654722,42.09149500036827,salt leaching,243.22427762868224,0.5333214444809566,1.3079469498974368,89.6726914557122,17794.563837682195,23.34885238004169,61.58803757136047,3.144653383913278
Chitosan,346.0507653836211,90.50247432557184,SLA,94.00349414727917,0.24987386413773777,0.17449606964228723,2.5940258000380907,195.39367282714767,6.215958736129241,74.98188970883639,8.137519269948392
Gelatin,457.85429589967805,36.49134337385158,SLA,290.81555534260485,0.26082937062538847,1.1555354773201232,49.18039802987369,10793.807191737224,2.7527413631525204,63.780717266161254,2.965998635955079
PLGA,250.0063974964832,77.11567245547612,electrospinning,357.1764568777735,0.2220271390972293,0.3986150352218496,10.743669813017847,1049.1909668277892,5.496964956974068,70.9565993697531,7.476381612435751
Gelatin,107.28870874359198,54.8677210320913,freeze drying,178.70677778178847,0.27416631300682615,0.8320132754668543,29.085084383431255,5410.278735487009,2.785084699942409,78.77541702859611,3.7923715463063776
PGA,534.8440562284478,93.3226388480632,freeze drying,346.4712894443648,0.245945083096071,0.1287683047473171,2.4220100989979176,103.93026670379867,2.0777859677064074,63.84445437633393,5.20222599079344
PLGA,610.5833049475204,60.79763884586653,freeze drying,70.24555730650621,0.2788839145553382,0.7231972731518198,26.964899577166463,3742.956501475811,5.8644201017730095,64.66453364520619,4.456506740434697
PCL,483.7237995652705,39.55257612323363,SLS,333.8933194767148,0.027235167435458958,0.7251312323810092,21.098941043046057,989.6060330945165,24.0,49.098941075156525,5.029129410000948
PLA,96.65241962352707,39.57469787813307,electrospinning,52.74455677017089,0.0423375724920596,0.7981365239418874,35.51756823092023,2638.343463536004,17.415620995486492,56.51184517598478,3.930082741175967
Chitosan,256.027861285919,82.45275690745959,electrospinning,210.88270464093142,0.004209641599428679,0.24695408637392452,2.611281812809704,101.9550684926554,6.593905261422586,67.14523877274378,7.864116619087507
PGA,445.4244955654345,55.470789266590124,freeze drying,280.6898175643343,0.32578517454002787,0.9163096226139718,55.74513473559297,7135.481566573303,2.798201465230715,71.27881352316855,3.8886712705012894
PCL,182.071603497946,43.9072075147354,SLS,54.56034871497931,0.05627455483957287,0.7055522423389566,26.06940136077182,1944.9878433432013,24.0,56.193466758719765,4.866766598547956
Gelatin,235.5052368643125,71.63998693067768,salt leaching,283.3101676663167,0.3629403815287793,0.5681340677795895,14.85870408286126,2249.207142255951,2.4788781623071294,81.16761995127248,6.449078584844447
PCL,84.54255064246728,82.52515335312894,SLS,112.2608434171582,0.41400950237603673,0.34514378302226484,10.470664581545334,1111.593248115989,24.0,58.50845914705457,6.854857580001988
Gelatin,766.1352447788511,62.153887323433416,SLS,229.45208673441985,0.5854317718003053,0.9097362235335833,36.30249921592264,6553.12443501213,3.0087708487158102,56.046751686335796,3.0316633275017493
Chitosan,339.74237980734944,67.29968151679337,salt leaching,195.46136356756742,0.07118075259405343,0.4985380411596407,10.614576559497308,1035.9367217987688,7.00834454959247,76.75972095641548,8.181053492952362
PGA,437.52378891970085,79.32045649422614,freeze drying,148.87362309049828,0.35385010216850876,0.4349398446718627,15.671088915781194,1423.3598244660252,2.821743949879349,78.08674790261354,6.122199370293212
PLGA,493.3477274438873,42.09883335396761,freeze drying,166.04764467351782,0.1251167116811868,0.9069993377327674,40.54590386960878,4938.529719336281,6.463009053214668,63.02643313202246,4.23712346944588
Chitosan,570.2135431053464,80.12298303037262,salt leaching,279.1277404030841,0.01947754019689805,0.2850534570226393,3.1617408732953285,164.77261371363488,7.872070424876015,57.98321567532914,7.216477465179972
Gelatin,90.97581500072923,93.25008059320163,electrospinning,129.1438659373852,0.11279904278862693,0.10482883205554812,0.8005580126696976,50.0840060731226,3.0099676817746004,61.145750338894615,3.6598955711410577
PLA,619.3017044437818,69.62601575769862,freeze drying,363.6142798800267,0.09200256328008717,0.43001205678436255,13.79098207617644,1005.4074476910689,20.19575032413363,65.7422931649863,6.046061633455844
Gelatin,456.8532525969921,39.72409421925192,freeze drying,183.24138840630303,0.49911964731740766,1.3552527270705361,72.79775024650743,16434.140654084775,3.0216801116512415,75.09134994532796,3.215560106574119
PLA,761.9064701528841,71.09036744711973,salt leaching,95.47948029377943,0.39807056378320066,0.5782836518813386,28.13731378292886,3619.640289179208,19.245741601105344,61.41624033080876,4.472809438113906
PGA,740.7458908224319,75.14870277146355,electrospinning,305.14337157953577,0.10876045136339864,0.4240108281139816,14.383594848461497,760.1811035923763,2.292990329861567,63.30925440505967,5.49706770633772
PLA,553.2914628949358,58.296074394590356,salt leaching,242.2584200180364,0.38302419846089325,0.8222246796508582,46.839142341277906,7148.115644305751,17.302510780487644,72.86025119654504,4.4669063427176745
Gelatin,511.9339367575409,84.81307591086616,SLA,84.13001397431411,0.07916721272680803,0.22666499130385298,1.974454520207649,169.5669347233963,2.65075678955941,59.43576819453593,5.752887281297568
Chitosan,464.53030678890894,55.77598932934761,electrospinning,96.10026000268275,0.10478702282263934,0.7002329416595837,20.10291350324436,2580.608010773416,7.3490868433761545,70.80996917548602,6.0277295698672955
PGA,59.117578608040105,73.81129473882152,SLS,68.14252969190515,0.018835294257407237,0.4086781964070306,14.41294780598319,364.5897356170801,2.2224626907211573,56.607900206047304,5.612835311252969
Gelatin,316.8910694444086,35.45476982839291,SLS,166.71190775860367,0.11953222571383322,1.0102348377059254,26.510418579472354,5192.952982804594,3.439092506722431,63.17004197518764,3.5431791590807373
PGA,500.8270217182462,94.37351582989417,electrospinning,163.83886707359318,0.21664462965807865,0.105832158587435,1.9403098324690797,71.41441682627212,2.693387377809527,63.80209567579544,4.7712584649314955
PLGA,203.33043046216014,63.78077708814148,FDM,75.9147762693218,0.11834810225368025,0.562922807989563,17.606233815065373,1652.8279210076043,6.367220700777088,64.7160297154525,6.057942941436865
PGA,744.1416558889107,34.44171681496427,freeze drying,200.63116239177765,0.07286727660057986,1.0804300003107574,63.40114313441164,4392.246715771206,2.857596555228204,49.656490264245036,1.5238590445695082
PLA,554.04202906419,67.9312028761132,FDM,234.0146768456972,0.6533909996437633,0.7978642354700505,33.81509292159265,5258.85437811819,23.23802071268566,69.77625772760592,5.006038163197126
Chitosan,520.6149288382095,55.06487833626712,salt leaching,377.6934987946267,0.3037777576188247,0.8679717869956726,36.0146067226799,6151.146286512686,8.700810955070745,67.66939806145562,5.252008178693309
PCL,607.1187311797372,51.25790186986816,SLA,361.5199589128384,0.21611148053544557,0.7692982497657102,37.60588760863584,5394.465477114753,24.0,57.44328325161987,4.034156639858863
PCL,203.01849930393402,72.50961600208709,salt leaching,336.42934826846806,0.2072669840173207,0.42900676883964756,15.202083856323375,1610.5340145683165,24.0,77.31243894240868,6.435738892478425
PLA,496.10241100834224,54.19302546863925,SLS,166.56220513188944,0.1155739698062438,0.6691236775146682,31.02997954428639,3075.7242852127974,18.023148853713852,57.80789601816465,4.77652734445339
PGA,268.6218056927922,80.09826450886086,electrospinning,199.6234776248657,0.3556589029777576,0.41916386949096807,17.086627473730218,1526.214212692053,2.8782337187848395,70.06258462270328,6.176260899674085
PCL,705.2921901366689,71.46702707450802,freeze drying,341.77509695038543,0.6741539371529379,0.7123766415266749,32.01788179207668,4830.542458779657,24.0,75.71883701011053,4.922177493099627
Chitosan,492.6744943631696,56.496135768677625,salt leaching,214.33393971535193,0.4780135431589091,0.9729742341790876,52.29195965448792,9511.954060950322,7.262059096211474,74.13627930539563,5.174201610116196
PLGA,610.0824796502885,76.8367606618864,freeze drying,339.2708315685168,0.44459246476897263,0.4967848573462387,17.659326551459635,2168.929061972892,6.602114191030293,68.02474367154146,5.889825203132233
PCL,704.4768519101265,83.82759388541228,salt leaching,125.62104068566823,0.2358967960472841,0.2616651766875046,6.138651048247757,524.663448675417,24.0,61.790122716794386,7.400187721950614
Gelatin,671.653457189719,52.67785487771853,SLS,232.55978860397536,0.2256297678820462,0.8310400823039755,23.926161925389366,4456.172609004575,2.5986848303083447,52.60389815410191,3.0544347109280134
Chitosan,338.60271291582745,61.80946918309356,electrospinning,200.3630072463272,0.26004124221287783,0.7084619102386472,23.029102608678983,3509.4057053580814,8.015495338986614,78.29598931844525,6.530449636029023
PCL,231.15263127626133,53.027636269119014,SLS,86.87091956846662,0.3813683419516986,0.8970047028142308,38.8547414060969,6615.626458801127,24.0,66.08077390466946,4.585873452755854
PLGA,467.6588323790719,57.025381729015926,SLS,200.1305167005505,0.451622336123078,0.9271500695366487,45.89535175324823,7709.389080144027,6.751432018068256,68.76245077870404,4.9981823470100535
Chitosan,421.7778126739183,90.65327023654004,FDM,203.68344783778997,0.17427759047321056,0.15936041367309017,2.4443419595685554,167.18256091862608,7.73202920853005,76.78274432467968,8.321835934491755
Gelatin,692.9816767706307,73.76101855804455,FDM,192.84166988907307,0.1413945387441159,0.4210071256722112,7.331053200313146,946.4125356259765,2.9927686850011104,64.75402305511624,5.503972328028889
Gelatin,413.8209949846551,51.68584572939627,FDM,327.0453709069795,0.054209620719824755,0.6993847382645039,8.550354032983948,1160.123525994979,2.6190094675573534,65.46668683334855,6.294360368555453
PGA,100.23020901895364,87.02777945363451,SLA,186.29172864260636,0.2730300406188917,0.25585222998299245,6.300567700441128,398.01890100804223,2.3729021551552743,66.1309539283223,6.217834340017595
Chitosan,82.12816633933494,59.01514786710766,SLS,74.50122924657302,0.19516028291408116,0.7137636982658162,21.86224854067705,3224.57463037433,6.853100716441577,60.62598407225982,5.205009166091444
Gelatin,673.5257796664774,84.75115780874572,SLS,180.63440473273184,0.09071063913042764,0.23075754956295158,2.214439511239287,197.69663924294193,2.651475572334508,54.09915059592813,5.14295879840129
Gelatin,618.8764106872931,30.95083682704892,SLA,122.53480491910742,0.05390519080933601,0.9991616525239719,14.225151262495526,2302.71285385866,2.8620435558401067,43.2219821085221,3.1380777845214274
Chitosan,716.8459429550074,67.62243904327613,SLA,271.3369635149356,0.2996353748265278,0.6230614491257767,19.194156928769186,2775.0548469606933,7.3682229323200135,59.03064804670199,4.85462093155456
Gelatin,730.8788854126506,62.95887703801669,electrospinning,115.77213328536305,0.27753093459204076,0.6850961945183773,21.37461621080021,3606.64035713162,3.226756458673246,62.63727974856163,3.9016050605722463
PGA,611.174623498922,44.627721951106686,electrospinning,235.0535466844525,0.11210904867191458,0.9477611354687699,55.34209034498895,4439.483186669934,2.306353021182108,56.302248079278215,2.4513774204671606
Gelatin,630.2469236717493,78.60950733678467,salt leaching,102.7128361263959,0.31326816709337324,0.40938893869034165,11.139647838061647,1445.633420791785,3.1036293258644223,71.67772978451285,5.762764091569551
Gelatin,723.4393902182494,87.72768228071233,FDM,163.85171642661172,0.22548275645198276,0.2154858177035745,2.82040263955894,267.4827054917708,2.3898390726080527,66.3184043420801,5.26842449817353
PGA,693.5174532554219,94.84583933114017,freeze drying,134.52376983990374,0.22530413600951113,0.09767096843845244,1.6263373362424638,58.51347726573022,2.5594201203094973,61.88943640991471,3.7307707323497654
Chitosan,61.807184746757734,31.114735824487877,SLS,370.81115557484384,0.046893699760541425,1.0209236841401805,23.091450232021778,2860.93709770495,9.609906221327977,46.0412553149634,3.8141012454435317
PGA,101.99624779082357,71.49094558646873,FDM,306.55126686992367,0.07808785677817119,0.4722531500454122,19.544551633102156,925.5757848509373,2.3244126626470476,61.31981017022338,5.01761426261481
PGA,796.7233321241625,93.77266401141583,freeze drying,277.3281253976066,0.22427950744531458,0.11790419496643927,2.220524684731754,87.60106939230349,2.490623837043144,62.58014817312378,4.377146384649296
PGA,523.7326363121687,33.535398653950224,freeze drying,275.48985327778405,0.4164983962385578,1.4653632784442516,90.50755591181115,15911.583810717024,2.640349310828894,64.25419612020089,2.403855274545907
Gelatin,95.45368078618233,74.55069732399038,electrospinning,58.73817774202001,0.2882864796056633,0.4756260039100743,13.49610464604056,1894.9873707185475,2.9784143450620006,81.65634602464516,5.797396473538638
PCL,675.3439631891205,71.7675446710362,freeze drying,77.4952408233045,0.12840502756804234,0.3959466570734592,9.577022727179099,825.5215721936316,24.0,73.23690511114137,6.937364871758684
Gelatin,497.58231497126724,62.602420494666646,electrospinning,391.6654412458293,0.04178562286190434,0.5329955840788433,4.489608884449501,484.67016047638117,2.6382432309024075,63.75407673138859,6.662903466750634
PLA,96.79555144870793,51.793138255089225,freeze drying,73.4557882129235,0.2286363682013102,0.80828226385911,36.51301420340698,4970.169146097968,19.359398756381346,68.04388551028462,3.9828434763702956
PLGA,447.41094581639464,94.04474909867355,freeze drying,108.10763827500128,0.17354234006645805,0.09850649808326767,1.1619380335139784,52.44316493949718,6.114310156039054,69.23651944097819,5.328741275887361
Chitosan,207.88020474900722,82.58653661895896,salt leaching,101.42267325431976,0.3814793171947004,0.36003881944497745,9.843310548394967,1092.2551412166922,7.0491146587609625,82.00426905253518,7.961505571858796
Chitosan,635.4170201654103,49.73555597934962,electrospinning,159.0914399802645,0.1209187449427265,0.8100657022979724,25.43409436349902,3636.3419945608443,7.573015033913026,57.19869384529322,4.002104094063717
PLA,550.4092528956357,80.50820356736415,SLA,351.7710407803661,0.2869468508255874,0.3485266691872997,11.360257574318359,1072.5723378203625,19.550982516232434,64.07357210741361,6.8722046958551
PGA,321.05283430038975,85.88665386275696,salt leaching,192.38168033310325,0.20765137489798446,0.2634108187227353,6.820602724579631,388.5576219859972,2.743372678493872,69.59076818649731,7.5890553688453535
PLA,417.2183465376836,71.90844115749321,salt leaching,130.43935402916645,0.0938727860872151,0.398702657923994,13.23794700323708,936.4731952107533,15.8009463965492,69.9804946190699,7.38073354685705
Chitosan,669.2832136705002,48.570991897957875,electrospinning,374.49332365255725,0.10282520131277917,0.8125495803782476,25.00907948421796,3441.807789952879,7.793995790221541,52.22497953671754,4.142536427279275
Chitosan,181.34235509776494,73.72969993681033,freeze drying,127.17649220247648,0.2656144441974686,0.48989519601289017,12.064437254002575,1531.8997065900564,8.4760741981044,89.16622269895684,7.730272666162945
Chitosan,164.03642556836886,59.7910336481924,FDM,172.9267855720733,0.21654395788019123,0.7152981814569137,22.08129329323581,3309.9977371533005,7.237124373645589,69.23710444609941,5.943655742934642
Chitosan,629.3872145595531,75.66174220325047,FDM,265.3387786488449,0.10170026418058996,0.3840517359879262,7.1612565451174035,675.6641734401064,7.924942509493133,61.7141809959191,7.41364475223857
Gelatin,84.08937532684698,72.02902885666302,freeze drying,129.3594145424306,0.12840597986858746,0.4422576296707004,7.252780081173146,949.035748856795,2.649123677684861,80.34257967963346,6.573231399615474
PLA,68.7287465877872,59.18751991545818,salt leaching,133.11749486329012,0.21766472295339356,0.6757484030075938,28.29479192213828,3474.7939352831804,17.164062420498194,66.51993555307756,5.157988864475213
Gelatin,613.0772369082918,38.1566092919448,SLS,320.4699968827777,0.19822830040170042,1.0555497587191949,31.71177375295965,6637.09671896047,2.7558329506013677,45.08139421134475,2.3976215977655766
Gelatin,262.1008480028748,57.2078485595468,FDM,152.3807489166882,0.36700945872821966,0.8603862825296995,29.58423088364248,5505.96680455485,2.8563135284090406,80.33788068151637,4.779429133975026
PLGA,312.80993750764804,89.34051531035485,salt leaching,168.91958480459533,0.41834650440435955,0.22355147751307858,5.27605729241434,432.51343282117006,6.723143152663402,73.64888742742032,7.635273398245143
PGA,245.78639467613607,52.32013564154688,salt leaching,342.1001265894697,0.21993560998211867,0.8993832255192982,41.607948499340665,4494.423289898102,2.427762910387167,73.4863731151263,3.6960576445598923
Gelatin,385.03589544389024,62.59866742276081,freeze drying,136.33051553189227,0.5686356826457959,0.8877371708673044,40.94140758732272,7335.522659950886,3.42083583915793,91.02199989393904,5.259260460468404
PLA,209.3354578966047,73.1290336043744,SLS,193.91912110889103,0.3737378905692532,0.525015520802493,20.099080011979428,2442.532095603476,20.358877464599825,68.64839806101739,5.929697794262572
Gelatin,306.5807156476955,57.94724528568841,SLS,340.8322098692739,0.3099978140752917,0.8023649053142646,27.184282447915606,4941.5322644743055,2.8380489867333365,75.51647751521726,4.815437837935493
Chitosan,342.5901760162544,53.08355710399782,FDM,65.83721615661075,0.07839548885188334,0.7211958563744428,18.99736742314612,2291.1177750124125,7.7745052873975995,71.76497626380021,6.9661115030966885
PGA,634.9912451829082,36.41791844737328,freeze drying,76.4813863664388,0.11540501549497156,1.0916764436850805,69.8088401928649,6097.590931332344,2.9534768133923044,56.88252652272288,1.9136420222444728
PGA,217.29654615706767,86.7520747796748,salt leaching,326.3223044484183,0.1542530385194676,0.23579848592385985,6.86522633389934,321.6396687341163,2.029878821453863,75.1876612036585,6.862179049689024
PCL,70.43750896311133,64.03312153939444,salt leaching,126.39095544280532,0.19022851873685956,0.5490013749375842,21.59909870888822,2525.915746242625,24.0,63.99248227262719,5.5358977185349065
Gelatin,296.134612098209,43.58885929094499,FDM,79.64091965635738,0.17348709702771767,0.9377092903216919,24.6409075188566,4829.311349872107,3.398559127695218,74.51389494074746,4.245205736053168
PLA,203.1850691841256,31.089159792004857,freeze drying,287.7197029204093,0.24101403592062748,1.1717163811778577,65.65416243400679,10909.224902161503,19.289388889314136,71.87682338226357,4.058994375787293
PLGA,746.0763766323399,84.91605128682613,FDM,128.3938910527784,0.38698439855923294,0.30777918881058264,9.09546756523626,867.9145996169523,6.47883909443556,56.712004183704835,6.2419965720011374
PCL,661.003253532492,69.76901630670939,salt leaching,180.71028079644682,0.1525832043711556,0.43863020757062693,13.941390758888517,1353.8405866240482,24.0,58.97217702341066,5.719211052911781
PLGA,71.86638951656674,88.97118138316638,SLS,104.69929834242167,0.37854283198603167,0.22335150167701445,5.007748833845985,406.0233285804263,6.958592998302882,57.16137123758771,6.586461783791808
PCL,737.3154083990497,71.30193319602414,salt leaching,270.4372290521477,0.501083179657714,0.6169142421170462,25.616758267124023,3650.502479941468,24.0,71.56429271257079,4.608530660089674
Chitosan,455.2223988427304,84.90328409086457,electrospinning,200.95559721935513,0.33745710406186,0.30050766827987135,7.2635409113036475,733.9559655250242,7.435327674742797,73.06465653851193,8.099287824416788
PGA,671.3661004214307,76.33498973096208,SLS,293.843289002862,0.09156032356266389,0.39717642827329963,14.929675534288691,701.0347898850234,2.344262196235131,47.48662449808036,4.825725287192267
PGA,792.7492278452363,31.675023919682825,freeze drying,261.23508227539236,0.29912251095685055,1.3764602562094748,81.63032566471242,12401.163702816815,3.061751459951363,52.71436408576954,1.3500486372654354
Gelatin,170.16920073237972,41.11086615735514,FDM,196.35067585697988,0.2385936652200919,1.0479136440084629,31.49589704838011,6588.621276764269,2.696163002236111,68.8058629445582,3.3029378143733044
PCL,225.35962481979809,31.541003986893696,SLA,342.2315219930413,0.3116590931167085,1.2116396700432248,59.31350283594955,11485.119857704438,24.0,64.35807900804357,3.759027340993642
Chitosan,487.43929423441756,30.73466487828646,SLS,325.58018535224556,0.18959781931576428,1.1995344303359083,56.124718366104915,10682.54514653221,8.737147732089813,50.99995976801167,4.006215593115472
Gelatin,369.5909284641731,84.10363007796467,salt leaching,331.97708187716967,0.14477133457104094,0.2560250903395412,2.8947383193056093,292.1267566144967,2.6911224579122663,74.79141902145115,7.658219777483402
Gelatin,614.3512531898707,33.334100183779015,electrospinning,222.38738325000125,0.022374996996694752,0.9268393350660415,8.063396318459121,862.6110681011752,3.225229393299219,53.54826394426981,4.510307500341748
PLGA,161.93710230610543,47.431333903419365,freeze drying,176.37615421936303,0.576306045578875,1.252771211132708,71.572671758896,14095.204518058368,7.880100003403641,69.48034726505531,4.298592543591556
Chitosan,714.5645816101372,88.21984637733007,salt leaching,154.05052149846426,0.24811624184484757,0.21607198100858602,4.472041809953358,374.5611117152501,7.635372131397298,67.99116755908057,6.886375312441468
PLGA,451.36425026026274,35.3315395387456,electrospinning,62.228736242095955,0.6587509311573325,1.6376247648518696,106.68308529589301,23964.547921356636,8.535925656031166,63.860882597558984,4.324749793270853
Chitosan,375.77112360591326,59.01872491677567,SLA,266.5702269643518,0.09785455837068709,0.6439164312230304,15.647763326360083,1892.8012332291394,7.338470997748474,64.39568812599511,6.1471790147625835
PCL,240.18808774727688,60.611753820213444,SLA,222.2813103138429,0.41304011462409856,0.7771873793832281,37.55508772221088,5982.07541880524,24.0,68.13486524954808,5.069097666722604
PCL,772.8673706588552,38.780209504674445,SLS,103.12139344788572,0.3129825291782751,1.0851391347145496,60.79439470919205,11146.988721889287,24.0,50.314046588535824,2.5118348638016275
PLA,576.0374641697675,37.373653111754585,salt leaching,398.9182265062744,0.3940650785136321,1.2479328568118264,67.04593247482003,12653.584092032781,22.422847587350198,63.58521308946028,3.616441550172771
PLGA,369.79876760121687,65.62943817732143,SLA,111.12651506371535,0.5178740956761032,0.7827387159784595,40.39859266126657,6278.141122306546,7.062510539395713,73.84165726756952,5.838609889106157
PCL,117.4076388021205,69.0592803678406,electrospinning,169.3355000024454,0.13143816443298384,0.4358104072516918,11.974364997671762,1093.457092299895,24.0,73.5241007439344,7.225274467532105
PLA,678.1481255570418,69.94157553825603,FDM,253.4183983023348,0.4272385069526257,0.6180088863437554,25.83330760376327,3464.2498518688108,17.60252344086988,63.26686719177428,4.614065151284266
PLGA,548.7919917549733,66.17759785263996,FDM,169.95582389976752,0.08960892344834942,0.5080774704866281,15.43712336131241,1225.7983644563858,5.236136217340185,55.20997922867779,5.616271558666823
PLA,240.86099871369518,30.838335536319153,salt leaching,239.1047923665249,0.1260447206442868,1.0241081764730566,52.463546199518674,6641.314856378827,20.637053130631895,62.57670204832941,3.8109484993413125
PLA,153.51161526503878,35.26750968022869,salt leaching,340.40300321256854,0.16859375875254037,1.0111306126228374,60.883996760227326,8467.021542518858,19.84528047009406,60.3134887719393,3.5113210342878296
PLA,416.776831480715,85.87116579966589,FDM,257.3054798717335,0.044410143893909626,0.18718209807804248,3.5490299353202546,129.82712337819186,16.70457649443628,63.27306418539777,8.720954709002301
PGA,796.0131238973654,36.01252846603265,electrospinning,323.1217519590555,0.3072933385065864,1.297547679224042,89.99383249085699,13411.869056933207,2.690391609975549,49.27954949729253,1.4189162527344457
PCL,408.86830258039186,68.06164237156462,SLS,239.48104731760338,0.31880532663824546,0.5698456714928352,23.097903121780618,3076.7156940173386,24.0,65.57885096925428,6.256386510086638
Gelatin,498.9463305535031,72.44172777895974,electrospinning,103.87182842401675,0.17721630744557568,0.45994462935071273,7.748298773598693,1064.901049535732,3.1959314559144314,79.49838815914187,6.827878025320452
Gelatin,302.9771273506148,91.2024954277057,electrospinning,235.39988813792866,0.2343897863356233,0.15588312563173423,1.9143864002776152,154.45571164135887,3.0674189833543593,79.42603820212072,7.0385474181465275
Gelatin,359.20979587374916,90.75744450673956,SLA,137.80768496174508,0.3318713179219373,0.17998660246428566,2.5930594036316807,222.37014416762773,2.58941637188284,73.51900152690091,6.379952940692295
Gelatin,798.3120417576505,59.363065938793845,salt leaching,174.15499485557442,0.09234359563175072,0.6161447007462016,9.205512994222968,1347.7432197229869,3.0836314535368845,59.444159187831566,4.805473258619767
Gelatin,755.3779646595519,72.16975010036009,FDM,384.09807510058374,0.30001406641898937,0.5259987695983964,13.82081615065828,2037.3793816985153,2.7443771679387416,60.22400273274325,4.4509869031166165
PCL,600.7742573691638,43.57401080714835,salt leaching,70.49785684958685,0.4116625090264669,1.111808285181015,59.431648868565226,11320.83474728671,24.0,62.7262880155844,3.1556617771457622
PGA,161.2702529671376,41.18559210942072,electrospinning,357.5692374275201,0.35151011199387217,1.23477695821829,77.36019834380168,11811.672152995474,2.768090276403761,65.03588216583248,2.59137037546442
Gelatin,286.25777928254865,81.44163378295342,electrospinning,370.5258838089445,0.07165614937076287,0.2744747230411971,2.3302368106431657,214.86763982259538,3.1369116254577714,73.65712096460081,6.712888779934964
PLGA,402.13899900922524,57.472642196282294,electrospinning,398.4732417581829,0.30944865087613743,0.808063200877956,39.283598985748434,5879.7094795059875,5.6283154151631,70.49467495707408,4.965936633402147
Chitosan,532.9674345857102,54.761869926525875,SLA,69.09789289894464,0.31239677513060676,0.8806481251167518,35.22092815128934,6069.6063566220155,7.030239545309252,69.13749555273928,5.006304117866338
PCL,314.8271667037921,81.98591868897591,salt leaching,244.1404586759285,0.1866769737794381,0.273685655411628,6.594853171097743,541.4441697302397,24.0,79.57849657994858,8.758934412910847
PLGA,519.2380920704574,67.15449721639135,SLS,114.69343928145874,0.2777126548423211,0.6052309104761251,20.63851024953705,2618.483662070606,6.639325413312005,57.70814329582224,5.4814305311952545
PGA,606.7201536276971,45.87050456654995,SLS,259.3031910650624,0.4014248928731631,1.1801898960033328,66.8570096956407,10428.744860357556,2.6678621888970775,51.732303170820465,1.979379859920971
PGA,464.96797971725005,63.829211270743585,freeze drying,398.103696162341,0.15964913112427903,0.6469621544394548,31.09181607714344,2453.4113589627004,2.7958289474357065,78.96338324402126,4.84005926345829
PLGA,297.79360524921236,68.29894993261061,FDM,208.99743887643788,0.3202416771749101,0.6085452245993548,25.002439486402125,3266.7171681533564,6.743515813985054,72.30901866665333,5.668232924169614
Gelatin,761.735500285251,39.266176077152515,freeze drying,183.74881619139924,0.09357681677924473,0.9222056254020029,18.325302839653876,3290.9588928404232,3.0419304014280217,56.3719657544559,2.81082139904072
PLGA,301.52870466309685,41.51034660082384,salt leaching,84.44846618547906,0.1806508954186182,0.9750097250420333,41.20365389736666,5926.460490108256,6.076731551220854,63.25171732752991,3.9892979117479572
PCL,490.77276371565944,37.30369132668407,SLA,166.19526500144596,0.0905971237395619,0.8317588442690155,34.80484683741327,3693.359014859767,24.0,55.708919062772814,4.435557514062963
Chitosan,417.4028575383084,70.9966338919754,salt leaching,308.88901421708783,0.17271389295412434,0.4937096002249305,11.755436390234626,1412.9254925153969,8.15528496920537,75.86137378159263,7.813395909950256
PLGA,185.91917078728216,92.21780262875025,freeze drying,361.5483187064199,0.05845570810043669,0.1125153856029858,1.4315959356953105,44.15634379695329,4.653416861365099,72.39415362198848,4.97881570575007
Chitosan,58.308914445732256,77.46127446519398,electrospinning,250.12626057759317,0.07859590022958265,0.34654255739740647,5.620375631644943,470.1955599938281,7.911083711111013,69.58418064921058,7.632560151146801
Chitosan,312.39078813564083,45.84712595116167,SLS,279.56615958443984,0.18026353975831133,0.9289715400560045,36.224753114627795,6017.124859406934,7.638482695837472,65.71256729709987,4.629568171600519
PGA,297.9207517297181,78.40788730889865,electrospinning,194.34107116375316,0.3552273763665159,0.454615098745666,16.22087100475583,1508.2770290409394,2.9346929284215775,70.97118130537046,6.296973788097918
PCL,289.28380574917986,57.00841409903429,FDM,367.805281281241,0.16803901675002247,0.6371001482236716,20.962618691616843,2538.448600529508,24.0,67.45366936700012,5.487748747269467
PLA,355.52414315962426,63.88950639579318,salt leaching,363.8011304641536,0.16225821000436785,0.5596813001348867,24.46117867230806,2499.310910388764,17.981985620429477,80.48826814413547,7.2561229783979275
PLA,185.58886292178465,47.47184497696288,SLA,119.52560191409202,0.15230838518912115,0.804158261034442,37.526056515603436,4499.438269428404,19.907717250510927,57.240851863244295,3.9855170706457046
PCL,438.55812353025857,43.90965411539038,SLA,149.14954122240206,0.44392357002899896,1.1414759834933883,68.59664285831829,13280.105008326922,24.0,70.43651263988838,4.000843676655073
PGA,714.6284705419948,59.803706542156,FDM,247.60672362671224,0.2911015560617137,0.8045627877955783,42.98507571970404,4940.056572141684,2.5360860364508513,63.74458796088734,2.6988782775255595
Gelatin,153.22230079877102,30.06041209654747,FDM,366.12826957064755,0.03279593822986582,0.9854716559812795,11.824059710785424,1569.4729130490753,3.4805667715637028,51.71318367732009,3.815447981647318
PCL,714.7161623417883,39.839126132112874,SLS,103.1601603178206,0.22654923206551006,0.9621114712792626,49.28142804796843,7999.763845763868,24.0,44.51320854952882,2.5770950515948754
PLGA,224.16851817600735,56.34614844205197,freeze drying,144.20654984707022,0.2654874996482374,0.7947325002689459,36.09485676176118,5197.6554117517135,7.286236704372294,84.84236856724061,5.126049334407214
Gelatin,332.50733032209683,52.050642976299365,salt leaching,71.85096454722311,0.2352952850486361,0.850396957138187,28.38304690743765,5348.692233860694,3.3954619929381877,74.80260396036564,4.943945037665233
PGA,623.4882127886551,39.5351824109868,SLA,291.61299641525517,0.22064550478631934,1.141240610331499,70.727575162773,8618.360141039733,2.814957037736338,45.207468213716666,1.7003267313582358
PGA,696.0635345716381,38.92450212651207,SLS,383.3353633395536,0.2825335778544786,1.2140003561860957,84.69176633462146,11815.578234489312,2.7136312286917055,50.00088441277399,1.4906102786404167
PLA,606.4832971354895,74.05201067808582,freeze drying,138.31015764730355,0.34370414027908586,0.49209710660325057,18.593496094054068,2159.1311574122583,17.10675563967211,77.92988400801931,6.215177621626015
PCL,483.3709786335768,50.01181814283388,salt leaching,217.02002779628646,0.5033574792432822,1.076861282756689,64.11686734172845,12071.24271749498,24.0,65.71021578798101,4.183828429140466
PLGA,355.833525804622,87.61472352740921,SLA,66.51884559408265,0.21741920592459285,0.21470232999518946,4.2057409086311175,299.7380146336467,6.55316415962503,65.9493575019195,8.600420890660418
Chitosan,733.6360443993881,44.398622687351875,electrospinning,69.65670346615958,0.5960069366403468,1.358348397266245,79.09582486319006,16767.45571509148,7.41238676916333,54.85152326920054,2.9369562483982095
Gelatin,237.47966815162226,34.76866438487417,SLS,282.10118714132307,0.39798804902564555,1.3479262867466173,60.043544418577824,13884.99437102715,3.5753277057890105,65.86815159179868,2.9110602308704947
PLA,84.54729776148308,90.50356487435742,SLA,281.27948539181864,0.015312379960159422,0.12053318429556506,1.707362592861391,37.00379011533317,15.319801398419868,56.42750080302326,5.170717433001474
PCL,129.0539644671252,65.99852364119216,FDM,229.5427724373176,0.10916631247135727,0.46373881095144504,15.088150099018701,1309.9010916300942,24.0,64.76603512915763,6.387319372947008
PLGA,231.63098776060292,34.74523353847577,salt leaching,310.4100031216868,0.24332153547842933,1.161803679090374,51.55217251675607,8797.073984242264,6.333020851103311,70.25410709340186,3.700984054855617
PLA,110.87316834778589,59.39316114173002,freeze drying,308.6819976975336,0.08683596793146288,0.5708739642392386,23.237475971124223,1909.136143050741,15.557571082889774,71.54483983900565,5.03814187310799
PCL,471.8220305884407,48.16394497572867,SLA,323.87505053310275,0.15754369429471118,0.7572600243319688,30.529402726062862,3940.9497565647807,24.0,58.76749264045173,5.150918885347049
PGA,302.9979566343241,83.78904010699812,electrospinning,50.20927859217836,0.2179154863203844,0.30525611754554965,8.492008364050497,532.2099096482586,2.483110638031353,71.31611102265418,7.158055165703416
Gelatin,706.928693749921,88.84443493568351,freeze drying,222.534940079551,0.10741997908307319,0.17217007855390987,1.4506830367862356,115.40650634816934,2.409071038246149,67.60486226777387,4.22978212202832
PGA,102.90172819471742,89.11291773958197,FDM,116.54506821154699,0.21292945021992696,0.20412688171579663,4.733226666532605,240.07409565830096,2.6529594650245376,58.99024123350155,6.613334363800291
PCL,627.0819345661675,90.76170863703092,salt leaching,368.2207476722705,0.2259208778619516,0.14762525014405842,2.597013654741104,165.02204703374312,24.0,61.92074085245367,6.506491433872482
PGA,175.67490447837986,50.17005133679559,SLA,226.1707957121539,0.17634357894739736,0.9047507166207872,48.252479523723515,4722.314485473843,2.3439067434284477,59.84645023771027,3.0509802995004804
PCL,766.7371004498671,91.98611950892982,freeze drying,173.31446898838874,0.4541285885202811,0.16472754295415093,3.2000969498173877,235.48377713557505,24.0,61.04466701874621,6.99737819705479
Gelatin,306.9433121083489,70.79847701532256,freeze drying,117.20562965901286,0.053301309758911015,0.42223718988983405,3.497808489196846,366.7202482045726,2.6876509922943463,78.99719900675326,7.5611434417729075
PCL,497.3503065601578,82.9349548434903,SLA,183.7432230609906,0.406121007270831,0.3343507572701189,10.703212172599496,1117.2319513062382,24.0,70.57836819705186,6.967347882380696
PGA,203.0657458668202,60.48764858868001,salt leaching,330.3285525395006,0.06446826913264381,0.6458051216517429,29.63804885833403,1497.8391670806107,2.346753237440693,63.02260677312511,4.504089061951448
PGA,340.10543153891,35.23775279862338,freeze drying,101.50713788323087,0.06678197489319848,1.0609265846004594,55.66981776087494,3666.278658687005,3.0230666052170725,61.52272569835246,3.572613117170381
PCL,230.16457490628918,58.84513704099593,SLS,148.8287716649297,0.14691520601317623,0.5924509980404222,21.261065854131374,2365.7850183630358,24.0,73.04050717853065,5.505359118279108
PLGA,426.5061483043866,67.9033085244365,SLA,252.63786210353155,0.2958750473538804,0.6019843087678086,25.06250956966654,3211.2493708339316,5.56318135183606,70.46639338212741,5.843081629439071
Gelatin,518.1805527481386,83.91003475925434,salt leaching,116.61794128326665,0.01700822658963029,0.22214044269347613,1.0288292640267038,46.380195358509994,2.93934266871928,70.46391812779581,5.017296540625293
PLGA,501.0380530164225,52.04931939546595,freeze drying,240.60840704876227,0.1505593536833744,0.773210685097744,29.82832089157332,3593.9526026082626,6.254339886945291,70.00243935709764,4.676336264441354
PLA,459.2719766097694,43.264185255529036,electrospinning,152.16891072423255,0.10137337498618168,0.8133777723752817,40.408347688720525,4204.1435571898555,21.72890213127423,61.10057442042105,4.435133011483759
PLGA,443.7870051840385,75.97312927386837,SLA,138.2605071234355,0.07775213123604233,0.35577340907676586,7.04756991527732,439.8963034058235,6.521355265847298,60.636382778506174,8.287832724098223
Gelatin,603.6262029026327,85.70268696045554,salt leaching,378.5501223809122,0.5090844853446072,0.3240274505437006,8.034585369408887,884.44169711443,3.1838625747122316,69.165893760895,5.770037208869786
PLGA,131.11626093001755,84.73694606142826,electrospinning,264.94661166563134,0.09586212151368449,0.23100791481392147,4.022842928731371,221.74454381595447,6.169168919774787,60.70702905824793,6.868404785675622
Chitosan,255.5902728644005,83.79888766078267,SLS,308.9537393101412,0.13803604827627186,0.2659514794362889,4.6930492453244455,396.0903356322728,7.830325115782134,74.67353795257955,8.828416786212296
PCL,376.5472425498136,91.95280743561895,freeze drying,301.7358202015412,0.1574514806178893,0.11754455466294823,1.9729497714931448,100.31969581392508,24.0,74.27428280628136,7.290886889591449
PLGA,180.9423884353898,75.9827078855256,salt leaching,299.1222807468323,0.16716933330528166,0.3945023945953623,11.520943619947872,1027.8826530613985,5.342330317714998,71.07391998783564,6.461819161025751
PLA,417.3394009911806,64.36267925930291,salt leaching,167.05488449133642,0.041287806250266554,0.4700062649504356,13.913763604615369,786.2602809804926,17.17400047262889,73.29013412497089,7.634325796222023
Chitosan,468.62838791783054,52.555151801792995,electrospinning,376.50369154432155,0.14938730113425147,0.78826188671335,20.987493855211397,3100.4058437654826,7.996282220346725,66.53831772741758,6.248083925998998
PCL,464.61115678876183,78.14313276933069,electrospinning,219.75629563341442,0.525454632887298,0.48053121233365653,17.6639092811269,2220.049977276887,24.0,69.89288566024928,7.002169086936122
PCL,241.51501267167612,83.81847012764635,SLS,182.29791351915358,0.1706479886653848,0.24064349483968142,5.36809446026244,401.582082678369,24.0,72.19030745153762,8.326510036606367
PLA,238.16773740057857,36.536577585423885,freeze drying,187.64151978472532,0.3262582112360745,1.1824207750504148,68.40623480762295,12201.940809791124,21.915458495289382,80.06522259671995,4.105623056757778
PLGA,774.7057233111394,93.05483968333594,FDM,352.77488478138787,0.369733561568194,0.13954339360101375,2.572279121496052,164.3714601313911,5.965401242173706,59.74703147193175,5.393636979552155
PLA,743.4813433464775,33.654579165313194,salt leaching,219.97200444466912,0.17688827788711328,1.0468356085795583,54.88217001746835,7886.495517134113,22.35408915875692,51.79379518324192,2.682275092342694
PLGA,62.02111734134234,92.63953726465819,SLA,181.94515855039458,0.09582827267826349,0.11139686243731389,1.510377264645443,57.80466084153955,4.823655488058913,55.585141860534826,4.311783710049884
Chitosan,536.5122150180233,88.45117968879816,freeze drying,268.226858936568,0.19792168215058864,0.20168431835666484,3.7002376277468825,290.7408354254503,7.599177294640498,69.47618386453762,7.135729871455367
Chitosan,405.61845940930976,44.676320889790894,electrospinning,265.8176923578463,0.20463001652866342,0.9726470015310271,42.05507792657264,7292.8945179836965,7.570255319206778,65.24858916170774,4.571681002327632
Chitosan,678.9566656504717,82.55708471958037,salt leaching,161.26663582064924,0.24070062946672868,0.3176749259611817,7.872408916556047,796.8282277568477,6.50358836690388,65.16623766939679,6.651666022432801
PLA,747.0526128868654,43.312156588653615,freeze drying,329.2993123267284,0.0526617086301069,0.7599480813293065,31.087670605903632,2436.733522151173,21.464189366999907,56.90497981020377,3.732485899859817
PLA,229.2609009994575,70.87673830423141,salt leaching,274.13326132548434,0.10319220113736664,0.41852955047043156,13.076050478025847,982.4790265781875,18.059580982024737,75.29292712281267,6.991505267528219
PCL,221.24843927645813,33.799769170397006,salt leaching,154.9752891155732,0.5190169557069331,1.4468914405581044,81.71793463716553,17826.094338665458,24.0,75.33635478985731,3.70362906431258
PLA,548.5544036831348,57.256754227253744,electrospinning,295.3841555774945,0.08072502159027645,0.5959198318448631,24.60115738840478,2007.8761531176262,15.659597187357354,60.37756319837541,5.8678213850027525
PGA,426.4590538488813,89.14546028038171,SLS,301.0416565530147,0.17426578815289948,0.1967179714024347,4.786554177311014,217.2064852729413,2.279526586744274,66.6242675047724,7.533737864934399
Gelatin,697.2197174847638,61.23639615435742,SLA,74.06386724787062,0.17692084400808272,0.6467542630811637,16.24519636092987,2647.296515081811,3.0012167830200593,52.834967240441586,4.297140607338123
Chitosan,268.15764067368684,60.51144472930177,freeze drying,350.25022423112114,0.1894705752998602,0.6837733612755168,22.920863668453787,3293.47473589339,7.82732303937568,79.12346946189096,5.9615459952802965
PLGA,754.9432796642816,52.296736318351584,SLS,395.84342658412237,0.1883963097240926,0.8018905843275526,28.120967103510964,3716.281590608789,6.83148030694222,47.35584427715243,3.4086334846810677
Chitosan,66.38503398965135,80.3415642027864,FDM,97.0516995793425,0.6457775218186248,0.4973801803202053,19.494709627226424,2481.659625032329,6.604605368969033,74.39726499686616,5.8872127346730005
Chitosan,451.6568548233487,61.003920520147496,SLS,186.2230165182036,0.5788922788379559,0.9409993757450977,46.00371333781971,8136.786797009967,8.067910788991322,66.6638755192688,5.908965353849011
Chitosan,293.246659352725,91.88935460996284,SLA,338.2759581635818,0.18455467942470544,0.13974404275852131,1.9076273943706854,123.38453223297975,7.615287221612264,68.81157587360606,6.664622644312589
PLGA,136.5221009792779,86.52928601733808,salt leaching,215.2792490146715,0.055010773491903135,0.19392028992937688,3.4301650116543594,135.09151636826968,5.6651354274221095,71.63035223785246,7.044666862116744
Gelatin,770.5597270785165,64.94010933662251,SLA,54.968822065103296,0.30128868284061555,0.6634451929686861,23.21861997166133,3843.2675998317973,2.763702384246866,61.738436960411576,3.682098096610928
PLGA,91.7801270864339,38.39954700667871,freeze drying,70.2093778134626,0.14590996306405388,0.9881310388703247,43.917140480281795,5915.058920578632,5.848336410411242,66.95347428169445,3.244712112201351
PLA,310.2192127831894,58.06746118200552,FDM,323.6229390750542,0.440706757343677,0.8729305876477562,50.028164896307,7998.9661244933195,19.038517828950106,72.31702199797311,5.518454594847945
PGA,189.05663778054074,41.8341033773206,SLS,229.5020077819469,0.24067366029734613,1.1167220060904428,64.73069924632009,8104.38978715274,3.1665070314704917,60.345164573002315,2.6729168858217895
PLGA,246.8637559254433,67.77900603680992,electrospinning,301.3587816461798,0.3384670928341969,0.6291553245113268,26.025419546825084,3488.1220212441253,7.101833043533956,75.92290827075918,6.598703231573081
PCL,179.76790231337327,47.340184135555056,SLS,91.83580434147723,0.16504927790152998,0.7772187565341208,34.03466333299698,4524.305731104924,24.0,67.14991899723621,4.6512542935356604
PCL,622.8923751501605,63.41532484980205,electrospinning,322.7778096172919,0.5038019035275919,0.7884446815309634,32.192116298529044,5185.987555486294,24.0,66.00853986341737,4.643212643012724
PCL,419.0690077625735,94.12168110216243,electrospinning,147.39368128656938,0.5668237773347085,0.13411276836734864,2.517998137701858,166.77670341694662,24.0,75.92680824373598,7.031142203709186
Chitosan,412.6623880927768,44.305854293072706,salt leaching,138.8946636816887,0.05277990503211169,0.8311598450189658,17.35172934839162,2006.86101002708,8.20202192848344,62.07775012168206,6.40622601487017
PGA,650.1031870640569,45.707829853247034,SLS,73.81305993208439,0.09636334548814157,0.9154249606615911,52.84321742651168,3863.6780760766173,2.9018720455220586,43.93188641467656,2.0707392998159295
PLA,526.7239989800299,94.54132527588897,SLS,322.20112117539276,0.14569502656372005,0.08287783017457925,1.1278320726175344,42.75679413439118,18.296938305479593,58.39185659379221,5.643486564106274
Chitosan,688.8427539954063,33.4173358577152,salt leaching,86.54537932434131,0.1884509503198643,1.1517397088097208,45.19550247365268,8420.949983228826,8.734123770260732,48.54288717105824,2.941922275683162
PCL,591.6620740052347,41.320185005700765,SLS,241.40841082560152,0.07227531963019107,0.7569179844950231,24.813217222789735,2223.0020426592573,24.0,44.03555056119452,3.958111106269177
PCL,384.62782835952237,66.00866666930524,SLA,154.28422596090292,0.06026822444897232,0.4302751426316626,10.376449069086865,630.2953986250978,24.0,70.38270117495217,7.949249924507718
PLA,424.6612514035034,79.7104557381308,freeze drying,142.94515930434477,0.08741993342714927,0.2854682214721983,8.67686172462905,505.40277839592255,16.964816007992987,72.79582506521112,8.18565346810245
PGA,646.2586526963528,40.61803923330517,salt leaching,86.50958057315876,0.0021134337698023656,0.9105770971578938,51.02617830450109,1442.009178521947,2.825818772925915,50.07311375455512,2.0469357052434427
PCL,86.9817403323685,46.736149072010505,freeze drying,97.48151350613222,0.20574271207652808,0.8295920084940469,39.99589051684881,5880.405123238776,24.0,63.85379264960488,3.9448256013948573
Chitosan,529.3308852460298,52.162528286794256,electrospinning,399.1852921426307,0.13238440618826286,0.7805509714951403,24.555947766690096,3518.2385487083116,8.597707404636909,69.02982403002315,5.839206301874444
Gelatin,98.95756817484792,83.41955597893866,SLA,276.20847678008346,0.07633851490958664,0.24661907080029646,2.4378448441648968,216.49109138568477,2.6701632045245214,56.99414207554175,5.409209621378439
PCL,576.1243260988746,59.857337613607164,electrospinning,69.28553730559088,0.24748174569493764,0.6588217364169495,25.039287406699135,3432.162824999576,24.0,61.269657731934316,5.391959456608206
PLA,408.4005161848519,53.09345832539997,SLS,288.87910554067,0.3073265228392137,0.8569795418742496,39.127154292248676,5874.947072266417,20.959403099034372,60.781580551868544,5.221665502646316
PLGA,386.77832027747127,59.8547397338498,freeze drying,76.93921405280608,0.30620528641432565,0.7604441931817453,35.46193672084885,5139.281903264125,7.275213862177994,76.80126056717032,5.904946769204171
Gelatin,240.6943707416979,71.01821056256433,freeze drying,58.744428798647306,0.11728983368863048,0.45244100414146476,6.922918870782293,905.0590370249565,2.914217329577136,85.88418735150404,7.365640409499077
Gelatin,191.1741498267842,41.976162352223824,salt leaching,69.9508356431769,0.35215492716239455,1.1511226540146127,50.63968130352857,10936.990605401006,3.485241702671303,70.21190848082853,2.9659197288281693
PGA,69.9562745582631,77.78985367660374,freeze drying,268.9774695295086,0.391592290764833,0.48071185639537695,17.838780140527604,1761.9737031183856,2.353220577160614,68.2789052244405,4.8722046550771605
Chitosan,772.0494378958542,70.84256264071388,SLS,114.43546317633493,0.3664087461043316,0.595166074122559,22.884805118239274,3262.651694755785,6.739502199035899,62.89292749158174,5.131040972668395
PLGA,64.37591564373334,58.07930914512365,FDM,61.554177565114536,0.24289424865948464,0.7460367916788622,25.97821799808101,3550.8265229148124,6.391737175794607,57.91344607621032,4.629832846345799
PLGA,733.8388342863285,39.52994621538975,salt leaching,276.07476255806375,0.14575286734183657,0.969826396180116,43.75316581680619,5835.865147207938,6.174891868714557,51.060868392910436,2.5430288021011016
PCL,269.1867175545409,49.163120492539846,SLS,174.09187309001257,0.02701273733079102,0.6096157979811032,19.068324642254858,815.4370299600122,24.0,63.87275632106788,6.745252269792384
PLGA,389.6625203116338,91.47148204866659,salt leaching,286.88701527051643,0.10796165272044866,0.1309477679162714,1.7126809094471382,74.71332247132025,4.830400675177793,68.15961138693393,6.257235908917702
PGA,389.27506940492765,77.68678462368915,electrospinning,344.00659117224444,0.08726172869416453,0.37293504915024195,10.985422862532523,488.1185508833297,2.27692219715736,66.51587017941928,6.785822138451437
PLGA,79.2548155721136,59.61184082935707,freeze drying,361.84085964174636,0.16438686841333494,0.661372355314063,26.788428076570717,3077.2360825889577,6.557928947625314,66.67969354840392,4.867066520297519
PGA,635.5244781287215,89.16274806940527,FDM,183.99168816895235,0.6190560703898277,0.27449359336055174,8.612647451354542,722.6990776319328,3.1127900097447876,64.75742069902363,5.212123018886657
Chitosan,603.0735810703416,46.4344310448688,SLA,73.54961452253009,0.01454470745255906,0.7635521371465264,14.122649929157696,1134.692373230702,8.63027162911124,45.90507132943783,5.187576221623917
PCL,159.57242415599018,83.49523233905076,SLA,132.26095458417151,0.18901392108286316,0.25152818830362966,5.111025011417244,403.79646567006097,24.0,64.93032121406593,8.102772096183957
PLA,208.57344349918338,47.23609817691811,FDM,282.000925672133,0.1475332647352151,0.8029550089022532,43.67222925478332,5175.734358847563,21.897800239738363,61.8461197257874,4.197195585814601
Gelatin,253.78819917363478,83.03712631198843,SLA,182.4104625078408,0.2128946460141969,0.2940022845936258,4.885895797776023,540.7680428506118,2.4840776365005346,81.34561280689091,7.66037130331828
PLA,102.5515217908921,33.68066122954127,SLA,92.13235232693684,0.3009519909744174,1.2035754982764477,72.11204829530352,12778.213598560693,22.477907900332177,59.30186276396019,2.889140212303297
PLA,527.9766174035179,34.5952795319838,SLA,176.53906571703482,0.22071473449917334,1.086742037103436,60.557346795239184,9467.323547206855,22.316750793933622,54.19412848634753,3.689698196217369
PLA,503.22831486610914,70.95121424022378,salt leaching,196.08402963016565,0.1383941573166166,0.43699042394346266,15.296223001410373,1307.8678040384477,16.000004392438736,76.03911430260038,7.609957732078197
PLA,355.0803114290039,79.55347889096623,SLS,100.35665438642306,0.02572578709328442,0.2635835161650412,6.416148274758325,233.79969383932942,17.657123188828535,64.3951234735573,9.410833092329757
PCL,313.7900835092392,58.61172136531756,salt leaching,74.2577205634032,0.3423484729457739,0.7579885308352905,34.776137676587155,5388.869906064876,24.0,84.23691624396719,5.373561537827679
PCL,796.7338825057619,61.21192849202271,freeze drying,220.0599621663646,0.3158433764866765,0.6897550759896883,31.436175640049075,4601.187276582528,24.0,69.10421560932497,4.096042154481594
Gelatin,237.75520053603952,84.06210103483083,freeze drying,212.11980270812217,0.319806350009087,0.3069083793373423,6.452064852763209,724.1438140635033,2.4872531579551147,93.07470342625767,7.163419502506419
PCL,276.79680522794166,33.302168329781246,freeze drying,213.9052070097348,0.15920469854136873,0.9765932667216284,46.07988743014675,6780.3704947074075,24.0,70.49582389239444,4.202898210210114
PLGA,773.3661687678907,48.81336392195143,freeze drying,217.86878386056034,0.09606480723712899,0.7749028647818329,26.348688848533662,2662.44513500265,5.72881727985944,57.92913485444251,3.7185526035581598
PCL,684.231568718316,71.29222417834026,electrospinning,64.5459468952905,0.10821306793756429,0.390990490889283,9.753529390523044,774.3430830992709,24.0,66.32228190284428,6.527451140786035
Chitosan,537.5849175644103,78.23145937218442,SLS,61.029565078774056,0.3384755128026998,0.4337016329488281,11.274252726758075,1368.766472734672,6.697649234727431,70.4318999715653,6.247045369092564
PLGA,110.50232554338302,73.70263739678622,salt leaching,291.21349364963083,0.08454407794225971,0.3926261404352604,9.7140259221365,661.0468141246512,6.571152045728444,62.97302643566451,7.47938376461359
Chitosan,475.58240601742216,54.5055012773184,SLS,387.72501052563905,0.2171472938690132,0.8098056095798002,28.420341082591722,4534.632198292266,7.477310855566141,66.52799809597214,4.794495888011528
PCL,666.9931013603205,30.863278224807704,freeze drying,239.70535446790413,0.6348809199199488,1.6716818540196687,118.00017489258923,27408.190761791422,24.0,59.535011066295716,2.490452841505774
PLA,179.28977157887468,86.70564661806297,FDM,264.5906836742345,0.09609204313814594,0.1892498800886324,4.632139250947048,227.78452858161396,18.21952689081048,73.87241125917345,8.163232323675725
Gelatin,149.35299225644494,65.54950839655308,FDM,241.18666004579782,0.24344095114181669,0.6160415246249665,14.3379321696053,2299.537296038566,2.56996282512308,70.81551015805114,5.541378059593953
PLA,61.94020044709895,70.05189273881882,SLA,386.29029597806596,0.19906537639767644,0.48522368680563643,17.330797041565756,1757.963078129634,19.706120594549326,67.17490565722346,5.701296442746852
PLGA,83.3817794571285,48.79388669721946,SLA,207.949812012174,0.270106846112149,0.9365052222196041,37.62453828543262,5903.367897774326,6.055132526832805,59.13294893642308,3.3440467868349786
PCL,446.95058610769263,67.98573490331474,electrospinning,328.9015495966669,0.43832001743339133,0.647914824724737,28.34232644451684,4132.287683444824,24.0,83.87690359135496,6.471250523694919
PGA,731.2604076822572,69.29731716678575,SLS,234.71672286775663,0.2549136317506917,0.5965408719933472,27.831210786280174,2609.6628324523926,2.3388980410389437,54.23508379997264,3.3080463720253683
PGA,267.7714140250107,35.330698178532195,SLA,154.47258432623715,0.03619441778152353,1.027359135058261,55.72830591613854,2771.020218536659,2.4698337421335648,57.90179996388166,2.787596509526073
Chitosan,228.1700109258274,61.8031519683542,freeze drying,150.1314727109412,0.21284517746783593,0.6770311331581744,21.335724260628275,3104.191537649588,8.633526244872785,86.64309182196195,6.201744911129302
PCL,729.4337534259856,38.23141315869433,SLS,112.48192624540955,0.09220090476410392,0.8214374671679584,35.495155024597516,3776.9349513915017,24.0,47.19590909824756,3.002884997050392
PCL,576.799040810449,72.82861742736571,freeze drying,396.1938616880567,0.48321609551821426,0.5743618008580913,19.968339210272937,2745.907416640334,24.0,79.92880772408964,6.277494498908444
PLGA,275.0503121790799,39.832178490073936,electrospinning,149.63615859626228,0.494512152018215,1.3447911202709062,69.31703106487963,14095.371644710047,6.522507744070497,68.9331963972208,4.499088787518348
PGA,449.6353492124449,60.63591661682944,SLA,393.38416857972834,0.11018575035946068,0.6725357250120594,25.867330674516726,1732.9643183311048,2.4538422615584383,67.94058389191098,4.545668419952877
PLGA,180.04704965458953,77.11115337229509,salt leaching,226.87378388323916,0.0566047899127102,0.330161237031415,7.3740116909953475,383.92149411307304,5.625775875954273,76.43714203723052,6.904888811342065
Chitosan,240.9978244174714,61.78181021849938,freeze drying,192.59275847413988,0.11963873389997831,0.6150712340956457,15.887785542077768,1974.3642755965013,7.953872481835572,76.15179742566279,6.41798543449686
PCL,207.5883319551609,37.56156226366198,freeze drying,389.5409102464513,0.07501568050747659,0.8088315431082032,31.09673739449186,2940.761480919927,24.0,72.56501831439124,4.9286804614021715
PGA,166.8886524135826,45.8237700897517,electrospinning,344.7678058055901,0.05376418261081572,0.8760827172593731,38.737345749775,2098.3071844291576,2.933174313952737,57.99213219682256,3.012576899154257
PCL,88.41822230323494,62.27350244498932,salt leaching,93.16147187635228,0.04627559034056213,0.4669720067189622,10.803312439151021,579.7889910213972,24.0,64.96999399754051,6.28401296077134
PCL,657.0271583277093,54.6534204622904,salt leaching,66.52870677316419,0.21587563955437922,0.7154922339858718,24.98565182026011,3455.5386846819,24.0,61.2325292058089,4.81263066511438
PGA,538.0432882503502,86.34339656975179,salt leaching,362.8905701118766,0.4301561847708552,0.3041124858242409,8.450062064656889,683.3301461806102,2.8436217300612108,70.2528414908068,5.760096363939001
PGA,63.560819154264074,56.021441446699285,SLS,242.45692240467366,0.33127198842525085,0.9088875514139586,42.96741210563448,5511.06368021842,3.073322365005726,54.79156931699529,3.0714767313564706
PGA,88.14006772686585,86.13119219489013,SLA,169.33173057491342,0.27494159455253003,0.27396517596434844,9.113485941997798,597.4319715465681,2.678334315739432,63.54603047560885,5.991446055764033
Gelatin,455.9028243284738,82.25089260617347,salt leaching,228.10983931098602,0.22382542690888205,0.311121577530805,4.933476357145491,562.15995055032,2.7998684350167307,69.39739956081426,6.635297884197357
PGA,763.7768047929029,50.78185520709052,SLA,353.83435595347197,0.11234655793714209,0.8426153396511862,39.896584999253044,3020.898036134809,2.8274274082034325,47.31861762496088,2.284530184281211
PLA,336.77249829622093,58.803277445989444,electrospinning,181.66666406936776,0.5672546800205645,0.9571879027719113,52.817276266875226,8986.520489327195,22.602234884781744,74.82390185409133,5.2437085267087795
PLGA,592.6509299983164,67.51713395451507,FDM,276.7020190472142,0.24047218657179162,0.5766535924252802,19.526623517407398,2340.795584044623,5.4490825964305944,59.726756911970995,5.276355680156896
PGA,400.01236687314815,33.42613634047353,SLS,63.1481803403932,0.13718241389515887,1.1665308797608398,74.30554338732932,7310.515928928731,2.49278038732425,50.03115966594577,2.768136932917035
Gelatin,235.59723592485977,71.94044689596656,salt leaching,277.84011082649056,0.0988708056359112,0.42874083808568103,6.5758272763140795,813.6660752205495,2.9119754787564727,81.47845036545573,6.289965288867159
PLGA,476.922659068586,89.8501052263449,SLS,388.94669567514273,0.52667343610751,0.23276539718090625,5.82129396083021,493.5633403467251,6.310153484130721,63.517694883940685,7.206336675520637
PLA,736.9512218833653,70.0043423249864,salt leaching,117.44188314253879,0.09195646980235184,0.4246295856437754,14.576034248897727,1055.7662200958048,19.898566367754736,55.15143259498674,5.385442010613977
Chitosan,567.6283029532491,71.96373172873757,salt leaching,362.2206010733929,0.4855614329972586,0.6307410412572448,26.72608385367597,3911.7926029880946,7.6636290705607735,75.0983723294711,5.895013910086762
PLA,155.38047733144495,58.79181569861563,electrospinning,246.50343227659351,0.14970032422059626,0.6288070656509394,26.88832830039536,2834.117898731816,20.22567707921812,71.2209639318258,5.782830041609791
PGA,360.29967318524734,49.45114725191043,electrospinning,311.83698376062125,0.22925999760652552,0.9611364907784126,49.44588382480616,5623.49835096683,3.0502587068430227,73.94494445116321,4.228970570413026
Gelatin,715.5812680643659,38.92471938420429,SLA,167.72100435045368,0.11216539480068963,0.9478258816442476,22.03085182558749,4140.785426100247,3.1277653198581747,44.34834454336898,2.5194876096539756
PCL,436.39416960366026,80.35242028654615,FDM,246.75066383965475,0.27641654405661736,0.33385465519261653,10.393808518769172,1036.459428254839,24.0,75.83087703623765,7.784262719169674
PGA,413.15985451073124,34.134093364556826,electrospinning,243.0907887322616,0.1877089954775243,1.2080390668885186,76.06944062593259,8858.969731380677,2.735995605616158,55.67536742664935,2.7864826514761565
PLGA,712.3947896927064,91.63290293829938,salt leaching,220.36286692331043,0.1876006432371319,0.14053017814031457,2.6594506715587833,146.93810539642038,6.027833523092507,54.74968672152225,5.626040887341086
Gelatin,460.2972431888316,72.24688638078278,SLS,313.8188707157683,0.21857089853873898,0.48385544751743287,11.147506469269462,1583.5724557091899,2.7406314106531853,67.39950796941032,6.6957846405840815
PCL,337.7067802663688,57.58418169348625,salt leaching,300.14363115231777,0.31170725654300857,0.7507485526945025,38.11235113205854,5809.216911788797,24.0,78.25459215444516,5.151314546893583
PCL,772.2184959864722,69.49956666830272,FDM,394.1855271612004,0.027235322254371537,0.3658852787182033,8.072445600339575,268.9506875000782,24.0,54.825356597669526,7.66359014225823
PLA,72.84335605287261,35.906974994027145,salt leaching,349.13626448449224,0.22257411939507776,1.0672235783354214,64.47465984116437,10011.75990782943,21.211669055829805,59.36870910116355,3.3806661626902024
Chitosan,798.9206049392214,31.613118743934695,freeze drying,342.335421055603,0.28764632260003536,1.3016629484642825,70.94486664328699,14782.543569539486,7.405184114142428,53.79365073751656,2.4702369702221048
Gelatin,716.2041473836296,59.89622683410758,SLS,262.4405906959929,0.3955797608888117,0.8269572757341993,32.23626481649962,5842.367385075494,3.0286114935836226,54.428342707557775,2.970280247096904
PLA,441.373156478892,68.06753180287194,FDM,52.97345251252333,0.036007127363835156,0.41792371782822596,14.269719226261195,726.0650249901911,19.627753905330845,63.70905698369142,7.207702303295632
PLA,482.70209250862973,40.06469065208457,SLA,174.6678802114828,0.6988022302327506,1.543161757696602,108.34071395352191,23399.11375801815,20.20190007258395,54.69178398874163,4.061218452892615
Chitosan,580.1026971578789,89.80248066708842,electrospinning,144.7392615056059,0.28031306403252176,0.19278898373120038,3.814485460081842,305.2663881669484,6.344077327826593,69.17845020336355,6.837564418738232
PGA,86.86129275888278,42.41903905751328,freeze drying,326.67976263677673,0.3139707397233877,1.1738642402178028,76.44415444812715,10924.345069484158,2.681387808903746,61.74326409123443,2.0985748410385807
Chitosan,486.1916283873165,64.67621356841089,SLS,258.7377598923615,0.034280838349674776,0.5157242677620429,8.225281231534316,663.4024441680546,7.758845069270464,66.88860189406867,7.466150517357219
PGA,504.0833639790068,33.711159433142456,SLA,285.48906099532945,0.32466599370783333,1.3628713238418593,81.02810457021705,12633.08902490969,2.790003851256027,54.60183092531162,2.4467312764918887
PGA,625.3780388367957,93.22476831197055,SLA,150.0445070321933,0.34799546965010386,0.14185659374572857,3.276101328653698,168.94912087266604,2.5153629729353866,60.05772651643711,6.06195494758749
PLA,114.05186321815538,59.237259395787866,freeze drying,314.724619160272,0.06595395698092305,0.5568076466607137,20.38822977612033,1488.4846463144731,20.110883611241004,76.22181176949061,5.944935344467444
PCL,116.5799502171745,86.22467345350546,SLA,162.21696729257937,0.23606162923834859,0.22292660081587073,4.904078426027247,386.93943290081165,24.0,63.320125314924844,7.396308416004472
PLA,310.0390709269334,78.51938837571241,SLS,362.72848998766125,0.023475678794352285,0.27599117817220803,6.241814055401852,226.8911341385184,15.84506681576249,70.09596401191828,8.684262945039652
PLGA,505.60381543142694,64.00527005238887,freeze drying,356.06628614927484,0.07483999251234404,0.5310879815857006,12.690931851667223,951.4365681500798,5.950177438508113,70.21642574775936,6.407556054395564
PCL,561.2936378092566,43.506380205808995,salt leaching,329.6319967250971,0.2939987209166058,0.9798634384302831,49.179790682430706,8489.535725752812,24.0,61.93436357644196,3.7912083695190084
PCL,278.3923918635375,31.61586853452662,SLA,51.369937007386724,0.07508935811374039,0.8859534620446761,31.309224412821738,3100.4986800271477,24.0,55.55669970985548,4.265868450790221
PLA,379.0008290236816,44.1877579207971,FDM,95.65799348026631,0.13229556932039938,0.8331007074936135,39.68804847865623,4611.08363635696,19.811166108626033,70.20614501286471,5.441533449499762
Gelatin,76.36774403637607,67.37957724055197,freeze drying,325.3042147910273,0.06175221602861274,0.4766346083298985,4.426018067523853,516.1581182318522,2.4414252700289767,71.32913802418571,5.6021152884537635
Chitosan,581.5994486796154,41.562186704940856,salt leaching,360.9866509835697,0.19341044917990302,1.0159228512043803,40.14196561074947,7053.719175476895,9.24776641265604,63.18768170860212,4.401728220421373
PLA,610.6978460745819,94.98385162288788,salt leaching,303.7259191318667,0.04977792429906758,0.06696938485119591,0.9813224477685992,22.36818948454608,14.335280142920466,52.78792556802614,4.6543307085958725
PLA,97.39120945588715,68.88218749600436,salt leaching,260.63922202156675,0.2800244054846707,0.5522934417260691,22.843008633207027,2700.5818628822553,19.509590311481247,69.87423454658955,5.309027294492805
Chitosan,655.0143910726847,33.24119747212163,salt leaching,261.1914742770861,0.2073049307208451,1.1768132417186443,47.969123094206594,9167.203066004948,8.711012163961867,56.20720120640682,3.134363953682132
PLGA,633.754421800669,91.17895511784455,SLA,351.65811589139,0.06408217508459302,0.12843341996135185,1.5254946183241225,52.42534107221065,5.69835277383645,48.12511841254052,4.061765411942543
Chitosan,161.04481961662225,36.41453980439484,SLS,252.93187080837865,0.06548209287673272,0.9630613504158944,29.077789760802215,3851.8320434015586,9.531841273868315,58.30244913114117,4.445697992652594
PCL,124.8226682771318,33.543272844205845,freeze drying,283.2840411248843,0.10917128914329458,0.9063956157794801,38.13304862601912,4628.44839195012,24.0,67.65409013692145,3.962378552004268
PCL,610.7753855098172,45.21667322309164,electrospinning,70.9738043623785,0.06868081214231514,0.7027084872622638,25.944056514326277,2175.2006425447216,24.0,53.40023712384017,4.388803948015027
Chitosan,342.71593149735236,36.8959656748391,SLA,284.65633284887826,0.5129505465811038,1.4499183362771229,91.9899009302259,20360.85800616614,8.778887965576917,64.98285397967875,4.916848547501523
PLGA,499.25828316017567,34.662797343582625,freeze drying,129.3655160901806,0.5648044396984987,1.5434581482906267,105.03504310613818,22958.212024720175,6.705849328381657,71.27711089938559,3.9773756450134
PCL,449.27017614598617,49.71867834392108,SLA,187.49367676849084,0.3843977799175795,0.9632481027012686,43.652408916678766,7706.59708447525,24.0,64.49465394593912,5.036732214172309
PLA,185.4775234559865,61.56599771208816,SLA,296.46144466814144,0.28246712718996136,0.683937764632273,35.404944514582716,4666.777679592872,17.05442144900073,75.82597581248484,5.452385098414707
PGA,433.0122383353868,61.00813463665805,freeze drying,342.214799927537,0.10346778785877728,0.6619328533279746,32.04465341611405,2064.080255652644,2.5396869930450015,72.36350217804053,4.926558388116943
PLGA,246.88271786237425,33.40256659803535,SLS,130.8427586848223,0.23436708079909097,1.174914861184185,67.47838306036192,11472.860455267204,6.270377259040769,55.361109128977,3.3443760507892626
PGA,334.52419865313993,89.20422475433399,salt leaching,265.371744220001,0.3208266028340989,0.22128522599053513,5.938311108449548,371.4320095658324,2.5753469230646897,68.6263306004466,7.236902246199569
PLGA,573.5529098025512,71.4790936635575,FDM,162.19712852632358,0.24877946301137396,0.5106071702182287,16.96175991774474,1929.0472716050253,5.833611956940629,68.353093461258,5.5628111737246355
Gelatin,658.9758067931012,86.36488981507293,freeze drying,285.55285820103694,0.2644745187180994,0.24898449316539856,4.009794591359963,408.39369891669674,3.0582039296709795,63.311121316254706,6.048469138908329
PGA,55.32239937116538,83.26088501282203,salt leaching,175.93871522279827,0.457869486196852,0.3802706049566441,13.243391817119987,1219.1691050507145,2.5826196255142078,74.02798587664256,5.3614113095011575
PLGA,568.4763270014217,88.6839049573377,electrospinning,347.6503206876248,0.08996159170319412,0.17006172555811053,2.8775411747864585,132.4198314557656,6.07120842452735,57.09537351437145,5.937243422681143
Gelatin,315.1813427242063,38.610482011160556,FDM,285.29892837960324,0.47726012806649964,1.3561363387606282,70.79511991167492,16083.862839480355,3.618613251790772,64.76361028562556,3.485857730356611
Gelatin,760.1771745953877,45.64631806812794,freeze drying,133.98211630327097,0.3929980184512067,1.1182707133858247,51.488153356680755,10858.16964312736,2.721594916010738,60.54613216414063,2.2761700004290364
PGA,340.3874556169508,52.497052510686494,FDM,342.56094284418486,0.3122553285196142,0.9670904818640909,47.86962661872138,6196.424819418966,2.880502004411145,74.63452855093509,3.796738473853002
PLA,108.90218209459903,53.166307830228206,freeze drying,311.67813859774225,0.38698727704219593,0.926907004331467,51.53695402466828,8362.496450620885,20.547734106504052,67.61417149308531,4.542166742618421
PLA,57.06489197933399,82.57154325752511,salt leaching,140.78990858064884,0.04839382214924604,0.23222236965297383,6.385011775431577,268.2612694478037,14.835492658193019,68.30525908528158,7.490524101467181
Chitosan,429.3296254019082,31.169228552205198,FDM,376.4699479671332,0.2824734435193993,1.3038809383108458,55.87298616010398,11635.633990473083,8.553987445243148,68.60359510393081,4.318910846283545
PGA,417.8368225519624,37.783541252534576,FDM,330.92968545327693,0.28505741328113415,1.239223076100072,77.52060930434509,10965.589381698357,3.040515759288167,66.36775795155091,2.9300262531969055
PGA,231.7199969003499,90.09212838031344,SLA,232.61012902682012,0.17304299460936282,0.17936513774067037,4.147713588452902,179.12291883782618,2.2088091561752914,58.95844987394834,6.848749327791454
PGA,262.2504765718083,32.468437892024426,SLS,398.107965527679,0.4723458877413958,1.5499846418541963,101.75775051630785,19073.9783143597,2.9598303896758806,63.42967533045659,2.934385243338284
PLA,56.87416263786236,43.09094168160268,electrospinning,385.6584615905381,0.030545151107876874,0.7388737726558071,28.613997950531346,1836.8958998211033,20.72598573785214,54.493041935128694,4.083645183992644
PGA,566.3009680320175,40.29940861174959,SLA,325.68689411751393,0.11720158838235827,1.0267705152769506,50.334745222565935,4296.836742672783,2.9138570440948777,48.51703351483127,2.3868901288069884
PGA,111.82495401424306,79.7674018858369,SLA,74.42981971316242,0.053318957949683464,0.3270350041252982,10.23477723646819,337.4670918973831,2.3442396401140617,62.16301632492941,5.753429057172245
PGA,198.08661281834878,93.96772744870542,FDM,307.68888178616174,0.21036290286432285,0.11285102514390458,1.8184680117507523,68.20612483774626,2.4403551257804645,67.93476107101758,5.4671458872232925
Gelatin,107.85828056454575,49.90273483133528,freeze drying,279.4702942400111,0.14684248539582698,0.8087284044971831,18.693339866736427,3357.5081783877317,2.879100072340858,74.54013115368949,3.8191764276149116
PLGA,102.57611020058151,86.19518720283544,SLA,224.84826218157647,0.6594732385733527,0.3497651648007391,11.868107163957545,1232.023708982683,6.304985750096028,69.84361449261337,6.499099157567173
PGA,655.8044699005359,53.16538245449377,SLS,85.33168857261421,0.19250458072303073,0.8626268787517684,42.05734095909892,4187.7735022439265,3.052133160930789,46.8184183884147,2.3972277574872525
PLGA,408.4996587907336,60.638821486509826,SLA,111.52433554063364,0.18057862850237505,0.6560907482236463,25.310107480094874,2985.907073155605,6.709265561177139,71.19823573119376,6.373265440859491
PLGA,218.41960195167226,60.25786832428618,FDM,142.78120906321266,0.21344569729953997,0.6860830092938062,29.120869434372626,3691.34208534984,5.920557071081472,71.83605461471079,5.025977684877211
PGA,645.9971692984168,59.66059333581255,salt leaching,109.76889100116792,0.405732886868325,0.8823387094728091,47.326797152176184,6404.464869990877,3.0032556121592506,69.36261515156822,3.4072492729219483
PLA,379.0135271748452,65.14923762267817,electrospinning,388.7894288694844,0.3413427362861704,0.659364096177093,28.470993691272113,3822.5534686356095,19.888697715680443,72.0678546202084,6.580814036845221
PCL,715.7062471204662,53.910295149484796,FDM,99.98843867040891,0.07260388519118828,0.5948202679096234,19.967660112362598,1589.8877115786224,24.0,55.54018587725518,4.772588384484038
Chitosan,92.00173170425012,61.207008816898615,electrospinning,237.37980542343803,0.19404567808075252,0.6748350914442668,23.57112489718165,3377.4708199299394,8.184681105767462,69.19896382804018,5.059333261186627
PCL,383.3599834833433,46.659004398999144,freeze drying,116.64472360871856,0.229716140753451,0.8564328170823047,36.76123903715314,5648.980112407365,24.0,78.95139099806062,4.74561394180419
PCL,544.9024001217792,58.0529813926381,SLA,317.2610734808048,0.14648735328671064,0.6034947531222137,23.93614907922472,2685.18082612076,24.0,60.980238252900435,4.925831881602134
Gelatin,98.18954221595828,71.78047575389122,FDM,255.68966263825376,0.1887924792510051,0.4768609883451896,10.584811373747458,1486.0918991402223,2.968690194916748,67.54280775450829,5.286742886236684
PLA,103.9856138474913,46.68423845726713,salt leaching,299.8653266888093,0.003975496248143458,0.6651638143805065,27.752590455070255,1181.381564250362,16.918906066191497,53.79358868247498,4.749685984758386
Gelatin,139.9413941953476,50.84765100240375,electrospinning,353.6745651520782,0.45111823478963664,1.0626800879476255,53.09089703848368,10752.9425243589,3.3551888850897624,74.96129999652952,3.008429776134439
PLGA,482.11949736947463,65.98905918006317,electrospinning,115.93475326720555,0.40188087925641786,0.7031436840862347,26.51637915396906,3840.1128544711723,5.88038718880063,74.19888598412625,5.601191991356991
PGA,296.99095811187823,32.7430304577844,SLS,223.7032939252239,0.05042915918165361,1.0839773752504431,68.84112118591648,4032.0410736051435,2.4387162598927477,57.186652688789955,3.072177148522696
PLA,455.4582457435468,85.22401137385978,salt leaching,218.0472288734306,0.4597630264677691,0.31297721603546325,11.010720889131216,1058.3238809779052,20.054308627831926,76.44142416835484,6.9766467702650266
PCL,140.72049667886924,35.11534888770094,freeze drying,234.55881347483765,0.669924433846498,1.6144589091286008,101.02038262060654,22957.18707803197,24.0,71.20470001675527,3.5603324394198808
PGA,721.1519005291399,31.57339288746444,FDM,172.01086430499598,0.13242996901196638,1.193727170865809,72.88311314334831,7128.349470167506,2.977069501752254,47.75597186665332,1.2749250041399203
PCL,567.2288897441796,49.590466724813346,electrospinning,269.0943698712838,0.2934072788834437,0.8737391619614284,41.78386060294769,6808.868206066839,24.0,62.77513725234286,3.6916424086574766
PCL,385.0165413084987,46.51957320830794,salt leaching,338.7972064814967,0.7396763670666122,1.4054929531238105,79.5724550152492,16701.07317875689,24.0,69.99872241703909,4.836469270986831
PCL,361.8311007422386,60.49653724603016,salt leaching,178.69797784464012,0.20242370914109073,0.6126432194971936,21.52382505074568,2707.247129466484,24.0,73.21342378875505,6.007551397582003
PLGA,722.5599124308085,43.695933229868906,FDM,129.63685692776215,0.1326791144576307,0.8896882590413365,31.281848471345885,3859.6531759511604,6.717505183271561,48.36690005352548,3.3226720891962827
Chitosan,242.0158797961348,72.30381678180632,FDM,90.69578810250823,0.0023946799931472205,0.38890722623189666,5.772608131883087,273.52074533856205,8.584016932988417,74.39760140095379,8.763433578518553
Chitosan,242.8220670463338,61.16457357973477,electrospinning,178.54719544824823,0.12796584120882493,0.6306641100687348,18.361669357281666,2346.7844551441353,8.18524079903586,78.37910084970373,6.453346201048754
Chitosan,78.77289601677585,86.60181620197736,freeze drying,229.46246492787535,0.506728742568841,0.3063863576741861,9.2273831074814,939.4510174577102,7.362870873217599,74.16871885837594,6.312355429348433
PLGA,422.24207846328414,56.23703514207605,SLS,287.53103283941397,0.2868359544232214,0.8136292605569474,31.1063041670628,4605.8646024692125,6.361027667281896,63.69516593974154,5.22214484441498
PCL,104.43109853353309,85.27065103024393,freeze drying,124.4975301134251,0.1474463577018086,0.2121954122847409,3.93647017424886,262.50239387403104,24.0,79.7971107992686,7.447911507756853
Gelatin,471.1084578025076,42.085686656834994,SLA,128.5292114944701,0.2889185830489192,1.083028614421178,39.32270330222987,8330.907499150953,3.2066683028616105,66.14520761188211,3.5501391990192115
PLGA,590.869451160408,72.7562707023521,SLS,385.6893021987029,0.0548730832259572,0.3921245209834305,8.441642098368586,472.21808720961457,5.514551770101897,57.636313177042254,6.202703444707739
PLA,641.7804531515353,52.81341555519594,freeze drying,191.62880957699255,0.06760781164629326,0.6460461178410563,30.066678975486138,2386.897322975175,16.498565546950317,55.858304042607394,4.604261047467564
Gelatin,672.2328540146963,75.7558833572435,salt leaching,380.98573796778163,0.5960569004737971,0.5874112890517322,21.498250860614483,3108.96895880819,2.6592064246804816,69.24525738057851,4.250482299191668
PCL,547.8437179560831,37.37016121091722,electrospinning,302.21570173230026,0.3550333348651035,1.162937048708403,71.88645189596325,13850.11665287836,24.0,59.56123691345171,3.4136189197557396
Gelatin,609.7353594268076,30.543055771189007,FDM,109.00966695191289,0.3953399197105521,1.4319325966746004,75.87244192884734,18095.617647824783,3.1960149018148107,49.683847705467365,1.5585382067308662
PLA,556.3474143833148,57.13413845327006,salt leaching,305.73765403493655,0.09515586507659693,0.6094444016101461,26.172504893758287,2300.98998634584,20.450707880503746,58.16062416836144,5.451003059026249
Chitosan,223.48563669672012,77.76528383247407,SLS,156.60137820099894,0.3372413318901174,0.44250916899972864,14.371951666634718,1762.2175620534124,8.371587173748269,78.72276546540795,7.855036834179058
PLA,284.8865380277264,41.62466945300696,electrospinning,365.67063774325896,0.05413037718451756,0.7842077812036046,37.20591151466027,2992.708904064637,21.516802075442897,64.7730687767476,5.1320877803791785
Chitosan,167.9267488206751,74.8904782352872,salt leaching,229.70207399403705,0.2953633150228324,0.48132085747959097,15.32381867570549,1945.346616910237,7.595221514276494,81.89170713433502,6.553115273851906
PGA,550.513372287797,32.85004541228094,freeze drying,164.31766701180305,0.11734060228297859,1.1550408462485828,64.52957615079016,5845.992887941554,2.701061705694886,54.14875251331438,1.994566848402341
PLA,200.11565843702513,50.77331270689989,electrospinning,257.13276768216406,0.25622571640207603,0.8513219578939545,42.94794705214938,6176.030648944546,20.643866881956793,65.59149184754509,4.717062896498198
Chitosan,425.2687702882926,53.2383663477704,freeze drying,147.0993571803427,0.31815164760485726,0.915015459976367,41.239205334599916,7251.394568599237,8.32479061220959,86.71538075346018,5.767115059370235
PLGA,750.7023435979077,63.977494073695546,SLA,152.05584485640506,0.2531157176841277,0.6477348895822227,24.899159986012616,3202.3378241937144,6.785480817150562,56.87172014048166,4.2471721048901845
PGA,515.6141026294189,76.73439919546016,FDM,249.33244753871142,0.09591261039539326,0.39211341729986504,11.87744293387003,567.0462850834589,2.3604386229899528,66.470949672242,6.919366370587947
PLA,583.4493685328398,36.49904108644549,salt leaching,61.74105499425524,0.4244303200647058,1.3021899777655033,71.02159909850899,13814.890251130877,21.77411055135475,53.548281926052375,2.8725350674793653
Chitosan,377.8790371701329,48.16551367992716,electrospinning,253.65284327664773,0.08146277009009212,0.7995779732130468,20.531085479127754,2634.953964886042,7.324736706060991,64.40766492316024,5.861168511028287
PCL,122.09438879911362,57.597219467087115,electrospinning,376.7876171465273,0.241148102962023,0.6905301063226827,30.99506089655107,4324.9770915429835,24.0,73.31856791342892,5.210944507414737
PGA,548.954627177683,35.115407485988115,SLS,261.3143003431645,0.35636136972852667,1.3673165341180253,92.1859259126968,14882.029646704204,2.6896416564635115,52.924199125899584,2.006928829793746
PLA,168.71228802453024,74.72764784841277,salt leaching,94.86582548366161,0.04334889488189111,0.3343017617332739,10.646262986933824,516.0551583682192,18.946502329252343,66.7348360180454,7.871049057255505
Chitosan,584.9912971259542,72.86251104524456,SLS,268.6452342923128,0.18331985747469,0.4669845559961941,11.829380201927064,1397.1017398609004,8.063124481015477,57.964163159856845,6.309805157646526
PCL,69.30680731041215,52.16811173399053,SLS,331.15660073131176,0.14695288267597617,0.6886072496295406,28.81497197439313,3457.086973103911,24.0,61.971303404753066,4.207674476381312
PGA,743.163826131995,31.585414552156287,electrospinning,253.4987132041805,0.034567724110825496,1.0850551288936732,64.6224913663884,3244.720186758554,2.273973941256006,47.945493488177064,1.3414464617694812
PLGA,252.0197754976533,82.04315619914523,electrospinning,208.85401699857763,0.03605497727018133,0.25234025500247464,4.150535592057898,154.16821773425764,5.512092669121995,75.61952406273876,7.425599858507652
PLA,127.54620247253114,58.048027790096754,SLS,130.4714298015714,0.44504163669304203,0.8768086059614106,44.861754537661355,7195.724697178574,22.10508611131414,64.63129858818536,4.725266996406348
PGA,301.9596150342004,66.44514128941921,SLS,83.26978789139756,0.5096209673554408,0.7904135430719795,35.22484588578618,4808.206320010942,2.8230818615930158,72.43284137685568,5.037782063551211
PLA,701.8243015435464,66.94074482006516,electrospinning,203.82772315664312,0.0885570609560789,0.46585250632531416,17.936433044955887,1341.2555524837826,17.658625017883573,55.09659662787543,4.98147258821793
Gelatin,573.4928536233443,81.36689375621009,SLA,153.5134921171153,0.3658845752256353,0.37426312522774147,8.319917254235945,1021.5138678610649,2.560793609616361,59.646354041778686,5.373934255007401
Chitosan,351.70607557357516,54.352199235963866,salt leaching,114.02736244947438,0.01845009929778955,0.6538078236908941,11.67034908716148,910.2951200215125,8.173189370290823,77.9637990015269,6.927198929758907
PLGA,535.4167125483916,32.90994526475165,electrospinning,68.9166695724043,0.2003360399562569,1.1422807949908858,60.32219449483635,9690.637047181099,6.220437432637504,54.58223035115071,2.902786366975989
Gelatin,427.67755580266623,82.10676833903888,FDM,204.53690363261393,0.18533794663008907,0.30125193408611767,4.474289734600325,498.8600947266591,3.0801526538533035,74.41036254024408,6.757349101074107
Chitosan,83.49591228417407,50.121354598349775,salt leaching,152.30606629419313,0.2239909722926941,0.8938174455258707,35.0312481416958,5896.19284575726,8.443648258792114,71.65189846016382,4.4154646758945875
Chitosan,532.6821670548651,37.02503708831524,SLS,202.68555692751104,0.3440114315421713,1.2607713557584534,65.5743074507021,13582.009641534121,7.580602516728515,57.26137795552941,3.2944935538991
PLGA,596.1375178913617,51.06878629913176,electrospinning,392.0980316998117,0.26666025743919924,0.891847245357011,45.90037301509112,7008.593466359628,7.390783375717704,55.988263225694546,3.906795432713807
Gelatin,207.15096796259425,39.431862270769265,FDM,366.5333971329332,0.2914138717765931,1.1353769787401302,38.92276119978047,8440.28418008339,3.3700227904152213,73.1950080899968,3.519590826384134
PCL,799.8059541935695,45.86416071287133,salt leaching,317.1576653242737,0.3411545885851124,0.9901525939308116,44.871601214734824,7944.018870874263,24.0,53.77234716718845,2.8257721246804897
Chitosan,741.2950020887461,79.2354882970017,FDM,306.09684545310307,0.2771597476051502,0.39141718324005215,9.39847731517709,1070.7187877825854,7.362628860610108,67.49590343408848,6.853543557891912
PGA,644.1424537064338,84.5104167528737,freeze drying,279.1715129494911,0.17440060335426855,0.2807531848379134,7.663006130606058,415.57450787979656,2.1885868237220327,63.85419145902903,6.632820206248021
PLGA,590.2009429605467,74.6733952868533,FDM,83.51396953217518,0.16708926762392695,0.4159721525320246,10.845637669007948,993.455931436357,6.271302009503545,56.23706541471656,6.6786580412491094
PLGA,527.5196857684563,44.380458287434436,FDM,286.9757994304568,0.18030394138219438,0.926816307802888,44.10035423691241,6180.597043315256,6.536995014022736,61.65010736692421,4.038280119163782
Chitosan,222.5633688931063,56.39533861638512,FDM,339.17608152132703,0.07553179860651799,0.668102183154429,16.51702121611447,1897.4885391964963,7.302483897795044,65.45583968727014,6.467040409050108
Gelatin,253.53604630968843,85.5821124298336,SLS,171.26425047753352,0.30520275673466724,0.2738483047859414,4.634456489255053,492.5499016394911,3.0682428148781535,68.35209134903585,6.391692412672908
PLA,770.1997688690499,75.05600841649999,FDM,330.48003741227285,0.2897904016603215,0.4473704060292882,16.839536426376572,1805.0751088233062,19.31100875351418,59.426000130729506,6.035978925637496
PGA,774.2398810748092,30.965647962987745,freeze drying,218.39399213589596,0.047456168665421176,1.109298501000707,61.198192575685674,3531.740019560054,2.8809356215626996,50.834351405080405,1.5677748353337786
Gelatin,507.14638231554767,68.0376610505355,SLA,179.40823380544106,0.05101689175409051,0.4608427211728336,3.9501937206357702,426.37472514611716,3.0087798181665812,65.29427101387067,7.114352644344117
Gelatin,222.27673652160078,45.5810900857589,SLA,180.41178625197793,0.22041483454749894,0.9505605142923035,33.35551954225794,6642.243661611079,3.0221665334961716,70.83511239530925,3.3921654555197778
PLGA,655.5092159002764,79.59454085883011,SLS,185.1545715078374,0.3708332421860797,0.41039626103791904,13.88350297192372,1522.0088253024796,5.572806163019685,61.05263875756276,4.807739247246491
Gelatin,298.26219462117115,78.11969889344047,electrospinning,159.46625459763558,0.09499128947293116,0.33279594922957934,4.049461038760816,438.13842012996577,3.1764485910056446,70.36072887532457,6.98998290733838
Gelatin,246.72869853832967,84.52771344317534,freeze drying,61.313142864131606,0.1498776782517203,0.25061697547201217,3.5375231168651187,354.38603535199223,2.429476996052243,78.73012516700997,7.216654803563549
Chitosan,353.1113238327922,86.89913211627015,electrospinning,195.42268884357003,0.49738405861561263,0.29744500006165636,6.994857278784809,702.3237459252504,7.0323559598564165,84.5583529315323,8.153534988843052
PGA,554.1504976738341,42.789320548657614,SLS,363.4785218541119,0.12874498060516537,0.9946459182307554,48.31299436930599,4253.372928028427,2.828937009422442,49.081201874008734,2.429568334857787
PLA,410.7062060632276,54.46026810207484,FDM,177.11619330067876,0.5726923172399856,1.0628255381480816,67.15020791120278,12042.20221374526,23.808586351817244,72.15062149659933,4.810880882592009
PLGA,266.1141018330523,45.34051547104128,FDM,305.6801289092143,0.5417185824963956,1.2683791511581493,75.38695413409494,14929.826294793347,7.101977259738775,75.42017005393303,4.487878478965242
Chitosan,205.46189191230167,54.55679355411175,SLA,160.8395246059241,0.09378634895416804,0.710789057545717,16.637366412988175,2091.085026918767,7.743395244598839,72.95294797905599,5.999584256899545
Chitosan,241.3154168160486,38.25718243826006,SLA,70.48781002801755,0.03146107094572794,0.8983931112290923,17.97132854014895,1869.4167810551571,8.451967068760695,58.7175548121255,5.526493604968219
PGA,783.9905610034737,77.22928842657149,SLA,375.0552792470674,0.1851588574030371,0.41669430985593653,13.40785629967047,911.2185492117849,2.5262150612510847,59.41208365845619,5.229393162916259
PGA,53.378360735216496,50.362940723981616,electrospinning,234.36575069227533,0.11771058219780955,0.8541004826877516,48.50815895452625,3784.872581545833,2.302453471679837,53.1317126352259,2.188207497556595
PCL,545.2901286506665,77.47689393731652,SLA,208.6415891836031,0.04568528806134865,0.2785205049173515,5.363583266535933,220.4751948773231,24.0,63.30272284376921,8.257425643180257
PCL,235.40383919797492,94.74576727219329,salt leaching,86.18230252068597,0.07292115269316997,0.06784301610933516,0.7096045819751654,19.128659257067657,24.0,76.00754299773905,4.540069115921334
PGA,542.839129295955,53.73110481506738,SLA,264.0231984517197,0.13209209900850097,0.8069245351667387,40.84881805237288,3280.621800686905,2.6187577391212447,57.90805266556108,3.2595493817139705
PLA,506.59847013529514,41.65425529190315,FDM,129.01707620625984,0.11400751543928007,0.8505376341413317,36.33814216198667,4040.393665896098,21.626231071379202,58.99257575030582,4.518849813137125
Chitosan,377.71614581277333,80.99487371451819,SLA,82.65424941686022,0.2638060738909493,0.35381095360730147,9.208963729108842,993.096058383331,6.7946266382762275,67.81914053584781,7.735480659151959
Gelatin,211.14095481874858,32.621460468348346,electrospinning,120.39778990663204,0.34733863284408895,1.3308673401484925,60.8136869795064,14137.006005161129,3.041345214079378,62.7460175745403,2.7471641637746314
PCL,274.00411804066226,86.3511677839833,salt leaching,311.36015772935593,0.037099770180541315,0.1664318180692534,2.28263836896606,63.25968866733236,24.0,67.1263410641087,7.417391315648649
PLGA,698.1729516961678,60.19787968855099,freeze drying,310.52887150639674,0.2215593251589665,0.6929638217548383,26.166089810517246,3367.251351364115,7.169559661514324,65.59924511524457,4.573613236677571
PLA,666.1832688206284,66.0417924308761,SLA,112.9292347232764,0.23128314207307446,0.571092427921088,20.424519526899523,2344.0927250379295,20.698015896285618,59.58432736007513,4.872890050802388
Gelatin,261.44716381367056,64.50583722875093,SLS,68.08998796889614,0.1518926124245475,0.5762146173765108,11.269477060218533,1713.948342306688,2.927994361885391,75.31341612397524,6.104567852442196
PLGA,513.759730284093,37.35148306254846,FDM,104.7160034374935,0.1442030835991851,1.0030075057497134,41.23783150452166,5572.042807302224,5.936293129248144,51.842050239720294,3.3355576512239544
PGA,292.98445603257466,68.16363210297305,SLA,73.3388051270586,0.05767695601487904,0.5168432704366117,18.782088200514842,806.5891435247755,2.3968116537822395,72.75050517955206,6.534221702455803
PGA,586.7469890542335,81.23038622882092,SLS,296.4365262700729,0.2161963409029277,0.35291342414237986,11.644464039708371,781.910945134822,2.7804073593779246,57.22142720453989,5.617954938076418
Chitosan,688.0838677494954,57.55548477692831,salt leaching,73.26559557321005,0.15720622801436343,0.7109927005400568,22.859782168169342,3239.9063431929826,9.026187129623867,67.34820098082855,4.864889502262046
PGA,162.39709916491373,67.1688701268749,FDM,138.77486601948144,0.19795982489922662,0.6076040515378414,24.752091264298397,2095.3534232125976,2.275197079382471,64.9570748399753,4.590367160984947
PLA,235.06056550053566,59.256192458405856,salt leaching,57.74705786032398,0.03346689800020702,0.5312673785724382,19.825644468537284,1110.6409085389669,17.288682997107976,67.14702056615363,6.766367581257568
Gelatin,694.0040411971221,37.63593342697204,electrospinning,324.98331068055967,0.08884849418468854,0.941652060048327,19.966068482269836,3585.4311516349694,2.8014338524490663,53.092116538921935,2.64921958411482
PLA,771.6394321188501,88.59658032154869,freeze drying,144.63413235872972,0.2800273949716024,0.20239385922359665,4.304614129491538,308.07255631034417,16.21253691562661,63.09085273717326,6.97268637229821
Chitosan,578.6833495485021,35.53803104137803,SLS,277.532357898976,0.24606100881081244,1.180045164878779,58.51790938439197,11443.688066970506,9.661221076335163,53.86750286023059,3.752094300181429
Chitosan,223.68724346674955,41.779172834885124,FDM,333.6061546931664,0.28667965006546675,1.1071792915804084,56.366491254672596,10829.244026455417,9.682695095972885,71.52385319736948,4.369736745264914
PLA,368.36962450740134,50.10607458328449,SLS,148.22245295678053,0.3046883923608003,0.9090447837116369,50.33308120738985,7770.447620819538,21.47488674101425,69.95374428757344,4.896630913955731
Chitosan,412.54405001159483,47.127964978855694,FDM,174.76683479672562,0.3145426486826482,1.0312424141898884,40.14727533014736,7489.678427031332,8.291724572901959,74.52070166532498,5.332052404572383
Chitosan,526.3677416479512,89.12110284841816,freeze drying,56.3112034388305,0.3975037454289084,0.22798160149021474,4.486120843896882,396.2561612764561,8.195394864309815,74.93540580217406,8.507099193130186
PLGA,145.6823516875197,85.85663328204386,freeze drying,258.1914498606264,0.42650232042268127,0.2987035489213419,7.369974986957406,699.5693158700867,7.1506747517444875,84.21158274464999,7.3586784127565465
PLA,175.29175210158928,94.5340036539053,freeze drying,247.05453011008208,0.07213310108281706,0.07530908869034145,1.0219457231340603,28.39514016763472,18.28540803798401,73.21627998241374,5.423427604789159
PGA,739.2787077715034,88.49412031805366,freeze drying,206.8563056791507,0.2077357864840297,0.21476092316547882,5.140812368461842,264.48757536394226,2.6544681246796764,57.00291805559274,6.037663223330354
PCL,308.3794200455474,34.000297218764395,salt leaching,144.49077289941172,0.23921488972177432,1.0722482348759348,54.30784577152358,9425.9827604313,24.0,73.65953883064972,4.484968512442748
PGA,158.77455031241635,77.89233193686493,SLS,260.4854450936251,0.12746015913217268,0.3838964409737353,14.033930792072699,763.7652073841829,2.6410928812144627,66.59832415681379,5.837587683121015
Gelatin,237.40059894344702,71.61630947189796,SLS,357.1212346060208,0.3476149640881232,0.5607785422744401,15.414303070667032,2325.857832582736,3.295207309807813,82.55041882131711,5.452397357775067
Gelatin,126.66812834895836,84.89389953538756,freeze drying,253.82510927238806,0.2273020440679613,0.2657380115153109,4.364347836465203,459.67682555641574,2.720010729269221,73.9231019261249,6.832642633574535
Gelatin,266.89486397440226,82.58355372489106,freeze drying,330.12746595937085,0.6565501578417064,0.4409478946313295,14.238136013223826,1753.577938313833,2.690145106149521,82.78185015620406,6.238331911418032
PCL,745.4048485931232,68.25809632770152,freeze drying,192.70872566705822,0.3245014779844213,0.5699657048946023,19.65335336123131,2624.1876242395,24.0,70.63368229449473,5.673292069128926
PCL,710.3164271552035,58.19204068404237,SLA,194.2327633713887,0.2449622923261331,0.6840406738755845,29.771134339526302,4148.947220320552,24.0,54.7976544675184,4.355449763861901
PLGA,151.94956052549048,62.34722104283918,SLA,124.96168845885539,0.2071940594459744,0.6457531594261205,23.75794884100565,2897.530107685021,5.588081043690249,59.6699370090187,4.956350125691378
PGA,302.6914348075592,68.05658599047732,FDM,160.4787694438134,0.19689895980196892,0.5906261591998754,26.358438335575507,2194.505677036791,2.370062947579926,66.2189240511255,5.198343526614431
PLA,772.1528705013573,68.31560220106104,SLA,214.91039578234964,0.3042978340462181,0.5770390609114124,22.42721694294759,2757.8267764935945,17.722723295984686,59.714107108872604,5.299315827543221
Gelatin,210.97847217832145,71.45068531772537,electrospinning,227.12908350917883,0.27773443420537336,0.5281400478948961,12.004609329116064,1778.449680555316,2.4795331952453554,77.106150641954,6.516863391108311
PLGA,562.0454733464837,75.54931338358153,FDM,304.33466424037437,0.3275500996297682,0.4725989302137639,15.58526845906305,1801.1540310045102,5.61361810545183,70.69218784099307,5.741951464123023
PLGA,786.5580339767231,55.42099586963433,FDM,77.99386897886419,0.3056086361517593,0.8439481439713529,36.85343915828195,5624.5756990458785,5.737535450702773,58.613740883220885,3.287521557363143
PLGA,127.87953958319568,38.032211888966884,salt leaching,85.35988627194048,0.045589472837584404,0.8815022868392095,34.063800867798996,2625.64609846121,7.002050271444901,54.6386301959369,3.530345808357471
PLA,418.9069695956178,31.274684610826483,electrospinning,284.9788031138785,0.3446522025185004,1.3046028389930049,90.46330909534574,17112.13259406512,19.212611236305897,63.97727154557065,3.8581560923309306
Chitosan,467.17729551932956,56.74171056443026,SLS,381.70648140220686,0.3967780677873068,0.9059850108134914,44.154684281786636,7774.803634020875,7.681912176337131,69.62744228001004,5.234801003844244
Chitosan,599.1784355692157,35.70523941802364,SLA,283.8632316852668,0.34102762833806927,1.283836718174788,57.59524210079833,12034.108956498801,8.64511888969766,50.179929665712045,3.3017815167366127
PGA,243.69826841537264,61.251100931682274,salt leaching,397.2055892888925,0.2929917168510895,0.7767784804639402,32.98161495225529,3733.835510298395,2.3934219923618905,72.34195601546328,4.435093592226733
PGA,309.69953809094784,72.55037757850509,electrospinning,298.2600031812192,0.013785801601310627,0.4261095468383567,12.933175442982645,309.4303704604818,2.690224496756937,65.40324275968662,6.663735572318387
Gelatin,276.37599566967134,72.269303314778,electrospinning,165.1520053817815,0.05392616856748663,0.40128178928143726,3.991566267603233,409.53239057831814,2.8244144977648915,83.77723223157037,6.759458564440031
Chitosan,648.7047474097292,80.91688497510033,freeze drying,173.30582403186597,0.5092476770646454,0.4372291703063781,12.578727829579192,1529.4717520190752,6.907740002829459,73.01123557288248,6.772377794410868
Chitosan,740.0853599919716,60.56925447495236,SLA,60.1488605175818,0.08663136041884811,0.6118093720760419,12.47538532260615,1424.22060875377,7.987592028012483,56.14119694299942,5.6966637695577
PCL,695.7566159810102,70.01558578440323,SLA,54.464767897600694,0.05520757502526449,0.37651164705637613,8.52334898132851,459.09691968273097,24.0,51.17290187742811,7.009211637391248
Chitosan,470.1289216755188,39.99868509298171,SLS,327.70280366057654,0.008421522989860946,0.8488612016242044,16.93488364959121,1315.1327104484797,7.997894616375954,49.43606421991805,5.3631701180524605
PGA,57.27526619228166,39.102912788724886,salt leaching,162.72820136069302,0.09611001601691821,1.0265411187741103,63.669386329636176,4923.24782160564,2.906602141360961,57.48779913315063,2.009301234067613
PGA,528.5024264121861,70.86689015666283,electrospinning,243.80488098942644,0.2399183636043333,0.5589675828562224,23.15046280740237,2047.8760347682196,2.579247084616467,72.08238033624146,4.815245185061237
PGA,445.30320388509375,32.48318094423042,salt leaching,265.3252138089199,0.13535666850392036,1.1810567290182845,63.394071481950334,6234.321493846176,2.4605096633848054,64.43024971953056,2.8708844593225495
PLGA,130.4759077780044,43.39315641383785,SLA,101.64314639004498,0.04186933664629061,0.8014303509843049,22.774826904124577,1610.8723506264419,5.8749657431559035,57.140857901787065,3.872189921565377
PGA,669.0334834017287,94.16035366038807,electrospinning,244.90820655178803,0.2130037564039479,0.10949722801987073,2.1774381799609897,80.90091385690587,2.618445560747672,51.1405639296457,4.3729137763181
PCL,689.8797339850419,47.19881227226695,SLA,231.8256491677434,0.16315142755998663,0.7772961120331255,32.49436670579801,4302.5246351539245,24.0,52.31147896021664,3.215538735784485
PLA,497.3559331579643,47.873647478286614,salt leaching,77.87579516216805,0.727661111423025,1.3708358758274728,92.6483311260523,18832.188096833117,22.214420585431984,71.46831116661932,4.383611858598645
PCL,508.9280635754931,54.27877817506318,SLS,295.68152004193234,0.20709112359875745,0.7133505968562123,30.25098299842263,4131.668445088479,24.0,61.23845348984537,4.949394527344161
PLGA,174.02781913488946,93.5513328336575,freeze drying,87.77359423774786,0.4575560243483302,0.13981847987767843,2.5632648130092646,167.35390202286948,5.802636322091666,77.03682183219773,6.650767225463264
PLA,745.6276634724317,59.78840906510775,electrospinning,280.80598055047335,0.18893577972878617,0.6437342258823641,29.435095971689435,3385.557964788782,20.453752530896235,55.53974261603569,4.296336983733862
PGA,704.4305144732334,62.99638697266258,SLA,332.7879912412651,0.0982824632014203,0.6250715403362606,24.867449263824387,1517.225539245659,2.542186868489831,47.077349794940545,3.536293387578578
PCL,684.5893891663338,77.82166914057714,electrospinning,124.10087246168798,0.19744094494557432,0.34173904591450255,9.414012518236136,878.130844208813,24.0,62.49548005010663,6.6202680427948986
PLGA,437.5520337050483,83.2419762015497,SLA,241.4946748991152,0.20274008731337217,0.28605268896579655,7.65132344373691,617.2334387751009,5.363800153153951,62.49964258720174,6.8496782380977965
Chitosan,602.7472337952668,41.57132107899757,salt leaching,338.6384337297778,0.26147441716435516,1.0853595883087002,43.31187924005913,8173.772012984038,8.453438058415978,56.45690561288738,3.8454371820769495
PCL,622.4638926523693,76.96976211423922,salt leaching,121.57651854247854,0.3518408140668299,0.4261609255918314,13.787330745219371,1606.5873555538021,24.0,67.8845905502454,6.7134661981125285
PGA,334.16531774945395,32.25654989195315,freeze drying,85.72622366813427,0.3280646088470278,1.3965072877317584,103.72343692849518,16432.430256112075,3.259456879713604,71.69411316622534,3.395204703193813
Gelatin,168.56925296213657,38.10784735940914,salt leaching,115.92888122347442,0.3097190922159065,1.1805893246083548,48.502220203982745,10695.200295951878,2.978015850502523,72.90303541315936,3.0576084152860807
PGA,517.9167073722278,66.56328774379558,FDM,190.74590426010676,0.16679031978036274,0.6019278003797117,25.228196263099665,1961.079080907423,2.8233740971790438,69.74732373280354,5.068485198405858
PGA,488.74455020436636,74.80200630528708,SLA,378.68822725644117,0.42385337073300766,0.5585494274531605,21.634387216781818,2360.6092524270316,2.776717569436152,70.1827373893516,5.105980244051173
Chitosan,513.0156882410503,56.31920292753986,SLS,119.43038894669546,0.1647082314696955,0.7374364286267943,21.71824247025121,3162.8090603112078,7.755425692337464,59.93835148485891,5.493437840261094
PLA,422.86536191215373,38.76107601963348,SLA,223.6264174751859,0.1952420451337643,0.9877301410671564,55.680072422456675,8011.9257423545505,19.469034805484686,64.64867019773409,4.552283320637972
PGA,326.4218517707854,92.40077225324316,electrospinning,337.1614515554103,0.1467833649406023,0.13433831608320684,2.5235965840238435,87.10518340330242,2.5564155887486373,62.94657651613612,5.630126873432908
Chitosan,199.90473098708273,45.07087490238514,salt leaching,329.280116238655,0.18180041376945133,0.9437651606045636,29.939896400856227,5019.83905323446,8.70268060955654,74.15867941291941,5.317389702067104
PGA,50.039620199222604,92.00485225003695,freeze drying,334.97306846913204,0.1783712249611849,0.14542865020052112,3.158530031383895,124.60373514357754,2.324240857562568,71.14944320796634,5.117542237823734
PCL,565.2143310390787,81.4739249974454,SLS,254.05652660544771,0.23054676498128032,0.29775964830502283,8.057512397707205,730.7019370101169,24.0,65.07736422630829,6.63343852402129
Gelatin,491.9505040675003,64.58766820982088,SLA,143.23217450050834,0.367951349309929,0.7126067539267494,24.416238139461026,4134.640143529754,2.6375042142732292,76.25943735716663,4.776649134295396
PCL,165.546239645486,70.63449596266801,SLS,168.52514500675213,0.2494524805928793,0.4831072426382035,16.753724315246746,1969.8328848106614,24.0,66.04363212170949,6.106448866646916
Chitosan,251.4493711258144,64.7350616752921,electrospinning,341.41315456343494,0.5365951165767991,0.8248615261457651,40.52827288260196,6748.172156324505,8.678798857691909,79.94913990860884,6.593591464503117
Gelatin,390.31532018776517,62.950457545017635,salt leaching,290.5864694400001,0.33284734041731706,0.7221419731990104,22.43852845851233,3853.6057756583946,2.663021253133852,78.01416655652972,5.166945483322263
Chitosan,589.6026734850359,51.8507470076727,electrospinning,151.59928706016612,0.13921730047397174,0.791395699767609,27.211342329080846,3968.9887170580696,8.602374173233667,56.72178080659883,4.952818426354889
PLGA,508.20989427698987,83.31904243959653,freeze drying,191.43844671003498,0.37294760244761666,0.3361271599385675,9.949082715014645,987.7789372861367,7.041242730100253,80.89770674165143,7.987164931198087
Gelatin,757.571080448964,36.40215170916121,SLS,142.79314150600882,0.39510197680668385,1.3108683923728395,56.3408481839274,12857.49081382059,3.0046659099350252,51.23998191097737,1.508479630020843
PGA,248.64969336017856,52.7410101244611,salt leaching,297.9134171772896,0.6157340504051603,1.194465847012522,69.66676151745745,12182.240239621095,3.2278094876447034,77.83728734383654,3.593025238678809
Gelatin,791.8891811485876,60.053515969602664,SLA,76.01604297612106,0.12707744100174423,0.6306508798271628,10.543582408822758,1645.3182942117157,2.830744286311113,57.77004872547749,4.18888439432478
Gelatin,571.4555997083127,52.35048241026766,SLA,292.8582410479128,0.13084474546031416,0.755492889467422,16.26296527310546,2787.8304931467387,3.361720081571387,55.56880000376645,3.932361381754973
PGA,310.8033766694867,86.96736133429202,SLS,120.57932394341228,0.1374898832819597,0.2284274382831991,6.034767091939723,263.0226432218055,2.5773164574275875,63.250520321182854,7.002814225881499
PLGA,428.8730137199861,64.53650152375643,salt leaching,331.95328925443175,0.16436302603475678,0.5807137509940161,16.640734835490694,1791.112729103413,6.80111133382081,66.35663483464839,6.225782803070923
PGA,357.0859532204818,86.96040804450807,SLS,154.29292813179433,0.011196288977937714,0.20187087656197336,5.409805635887558,85.37991056502655,2.075995223976428,59.68280752966046,7.10964241800234
Chitosan,798.9629893732885,45.30147117469923,electrospinning,304.4429549710354,0.21622645622418865,0.9727566119042105,39.43313530645925,6891.867652288947,7.775982774250575,57.635464209724795,3.3075021396937254
PCL,355.3803039491565,45.09776871138255,FDM,237.18034192170882,0.35295432651593966,1.0171590486320308,57.68737826204563,10388.446498348569,24.0,71.51295375085273,4.369263339466271
PGA,248.30322344723402,64.29558969451601,SLA,231.11135328450192,0.16146287426121117,0.639669452403851,32.02642490549753,2526.6249058930825,2.7591458044412214,65.28129160550955,4.907738643796777
PCL,671.5003576501955,83.48772443907764,salt leaching,116.10456536699904,0.04659072743714199,0.20449039971958063,3.73334915821413,133.1672680050374,24.0,53.82229715069842,7.017228083009482
Gelatin,128.361796480876,45.43854783861391,electrospinning,182.9651828129464,0.12002528554091525,0.8544571739322646,17.100499333471667,3082.4250735780975,2.9101627343028835,64.19803644236835,3.9172760149051475
Gelatin,316.24628077876514,34.715555844132375,SLS,285.6214861055333,0.08906221986925492,0.9859987914543488,19.81625175255349,3643.176831307228,3.116338478161338,58.659826252786175,4.062050807025463
PLA,586.6721204991743,76.90247419552675,FDM,148.83898853703946,0.09275797033676561,0.3273306805918669,8.677518092697936,553.674801992912,16.21287113973772,62.13446333063683,7.721490691251867
PGA,259.95299726893,36.8871342373631,FDM,89.28437519705602,0.5231334873064112,1.5004933938453608,106.40711643728241,20139.6200796194,2.676058596002448,61.623819676253554,2.6599963979267245
PLGA,82.54788393392063,52.65106842671759,salt leaching,112.7128861188629,0.059669912193611785,0.6856137323508319,24.044360961212636,1847.9990247433816,5.572798434092895,61.492536420310024,4.2558231433720035
Gelatin,459.092521544369,91.7544950927714,salt leaching,112.80583315329858,0.10664143024382156,0.12714194010259355,0.9122361993054375,62.2883225940812,2.908808471292833,65.19929823650672,4.469806649196277
Chitosan,447.0768054059574,55.706789951932066,SLA,162.81846032833027,0.28122950439826894,0.838094697098416,31.905790200153863,5325.155313080337,9.032015322186252,64.11922764560069,6.153422001559453
PLA,108.7058605474069,90.67186582922108,SLA,177.09640659081177,0.10574816803272248,0.13450973592237386,2.770634399069655,119.11035685067476,14.16834878649834,60.43992548134318,6.427360008932405
PLGA,169.54269931169085,32.86599406583959,salt leaching,187.8956276995693,0.1584588446405308,1.092143063514908,52.30982699957871,7625.7549698720495,6.382130534298161,59.012801228282854,3.5326158022575744
Chitosan,531.8988765045248,47.88330422944598,freeze drying,227.5003589241348,0.23152705390210612,0.9407961788279589,33.520697839571284,5812.268019080578,8.635631930783413,73.3624342021946,4.406789780211553
PCL,682.4465321163233,61.82319375579808,SLA,158.9814047571624,0.41831764449272724,0.7573235663258242,31.487352646575413,4954.121437966782,24.0,56.507841345443374,4.642125353360414
Gelatin,158.3864179302127,38.706179261000024,SLS,380.3261112227853,0.10704042919348641,0.945563083795101,21.414134071502076,3989.9766565127984,3.1444492928666072,52.34253305134149,3.358534950483573
PLA,247.1931857241103,54.40741043134681,electrospinning,224.21479726241373,0.08082252880558656,0.6357298607806142,27.971299877212434,2359.0557739492547,16.526138923503503,64.26724279507043,5.796562057661345
Chitosan,66.95332951941997,45.849777447796846,SLA,103.40097850583257,0.1225383074388743,0.8742239565630875,30.69258695524819,4572.808507542534,9.060394168627036,58.91684307052462,3.995702331464709
PCL,741.07522176834,57.499908981771384,FDM,147.5645298140202,0.3389594058862101,0.7754624444717725,38.727071201402616,6063.158189704953,24.0,58.223610568696316,4.220566245529192
PGA,566.2804095394418,49.1662658245303,freeze drying,369.69452835741123,0.4087851221850742,1.1143933355085822,71.8639162322548,10954.624808396731,3.171240757182037,62.78497752038775,2.8029114678084492
PCL,430.887607353111,40.54531062913754,salt leaching,195.72232457875108,0.5002744448498994,1.2771166107569405,77.4659859800452,15883.550105054936,24.0,75.80094329279385,4.309787278460249
Chitosan,738.0921664182601,90.4930627578635,salt leaching,144.65616491499924,0.387720024737975,0.19760264538722302,3.5750890616570947,293.947071045833,6.328816605131484,62.9370503079508,6.415428437064863
Gelatin,483.3018276206315,63.48048445116603,freeze drying,289.99753025012654,0.039951564672104645,0.5192756720796357,4.782777411643257,500.72833354402104,2.9657653171404745,73.24000347279512,6.509644005596717
Chitosan,105.99623348391805,89.43862403401307,FDM,57.22520384102765,0.1583807209447107,0.17713183446788713,2.2535498268981287,159.65045210835723,6.6810855145578785,61.14112287736452,6.499269211695049
PCL,370.17899047722767,65.88118119921732,electrospinning,130.82958260956056,0.13260892811670924,0.481375898064051,13.573918886171661,1307.4737219391002,24.0,80.64401394011736,7.2852369932090575
Gelatin,756.2261390550266,86.22906444898342,electrospinning,224.99204273684649,0.17879559925529545,0.23022691807342502,2.825837229239791,274.9129909573549,2.7045953010940966,55.31180369664506,5.4827955192894295
PLGA,588.8451337423751,80.05578703151532,FDM,211.81497411074892,0.2739954143192921,0.36616212818755073,11.57104850413951,1138.6767212746652,5.52028279454992,60.072684170728486,5.425636277712198
PLGA,611.1213492715221,60.52752670185553,SLS,324.0269604589535,0.18691300000463118,0.6624714652669718,22.633518344494608,2712.085001452703,6.503134929896742,49.71538430808172,4.1062286178532945
PLGA,673.8680887894876,72.85963035909522,FDM,172.2061352980124,0.2590193043357007,0.4909217751029208,16.943083775789027,1907.087848418971,5.874287742054932,65.44108143328212,5.257523174361107
Gelatin,235.62959642735302,35.177629660507655,salt leaching,74.46213416078169,0.26879105544721954,1.188728119705715,48.063627217529344,10692.223314649738,3.4418646464198406,69.15195196188643,3.3304588863008444
Gelatin,789.5209461473223,41.72754843528908,freeze drying,318.10906483175376,0.09341993052212114,0.8846666469011188,16.32558037592305,2870.60010300499,3.138105781792735,62.927671630744314,3.1506484783568593
PGA,323.93315121152887,55.53106701136582,salt leaching,293.47426370589284,0.1630139695290122,0.7978094027786926,35.91482380078839,3178.9197669238697,2.6205007624025662,65.40273947975237,4.159521691297461
Chitosan,78.5886838913687,61.72630603173377,SLA,299.210274969058,0.10950981200301348,0.609180253600427,17.30302399633834,2094.6679527023875,7.72442442105381,60.36676207736515,5.414934465522126
PGA,495.31306430538467,31.022838724280387,SLA,140.84328703274585,0.16832122518878584,1.2434377563132826,85.25141571274773,9566.467665251568,3.044344896011932,45.69648719753716,2.173850858392713
PCL,536.4842442965472,76.90100236857498,salt leaching,352.0019019952489,0.23096250282104666,0.37145031910732407,11.356763191984482,1150.792026170066,24.0,69.2308009048991,6.256639108318106
PLGA,502.72407491979993,89.56744229588968,FDM,67.50779342079525,0.3135992252063479,0.19901299366910252,4.971026504503992,370.10151698113907,6.463919508830967,64.9509567536463,7.968153140587134
PLGA,355.10696851763703,85.11816006531838,salt leaching,178.68031612068793,0.2080524137887034,0.2554579243572338,5.823827311080317,447.26106605557453,5.07938487785481,76.2111998984786,7.5789012434189065
Gelatin,686.7758849626048,63.90396834442291,freeze drying,376.64674433267334,0.20608780854802755,0.6211975644514968,13.652645923715168,2194.72621946054,2.745794619164002,69.86315000120284,4.418988101157901
Gelatin,246.21860471887246,62.25973422662097,SLA,196.43114678774663,0.12723902029791567,0.5959302079107958,11.078048009162712,1680.733070596688,3.334130992963335,67.92711585996766,6.145609820402394
Chitosan,259.22464581514544,41.72518593790134,SLA,243.37621669154035,0.3874891394961366,1.2110124040857309,69.86656851621609,14220.904084423744,8.703495698741811,65.28073527530051,4.904577739057917
Chitosan,360.7312342506298,60.782017407352015,salt leaching,193.93833946760418,0.29398767272715975,0.7508198163477414,28.815662509732277,4567.377677558061,8.159639712745621,79.71380474651467,5.766883260209817
Gelatin,403.65509494112393,39.739478722217925,SLS,142.38629894615485,0.1416336828626234,0.9671455893263455,24.20149010426455,4736.247758036082,2.6849870187004243,60.13736992615248,4.054200317584762
PGA,484.20288215401774,72.06590518331406,SLS,290.4101274336148,0.12950729316404103,0.4859978886037808,20.808211261655856,1284.2777458179914,2.788887745739704,58.698526546967905,5.487554884099853
PLA,112.05131229668082,83.55872529520926,freeze drying,286.9854467250776,0.03630304204107156,0.21527199061760657,4.858318160734757,177.8950948538523,16.763593611404286,76.07208761371568,8.076971884129357
PCL,647.8663293618739,58.785262835888695,salt leaching,161.4642989608069,0.13621905994041086,0.5844741072104108,21.670935419412263,2325.33552148994,24.0,66.69205274955166,4.445944105757875
PLGA,603.2023220258166,68.98173572216803,salt leaching,112.15020092106617,0.2284257969595806,0.5438899697801449,20.90370470725898,2402.3570152800917,6.638653167777601,70.5864871714682,5.381216840536667
PCL,344.5313991081627,70.04250434209722,freeze drying,93.48284694453315,0.025333827053850635,0.35823003246296076,7.886712353444525,247.39031240030903,24.0,79.0975897991056,9.368999276246935
Gelatin,487.57672603316377,91.6115609602792,FDM,219.77519494711083,0.5302682219659112,0.19331013482015,3.9019901888720034,329.7999510544321,2.557568139913133,72.22489076236262,6.970136658558511
PCL,735.8335115421563,78.82457085684366,freeze drying,376.68142469968905,0.2492998126130053,0.34830322556278637,11.019489976766227,1099.9681921358222,24.0,70.59934120639993,6.326183113365768
PCL,518.4479386401157,57.09424998948159,SLS,246.07329095933073,0.2792159619332614,0.7314692413666173,35.78677484270317,5291.683680819014,24.0,56.7978309457148,4.205465682525093
PLA,719.5969546924143,72.50357451400173,freeze drying,285.2819524302118,0.2391455427771553,0.46655054513443933,19.538565251679326,2044.5450379744,17.240184829874075,69.60490597213837,5.1810219261257355
Chitosan,155.57784332841,44.618292372476475,FDM,245.34695534487525,0.4810808391267622,1.2415977783954646,72.13413533890692,14818.642589401941,9.760464105916592,73.17753944291266,4.295758111300902
Chitosan,434.0237140186173,38.89972355971809,freeze drying,169.35598259172107,0.1689701590478209,1.0360760301536012,39.34218057654692,6823.151079411313,8.917487761527685,70.03366162841779,4.674598466182376
PLGA,607.1815399652918,88.49072332019767,freeze drying,336.4409266242382,0.32733414835624197,0.22241387248059924,5.3529495441696495,424.344115802531,6.1430215171422615,65.38312227183356,7.379770237337587
PLA,541.8472099247899,62.30653710551843,salt leaching,61.22223098308955,0.19127387278041041,0.6051056352545162,23.36048928003513,2614.763563790178,17.101332230634764,63.18024387786018,5.446380906859786
PLA,670.9340466117983,54.883573517627745,SLS,256.1915575930828,0.5399246967620488,1.024709620532324,60.19901928106477,10579.270352278656,24.0,53.871371439797755,3.631353727159367
Gelatin,456.1965970987572,73.88731200825555,salt leaching,271.6592610528137,0.2766178399796999,0.48253952415867374,12.490124358139687,1768.9076460941096,2.6496041094122478,81.081959730685,6.586556071913268
PGA,615.711749776412,31.333209755825425,freeze drying,137.28152579856223,0.3056982402695389,1.3906612252060186,91.49853483666274,14088.95981375903,3.271054920115017,59.84618028712175,1.9092238388998528
PCL,380.0957724097448,38.01487734589261,FDM,220.25631409186664,0.18995761546476822,0.9458093035675215,41.10285568137886,6306.4497868854605,24.0,70.85164923298615,5.0504933637192355
Chitosan,103.36644191193582,88.11697565730768,freeze drying,360.8664835374655,0.3584063482179884,0.24089398960556438,5.28830232168413,479.4024180956626,7.327236084651157,77.2841120376628,7.479417128983155
PLGA,223.84270821243476,88.59099617990016,electrospinning,341.8708101613629,0.45448716149465995,0.24673359947572607,7.09132578824653,614.761135067356,5.565644030014577,73.70993485701852,7.015188178228958
Gelatin,439.1671487383111,39.09473351975461,FDM,229.59952552964697,0.6089880722571999,1.489851552317395,94.75309837760835,21742.514748632322,3.463635407367404,66.58778661130452,3.0066568792772066
Gelatin,160.6428756330101,36.27578110885344,salt leaching,54.69802029204466,0.2588798087711162,1.1572213998417966,42.76985987820875,9394.968191991247,3.4385831696727878,74.4281891422163,3.0037099771888567
PGA,440.95081536804935,41.18649042224104,SLA,156.9010924390613,0.27210902069634435,1.1591064177574006,62.69651141403451,8418.57751071301,2.4428861335028165,61.11066329130848,3.4232822594597665
Gelatin,718.1200651807014,93.4718522128762,SLA,295.07513059586694,0.10834613388597983,0.10086138746125244,0.6458875091311344,39.38311774186166,2.4299761976800327,55.90089202498709,3.116118908109748
Chitosan,404.7357360280519,73.68743990642194,freeze drying,262.53030760443676,0.17892342529924218,0.45076467546595755,11.616491895917196,1342.3880461931547,7.4549540172232165,90.37331549915348,7.359185287218081
Chitosan,364.3060123440807,31.099887325221303,SLA,177.7350156838788,0.11285648872801501,1.1006785112621038,37.231745292884575,6103.3704132754365,7.599457508107397,62.74694710906375,4.249173528665984
PLA,574.2705605315713,46.43926736115866,SLA,64.17073851490656,0.20844353157583878,0.8773929005836938,39.10408219699012,5405.700550371839,20.78241942430047,57.033793979834506,4.039755835460457
PLA,667.3156467551603,32.72822720582789,SLS,214.8789977465796,0.6527037237502976,1.6728230318231,118.05001413200404,26583.513684492907,24.0,43.491236839865934,2.592194468919107
PCL,517.8066841246558,83.9618928301501,SLS,176.16206020223945,0.046078938300416185,0.19845365705701754,3.6680996903548513,127.9817321078719,24.0,53.17728311135518,7.220066026578626
PLGA,550.8329198343209,33.85698500241534,electrospinning,280.14890702461435,0.13459262095038507,1.047449148571783,48.810521735833035,6570.00034591307,6.717108455434835,49.837440943104355,2.9755997650564723
PGA,325.98880789008996,35.04607254123668,SLS,299.7116819282749,0.48254265555880754,1.5015523485668767,115.606577086388,21449.92898724013,2.8291451078504304,59.044753649707125,3.264827469979371
PCL,110.25264992711568,81.36081514807505,salt leaching,197.96557198088337,0.5463649522929725,0.4176038032696982,16.732888946941873,1958.4254210173187,24.0,79.42954181231539,5.87826487749909
PLGA,267.5691987130609,69.87395571691937,freeze drying,173.83099072539144,0.0479054094089821,0.42981092217637973,10.984330952442413,604.6541287623569,6.558627138371956,76.92023920263057,8.446008984017569
PLA,705.1048782920033,44.76473354013625,SLA,52.81115235646803,0.5302600484184326,1.2443382558898868,84.02907748912706,16259.79711600145,21.963403251464165,51.09014163593751,2.980699402955233
Gelatin,627.0468326306017,40.18610422458974,SLA,309.5310383144466,0.3938886551355571,1.2315678623451434,54.81543272012747,12128.686771704832,3.054241130123557,58.27235142095913,1.9727762505330986
PLA,427.4212590395882,60.21097338593755,electrospinning,399.1298109816636,0.0683770463394824,0.5453484618412939,22.036845703840946,1614.2876553260912,19.47776239542917,72.11742799947598,6.112561085100727
PLA,720.0825990321988,42.61992528020569,SLS,95.65947279298787,0.15213135567809435,0.8782427199456733,37.89555184229617,4746.5533191093955,20.95564867390276,46.06086054526361,3.216524321978884
PLA,259.03528635586173,40.32542497635713,electrospinning,118.48320346886985,0.4896769718593428,1.29809089550947,90.32544611973705,17768.86742854533,24.0,67.52008208381605,3.9948904418776596
PLGA,465.38021917155214,54.88153402019411,salt leaching,105.04573692673763,0.14467083147118412,0.7227320445122506,28.039332821341578,3219.834171732969,5.7012655674016255,64.47477296319016,4.620266080957638
PGA,685.1919496631803,54.46525226870471,SLS,153.81730164187138,0.3138882123549737,0.9282253334484756,44.67634740706822,5676.80140952602,3.0449990513888667,57.81308587208827,2.7088640050411006
Gelatin,165.5122440307747,47.23515493084547,SLA,139.39364729814514,0.27482719463045024,0.9733472666519758,35.4135229792074,7124.551314485476,2.906672595261733,71.98476670367629,3.2680175664142364
PCL,252.13296591372296,39.41543377243587,SLA,253.5356659969887,0.26265825522927694,1.0127496643116585,43.66399782662646,7511.559190819506,24.0,68.50698656134027,4.810577247511292
PLA,443.0282524006902,67.18648810315563,SLS,348.55474564577395,0.13902566141900696,0.49402022324420974,17.227821876810214,1568.7101321273822,15.588529857204682,64.58998825600747,6.7211852182364895
PGA,571.0037971977182,80.01655017551316,FDM,135.67633166029867,0.024972873066668618,0.3138312976402457,8.635014425010967,208.09404486916776,2.047893317551154,58.37201023219802,6.189067444253017
PCL,396.92248123534966,69.08997447996751,freeze drying,326.4048916327868,0.10308139894601133,0.4178040780792124,12.794358766348301,1026.0893417912237,24.0,72.71422157175189,7.21198091738871
PLA,175.3493129851908,75.40123040796767,SLA,323.09076582216727,0.09917635351156306,0.35162141367927047,9.881279658417244,670.3469662687079,19.576528545483583,68.15388600197394,8.345910028716418
PLGA,144.92160238006932,83.73171724137637,SLS,352.66456346134726,0.5310116230083384,0.3743545038505536,12.257627430119232,1318.2588163552973,7.231638905276553,64.37540500074648,6.262398852396582
Gelatin,301.83993762712714,30.20632938199271,salt leaching,385.850405670173,0.3584163108709543,1.3924879723539751,59.87592269841598,14203.823566561554,3.105512654526903,69.02516717104047,3.304488015802515
Chitosan,272.3761782679543,40.3533974277148,FDM,202.3862886448047,0.6770353316114573,1.5417524396724114,99.06473417231852,22088.349195832892,7.7468783823820955,76.99558461620154,4.411974448564435
PCL,56.62388256705085,42.37491261896317,salt leaching,379.3311676447291,0.22006071408971736,0.9140616589778657,41.14612171677693,6463.542800037414,24.0,59.098957161292276,3.2804256717620373
PGA,193.99396267309257,44.61688096737023,electrospinning,145.0406690339537,0.5975701207864689,1.383505534702967,81.89055786592357,15322.1322074605,3.033192193100685,73.74092746531927,2.755899419400581
PLGA,407.8700348086861,40.4680039724442,freeze drying,162.35753419606334,0.2941291626488831,1.114661486946717,58.33701122717573,10159.775392500529,7.186582056565197,72.59168639261048,4.136661460062868
Gelatin,187.9049305407434,74.209284789259,salt leaching,69.84662797951633,0.037505898651894846,0.36558612646037436,2.5909962412335306,221.85404236313272,3.1472479998588456,73.23341314708891,7.133956356000473
Gelatin,701.5679229024404,64.87605361570196,electrospinning,313.1566855292168,0.21251927969873832,0.6085345603318497,16.830260294984807,2679.8386423733386,3.255698726807505,59.99945449505769,3.876726990311738
PLGA,268.05789941800543,69.96011195515705,electrospinning,365.97161671759073,0.19277664834309233,0.5073513995042422,14.752482035489887,1561.58787936475,6.120677116472333,77.33014256216927,7.186648581992502
Chitosan,561.8697753028615,85.09198812666217,freeze drying,292.76617322400756,0.2001289463532612,0.2609238486243071,4.945033434284846,442.6869786429107,7.268306937919475,68.76871618449411,7.552108427244633
Gelatin,565.626569603312,60.56875098570643,SLA,210.58243399416247,0.18092997436457026,0.6607391694127074,17.29963519102454,2853.023353766856,2.954532524391494,63.34918809856743,4.183595463994691
PCL,597.9776909471581,84.11434267150484,SLA,300.18374224594714,0.11721253980725772,0.21922384116298252,4.664943512589611,287.62602262467897,24.0,52.75209713357504,7.049958567030989
PLA,595.7821388054282,34.78078113345815,SLS,127.961913532716,0.08027270307708123,0.9087129830730869,50.14378064770911,5042.8798604696485,19.996129858855046,40.053285252886695,2.867286593372067
Gelatin,379.5861674696902,49.36007764340142,FDM,209.5705779577398,0.43775931102833465,1.082664707198434,44.80664070698006,9192.481994353413,3.4975767305690764,78.71228836750386,4.549828431842647
PLGA,150.0140050652101,38.644908159851546,salt leaching,57.82828707305024,0.21947854220779003,1.0658951133232146,53.84424974752424,8571.999050257553,5.926863261126117,65.86997223010465,3.1150069058419367
PLA,152.1890105422864,88.36241955469133,electrospinning,134.9020210142778,0.2821565689690245,0.20702313512021928,5.916044469554313,428.9252616902936,16.817213737756564,66.49314619136311,8.508699936269968
PCL,688.4433865247056,40.76015166350067,SLS,305.9738901220823,0.25798056319226703,0.9847149886702726,50.34267185315081,8509.44875572217,24.0,52.47561215626975,3.172530311954149
Chitosan,158.83305161120384,61.98508212481699,SLS,187.88049264170462,0.12612961577154377,0.6161179724932755,16.79052016134367,2114.115766174578,6.681431900019916,70.35870744748667,5.4411254724476725
Chitosan,246.11967779571452,76.97206813396944,FDM,162.47288506640243,0.05416653951025965,0.3442195552964938,5.099345946544616,382.39567467035823,7.389466695807855,67.25440412207286,7.838046717269205
Chitosan,782.6256988851419,78.08374658038156,freeze drying,138.2700177159195,0.48506763581332935,0.4928676894371103,15.394327816192517,1991.8611534477338,8.832713007020216,71.29947473470203,6.362993385596218
PLGA,210.45033710078545,30.37724497479117,SLS,155.33520044553535,0.2629853021868703,1.2643515963137029,67.28944760487323,12196.27981940774,7.899878512729664,59.72185736177539,3.9785415214935815
PCL,214.993345172698,30.57296416414072,SLA,300.6446741668581,0.45703574289673293,1.4311388301728076,81.70104675768994,17723.156457023306,24.0,60.740552796038735,3.527450426654808
PLGA,574.4065081530327,71.91158415994872,electrospinning,193.7832418310195,0.3002874954907895,0.5290510330696092,16.18292236731047,1949.242931341881,5.649750170929827,65.51308537925031,5.531484794864308
PLGA,290.9306583414403,53.164857981120306,freeze drying,139.6528098108121,0.06274521544384962,0.6807810305343419,22.105355656310024,1732.2781258592304,5.424585421693224,72.84594087269706,5.006167365444191
PLA,429.67327706816013,31.66609624248747,SLA,373.6616165525266,0.14023455522401979,1.0303714014561303,53.06499568001717,6999.485444753663,18.583769813216485,55.67298517076159,4.49144541700063
Gelatin,538.159128121833,60.89102422816803,electrospinning,349.11264695667995,0.3839117532676074,0.7982302911468905,32.8387853469198,5863.7475383997535,3.0924160614532132,77.33690980150456,4.472179535660026
Gelatin,419.9326219500855,85.72630852968094,SLA,86.56554503557768,0.027864793084482524,0.19985403711800662,0.9781955080558095,54.2400807970767,2.7316696918271757,64.25770623260826,4.96860600748324
PLGA,554.6883682152323,58.10907837433889,FDM,335.86865059535415,0.15697437163510822,0.6803603496830661,23.994926890076325,2751.927989792076,6.645215618215578,67.0086858848561,5.508012354491786
PCL,604.6898672586866,46.09522766792887,SLA,341.7388710403208,0.28254908600942225,0.922586063489367,45.657200057678274,7597.6567757856465,24.0,53.367486871592554,3.540093197883043
PGA,533.6289470151473,45.23917517252257,SLS,306.06278052898335,0.131305501826488,0.9543250607277547,50.88182286567635,4430.842070705926,2.694021400618753,48.40239728397007,2.591372653512492
PCL,766.8731222622425,82.02344248767875,SLS,283.7905712877647,0.4090486943906846,0.35326499548616214,10.01823107528222,1075.3277249392115,24.0,62.54899768498127,5.755059452520856
PGA,538.4899229196794,43.16004193652404,freeze drying,361.5402977084333,0.2876870265458636,1.1345556784644044,71.90017561680419,9766.994230518882,2.925897705626063,63.21859371369201,2.3909843120026513
Chitosan,211.06524936881203,84.24079332507084,salt leaching,197.10159101898932,0.34071294320571244,0.31459279300304716,7.153629054574362,739.874397045208,8.035497890356933,79.56061230064061,7.5756184934781565
Chitosan,198.57814568081554,31.67746593243002,electrospinning,57.09799081859699,0.3265256499484182,1.3469240241903637,65.32728610813705,13955.075268423156,9.18636181910369,62.36491942951914,4.3467760860173055
PGA,312.5534842062147,46.93613778911918,SLS,241.42070247377745,0.248690503611288,1.0256600454183764,56.05335911140879,6820.441034615722,2.9771511622583002,68.53051701418434,4.039851883475217
Gelatin,734.6291436454813,36.01610398096684,SLA,302.59093692985726,0.23538006375193885,1.134872199689982,45.13314769938917,9825.327977819501,2.722077727711063,53.230747379147466,1.9251994067760236
PLGA,578.2132024094566,46.43257923439051,salt leaching,315.57074678887847,0.01739878713064451,0.7346727857929644,23.904242332988044,1136.6778945259127,5.4299361333099245,55.558845819770916,3.846760844692733
Gelatin,102.67797940211081,74.78212636112603,freeze drying,111.23110479186043,0.3490140613831484,0.4988663590915064,14.159284107371526,2014.5088977298985,3.2107675663525264,81.99946201560385,5.796420345767318
PLA,429.4741722650022,44.45294624867044,SLA,240.67532891057175,0.19347753140541055,0.8940532070965185,45.27018797124547,6180.58957500308,21.848918816669453,61.84011572736309,4.289588599725242
PCL,764.762132030332,75.68088701578837,freeze drying,64.70201859658417,0.14052851969737737,0.34697529907711505,8.213510540355793,687.5168646713091,24.0,70.91657934465096,6.1795048307438805
PLA,361.7834818623862,77.34050818209275,SLS,329.57014019011996,0.18033475204101018,0.35902591085468016,12.538892035888004,1061.636564663658,18.111087087160872,72.15844102575953,8.561369314402242
PLA,395.8563334105249,50.22585271014333,SLA,221.6253123078156,0.09753419919416839,0.7099238448871581,31.23867925839854,2992.1876478700856,20.740805374758853,58.358052780872804,5.333220767062043
Gelatin,366.7190846268738,46.41646963251915,salt leaching,180.29787988346783,0.1902127280646473,0.9068385107905927,22.097189864075478,4279.69757886578,3.2300811135547147,69.34157778742627,4.182570143977788
Gelatin,449.2607959659716,47.39833938501377,SLA,369.058910296096,0.144924524541515,0.8473412900872925,19.30242706522928,3544.1147813190773,2.8591284283742264,58.042038500961986,4.55954132181749
PLGA,297.15660014291154,54.805367871479255,SLS,266.313133636935,0.056796008241350185,0.652068502571114,19.215265280768893,1408.1162073330493,6.313965120264599,68.3527343146267,6.413234271542559
Chitosan,299.2324330549697,60.585404521829474,electrospinning,160.08115027318684,0.2880018354176136,0.7504551638936152,25.66650705614929,4061.1444400433556,8.865526413897584,85.9620501899694,6.476889716105815
Gelatin,128.05696731368522,81.3066763521359,SLS,236.31571090548593,0.5172972831085093,0.426419968881712,11.110848112395065,1399.8583364594874,2.801924730597516,69.9656828015345,5.983404694906798
PLGA,446.6039136175748,78.99722644495542,FDM,203.7561453147989,0.07502779679406679,0.3099589976954317,5.66141353483712,324.6149868176161,6.019020532297935,70.7221564007976,7.974578369678123
PCL,688.4616591623983,80.41755129619217,electrospinning,150.85232116168126,0.5354450147436104,0.4344497945838735,14.644635516214313,1749.302118658234,24.0,68.46169302129002,6.371407794207213
PCL,756.4808241076927,44.0522573015809,electrospinning,320.019706185924,0.13752102522553555,0.7948661721424671,30.899968693148917,3881.385446781328,24.0,51.66889329410265,3.6524186138344397
Chitosan,547.0418175261333,73.6868293558947,SLA,138.26830649977137,0.13299705790279717,0.42962693891327863,9.577940387569402,1019.130627180519,6.540142434670112,59.75048629495473,6.686517683835862
PCL,588.5046575807359,91.33618859215215,FDM,292.7134170874095,0.20685398059298532,0.13513312535010366,2.0549231611107817,122.11681780666227,24.0,65.8919157389929,6.630191786030544
Gelatin,553.4776348201373,94.36246630135867,SLA,81.73173097826842,0.03816734074553928,0.07997975898518717,0.3,10.193109390662011,2.3809883241765784,56.1986825098076,2.6092198485520317
Gelatin,604.6326748677985,80.93648963960938,salt leaching,155.6436920866304,0.5368500326986628,0.44157382075115953,15.80974385007534,2015.8519022340656,2.4444825747090455,69.3921736260234,4.639871048635831
Chitosan,337.83044776671784,39.20067531420852,salt leaching,298.6356766034043,0.14449646629693283,1.0049330780819736,34.03933733756378,5638.951553127897,8.800637234363421,69.08342468027223,5.164947583028167
PLA,351.0826619450029,79.71511305929893,freeze drying,370.3117180153092,0.07952707048391337,0.2823446728643781,7.111557537104701,397.2306111165252,16.613161671384916,83.3082029873902,9.398881852654315
Chitosan,468.7940872465053,32.02115042629864,SLS,211.49041678895162,0.7747061039412793,1.8733174138457371,134.76323248600943,32552.092643761334,9.325359738769377,56.014356902759104,4.0857246167630645
Chitosan,288.02924980058873,92.57909758258118,freeze drying,171.82462980139906,0.35336729100995534,0.14978295706548247,2.857401381513954,204.173235048022,7.007581269045121,75.80697596123588,8.364404383666441
PGA,303.6076536681471,46.30800446300033,salt leaching,257.82911079539895,0.24498097352729398,1.0345745125799872,59.19754796790662,7188.18803226224,2.991120298576769,74.92520305344325,3.902067056631158
PGA,377.2067417296749,32.87369835582054,freeze drying,135.6144345243338,0.03212470829544191,1.0619663034761377,53.65419993542064,2593.477183072184,2.3055489242634644,64.74370189969808,3.032900155565977
PLGA,219.1849581208213,88.80264405657393,electrospinning,216.28243397057665,0.2912566510366112,0.2090741791470133,5.063213336005481,381.1760463272711,5.579658052612484,73.11311691407685,7.22092066539681
Gelatin,461.3626893118434,37.54347485999698,salt leaching,58.08739847561809,0.3375090207599824,1.2225966209113663,53.3891494911906,11919.469563805507,3.1832406075665785,74.27649120846209,3.5344516087147073
PCL,501.5763725955123,59.572420630545714,SLS,174.66248701494737,0.139494394871079,0.5759661692211546,16.938716351877826,1821.4606108168973,24.0,58.691776212359436,5.822851067430519
PGA,677.693247431969,31.79606913563549,FDM,341.89676673468375,0.4535476629154395,1.5446466240366727,109.54139415559968,20270.408102475478,2.939782165363359,46.9454771632299,1.4782605423148176
PGA,688.1019512371346,63.151259682322056,SLA,301.6560040791772,0.40320564028779543,0.8044791697845988,44.55793722730344,5746.376054019551,2.8695133058596745,60.331229961619684,2.8423784861299604
PLGA,540.2266420382967,31.22669654838934,SLS,94.56174178935197,0.2054081125272625,1.177253625873689,52.46990942709149,8619.124186830555,7.378149669456968,52.38007292702633,3.082197007503156
Gelatin,312.11388673107575,89.91228233451929,FDM,376.5368919984778,0.169828084569361,0.1670213883224813,1.869956311835854,154.45944344942006,2.882470846521854,73.69967394128291,6.052102708452393
PLGA,369.07339569225917,79.10715270592397,SLA,261.7750198132684,0.43620829525334476,0.44492091649120513,16.636152739490456,1930.842134775739,7.376784751060971,71.45046111381852,6.4366135244578695
PLGA,539.3951583128141,69.78515568325085,SLA,325.7526518549404,0.015047580658602604,0.4131082654001142,9.050896785116384,307.6186646783397,5.077021183766319,56.65563787800585,7.467916267489506
Gelatin,679.6750298565664,68.36646874188014,SLS,117.15684958582487,0.7211033958121829,0.8376515145963173,38.01138808725438,6336.150533315744,2.6495860529913036,56.09400058105235,3.1664023599945823
PGA,331.7793540352029,79.2607779346865,FDM,235.58663422818495,0.1431989394417525,0.3654214181938147,10.692468274835086,601.3576032636431,2.5368274061609126,64.20773328372753,6.999149741752282
PLGA,520.5316283265216,93.66229175396039,salt leaching,212.54101721222608,0.4392333124039398,0.13531085030276588,2.848045767667387,182.39010458551812,6.655758146793673,63.92136451884354,6.951112870467314
PCL,524.8014573988303,66.02259028000088,SLS,296.8747177243972,0.7527948422806545,0.9018806180589917,43.4275250203129,7286.249500663076,24.0,65.75973480276144,4.87217380865104
Gelatin,323.2180660051842,44.98579218957384,salt leaching,214.43299700901537,0.40523413238324063,1.1439772313153214,50.35471522052171,10708.1888865893,2.9587559156420844,83.42114602442687,4.15844275851606
Chitosan,209.27799147687332,85.7431989245561,SLA,70.5068106985474,0.09829116513077764,0.22411827285921895,3.5091460932351164,250.71428562141162,6.810945749354924,73.22510290587658,7.957796207481852
PLGA,103.25080962904269,65.24328526675548,electrospinning,361.2149949443066,0.24955545379846103,0.6227344491176293,24.5694084306263,3088.115556715789,6.655109343208878,76.7539725486601,5.548169213791151
PGA,310.726315232151,92.7341455479496,SLA,221.39688796929926,0.04121922787781041,0.11601935826462548,2.1289464726051177,37.45808023997929,2.467775393303151,59.87036098188606,4.773017616395329
Gelatin,416.3306050351251,62.68094120017816,FDM,267.42005061146375,0.1261613805212796,0.5885553254005208,11.58928175981583,1745.4711221992034,3.1852779897269703,78.82231357700795,6.11602196215713
Chitosan,584.4065068497476,53.913690143607916,SLA,167.83584198879237,0.4617598144100807,1.017622440996818,43.25626153866703,8056.313330981608,7.326744639051692,65.66116360603942,4.116107024088904
PGA,314.63308878012504,71.94650283391891,electrospinning,241.37549368989932,0.05915777535013852,0.4561037428678563,14.488396332124918,591.306956172396,2.3635935746409924,69.00467753977821,6.961759712471998
Chitosan,141.32478319967407,86.23740272191569,SLS,248.20906753168657,0.27901447200366986,0.2598757286196975,5.603053750509987,520.4095096306462,6.719635175111944,65.5760266359334,7.202106866569173
Chitosan,303.0446234365748,37.98459862571177,FDM,79.62491252428798,0.5917964069472423,1.510474224142195,102.34914484801119,22893.576015235707,8.832933840849599,74.33785472226035,4.619722799828695
PLGA,728.2496356494049,38.30657673675843,SLS,381.778071232878,0.017568059611896624,0.8463092623771028,22.58745190749218,1156.615325307815,5.982932457725541,41.71174943658752,3.3518631689819434
PLGA,83.41747371323991,80.98870023459739,electrospinning,287.54963267537386,0.35590532394384067,0.37722004956533833,12.808563341627835,1338.9555359855615,6.770875800923934,70.21177473368245,5.76112844249075
Gelatin,338.78092838030875,84.37075745828813,freeze drying,382.4842532662714,0.08488575793038836,0.23487537609566977,1.9253067784853115,170.99853572295822,2.333661388340029,78.66024847047666,7.314430135435907
PCL,649.2236769003092,53.544843656012915,freeze drying,126.11172925698571,0.14394327653861239,0.6659840338348055,22.99532298479078,2691.769643203284,24.0,59.00154016033892,4.714468502972529
PCL,103.52526041703504,79.43627750879499,electrospinning,219.9481707992002,0.19276809581301035,0.31493341655480556,8.947481673896995,795.6428276200618,24.0,68.37368708965447,6.838943438031077
PLGA,517.7194604729482,61.31048947080216,FDM,190.23024695328365,0.5214938051486449,0.883631196271551,41.48559967797681,6851.401288725094,6.801610165013024,60.99967881569873,4.979570518255068
PCL,485.31362433511026,34.80760717261214,SLS,111.24889006270439,0.17503752949498322,0.9752457612901584,43.279930962513575,6572.736153417461,24.0,57.229413208346436,4.253751641351262
PGA,646.3555418836418,80.81348082299284,SLA,174.36889787684143,0.3638337867462648,0.406641147019945,13.808303702907036,1224.3174143940973,2.321886788648495,55.52655400545555,5.236817176493502
PCL,214.85053397144281,50.12200789548505,SLA,265.9094251882382,0.034764635649999376,0.6058695135571598,17.287523362389752,875.1082069836328,24.0,68.57005295088581,6.114733245386365
PCL,596.9498043774751,51.374943733584324,salt leaching,278.7211262203866,0.49197784016168955,1.0364020199522803,52.85473435401594,9763.444572925551,24.0,65.1115155117517,4.201152300394948
PGA,117.40871007547852,38.5754386739977,SLS,223.4282120657234,0.21392771514092407,1.15267052842752,78.00730433471033,9421.899151267704,3.225235181209032,51.4911589102483,2.048044042429589
PLGA,138.096554597288,74.82168671837772,SLS,193.09528160377388,0.24257557094256188,0.4479377492995884,12.941817417696239,1370.2686294596547,5.747361598036879,60.47550641946363,6.349487471196192
PGA,479.1101583398002,67.01312440116556,salt leaching,193.67259008946962,0.37979641333982517,0.7076576087057008,35.438472780755625,4205.003602933195,2.494105180996075,69.76609787285427,4.42986348086218
Chitosan,581.4343437987494,70.52306657381847,SLS,275.538656798653,0.05028010950921987,0.4386138781781682,7.2870089070294615,603.7406429954634,8.642879003833691,61.23308208055403,7.009944936713029
Gelatin,95.42213255947513,87.64334337732892,SLA,300.3275166203703,0.22866695514551671,0.21767492722838744,3.7482050150332835,357.3169275195432,3.022288050545208,63.06502994106465,5.413851071137712
PCL,437.96507582594495,34.83584558417665,FDM,335.8014646757478,0.1857582356097188,0.9888303739642936,49.327192170755325,7686.24241716344,24.0,67.00586174741775,4.244403284784393
PCL,163.4325036102245,31.187418804628983,electrospinning,354.1373204969029,0.2315706798364095,1.1074003276716375,65.35751643783706,11442.206743263678,24.0,66.26817026305609,3.194053965232361
PLGA,604.5082497164786,72.8834261964311,FDM,129.95270359925627,0.4111391675188027,0.5651532979578863,22.139590004266093,2881.015438064402,6.408679363501,68.396743666399,4.773763939648492
PCL,797.9033808880093,80.71247541542205,SLA,151.69722905210935,0.4980784389808106,0.41345649423807396,14.475749368528557,1688.844208416289,24.0,62.294072767686345,5.815777442954955
Gelatin,275.1441382292483,79.16895596388957,SLS,201.92284141917014,0.3821756560402587,0.42451921705656304,12.429939117507583,1619.2744120879495,2.902173710034598,69.61228884541286,6.124256143479765
PGA,732.1379873337895,42.251723246011515,salt leaching,332.083538932119,0.18333357527114807,1.055061242633538,54.55970683088068,5872.827167312233,2.982080249779405,52.333925066227216,2.0354617631848737
PCL,125.04850367489999,68.26478333184104,electrospinning,322.4384650236241,0.21723751000409264,0.5015945237914661,19.74311567976309,2289.9102475665127,24.0,79.29930997516553,6.292251866970366
Gelatin,780.1449138779388,48.71595363114198,FDM,361.25665333987644,0.21180750107079668,0.8878568486909435,26.482827706317224,5093.066346131139,2.943223232449062,59.67808490652911,2.926343827331229
Chitosan,61.122621823780904,82.591709093498,FDM,378.4617185936341,0.12829917149903436,0.2828017854500996,5.205194210655189,445.7546582174068,7.594790537717217,71.63688468596442,7.254650912117532
Chitosan,518.3186953882944,83.66456371299361,SLA,377.87088233305064,0.09418953995503665,0.2556220845227535,3.9476097114300006,297.8794980270605,6.64275324676137,58.079986812488755,6.661669791614755
PGA,133.32290663449288,45.84954148023613,FDM,154.25671603297766,0.007058693061190847,0.8346941650985703,35.851228284054336,1069.349480663476,2.5376745961316556,54.07971388141374,3.1055620366632755
PGA,721.7893810610011,74.9682080981283,salt leaching,92.56635488687728,0.04985516769923827,0.4032034358645371,14.929351918689367,530.6364670508345,2.3432039278692516,56.63188176305081,4.736044734490661
PLGA,502.4809087917073,43.205005917347926,freeze drying,371.8611967975028,0.349886713193659,1.120732750585865,51.752293912276926,9302.790127034517,7.982940992278679,65.97096882626397,4.630603256210791
PLA,65.76860541470165,60.28163506526395,electrospinning,133.55013937727225,0.1685997489228033,0.6204109965830837,25.308664480050673,2757.0069608232957,16.864931534144336,69.87720342632731,5.044529892290585
PCL,736.9179760525274,48.051516550637224,electrospinning,115.76148259537993,0.43679029605810943,1.049756534480824,50.5704099071346,9383.968801966686,24.0,55.53146280822274,2.9869280148486115
Chitosan,86.96899926785332,75.13313278469262,SLS,341.2790242263669,0.2017691369383845,0.43594005190119783,12.332296864696726,1428.7584817804452,8.605089568995352,69.54151975029193,6.440296980290245
PLGA,461.0900487363638,59.44595877471225,SLS,357.2154197674565,0.19260798547280228,0.6848038349344799,23.985387976958357,2948.9166472653765,6.0665625955590485,63.80817935437654,4.949970643287452
PLGA,385.6566765997057,89.60641127223617,SLA,213.75446977187605,0.1301717355087256,0.16376251079174595,2.4398838874730386,128.22105983642928,5.381700915387331,65.8318757852079,6.603303971512412
Chitosan,631.0412169570062,91.54142619830533,FDM,85.1541462516881,0.27358738662922805,0.15891781749150707,2.311389427955409,167.60209371417724,6.638449058133274,65.52592923902482,6.2385216270409325
PLA,371.5635562560157,86.537803777905,FDM,207.13440311738313,0.35407828711271094,0.25797465649468504,7.59356424251201,641.5621777151771,15.951303976970157,80.11208283853931,8.080478010494659
Gelatin,350.1643216541084,67.49993900897682,electrospinning,349.22093549591983,0.16455818391675842,0.5350175416284126,10.903754193760134,1608.418372471239,2.844109332244288,76.07652533678946,6.552774960627193
Gelatin,768.5653906905671,44.089651420676006,FDM,67.08771467387949,0.43179735277164155,1.1893446349845265,51.388361301272646,11067.254637874332,3.32126556754926,56.39723532337792,2.1085221186744514
Gelatin,507.8088955704283,77.49368079559193,SLS,397.68513921003415,0.049421718921976644,0.3238567269299028,2.616073098336187,234.14392233297133,3.0973904590960077,63.7442667849642,6.373864783391928
Gelatin,353.2810246781152,44.709778599830244,SLS,56.06409011449397,0.03766148950575855,0.7838996065768957,7.800480928139939,979.7115458914885,2.629400048814003,63.1956908357273,5.751943757904457
Gelatin,779.3634217071194,34.437281280607564,FDM,196.2711896910033,0.3414315610150194,1.2880299678533123,60.6842359698983,13894.968810150385,3.1900389200115873,54.94254348582943,1.449954139365828
PLA,88.7906619159901,43.71749146356,FDM,76.01580532375306,0.5200264748133077,1.256929440951882,80.2140361485875,15584.753590118919,20.64551778170561,59.35016168732153,3.101961253374917
PGA,696.7274270197992,52.442842137207165,SLA,168.96353740664168,0.10717103859559353,0.810191865313854,39.0043761321991,2828.662692568657,2.733220616251779,47.06937052048083,2.6396200595820227
PGA,776.1710382213076,92.0201185138405,freeze drying,320.64667793338526,0.19891011710071368,0.1478061091442016,3.004858983900435,125.7365204941452,2.537659219699948,59.63227355983787,5.455221563645121
PLGA,274.79711354069366,83.52430253232228,electrospinning,103.99249487280252,0.4948283535905861,0.3683371708314761,11.890966279847891,1265.497283636129,5.896274959114486,82.42489131609483,7.36225419649977
PLA,224.13858760271893,87.11875902424208,SLA,342.5097858286284,0.18188442234185717,0.20447672221130825,4.909641902852837,314.5482998937426,18.57265584691699,64.56900110682072,8.086051313349179
PLA,768.145420858135,80.61798020013566,SLA,307.8528492754888,0.05515439602356346,0.2607550141976826,7.257606365243167,338.9724235181496,15.279959835056726,50.52352490791643,7.243145774454509
PCL,165.48076337426295,54.4932743996181,electrospinning,269.8639115786243,0.031372993121654424,0.5496770360188312,16.383734407302466,736.9440224621287,24.0,67.89031814093796,6.069730753185455
Gelatin,511.06804155548645,84.4387554987103,electrospinning,114.24713573156441,0.03427901731725076,0.2196784358226893,1.2437848816461976,79.47321882567378,2.9799872470772457,66.01139442255928,5.1680792629274475
Chitosan,667.3216852217253,90.04876841370242,FDM,273.700658343101,0.3317116645281614,0.1970836850960959,3.482709252053632,284.7882338878691,7.618381635806842,68.36310196574756,7.463687822859761
Chitosan,486.00441269922396,52.868748310642744,FDM,131.40812293734766,0.31196596748376754,0.9171460879608491,40.15871282394855,7061.925261481751,7.20100919690003,67.50698340050292,4.390415398963555
PLA,196.8794314206753,61.541461548559745,electrospinning,324.6710124069763,0.5928655225545296,0.912380039365664,45.387309798057736,7546.707020392913,22.238836581922524,84.32549993084342,4.89982991903751
Gelatin,404.82090357453103,92.95989799748541,FDM,320.13342169449845,0.10934399186818347,0.10889764844400149,0.7873211540058911,49.95711791031385,2.8777205415846168,69.93721853201343,4.581289237189353
Gelatin,450.1314396008851,83.52444849435584,salt leaching,393.60452608358065,0.34231467149606737,0.3239367593508763,7.025565966107192,806.5881597733505,2.4050263393507163,75.56364058806395,7.025952664519484
Gelatin,175.716478066551,84.45423394777205,electrospinning,386.25903835518756,0.2009755250350184,0.2661055746046027,4.369192685268595,459.3558043764971,2.5101739586928717,78.65059970288064,6.897286952090931
PLGA,623.8336328298874,79.66082066827184,salt leaching,152.35591134908856,0.3913963909399576,0.41663333611581094,15.54888679575596,1728.4628733605546,6.264598558959783,63.374334251404186,5.989171404451182
PLA,499.38172640793334,36.218466177833825,SLS,184.02074256542093,0.3432910095062744,1.2090974976479578,83.33934917960471,15166.513336552202,19.872662778698164,55.45358368263238,3.975228880457367
PLGA,589.7479441975337,69.94126553319386,freeze drying,287.8862958992222,0.25825810886877437,0.543295747577989,18.42510330507091,2180.2761724822867,5.641575442997465,64.40265545716258,5.652668067934431
PLA,155.24263982586956,68.1788406647366,freeze drying,120.34091147693385,0.07327619336310909,0.43911848416500737,13.406727624400109,904.9568643575468,18.110870944211815,82.3078432257684,7.7894850417987955
PLGA,306.9490784135896,36.86241674426512,FDM,115.92140565130754,0.27853080596939345,1.1643459069431967,56.84148633581149,10008.773634431856,6.601094157213405,68.8700560123941,4.241849764591419
PLA,642.4612023252788,34.17529112373236,SLS,117.91885808596174,0.30179270057268254,1.1956558481987458,73.39738050501747,12970.407932099759,19.302206830606224,51.482455979461946,3.034628554669398
PLA,631.1208249909661,51.92641952172196,SLA,271.5873879512061,0.4223441660869196,0.9839110864567433,52.37374138667348,8850.642053377942,19.548356723833322,61.51799714942684,3.4885614736951402
Chitosan,327.5026554312735,48.5120243262208,SLS,369.11401620051697,0.23906526134650227,0.9362389207443602,40.70635287553322,7067.786706061078,7.766102572033675,69.61245198520206,5.249052369713198
Gelatin,392.07904963790946,43.365915909598286,SLA,314.49847287233746,0.13479722055886512,0.9019742434575206,23.25325346637507,4370.828295273274,3.405601452139452,61.900015868032696,4.270970246288485
PLA,451.6444120216996,44.97742816793192,freeze drying,310.30788523335593,0.2799659332796467,0.9765048030989006,46.07205758598496,7242.257218047208,18.59397261485317,79.7492052906338,5.423745868222021
PLGA,710.0800004048035,43.9075125046517,SLS,390.21473296181824,0.32191742139232904,1.0784737281427772,62.673678832539125,10910.634421677216,6.760708539317471,46.21062217763931,2.686774962357136
PGA,674.169335378284,59.81993884717854,electrospinning,257.7623891172086,0.49268007981745865,0.9354487705588159,56.4291502044825,8308.62048232562,2.9587864365550107,59.087275703138914,3.0280082321496136
PLGA,277.9256577293512,47.23978719961038,SLA,95.28332587363943,0.056932875567675095,0.7613554619334453,25.182333708599042,1996.2426980737187,6.79308698031511,55.98822487410005,5.03837077008367
PLGA,643.3041076085843,60.41451607646037,SLA,248.63752525971208,0.15176446409850988,0.6391843071180556,23.413337883609714,2572.153464323094,6.851857254471373,60.34945214536728,5.112000896838756
PGA,636.0951093729788,58.08544133538442,electrospinning,258.17167517679223,0.084994641575621,0.6990054563947078,29.007367568776278,1741.8876055878352,2.296752461545178,60.928644424038914,3.670413915322071
Gelatin,350.7040519972696,58.003130401163176,salt leaching,70.10231796823034,0.45133335153304993,0.9081403219632077,32.77303055720288,6135.841337521564,3.0214122011018287,73.69952516504067,4.769018321881237
PCL,680.0063741929991,67.81573971017188,SLS,163.19957436277534,0.4827070181284184,0.6799979250377264,33.99548002098202,5086.565224395496,24.0,61.3708049167335,4.752513487034444
PLGA,655.0360760335457,31.07506420384198,SLS,115.38276436667446,0.48684848860820146,1.5309577545064785,88.16706299256087,19115.47250407206,7.612557278665281,49.04940111887547,2.65522111034904
Chitosan,704.3098823650264,71.16471621591364,SLA,361.7078160426682,0.24612203277338815,0.5278914495366037,17.452930799571682,2282.8652851177794,8.432955344210454,67.15908728463381,5.5732521278630855
Gelatin,193.91566228857147,72.46265177912834,FDM,68.794015778781,0.17043715285102476,0.4562351710827542,9.15717134560243,1250.4198311347213,2.6365731945441033,69.18113357221297,5.632854847970705
Chitosan,759.3833067970363,44.1523872260566,electrospinning,139.85956046954226,0.03474877266607209,0.815827708839138,20.449589989903767,2082.116672141919,8.135364701468728,48.10719666317823,3.9436048951643983
Chitosan,509.8414803061699,64.51520343329256,salt leaching,289.0375465410405,0.3280940987715695,0.7005283180527155,23.833446264680756,3672.5149056854057,8.325116774791617,81.2444806809098,6.049171456881654
PLGA,593.5919758965765,33.86920279666846,electrospinning,253.5279083684253,0.57991912251512,1.5802969838500454,106.16637994707592,23482.511625135063,7.488769300161918,51.62132279667581,3.1374499058287193
PLA,681.4688408137614,88.9482654561988,salt leaching,75.16130911000468,0.3302215027828558,0.20674734778088952,4.820697517206474,360.34557442488796,17.940668275077673,62.13399635256733,6.493200459447291
PCL,421.41139450365966,47.88631174866791,SLA,215.78984114118,0.44477867306144786,1.0614418255084999,59.88452576439162,11180.25569567383,24.0,62.353154783431975,4.434369135060312
PGA,499.125510987938,90.82706344355036,FDM,322.06670576071565,0.29382817768270836,0.18400925847824678,4.4399599020473195,244.91591992931248,2.6917120301294313,65.59023407035441,7.217939047784241
PLGA,532.1630112434397,66.73297361389827,salt leaching,303.03968355504117,0.17818123871292302,0.5530669890266201,16.98125499286543,1831.545846258253,5.779027973265636,68.46339288634091,5.4297306065557365
PGA,173.64255570991259,41.30660710427256,salt leaching,344.9432304779665,0.10408309020712786,0.9969745445633498,50.62383201652433,4013.6887088029116,2.3981500563910103,56.34090526366349,2.5275813048144706
Chitosan,203.05479380135517,75.07067516889455,SLA,370.9659565540666,0.5389935467443867,0.5841535887870339,20.744780620697778,2905.9341787243748,7.173877026848704,79.72540153724051,5.732239371443367
PCL,351.0110031788886,76.7261647374477,salt leaching,356.6115050324428,0.06754516704693395,0.29800471732339373,7.165490287525493,387.47480682288176,24.0,75.8932708804646,8.342091110483516
PCL,335.0055231805639,86.11472846493308,electrospinning,280.93466210082096,0.25039055161388607,0.22869501209594495,5.34071991759206,432.38317740816296,24.0,74.27394154944481,8.285989389491595
Gelatin,179.6918732204459,74.3792001076788,SLS,199.52105954864209,0.11599783216336672,0.3993760289707484,6.0365401786421105,740.2522784791549,2.909946324473548,63.365399553525194,6.794661344928223
PCL,152.72384285697112,61.73567341317299,salt leaching,140.61105968967658,0.5608142272603953,0.8683830732851067,39.77157743354862,6706.057709411794,24.0,76.31649535124583,4.782095825969681
Gelatin,530.3079776199006,58.37994654311221,electrospinning,82.34738515861252,0.3567697070730578,0.8291486587112045,31.498460687862902,5767.918160807364,2.7312829779728935,64.56073922810035,3.4818933279247113
PGA,658.589772810268,83.85500743525822,freeze drying,249.39774769947664,0.26668603880334435,0.31676982088087646,8.970426495626004,624.523701244794,2.3057040248289744,66.28828832387863,5.49745729994938
Chitosan,112.60395840605362,30.366259390992894,SLS,60.42991730535414,0.09078292937006488,1.0854995802470155,34.48510837183308,5310.286518317919,7.5089305263855755,48.85462214730528,3.0275673777550742
PLA,179.90272306993407,33.53665830376157,FDM,279.8299348179958,0.31588300355593507,1.225143061059566,71.4902475397445,12902.817382643592,19.04646326306711,65.45904337737385,3.6693045023324014
Chitosan,257.4667078202759,93.35484482941011,salt leaching,140.5630758206368,0.1360003750688961,0.10884768531110513,1.2581856642305052,67.71648513123172,7.7325178103358665,72.11446152723924,5.973380010607086
PCL,599.4648660966945,69.91748504005909,electrospinning,122.2186075037311,0.1312738852179238,0.42362322104047445,10.463818186943179,941.5777087204918,24.0,67.369364277941,6.98780083936875
PGA,568.3052049534272,63.871251672708155,SLS,391.92599587906034,0.09522243858619187,0.608502183211988,27.790474929980142,1646.875068018145,2.3197168354191486,52.779873380447114,3.852965410438144
PCL,373.0289987738039,60.76748226029519,FDM,310.47758548325766,0.5498188885186494,0.8817064530331455,39.681695684929274,6747.046342056031,24.0,81.1642245045337,5.9570070663981785
PLGA,430.429623662648,94.72996411155773,FDM,112.51276826327847,0.07203223816684075,0.07748946679790612,0.7520562485632795,21.169090986053497,5.010140996860623,66.47674589253218,4.699000722303472
Gelatin,161.64260296245521,81.5561032996127,SLA,260.15949054630084,0.29548110983601356,0.3470894206563906,6.9274375423513135,830.0976949770687,2.9540485694690797,79.46081048654288,6.4240210140300995
Gelatin,229.85875292666097,87.97141894382027,SLA,389.91104179898537,0.14173554840893926,0.19307363984484863,2.1181618912883344,185.22503903115592,2.7263489372138405,69.79574838963951,6.6008266522330015
PLGA,445.6358899164086,51.72399406909939,FDM,122.76092393674897,0.18722790697429514,0.8104974208842017,30.856912016369154,4091.8597177200936,7.301096464643513,65.56497481823028,5.101328432050883
PLGA,597.4334853442728,64.53242032245433,freeze drying,340.0121467770743,0.1155824276837241,0.5494652319129713,18.992129443280803,1744.9055719724574,6.052284088316881,67.36859225414423,5.670336825012036
PLA,203.94314730220256,79.0842982575492,SLA,331.31319100642855,0.04117090647781934,0.27580206305319743,6.799269097766991,294.03966080938727,15.752352443926577,72.15051652561353,9.13290367330661
PGA,438.2360667632038,40.878889497232336,FDM,392.45983526449936,0.10376381909692821,1.003934032575648,61.27002130542587,4867.238780538898,2.28255993627541,62.598150046358874,3.0163982226304746
PCL,697.9000669911562,68.75502018975276,FDM,251.05181505372542,0.23446733965114935,0.5046398610632599,20.106806129717285,2383.1919964369386,24.0,58.04622589438403,5.425528609081675
PGA,340.6747537248741,69.84970014237648,SLS,69.58794504170245,0.3720630439543876,0.6430281477485119,32.68150192121315,3671.4432838561665,2.6431488165845898,68.84679124952444,4.95512385265831
PLGA,293.7439214476913,66.72499812682452,SLS,358.5161718436951,0.14804648625100283,0.5350500977430284,16.03361037373456,1597.4119091214523,6.2568551657209115,62.29981463075554,6.558726869037265
Gelatin,579.0745217730522,81.80999242657916,salt leaching,288.5864769256757,0.17648751602421783,0.303350668796887,4.853329156394641,541.574001443594,2.5041803895896133,69.21559515881637,5.654706747960932
Chitosan,269.2471368819751,57.34941350546995,salt leaching,297.34303311988015,0.10954714159622987,0.678872583086295,17.439512491130227,2228.8729085495615,8.45640622359661,78.46761001365955,6.415433585642039
PLA,744.6605790489266,82.97550550394425,FDM,163.1164246911277,0.36475978804520787,0.3297118859266911,9.295263326050508,891.9519447104216,20.932535327885525,59.600855109394374,6.909687570399528
PLGA,54.596485485260594,60.168787167917586,SLA,58.62961949741251,0.14966091871433954,0.6416355358477053,21.206716582094074,2322.674115871654,6.97942888024663,61.06057508962782,5.254011233596318
Chitosan,82.41027466249874,93.33064641828692,SLA,56.01054673182934,0.1477975512972823,0.11062094738595975,1.461571550830125,80.70752893151078,8.049537454804675,56.050961307441014,5.110031381427441
Chitosan,604.5634352493992,41.76827343068959,SLS,385.6524803675521,0.3190797965137604,1.1404041025970046,60.731845603980155,11923.669294012518,8.667531643541798,58.29667547925118,3.935104977113503
Gelatin,461.7040088890062,30.22820530919229,salt leaching,64.00687425865209,0.15590875167744986,1.1377238297516088,30.827608449970445,6603.108344619625,3.150553896529537,56.90999525286235,2.849966938251666
PLA,453.0011186323083,58.86937314430778,SLS,272.05397940892334,0.1022829109530816,0.5903727136733747,25.87933970943037,2301.6850484676893,17.833018758606244,63.12689584053695,5.451991755684462
PCL,785.9962183538321,63.690482488163944,electrospinning,374.67340471655154,0.12242770737674674,0.5048720597583678,13.511800252648374,1288.7021066440348,24.0,57.44314451261919,5.868015574248734
Chitosan,580.5964926663911,93.35367320855667,salt leaching,131.5829248017197,0.16750599128953145,0.11253131733881702,1.2659240055971752,72.24105900096903,7.138877678001322,68.31527169550074,5.92383320829566
PCL,253.88445048815174,93.64370463865212,salt leaching,144.6464436407853,0.04890720365828944,0.07901249795401427,0.9350869449994944,21.386019469230646,24.0,67.82427532849083,5.461994767738564
Gelatin,124.26456717136872,79.27496582398477,SLS,258.75618711459566,0.12082902481703157,0.32486330341438197,4.6445261168862055,516.696348142675,2.460518892596773,67.74110912624725,5.906323079234063
Chitosan,314.1038626701827,57.86210965061649,SLS,338.4710190467891,0.07055357637302051,0.641957595028225,12.564823906595059,1388.046562433353,8.579538989377182,73.97177051377655,6.7381845122712365
Gelatin,308.38550417451506,35.70502164489884,freeze drying,217.74662810286088,0.16103478616289146,1.0543493134275719,30.85244516102459,6378.393709799313,3.591465543051189,68.4048009707391,3.918793858889724
PLA,321.3497598972923,41.098717124375284,FDM,353.3754102714152,0.32925983627499805,1.1007979986976433,65.78836000796727,11341.387087899808,17.947949817447427,66.56982518881722,4.862984935024995
PLGA,315.0270946563133,82.55952207411467,electrospinning,132.5426181649549,0.019155082902098063,0.2397491399963215,3.5826412819108175,100.64790342498898,5.246228427566299,73.14043345531012,8.175132125765488
PGA,275.29235296997837,58.20718066984566,salt leaching,79.0211322494781,0.28768650235245397,0.8342064620193115,44.386553210073515,5170.183499411738,2.8849499990378495,73.46640139499067,4.535889728593375
PGA,458.1885329566804,82.27827108154126,SLA,237.95317998889436,0.2765524941236523,0.3505384634402635,12.745630954956283,947.3476493151697,2.6775961068249376,69.92689846294184,6.023086517917678
Gelatin,520.0827305346728,65.9749956751208,freeze drying,386.38635623968776,0.20490976926053575,0.5848345625212644,15.553374398529572,2425.603684023019,2.7713778563861635,69.73812026739303,5.118265232872061
PLGA,789.8653009472672,58.01898087890131,electrospinning,157.0030497561303,0.12049034608883821,0.6541010223901685,20.594166889196398,2098.915122081184,6.996540333070876,52.56954414662321,4.702218929163036
PLA,431.83526936665936,66.10871333566872,freeze drying,338.7284679360891,0.33443311662884756,0.6367383953888454,25.341797380046977,3331.7947731458253,21.492050168712037,84.3543553618581,6.02209065722395
PLA,109.03168785692392,61.612757482117196,salt leaching,123.41548025396726,0.23413915962737908,0.6476717802595416,31.721627906034943,3889.5976063524877,16.18349873962142,69.89276323302505,4.8731864937633205
PGA,132.0728036269845,47.58049186507307,SLA,66.32256516155664,0.42766984047296874,1.1651940059085004,79.5508308067973,12570.496825952745,2.7161867644277877,63.70056983107907,2.8793254014746483
PLA,446.93379271960475,30.64811315118048,FDM,168.46231293464066,0.046613521570096184,0.9217086482902495,38.8811101692337,3210.9271866579284,18.076806218328407,54.96255530109046,4.101459795804062
PGA,208.6027400373099,47.27351445213299,SLA,83.19065359543548,0.16421613713349764,0.946983573339359,48.19770492610022,4664.3359527849625,2.821573768430774,64.06576492332253,3.3154782916154693
PGA,66.07989996733494,78.01242228822923,SLS,385.5753253791428,0.16200219615727016,0.39411492020535793,14.06559796015416,872.4142005812201,2.5935078635879507,55.7134008919199,5.156061448302605
PLGA,366.00486245828625,85.51100947960485,salt leaching,320.042477350736,0.282049869094594,0.2681202565938788,7.557445909532199,640.2169938471417,6.644007719391082,75.35979875068564,7.830982262357287
Gelatin,449.38615231739004,37.42614946177366,SLA,242.246252844887,0.05418409368419034,0.9057761151014437,11.633519811717079,1796.0444958531955,3.164240760231526,59.99272644483486,4.838721047998606
Gelatin,455.7727167971086,90.2722661210416,salt leaching,376.16593954721117,0.015069366241095287,0.13396304148726124,0.4538247583490316,14.814143414545201,2.641597397169852,62.07677787424369,3.516397280807066
PLA,599.0736918508487,74.42026115432213,freeze drying,148.16117039814583,0.2623146375587793,0.4453486142377129,16.735467921811438,1750.413212339423,17.024363063944413,74.45556690323868,6.746877646693475
Chitosan,432.4194317981538,86.09675162972553,SLS,195.83452912222967,0.2600738728994116,0.2579232310507875,5.155475065236431,474.0427634089538,8.0500783844891,62.544109171705294,7.915452475585794
PLGA,668.0219693274573,66.07339676541562,SLA,153.34868966903244,0.2107304960084307,0.5840200790312747,22.93346764267639,2672.599982077154,6.850048975058527,52.8001755119017,4.3597800863719485
Gelatin,223.07629248526572,81.41694200576383,salt leaching,256.9753498142236,0.3371233595145975,0.3636373758614753,7.421260204630115,903.6654150531784,3.1424123879383044,84.40192368312576,7.194920071522308
PCL,491.3646227832695,64.91836116510949,freeze drying,325.0533998470597,0.36071547711392604,0.655407290969329,25.124644768929052,3639.5176623303832,24.0,86.12662155084223,5.8610892211734855
PCL,543.7467671923607,35.16565828054215,SLA,222.9282513714421,0.3788802146159489,1.2348704212560893,75.68583732449565,15112.519624699366,24.0,54.13611847868245,3.1692577603983403
PLA,91.21509040146995,41.479890017317985,salt leaching,242.0518619540673,0.11836854808014806,0.8579539264211435,43.53111432981644,4929.217325077603,18.553447026200935,59.60061513460223,3.4509355630748337
PLA,536.7833504511605,87.38276692637909,SLA,114.4455080784147,0.09893103973800396,0.1802949974567691,4.2572639514433055,206.6152573303105,18.774233083709476,54.632662364118524,8.086044375415765
PLGA,702.3194371757662,81.79925177327094,SLS,171.27327211188876,0.07328424225496773,0.26803231380324344,5.997466888333835,316.4199628963022,5.236435372656702,50.48912755141183,6.14911603162774
PLA,301.2868782038618,80.60547839247478,freeze drying,349.39565412091304,0.02300843588263914,0.24901520622474366,6.473514281945106,222.3076614108669,15.147213855533215,83.66734807238576,9.194821644490412
Gelatin,649.8054827846294,72.09286537761359,SLA,51.26452638698353,0.3719841216723985,0.5636045146984489,18.44700400168856,2775.5401998831057,2.943309523620187,64.21683067105788,4.199947896848216
PGA,186.89866325650544,53.47113879547682,SLS,313.5043055762497,0.2029743898779328,0.8648870853073951,41.074250404566094,4196.27293910457,2.628663093430507,57.59365578209041,3.4496398123243286
PLGA,300.38154825753935,60.63129658052933,FDM,59.36970499609475,0.29914126681772857,0.7407007748519884,32.62425789232205,4646.371314060212,5.543931932706947,77.78244592186685,4.88600969846744
PLA,211.45457996725358,48.1632860703816,salt leaching,134.36110826626384,0.30815365243947856,0.9478724018296291,54.186880998309434,8561.281219007382,22.596397813752546,66.98266113179746,4.3030982086373495
Gelatin,661.1502612240847,90.27661998631073,SLA,295.9780259363008,0.38303878351667164,0.19830539992285443,3.7309533021136043,332.1246568639739,2.875603511684541,64.60393276976438,5.899407436796665
PLGA,421.2141002787437,91.47296736114912,electrospinning,311.65112261893864,0.6423291395785079,0.2133988611996859,4.660160391616655,378.1979327935356,7.311306001152268,72.734575125791,8.793648097369704
PCL,261.53176609225335,65.6029338810778,salt leaching,79.12619595902466,0.07706429441146564,0.44699465894875845,11.96860401536225,854.0929858133612,24.0,74.52358961395528,8.029289860756776
Gelatin,83.53270591617239,47.420583939539526,SLA,68.8219168665682,0.026991989261920292,0.7353681314228524,6.045172678723586,633.1956149933611,3.4320453596477845,60.056980174324,4.924404424111773
Chitosan,578.1160630916553,77.34348467788696,FDM,363.8901656942475,0.22605754655904856,0.4068205491872338,8.802787550030628,1000.7387369939648,7.27756262177011,68.21112300506961,7.354690587686119
Chitosan,412.9276197663811,82.9135667002806,SLA,383.8632723642092,0.03910145453805127,0.25090189310658406,2.9977392344123066,174.87686741648284,7.571724140495471,69.02148347269687,8.369017476398298
PGA,776.4971848600532,73.68966465060646,SLA,103.81076119852507,0.08030656290749019,0.43677699097954364,13.414119079188643,619.3118862435266,2.716322798310511,48.39691867486685,4.54193907928931
Gelatin,666.1936805881852,93.21789711583658,salt leaching,70.3832239487374,0.09377486430766989,0.10300622293450167,0.6292204538609939,37.78087165774803,2.2855976077019755,60.319173090946315,3.1061675029688773
PLA,418.710008630248,31.198223630548227,electrospinning,101.78415857088974,0.17609063329276037,1.0845451808971676,61.75507015443823,9019.606504498966,22.727562804207334,59.82978407082124,3.7293477225662715
PLGA,610.0412012630466,37.14088420842767,freeze drying,198.63922209393616,0.3165976022448989,1.2025210722401867,71.02803536573633,13020.267631678062,7.235766404250808,60.99847530713981,3.107743358713247
PCL,798.7273668004688,41.79666311581541,salt leaching,92.13403767111691,0.07967808528035518,0.7594106926430926,28.99725603220326,2746.9343917341,24.0,53.14750776973797,3.517998508585871
Chitosan,406.7382383387275,71.93133396677246,freeze drying,245.11609214147882,0.26321590659726035,0.5222534135611405,15.669693594560451,2052.5999548688055,8.08870072753913,83.96113632112474,7.132614239621401
PCL,469.9731103593824,68.39258972956166,FDM,390.21713767150004,0.4775815341529547,0.6645619131220528,31.56050300934527,4668.074024955323,24.0,75.50254605826974,6.009587383580685
PCL,707.2640847703938,58.84666466368237,SLA,149.71801806461778,0.14616981869526396,0.5918139696753766,18.060207296069674,2004.6513235190528,24.0,60.498027837596666,5.01684574473856
PCL,716.5370709595597,59.45386154610247,salt leaching,160.3335199403574,0.2098657949664979,0.634863699265077,26.534896043335863,3431.2499879225707,24.0,63.949892567176704,4.895372964110609
PCL,386.39420591186183,53.63115910139874,FDM,398.1614679768622,0.275827774606013,0.7873590029212199,33.587773428087935,5141.629632352098,24.0,77.48373734764043,5.109024328419599
PLGA,372.65202235097746,67.78404340786714,FDM,315.1166557409423,0.31326456386235163,0.6143611467360777,26.538820968500357,3470.941134335491,5.435032763823717,82.10960888710613,5.663134851951606
PLA,221.06664857745454,50.60590357480862,FDM,124.71960429452228,0.10842414293236362,0.7147770857750332,30.62445675631337,3063.5609514563016,17.167093302556,70.09453211120042,5.4014760049719985
PLA,288.5993985001181,92.17430369007059,FDM,326.17589400859276,0.07342516806469941,0.10801355281862007,1.6190145097130448,54.24290163244931,17.986507455202297,65.1161233080126,5.91721158134739
Chitosan,540.353494538248,36.170580621765176,freeze drying,161.59813312780383,0.06774465067333824,0.9692836513683467,24.969104989607484,3350.540989227245,7.72032915227868,57.17557344566522,4.359503937813433
Gelatin,665.2587612856478,41.95658216007996,salt leaching,212.61947480399058,0.2241233727220631,1.0177460991096998,36.05510734073866,7430.784711373167,3.1319315206639815,53.66183485788597,2.2981849223088577
Chitosan,193.03793975355896,66.9335421511869,salt leaching,334.97381443400377,0.25390495354778136,0.6098558151550033,18.897543692612423,2665.532890206434,7.947039251227946,84.86437126472461,6.879534233187622
PGA,60.2582383284831,53.08365899552639,electrospinning,148.35977419457086,0.1254165117353079,0.8131421754495236,43.109780856870344,3387.2394693305905,2.752066505058408,56.97920119199801,2.5969610915351624
PLGA,621.6283291127584,86.97156485067876,FDM,348.2488473490665,0.17916410835135366,0.21683055719892708,4.9854329795137335,337.2735098485343,4.879231228626656,63.951828667767735,6.356380000981744
Gelatin,145.40308950333565,55.736171227908315,FDM,145.01123205734683,0.12888145279118177,0.7002478464716889,13.166977771545472,2168.9704249438587,2.694674015983015,69.50921043692256,4.5942507777943735
PLGA,416.25360799648905,72.42478755716017,salt leaching,92.45664659780726,0.16864969625475504,0.45368282350193323,13.741737507434419,1318.6196308707158,5.51068526037357,73.84428745934915,6.217594773301489
Gelatin,401.55014511609517,55.912853688696785,salt leaching,97.90811189213969,0.02371497243925545,0.613995933477157,4.958452635084579,444.92157349102,2.757990897322678,66.56557572165539,6.7082265794630205
Chitosan,143.7602675868573,38.80480996910036,SLA,337.7783998938767,0.20746282888417641,1.0789078870961106,44.37663314912644,8121.10839558919,7.580068764597547,56.9289280065401,3.523270288621818
PCL,433.10366538316066,82.92914375759092,electrospinning,313.55357024066893,0.34681286907146924,0.3141651762258607,9.182342613977895,917.3259228852644,24.0,82.77281156637116,7.261618601557385
Chitosan,476.881093397305,63.65969025944628,electrospinning,279.0609624890561,0.38585054612618364,0.7541480826640302,27.938370742001275,4487.40059569261,7.444633374651496,74.61754930583251,5.42038779667165
Gelatin,548.7738212765986,81.09003198502884,salt leaching,299.0089846524802,0.14670056218089203,0.30521842109725184,4.243079759355714,468.13874929119106,2.5555392933532137,71.1579408825625,6.733423275403328
PLGA,620.5118851542791,33.13586800387521,SLA,180.06805362521868,0.29309642532782776,1.2506966178279633,67.82458590284483,12503.721164930346,7.508189589843844,51.74085118465993,2.907161574196247
PGA,437.24654188148105,74.95207455492366,SLA,66.77381158460842,0.2568679467178461,0.487464208003287,16.747545785730516,1424.1060487314141,2.5693917972161224,71.40420637131976,5.7460327768143005
Chitosan,750.6098112845843,43.84585046211744,freeze drying,86.31229860137307,0.20113311427440683,0.9838111256100944,42.337077186987194,7365.013362834971,8.897534092116826,55.92069413230339,3.6815553253578224
Gelatin,537.7424923380541,43.681384359022815,SLA,293.7547731631452,0.4612992685503288,1.22793656277029,56.864298818335456,12346.578601082023,3.5981480244701918,63.53876619225329,2.620531770480017
PCL,317.8681921821712,72.37122159836719,SLS,309.9986308900387,0.3433160308360435,0.5065318335795242,20.747209137013872,2628.948621955876,24.0,69.02611452965746,6.120399123426297
Chitosan,737.8815763430488,78.20010890159615,FDM,167.42227208844608,0.5485177972345888,0.5144569696695358,20.972066156571266,2753.740925268992,7.920763563209032,64.02869218833983,5.019254114514541
PGA,621.6744215331447,63.826569704368914,electrospinning,121.49364363173196,0.1892990003025776,0.6643845094412981,27.25118532855104,2362.8482438067763,2.6548375090240306,59.48585638441559,3.393627269138839
PCL,682.0393426546015,46.80290638960778,SLS,149.64428911064442,0.29757450074178843,0.9265001982081252,39.76704589073961,6687.79936020155,24.0,49.84515141712571,3.200494333209188
PGA,736.7685125387281,62.36597347071441,salt leaching,189.5928151939145,0.16084780296981005,0.6738648837411882,34.324890031501184,2774.278177818519,2.4763301144134875,60.30929811261219,3.199825855137856
PGA,673.3133055174463,89.26295103802798,SLA,139.01903065216146,0.6384185421880555,0.2753234936785759,6.855312178600141,579.3586416880235,3.1553110093390386,51.6559579460031,5.770208786007682
Chitosan,313.02674557304556,44.08925123592902,freeze drying,254.92991486837786,0.0675113933746244,0.8488062023864111,20.418836483238962,2561.505772461455,8.37970346769614,78.31196908191673,5.861629599862106
PGA,442.98065201428545,38.7668650165231,electrospinning,59.09380280402311,0.2000972915434377,1.1353588335462974,63.8280053159268,7422.584366046562,2.4376283021637657,57.86172887062048,3.209103769416237
Gelatin,338.3066981863887,73.72216806310412,FDM,256.0421021271916,0.2318287950777606,0.46440597722145077,10.109993532490435,1407.8595704976992,3.265665628055245,83.70363092049747,7.57040290527546
Chitosan,405.2683492180254,79.10449760614176,SLS,358.10194205470054,0.29219105302862275,0.39938291335442727,10.885827482162975,1257.872979394856,6.793068609063177,70.7408758802287,8.17004530640623
PCL,524.3006713513973,68.54202774028121,FDM,92.25842344814527,0.20811187257599192,0.49145667153777456,18.95655734807231,2151.8690336119835,24.0,64.08455576563605,5.908764950202493
Chitosan,261.20045767643853,31.292194065323226,freeze drying,239.42721981151288,0.39005959635369414,1.4309117164469645,83.40275918983666,18454.190496761676,9.355751588407648,76.44438488722875,4.997766602284301
PLA,721.2745637038771,75.45962627265938,FDM,307.2905386941386,0.012803940685144549,0.31030211187031015,8.423446759609988,282.70513738745603,15.453805832398228,59.04674946636337,6.932232960076186
PLGA,502.04735038070135,42.14911976376003,SLS,239.71238492714136,0.17713731868198865,0.9606824466983868,47.53450063434269,6744.394041659331,5.652205433422041,54.84123393668975,3.260573242572665
Chitosan,555.312984694144,77.40030811544345,salt leaching,291.6934241398757,0.08798020758982861,0.35119138409450706,6.10508109031164,530.2592674178596,7.259317433416943,67.02113771136077,7.9132166713195735
Gelatin,286.46038482794194,33.93589665568194,electrospinning,290.3874255973036,0.23126453423659732,1.1668745087625727,41.00053647515418,9050.162967531893,3.2282301777694413,71.75292360159258,3.5994910416114463
Chitosan,399.07922795024234,90.22456531644171,SLA,53.432840149891724,0.07159394320054399,0.14910366909098385,1.8180910396857655,97.19663652604204,7.791456482845066,68.20234864503207,7.43888228961348
PLA,119.43205028907407,76.31930447655765,salt leaching,74.35362424025266,0.3422839392994214,0.44845608989876296,15.102651417722413,1673.0292025318242,18.014352904562422,79.10315443709013,5.983117591709422
Gelatin,782.4617892444198,44.0613830608076,SLS,99.27996927339166,0.16250924092667873,0.9188010878700728,25.710394834667223,4965.384560619394,3.3755497961177015,45.529984992989675,2.550142029420777
PLGA,63.65397732739893,38.3569268805869,FDM,223.63398724247358,0.2656215875271917,1.1223817098509379,58.30456141144439,9978.665599522174,6.320377415374693,57.73429908045235,2.6487307652925276
PLA,625.0233678751118,82.77624633461734,salt leaching,334.641805472729,0.16437069274156946,0.26764817959309667,6.349182168799774,450.53089832401463,14.970131489749573,69.13115198702607,7.316993206259678
PLGA,341.59633922105195,37.74150374460812,SLS,78.155120073267,0.18680993619285408,1.044776003226335,54.43643902203347,8190.213407439607,6.568168109206315,59.349986613220565,4.173438264990947
PLA,438.3054928283467,30.57035907902466,SLS,50.60368773844425,0.02459159769056788,0.8935386161490824,45.795693707971644,3033.7710702350346,21.71005679773023,54.4768995870868,4.408312867513453
PCL,432.33263352763436,41.40457306280116,SLS,332.1733793103516,0.13162152452919335,0.8255516478803837,29.271837378979903,3681.055854330111,24.0,60.59232667662776,4.687245450775967
PLA,122.9406618916493,85.6157992997902,salt leaching,217.9940729351471,0.358680710622613,0.27690739346439175,7.123018051195607,624.7712912801097,18.006174396044166,77.9081553338773,7.561150151252028
PLGA,597.2651043457289,43.61284509903068,FDM,382.10856871481235,0.20875825039447496,0.9686481124864488,42.26106859942438,6326.019599291044,5.973302070981179,53.439129899555546,2.8872037511088755
Gelatin,453.74699694486725,78.27106354285432,SLS,136.555629589703,0.277372603411942,0.40182685231230747,9.264411496822598,1197.2189912662152,2.6990243344347897,76.80173538129657,6.896061660857235
PGA,226.94008285503776,54.3211210834527,electrospinning,113.91048932879731,0.06287444385641258,0.7454137999705431,37.61185299332462,2018.423709029454,2.182787371516061,66.11821660881994,3.7080410119557743
PCL,406.84761124595076,72.48173492427163,SLA,101.05419443386363,0.04827103540344168,0.34171725482871085,7.347301408077942,346.55437640574297,24.0,66.952901642133,9.096452938944884
PGA,144.89518553680676,33.17470551584836,electrospinning,357.2795473998621,0.06585833914401858,1.0937232527096061,68.99923161974746,4583.647241364178,2.623279056543487,54.18081975028988,2.0181455393048635
PCL,547.2903978020905,78.13020231140746,SLS,204.30838416650303,0.4279427342093707,0.43805755497459903,13.324354513431878,1595.9913654328634,24.0,69.38569497619298,6.129461399908416
PGA,582.3723442115486,74.01539726495085,SLS,255.4590586768169,0.20461267695851576,0.48369624367646813,20.18511696949864,1547.8332342219182,2.7299772199390246,52.50949147627704,4.092505995566682
PLA,787.4432082211773,51.37414804727737,SLS,356.75024619485225,0.116156995906884,0.7108418123409666,30.946959528302422,3167.570146308371,21.512018818154854,50.55244253752805,4.037395763168997
Gelatin,579.8972242273933,79.43263028712059,freeze drying,233.11230344382525,0.23393513777019156,0.36426523953622447,6.835020014399818,842.9882560889415,2.4091458657176443,80.28565002401875,6.407572746751689
Chitosan,672.142374125566,84.37381263909262,SLA,335.07778884568603,0.4117534471027457,0.33136401199392534,9.792935118360521,1042.8342243176994,6.545842166478145,62.91664863862297,6.136127208983296
PGA,745.03463398083,32.05497573263074,salt leaching,320.6872786200703,0.08144030974743396,1.1292009852092793,70.77804219090008,5290.196545776798,2.744539478159074,42.08119472503005,1.1406629748659933
PLA,560.046046810967,56.46572903579282,salt leaching,304.17902715459695,0.20474938831131007,0.7100750131507237,32.92832634362106,4073.9749036787166,16.706363664996523,69.78992740670947,5.1065117017504065
PLA,453.7546177625122,73.67714913216928,FDM,84.81155910826645,0.4455683641456408,0.550420176136935,23.239768601533086,2953.7544587347456,17.268170962199463,81.03750781837775,7.204725052116335
PLGA,521.3508873401001,32.78830571458216,SLS,109.81685148049574,0.5087341699741346,1.5195279310623357,108.94711327547608,23575.950061208136,7.02124800171181,55.61950453708967,3.2343311346294983
Gelatin,789.0920532535088,83.61211644322087,freeze drying,397.98866168028763,0.030483417402930913,0.23022848452313288,1.1265427170638853,69.92968551286067,2.998280498892203,63.25454596617978,3.938106760461317
Chitosan,526.2152847292169,32.780913263946616,FDM,399.9624333467672,0.05283367738774531,1.0032172663056989,23.24373256556413,2954.358221725161,9.134470216288054,54.96457056999151,4.160168248355097
PLGA,436.29525931840215,74.94972463000349,electrospinning,77.13599406321039,0.38838766746404485,0.511772536125111,18.777515818316488,2311.4619587330276,6.181601512290495,68.54269932812221,6.513459601768012
Chitosan,733.8472990687872,76.62424504227282,SLS,86.85250038958075,0.08742742079201044,0.3630250037960329,6.0700518316644345,535.1164774359821,7.685402616044376,52.36854324452473,7.099216072621793
PGA,528.8584374599293,78.85768401867414,electrospinning,313.05314534899327,0.04482935033632793,0.33883173441306663,12.051024919104218,375.1742723528288,1.9938640380651829,67.8816742843017,6.383143221049694
PLA,185.2215955225853,34.08838674444585,SLS,182.42439842194062,0.08332473005888405,0.9222024913701257,51.21207012099393,5263.451020866294,16.63799370192288,56.01744900802127,3.6566059891829528
PLGA,401.82723121361744,57.74141306134377,electrospinning,230.24082474373682,0.07095105713932495,0.6205341396168558,18.27521340071749,1445.8089052974399,5.380521923401162,70.49261842225563,6.2280591526634215
PGA,491.0410743851117,44.91177943024941,freeze drying,275.7979642867404,0.14169121149950709,0.9692991454496405,52.04781387397355,4742.744596710908,2.9608766647124596,62.655465224308955,3.114933453171255
PLGA,615.8970041200563,41.302991379208414,electrospinning,247.80330663705118,0.2918625449218694,1.0966193110267164,56.471233023839154,9740.44565253316,6.756910088561722,58.2549765051937,2.904294086860063
PLA,686.4708490407336,79.31215852825908,freeze drying,260.49930482868024,0.2807928391055467,0.36748109111826543,11.449142629101798,1104.7677493859007,17.860531816492557,68.09860972583515,6.870317478906933
PLGA,689.2665952906139,52.23617537436267,freeze drying,167.35091097781472,0.06149928825101825,0.6932029360406193,18.61828771858352,1458.849550244908,6.037722710232353,58.003975559975494,4.621270389622408
PLA,786.9115711546996,41.7500447545587,SLS,256.8453397388472,0.27361806154548574,1.0267198259754189,58.44404801716195,9372.29192098961,20.370628840587585,51.533906013190105,3.1509292991748703
Chitosan,347.40442067336306,94.4096358616433,FDM,104.57418826084103,0.1634154602626861,0.09425225668934148,1.1446089150649736,59.50429023089866,7.637131194487561,73.50683154675214,6.41950897834807
PCL,414.2865345470053,84.44859091458697,electrospinning,126.87559006793495,0.12264085618744816,0.21630375843736324,3.933585976413185,245.75172185259967,24.0,69.8758703048674,7.6189711672891915
PLA,83.87581737310829,72.46176736645134,FDM,159.92708174694644,0.4082033048511212,0.5561809582577785,23.346429331499124,2954.585058713321,18.041428101186742,75.3556469396604,5.451545636299508
PLGA,613.8752832947383,31.14351171960447,electrospinning,143.80410623012637,0.3722323173865622,1.3865909875720925,81.55593686929056,16441.86058805944,7.590568257118859,53.619414999694776,2.813407586301258
PLA,309.79517603758177,88.44078239743855,electrospinning,303.0995007055959,0.0014725193825390333,0.143659402656327,2.943021178692485,55.54315259983002,14.84365994711613,69.58305418334844,7.450217792491258
PGA,464.77838299220093,72.16692221006886,FDM,186.5685885374658,0.37080797743928484,0.5930418721412997,23.04772870365778,2483.7044862573043,2.3074245735835706,66.23567543537189,5.354290738327235
PLGA,704.3903876346365,64.10599017684727,FDM,57.78762317421584,0.10536594757370232,0.5494340466962231,15.655800143381084,1384.9511624217273,6.4576382486217945,61.66147690598777,5.167882624908134
PGA,193.09419910687905,82.46668506316192,electrospinning,280.12292073968786,0.1771480520499258,0.31857679844365017,9.05885167349953,527.2146265861268,2.520780407729608,78.02650850708918,6.212265787971178
Gelatin,480.2499481617573,89.42357132925277,FDM,227.10186716842813,0.011170967362813524,0.14490846796601636,0.44291037603080635,12.551867376841072,2.2927022880407018,63.849666033192285,3.501213954652475
PCL,378.8141485264336,34.306555302023,electrospinning,384.9524212367741,0.08404428963481252,0.8628891776026082,31.669713637120413,3291.153740298053,24.0,60.501895268180775,4.850813334103599
PLA,131.01898951861514,64.76707049167011,SLA,244.4227888380404,0.057712140666012816,0.4757256505750252,16.544510168938295,1061.5217975866133,15.953148843789148,57.76290211836086,6.1720536553250245
PLA,541.9380143614801,90.14105415182574,freeze drying,136.7056000209556,0.16860976261685615,0.15400113583242106,3.600761828425725,195.43107591127418,15.89325981699173,63.80508770763119,7.045924995296274
Chitosan,592.8097890558391,31.62663160165133,SLA,249.72546389076567,0.32949274677046986,1.3514764143685012,79.14323006198062,16942.08662039182,7.932598185510507,48.54079037270435,3.223723957979602
Gelatin,404.0583760100099,63.423466341023605,FDM,342.53222936624263,0.06069804531673139,0.5337454381522884,6.763368146239782,830.4114177768229,3.240645042346443,78.07315474366148,7.495025139396229
PGA,631.1373849005743,78.08840623376376,SLA,238.35020052850902,0.014126832694130377,0.3402619556144118,9.631194477285746,207.03329210518388,2.534990985757712,49.782321597367364,5.784381379778479
PCL,191.90675397933234,70.09857338758293,FDM,322.78267740616224,0.03253192736488065,0.3618749930373378,7.046278333558388,263.574169194527,24.0,72.73686251463022,7.650977750296562
PGA,96.2496554805531,94.74514337894372,SLS,185.47686901055343,0.13039383460955165,0.0914995609654764,1.517976097816457,40.78969189485774,2.499076187727144,56.88377452053868,3.9050236529820737
PLA,208.60421097940943,61.34405771642512,salt leaching,219.70501610900553,0.120494559702169,0.5682982515521662,23.569906110896166,2186.425992320266,16.9617934815785,72.34004749868747,6.312473345051608
Gelatin,748.0310087662504,77.91312278333604,SLS,247.54102392870996,0.19276826168756572,0.3748105231138978,6.624997180986285,825.3679434143045,2.9558420708587723,61.25924386356868,5.29294003654074
PGA,495.2719841118918,34.36781137667635,SLS,300.0895955075018,0.046442093768129196,1.0535516453205334,60.650924477791285,3379.7159885364604,2.433594421488806,45.487868668908455,2.5434202435170667
PLA,342.9307831943516,50.67497538782845,SLS,102.88856470267304,0.11076313575487985,0.7159811381780345,29.794509329516725,3006.975106254324,20.241458281600686,57.26379733584479,5.38641189684356
PCL,135.74155385638562,87.44430434200176,FDM,119.76918699190041,0.09716012483551194,0.1682219700825124,2.9874154081063264,147.6944319727923,24.0,63.11673420496013,6.392111027095294
PCL,378.02096867196104,34.8973676422548,SLA,381.3235545252334,0.19552451304040844,1.0006448083085897,51.87723436435226,8257.146394895335,24.0,56.24823209877798,4.220708037932436
PCL,55.79770050526174,57.5023730147261,freeze drying,98.02603106352308,0.40661199256236863,0.833062726973859,40.449820803415676,6665.194597349716,24.0,67.86782472253071,3.9814373597729147
PCL,294.376579628109,80.8196124262442,freeze drying,136.16557511143853,0.035608270965764965,0.23330919550049536,4.24808130749792,135.6121091151994,24.0,72.35101323469729,8.094975838538108
PLGA,63.73790541179379,46.29187658253868,freeze drying,130.21483380091885,0.42424368165472653,1.1321033632363446,59.32606194849457,10958.051076908741,8.004391903107186,70.28227301632711,4.110181552299156
PLGA,565.6868325557656,53.14688346873236,freeze drying,134.38865668982646,0.534046116597564,1.080724982824687,50.703836061897306,9266.331823554756,7.069763516499128,71.91042295316602,4.189249546689174
Gelatin,149.5115349206371,82.75131489738887,freeze drying,285.8817714150072,0.41701860195460244,0.36233165473207973,9.681769739581835,1155.2722281292054,2.529248619942297,81.92168450946028,6.539313194204468
PLA,681.8390570739922,46.27595540126662,SLS,360.92298196663967,0.24854766954817745,0.9212201872232988,50.607377249589554,7514.178695144299,22.12279401297114,49.26820910796198,2.9314846553926857
Gelatin,308.0748230223024,94.38065870257168,electrospinning,180.99256374775698,0.09016467884370524,0.08498109737640655,0.5057477019576476,27.3663866326755,2.903305926857041,78.62689059248713,4.476757937173136
PGA,348.97172123305626,79.28987137836405,FDM,277.8092197933543,0.04678414929307034,0.3325612410499056,10.50047770210712,329.77600138571455,2.032602877886064,64.00127193389919,7.037677832274852
PGA,474.0525439628782,62.757775688650575,SLS,121.10601342747313,0.1733623853792793,0.674399725627467,30.713587154576082,2574.208430865058,2.7304648648218075,56.98303742829965,4.455038491402125
Chitosan,743.4856089193672,36.733814749836164,FDM,240.0459413112419,0.09869835870226751,0.9950012947993271,34.61844070446621,5217.02359460372,8.163706426043891,50.58953071723692,3.3928751117660183
PCL,655.4857255767893,54.951871973228045,FDM,215.14504119316481,0.11343280141114695,0.6182552698826541,18.859323643704272,1924.1435068904318,24.0,59.58657843795413,4.922807485162789
PCL,546.9374482804617,79.78728113485863,FDM,208.83556980352967,0.1546442858544877,0.2941075495611189,6.572314850555777,525.1909781706552,24.0,64.46436871847293,8.097548191110597
PCL,59.64315058773124,37.14865032475211,FDM,177.28069001606235,0.043677681547369944,0.7746892385621426,27.093300884081685,1804.0900413936793,24.0,51.234050076989156,3.556343867083683
PLGA,510.8159736672721,31.8203457657098,freeze drying,376.12599006791095,0.11811805021309772,1.05937115232416,43.33447336721646,5576.448577004911,6.96396663911986,59.18511384830535,3.579176761916091
Gelatin,208.61805770626265,66.05496393507285,salt leaching,94.0435416797842,0.7233338139780342,0.9002226501208986,37.93947756153472,6552.023246603701,3.2047387108686096,81.83526031059674,4.186760151077504
PGA,469.29596582393873,73.51740747579515,salt leaching,59.342605505399,0.11110513629391332,0.45284976885978506,18.486452330126912,1020.4935709012485,2.7055935736036796,62.485392005426554,5.554670314869822
PLGA,160.30242841275756,79.75309408841017,FDM,310.4823404530336,0.34137458327411446,0.39641174034898496,10.692322464697863,1138.9878047956354,6.39127497310705,73.50518729972133,6.172175268076294
PLGA,507.1402334824432,42.43405632313697,SLA,145.66535409363203,0.06014107418129599,0.8340472514406208,26.41674763264358,2247.4217067802897,7.197842168301083,56.087737969595494,4.107663225858403
PCL,546.6594634250841,56.2363092064128,freeze drying,160.87687607311497,0.05287934231340244,0.5474938730733321,14.970590799338368,946.7203127190212,24.0,68.4086935776345,6.365528196827387
Chitosan,607.158556788763,61.85276381102252,SLA,200.57997619072873,0.009791309081711863,0.5405977557981232,7.8631127931408535,497.5859789653452,7.665999946350723,58.95362006974299,6.911423339980167
PGA,340.2145280658199,52.73953665793756,SLA,399.3853698521433,0.06957354622947587,0.7763519532382733,32.40166304169003,1861.175308377847,2.373544758985877,65.93913098501979,4.556446799834774
PLA,260.86476058544736,63.886715571587736,freeze drying,147.01347763611741,0.22170676780844975,0.6007300146147085,23.151159946896385,2694.282184219438,19.12050815554521,79.70836216134727,6.893850656194994
PLA,718.6854184685822,66.59053004783253,FDM,173.22676793318448,0.35428181106628026,0.6403520470659674,25.686635176457795,3419.487170826847,20.203606892889542,69.22582311273308,4.6451532748811
PLA,139.79563549992034,90.72536866968903,FDM,152.11430899970478,0.11800423505100908,0.13590934280816322,2.4563892459228045,110.57949790593983,15.020104733435256,61.37283277161307,7.25432064064822
PLGA,354.409751627918,93.14886676034016,electrospinning,212.7015344953508,0.1154206159085113,0.10611797794073187,1.4247219631875243,57.49209917204753,5.55208627667391,67.46155104523592,6.326302560601978
PCL,331.8461767160429,67.54776974429045,SLS,203.53053954248628,0.1555278286284329,0.4727748957895741,16.898553549368025,1715.6206233270414,24.0,66.52801303511878,7.317704347102962
PCL,321.8474451724448,39.87389331428108,FDM,164.2763438146945,0.1631055196730552,0.8850722640831612,40.38822626169467,5705.894006810831,24.0,72.75447807064234,4.8737629922776025
PLGA,674.1971644776115,67.29856449728112,freeze drying,213.1012300235545,0.05025404779024912,0.4679444047328302,10.765447937639458,631.9588259405136,5.071653613372402,56.81458107321916,5.8641371541925755
PGA,224.94942643778242,80.75249710373747,electrospinning,267.945138681529,0.19412616959778628,0.3550171873003114,12.12825805160088,777.7503544563011,2.354058634750726,71.60509334805259,6.498499678952704
Gelatin,604.0979673870611,56.1111196718671,freeze drying,218.13898087081208,0.08300606054652028,0.6580746594708419,11.078442730675146,1638.8429285681957,3.278347327667344,62.95528947453693,4.928153301385016
PLGA,772.3890421474175,52.68435702092024,electrospinning,341.14497040466847,0.13754069347773468,0.7518212728128133,26.106610448230025,3001.346334510969,5.97011142221807,55.641890011888485,3.3704695621471092
Gelatin,259.2240778987257,48.783888775716974,SLS,308.56181016246796,0.4630632063067149,1.1183108417332217,55.567544457330165,11508.38999553551,3.027210299842793,66.06826809332709,3.8229184604112962
PLA,65.0110198796996,65.52034531504536,electrospinning,169.59583268821936,0.015074251024766047,0.43747503801983123,15.59608174949924,641.8497125798916,17.08986877041395,60.88756547806256,6.79933283707013
PLA,107.45271223528253,75.88393350623278,freeze drying,187.78219491947428,0.05130898006459259,0.3226730063245467,8.380359739861362,423.95900370093216,17.564124384737415,64.72760300581932,7.665121427052907
Chitosan,738.6438299223005,54.78682811294848,SLA,317.81657104336045,0.4004190802901113,0.9498081987389292,47.88265137105851,8632.968016913677,7.091877339789567,54.295113323606905,3.213027564358732
PGA,248.52378328325494,77.17417392382329,electrospinning,125.00512228465708,0.31934557307073763,0.4673222284130798,16.691657327792132,1514.6159593905468,2.8513969519350404,79.54981536578865,5.878888025246435
PGA,744.4936504398916,44.15641500080465,freeze drying,292.67691531114855,0.05554944475477846,0.9046605487527983,51.96656582546532,2902.678905914927,2.85710771334279,56.26842717141858,1.8647403917971404
Chitosan,162.1982421106688,83.68828852292665,freeze drying,151.95598304680263,0.27730650525785233,0.307522475507455,7.794994655297998,787.1752008866811,7.456277083387503,84.7519634244606,7.911176531271225
PLA,683.5927702171713,42.72538224185385,SLA,376.2987504247733,0.43045669055407904,1.1811012902878126,67.91641174561842,12600.81911553883,23.16310489020856,53.18535330837606,3.1656970857571967
Gelatin,568.9943915425582,78.9416589781022,electrospinning,103.01873956048536,0.6599284014488522,0.534433555695045,20.54870190459826,2783.517438184101,2.6713862988209445,74.183196472989,5.172215345945356
PCL,508.57567755460553,34.48062563806579,SLS,352.5669162662399,0.14841653830906074,0.9451662190803695,44.48820998274545,6276.722568402678,24.0,46.74604300743027,3.702114325042434
PLGA,575.4933716658905,31.489902254726402,SLS,351.8068328018347,0.0893702833010857,1.0288573896717572,39.063148437846735,4408.891544415488,6.4962436386904105,41.86986824219725,2.84828245301121
PCL,474.65361763035895,45.46507054592393,SLS,396.0297942199044,0.26650537508911404,0.9158286714329902,37.70047267789381,6184.8172437695075,24.0,61.09224011991779,4.150753464525795
PLA,270.3515216116306,83.82813747069856,salt leaching,273.4837661670826,0.025375314268047924,0.20836908775836904,3.99855120683225,129.0448073489859,17.690421514874387,74.30235160427588,7.793963004700176
Gelatin,111.84355848796541,77.83656811200946,FDM,241.27559986425908,0.27841999054997435,0.4102796954304401,9.792094838211213,1278.5024220273767,3.014785516789619,76.43084936620255,6.180897315632372
PLA,107.95379470038279,52.312365209706265,salt leaching,290.492882125932,0.052933224033304756,0.6395400422887272,24.660493714177644,1776.5848806179533,19.94984447740981,62.31853588679946,4.373600923552222
Chitosan,692.1830312687152,92.43905265081388,freeze drying,290.94326775949764,0.04401382746944885,0.1116770219509273,1.0475352872339976,42.1548891203915,6.7579413716671475,60.86800283642388,4.003625210944391
PLA,529.7333314519027,32.256986426087394,FDM,291.7153200527894,0.20613128358012936,1.106724896240632,72.57555589643181,11231.848928025724,22.46896279593334,57.25798490558328,3.0639945961196684
Gelatin,642.5414793031632,44.88663015396715,SLS,187.28686346441114,0.22421434712687516,0.9664602412052683,27.487988583183203,5520.58417816659,3.157900913457847,56.69818339791706,3.0265855058525224
PCL,572.985905222547,68.81137101467456,electrospinning,221.12764090670888,0.13869099765152365,0.4438377223726045,14.258247013906137,1342.8431580953313,24.0,61.727659534257285,6.058092341882051
PLA,754.0969323146431,57.776438688310506,SLS,320.9548773740081,0.12165545274337433,0.6216836358001439,23.388650999719836,2277.2183564519214,17.358014349770002,50.64892218525883,4.240042357486731
PLA,493.5004344205613,37.87821302916002,electrospinning,114.41045263886173,0.0613136373310727,0.8430603913271609,43.49154335268776,3800.3223908317073,18.789488052991732,58.7631292631058,4.4835785387885165
PLGA,545.1294812352177,81.6507414167408,SLS,312.9575534782618,0.5065211072319538,0.4141066556337229,12.262055273923712,1384.9994146359436,6.116835712930959,57.79649577051053,5.956198346929364
PLA,73.88130841107339,72.69161030095206,SLA,263.5871424014317,0.18995993824605026,0.4377052826660517,13.907461324531265,1321.1900668305987,19.906377063940333,66.91942477826642,5.916628474474438
Gelatin,774.9612441981607,68.62035826217735,SLS,330.404459055405,0.2008040179588345,0.5370460100357494,12.645295084550842,1888.6159010885724,2.9349158587135538,57.845501478635995,4.7618619110825025
PCL,314.5763493927168,86.65639008380357,electrospinning,158.10282035425521,0.2656453312564146,0.22385492045115393,5.803504084355659,470.41214095985964,24.0,78.06059046834217,8.205090404647313
PGA,707.1674698487307,87.44553478355813,SLA,87.97442077465345,0.02121274959981061,0.19639761638889439,4.508025059426925,81.74607673126438,1.9197852028511742,48.77876503306787,4.83455661887649
PCL,614.3889954277715,59.93309539403162,FDM,200.22377283959491,0.2857159713450189,0.6882935368324014,31.67397393183011,4561.18522990826,24.0,60.67996704894832,4.151510771331431
PGA,227.78113168901004,80.3223819614311,FDM,134.01344656745243,0.1208645943281771,0.33959645859964244,10.009122790569867,498.97480260751513,2.294089707725339,66.62970151474111,6.333364906855784
PCL,571.16531435546,83.1436455518505,FDM,240.48740007347348,0.05234597351611064,0.210696622215908,3.9160916224295317,152.65956652312428,24.0,64.25572971354883,8.025700539048408
PGA,258.14659398877143,86.18779585393672,FDM,51.18053024269443,0.3402721916438388,0.2874652488494199,8.53403347762192,621.5475019999625,2.6058781120786882,68.46943058961756,6.569502250028845
PGA,182.9271483292651,74.34490239247796,electrospinning,235.66205001428537,0.23299494320213632,0.48935862315562695,20.235919439122206,1653.8059299756437,2.626024785832127,73.25764559523236,5.020433606433322
PCL,754.0331123127703,59.81910957931453,FDM,378.44569646842166,0.01497657692634409,0.47213672785375427,9.619487201403844,241.98083558072807,24.0,55.556618878073905,6.768065786870003
PLGA,539.9234516051339,41.15551787249671,freeze drying,375.9188380716434,0.2792240964424801,1.0859134925920115,54.69224760629296,9305.070401778576,7.5806189952320375,62.462241099925016,4.0391055631956805
PGA,212.92510594432602,79.34091249074176,electrospinning,324.50314667605426,0.30903238048314735,0.4195101361555019,14.086421591289177,1196.2368763412524,2.7547005493556362,73.37908523758287,5.90364273820084
Gelatin,584.4959192350593,89.65671569719419,electrospinning,283.3646214575821,0.0038184175112803433,0.1403452476901862,0.32466686771478187,4.635309324086246,2.2775608244751906,58.893758878766384,3.0489786184391434
PLA,772.0526835479425,39.954625438144234,SLS,395.0207828191432,0.2993384778552043,1.0878639631176092,60.11577000234639,10116.448734065478,23.15502741261347,50.00467781679407,2.8300667435148426
Gelatin,523.9865697374796,70.0263369337081,electrospinning,242.76800423025352,0.2473514335542911,0.5380969649047117,15.012478635639381,2250.0101845081876,3.3053324683535825,74.85823320531945,5.896290382825519
Gelatin,797.5719387398068,36.43189960962477,electrospinning,288.92463050577123,0.09161956476827186,0.9630028257064814,17.147411740975976,3133.615382014772,2.994233573912346,48.558396780183465,2.943361130627222
PCL,199.8656902560231,82.71604716707263,FDM,105.01386506293073,0.04108084227212786,0.21213754870739462,3.229030058496542,108.09316226817485,24.0,66.30388637766646,7.587328299071742
Gelatin,376.2193297634126,37.278243081654566,SLS,99.36739158744405,0.17527120547238412,1.0446234413972997,26.16772262175485,5416.422967337831,3.2720452248591534,63.66532433389387,3.8250776674486424
Gelatin,336.47799381246193,89.24290507448305,SLA,147.0630296863772,0.1665947166787407,0.17747813475972957,1.8302492411463553,155.6345565350152,2.9442322467868633,75.48279140391722,6.590627089577372
Chitosan,104.71989793471613,77.49954962046446,electrospinning,154.67807407939395,0.04726897148429513,0.33361883539254367,5.683594082854412,403.46053966465263,7.364687517574508,74.7085319420037,8.36323188020968
PLGA,750.4200786123976,51.0007685741459,electrospinning,177.97475694647397,0.08681263800744812,0.7335826220879716,22.009921076525806,2071.2374091340034,6.0860192047624,49.898857884600574,3.8727896145452325
PLA,154.06997403913513,37.49184988669239,salt leaching,154.980139884827,0.2586505519095084,1.0839054211449182,61.02483586403602,9924.41180097193,22.444131652897752,60.41644166847764,3.293076233728762
PLGA,429.438004970521,32.88012934356097,salt leaching,66.58325656961767,0.18136466679168584,1.1197406976746638,57.622030789741174,8892.874809667821,6.409772867671232,61.008138728031454,3.9482108871746284
PLA,217.52857837052667,32.1635607021247,freeze drying,225.99529872509743,0.31316023736931375,1.2469260480603568,81.79268573824315,14868.322557709984,20.373630276951094,72.38302577105232,4.322689314356139
PGA,494.497962600121,61.60345921828095,electrospinning,308.5715584226301,0.16410379043045778,0.689543563643805,30.477521231022624,2515.9949294393027,2.29205564995114,72.43733043101261,4.339479818666224
PCL,196.8687866413683,38.49055784650397,salt leaching,376.8839461283333,0.22168056376753814,0.9776738413204857,50.71393719658504,8254.271395573769,24.0,63.03478130764074,4.141237992978638
PGA,247.11726965929154,67.42375542882019,electrospinning,337.76401703585685,0.12157462686141023,0.5625757473473042,25.744273870548515,1656.6788560657228,2.227072643462722,77.85016469057929,5.104575922075912
PGA,79.34919086289453,51.24712133474577,freeze drying,360.9272889804424,0.04551449874034622,0.7818662414988768,33.492160253731974,1594.0613154555467,2.3474792397182322,67.87746167699581,3.2951301765068
Chitosan,133.79587051704684,48.31157089665871,freeze drying,123.60332936932733,0.20594320544289935,0.9099234209891557,30.33193595493276,5092.263217416172,9.303728529764978,67.55870954442918,4.490270958690539
PLGA,785.2890114833273,89.69687809130532,SLA,300.82105641789383,0.2105838337538333,0.17733287706861398,3.6678075421543825,235.48713703601436,5.326191641492175,50.64942870537719,5.86845725903597
Gelatin,488.16396596960266,55.1635080626985,SLA,62.028872065471816,0.12637063437682372,0.7072809278818367,12.181091660291292,2011.5824122219635,3.0940793332348293,67.44248536680357,5.0960669854976866
PLA,532.805343782935,64.15679996360564,freeze drying,165.98758069378067,0.186885086404117,0.5723981675851009,24.133618973706174,2608.750334744124,17.932009861290968,79.27179146309231,6.037132836347611
PCL,55.693562130435595,67.22358790742287,SLA,301.015411403845,0.09835524914383395,0.4399257486170064,12.385859688139186,996.2530404298604,24.0,55.66051451479624,5.874470956030126
PCL,392.9707095467627,56.80064257540312,freeze drying,132.4910323736104,0.04353275992968243,0.5323384169920589,12.848892804933687,707.7058125258751,24.0,76.47632212029384,6.785359778482781
PGA,544.7772046701928,72.41421061362203,SLA,107.213778337197,0.22556783763280652,0.5228665407643076,22.724664022214906,1892.6892485666529,2.788216236608505,67.26004251358853,4.6390920647964
PCL,72.99461761264799,39.75125851634103,salt leaching,246.70512909005845,0.0748522855726245,0.7802686978465629,29.71564245817515,2756.7317410151577,24.0,61.60630361208699,3.6344180123750154
PCL,88.38480175115707,77.12544358907529,FDM,58.162816046936264,0.08458295243892192,0.3007063611202698,7.729051930717731,475.771486404415,24.0,66.3548073562569,7.5502731910392376
PCL,242.55806557591842,69.73120923419224,electrospinning,163.65207987809987,0.3595487514069276,0.5647839280936955,21.237865592848404,2855.01535882243,24.0,83.70620334427777,6.442586447833878
Chitosan,322.0663709008824,38.125703305839835,SLA,100.40712531809484,0.1063750221576496,0.9814230481502719,31.79163025517808,4849.801134759254,9.506268804991729,66.9036767936631,5.648081504085197
Gelatin,295.45639499858754,75.61284067993765,SLS,203.66856398298827,0.05952559044802218,0.3553565318626224,3.3510198789611154,333.75477609759474,2.4654845320688965,71.04669337930748,6.726107661830357
Chitosan,404.005611587997,81.91407688399607,electrospinning,66.25708605001654,0.11444555351050313,0.28942535955484566,5.775663187090321,487.15692466999053,8.031155639145549,80.38911043083347,9.587407103314979
Chitosan,272.8077183473545,45.214062017184865,FDM,340.5409189578429,0.16619997613586235,0.9263480095025942,32.32346910767493,5284.676397371393,9.211801324147228,68.58959162554572,5.77804785936176
PCL,538.934455049714,48.887649878803046,SLA,390.8825726802163,0.042000308144954375,0.6282784347125215,16.645437208770268,972.9694598814984,24.0,59.38945545826017,5.486662104863203
Chitosan,773.4351393512396,61.11560932287276,SLS,86.40360420484926,0.16666764227842806,0.6577949395026079,21.936017795045224,3023.721697091925,7.998569273945637,55.513516667715095,4.573567601099652
PLGA,345.1195033389573,33.65754637395619,SLS,201.43503687119298,0.2406042073178595,1.177906028327499,53.475488702065256,9163.203478213458,5.892087573767791,62.94572969266232,3.995653633101858
Chitosan,363.82547005797113,82.09381246732742,SLS,238.54506513198498,0.4155363792987142,0.3808983913089006,11.265747117091234,1286.1543368157497,8.002667610124822,79.55220196307796,8.783348787607142
PLA,185.67686559343468,60.02989228160665,FDM,62.27494781748638,0.092293741209336,0.5660890595654076,19.42963362070096,1627.1925600370926,17.462845917623635,73.0548541520197,6.018420216344618
Chitosan,255.71028216884892,94.34646465492202,FDM,286.83406448305914,0.2919598557532449,0.10803508869837651,1.441937655433541,86.65322386079337,7.317504818396679,80.73078268868741,6.399562304007688
Gelatin,796.3865904687041,34.913731885504085,salt leaching,377.756247984115,0.5783606823349481,1.5562447114177291,82.16500108639099,19438.04784841718,3.3148951563022266,55.37458083645418,1.467069505618431
PLGA,428.6681107092208,91.86526348662612,salt leaching,294.5030950084765,0.5630118951933587,0.19190262620461782,4.216661368905799,324.97959362851657,7.301646260877902,68.63792266321896,8.024736874448315
PGA,641.8854893294863,92.69349055348749,SLA,262.91558930144686,0.29669760831031133,0.14690834135324812,3.3416933375275315,165.32946403523715,2.540148077590931,59.107303110378176,6.041450057894221
PCL,277.08019426751935,43.02341976022427,FDM,239.89957119282374,0.20639386442825627,0.8881621561261903,34.79453317711451,5297.760263660473,24.0,68.07984631077034,4.430406727783477
Chitosan,88.73134791706748,94.75573641010634,SLA,307.7950210394456,0.04260481361306946,0.0773297305322527,0.5724865059563689,18.994215675520252,6.3024868425889,60.309455427790205,3.91888590643103
Chitosan,561.4980854605501,51.93585517738375,SLS,183.53469313110892,0.1456361155138836,0.7953958460972225,22.10715523485607,3263.488392730462,7.3720789824364426,56.644749837846895,4.487727818157484
Chitosan,268.73988904602425,81.44962021334797,electrospinning,332.8386213150202,0.2563151056789827,0.3429133117326455,8.525684049630106,902.6129147499695,6.396029156816762,73.20276286003023,7.386456730401317
PCL,627.8241465509254,45.02127108581527,freeze drying,366.2052937893247,0.04968019736241677,0.6842700958364047,20.36370614192275,1384.2750636899366,24.0,57.867156927250704,4.073959614242601
PLA,711.9637064136308,44.47511076241222,salt leaching,89.51861860060657,0.03319393805297895,0.7237116404607327,33.24722789599853,2168.157729091655,17.501185915724463,51.74976289902258,3.777018797264487
Chitosan,596.7782178651413,45.75703431541615,SLA,258.0744280124155,0.1460636909824876,0.8980527556943916,26.77429624496632,4202.328182202273,7.003144030567024,56.397941372313674,4.365369350923858
PCL,527.7076815701591,78.51988434941553,SLS,374.6649823018198,0.22967821595551516,0.3448642927541369,10.0551699700539,980.4595358362404,24.0,57.027498908768834,7.248984896973336
PLGA,789.1267187276267,60.29923881142049,electrospinning,312.4437492758985,0.23111922512546684,0.6980687257735678,27.014350632650125,3527.8523372631494,7.096252702589518,59.33082014443587,4.166803730619858
Gelatin,355.1017089757857,47.527111006574756,salt leaching,84.18137688352815,0.1043063448239808,0.806902595969897,14.737977805785839,2525.6710021070685,3.3946308523267095,70.44761203963392,4.8700018383776404
PLA,297.63576736465984,54.60087829727915,freeze drying,380.79113511056767,0.11705201985221109,0.6644476340047972,31.82164686058961,3157.964383172829,17.12109495250643,76.37943946300975,5.429901678187851
PLGA,150.00684773307157,64.01765213724488,electrospinning,307.1177141512816,0.2504196249005379,0.6452568789533741,24.959217984973037,3195.930703505284,5.634368084262168,77.58631351006935,5.000124490951064
Chitosan,142.11990693104693,92.76086535193346,freeze drying,148.5372889107411,0.12719757845552937,0.11746189202651422,1.1414698286740779,62.87543051863406,6.719398423909496,70.4017818783336,5.683918500698341
PGA,199.43140893846362,62.25528630154682,freeze drying,365.0969594946921,0.026759285179305328,0.5938564688237976,24.898670423986086,844.2823520703453,2.3626376541782674,79.22099070835327,5.434896270159575
PLA,424.5354092405936,56.682300652987834,electrospinning,77.30654465025779,0.24667454541244266,0.7412301113824292,38.03556093206714,5056.311281957969,21.335374888522757,72.36072946345257,5.562867343836455
Chitosan,754.3968962258762,77.15786953096449,SLS,373.86998376953954,0.25965186664498463,0.42358235831908086,12.604006468893983,1484.952529823256,7.1473875224498045,54.285209617439996,5.244336768377695
PLGA,173.01630847157247,52.496761877531725,electrospinning,336.99293282885293,0.1674597421710206,0.780526718990891,26.97454708424446,3387.11177253347,7.155389856926853,70.01326528901424,4.759905334227479
Gelatin,162.29417310964274,80.87309024824702,SLS,255.83851865953528,0.48092319972378783,0.423787625144206,12.807818009046224,1624.98330360217,2.8740640013757646,75.59141499895105,5.940920921758787
Gelatin,333.4910871574712,83.01541511762514,SLA,112.723447346359,0.1969833617272678,0.28951414721016266,4.518764346721029,495.19303483247313,2.9958110973949066,67.1734423090947,7.075703081551741
PCL,535.6838681051443,92.80795637333074,SLA,228.63139232010175,0.2391784679744572,0.11683854814881896,1.9311150082643702,110.63758775338465,24.0,56.1312395791116,5.905681076396872
PCL,650.6199323314079,59.94543420349639,SLS,71.99773739024228,0.15648781674122883,0.5842992119878219,17.81330312922976,2014.98802820333,24.0,55.897875160300515,4.7636090345357225
PGA,244.7105740054403,67.81364716663259,electrospinning,134.33321492292998,0.07813394485075739,0.5331917151696367,19.68589292110595,990.877690709729,2.3722231867839283,78.02257238255396,5.913538444074435
Gelatin,131.36094317481178,92.48315075388011,electrospinning,312.5541883282226,0.026242805591563646,0.10502820266430488,0.38052270675426575,14.857370086043238,2.7297983082206905,63.557480347211715,3.1067217015740263
PLGA,368.1131600436999,45.741746681228946,electrospinning,164.56676901244043,0.3805562258130432,1.1007951159213438,58.42066708417685,10522.241007005721,6.191041229420236,66.17943999028245,4.548378108164929
Chitosan,105.9599304930179,56.18821471701537,SLS,50.89375589382231,0.04309755839781141,0.6464081610198363,11.448224153550346,1101.7708700281241,7.769752083816864,54.79630158479599,6.324481290192762
PGA,797.3915539435043,49.423315262742136,electrospinning,163.6160348090171,0.12119660711231622,0.8731247824241932,49.386522021418415,3953.125846605562,2.2698010184404476,52.42162105600198,2.22625827304798
PCL,663.4055476928544,54.33190909241275,freeze drying,347.0340364665484,0.1779455399228576,0.6858346244224989,25.663917538858744,3285.842631855342,24.0,67.40425498154544,4.403551132061312
PGA,336.8327787906203,94.18468010240503,salt leaching,296.7574408239006,0.1699294727017041,0.10498314118260177,1.7284140956493022,56.61358387114632,2.2569926451146767,66.20847989748074,5.520257627277628
Chitosan,200.88810662498878,64.00917129787399,salt leaching,171.1648576997736,0.031135285721597038,0.5234818346922248,8.878746029765617,703.064934382406,6.9541051630716435,71.51013588627511,6.794581851340568
PLGA,485.86093622994537,82.95996428755662,FDM,198.09136914170563,0.13919854426300743,0.2712687403397894,6.382294136322706,442.70746619616716,5.821900841945773,61.95227167669986,6.923918579612218
PLA,416.8849711602772,36.238420285247344,electrospinning,188.46611302764393,0.401112701167612,1.2791371563418132,88.93558211475919,17031.97605085778,22.718850073173204,64.15040226661503,4.418730540795138
PCL,423.7639184828454,93.47817704802497,FDM,381.49077613273244,0.09587878231628166,0.08721222688462472,0.9259326363047512,32.7434186458685,24.0,71.7177900677124,5.937113778854765
PCL,564.8081612173477,59.40282165264766,SLA,231.0836855968158,0.18032916622042075,0.6116208412888936,23.272557950515623,2825.783678451725,24.0,64.22082471262937,5.097122149828697
PLGA,283.07127152931605,94.94472184061283,SLS,312.0937159616479,0.025640066663302614,0.07008680714483691,0.5505474664429654,9.339979848807912,5.079179888976939,64.69857657592094,4.145417040587143
PLGA,113.29305992764331,55.67242779467267,SLA,231.0463909356433,0.2176290402979138,0.7685995702112379,31.52451085623367,4251.995893032055,5.692069045678981,58.98987591988196,3.756356445430392
PGA,162.60038437251916,33.782855058468655,electrospinning,355.58589796312555,0.11926205807148352,1.1410568439680147,67.02113130417732,6083.872709180479,2.5063144577137995,59.421782935841726,2.423798736325734
Gelatin,489.08877264307904,62.649623835689006,salt leaching,118.44193942463576,0.2730347672078207,0.6877932009188478,22.963282719898423,3884.159000995252,2.9252472905811375,71.74123062122352,4.675034730928506
PGA,317.43162446215445,45.120588990609356,electrospinning,269.2725961423217,0.11125443262135538,0.9385653477416683,47.87203635438049,3807.0147513109227,2.805856903467578,71.36905023219887,3.6777517736515812
Gelatin,737.7375478860519,62.52726722928031,FDM,240.91598145836917,0.14314459941053234,0.6024342401878026,12.844061699382106,1986.0079764769937,3.2879850722905615,56.48895297603534,4.357096794201317
PCL,706.078521877502,86.99986544916979,salt leaching,332.2458359065768,0.19858920453320916,0.20061435251145082,3.849056787499608,275.54585976041784,24.0,67.95102944246926,6.448904804925784
PGA,408.51372999465417,78.65910787089038,FDM,281.3896344005376,0.021633259039752557,0.333994752945986,11.173171784547467,265.74495832308406,2.429182287604173,66.60403308109778,7.253938547712572
PGA,582.8148509304979,35.93769976608776,salt leaching,389.6897896545159,0.24429163801706608,1.23368131857925,73.20811385644407,9695.570926747945,3.034744734968602,52.190741600242575,1.9199531001161374
Gelatin,501.1509669729696,40.57893760392065,electrospinning,242.04543946218269,0.1374596661417282,0.9492083315246049,22.490356493702517,4346.319071527886,2.7471388035058686,62.83454453448483,3.481180261542971
PLGA,726.6156414896836,65.14993513377686,SLA,294.985794449843,0.2293055656091004,0.6116336496328929,21.67704485788504,2644.4487016639555,7.097355212372694,59.255418435381294,4.438210234327113
PGA,565.0374947036364,88.88093664651426,salt leaching,180.52624636453223,0.16970509406568657,0.20069044872400707,4.998692128948905,226.23438030313432,2.582894532256038,58.07872618788228,6.394226662770407
PLGA,762.592591593024,57.86655143011108,electrospinning,77.37197991888316,0.28677768970959855,0.7832892988672254,31.1019903259655,4518.3648908391915,7.311880657999181,64.39521524881435,4.558426885472812
PLA,496.7701218601762,36.08329358470747,FDM,120.7982686387816,0.4797220333363235,1.378216179734592,79.1283454935629,16015.503255708485,21.52158330817569,55.42909934531996,3.8030496838984242
Gelatin,447.66648994364454,91.65073326460075,electrospinning,151.62631948286835,0.5469634751368468,0.194916491999782,4.546915446575012,384.090384123684,2.451422170010866,77.03190337866134,6.799123143764176
Gelatin,284.06893693031157,47.45601690362916,FDM,200.99199628442489,0.6124901009091872,1.2886318229606086,65.32358668686248,13926.652799593243,3.368667499252303,77.46414187123396,4.069864459304445
PGA,440.7516297112677,70.38463579618643,SLA,81.98000419649517,0.04593083302973006,0.4751512575617796,19.24669013130253,716.8741958178716,2.5650454900851445,63.29769575473453,6.023728724452515
Chitosan,779.5324801710398,66.41251602522516,salt leaching,138.88823940927773,0.449117350189371,0.7342074071867275,32.94866073129773,5216.3416629650865,8.434393884415513,69.64308219132882,4.389280443183012
PLA,685.2936431537712,41.05529836237647,electrospinning,178.55288166530883,0.21532750084419205,0.97333943237678,57.34884845039892,8427.163678677794,20.502621719934066,49.52915070260218,3.19027780346931
PGA,416.15748370736884,59.29052194705814,SLA,166.022295639209,0.15529646860639423,0.7252720327329988,36.434720455651956,3003.5371016632675,2.7570846374094353,63.41323380292644,4.751618128366415
PGA,250.50317180874822,34.109582051291184,SLA,328.4078353621556,0.4712774421461194,1.5111766102667061,93.51055251303683,17296.722505535217,3.069295588205755,58.526934617046955,2.6055815186162343
Chitosan,436.3532550958255,77.40137825334695,SLA,62.49883215985008,0.23535671872031116,0.40945861003628287,11.622396496587536,1332.1045988916756,8.505896062900586,66.03554005422416,7.399364736810577
PCL,532.7310296590447,93.19438911285536,salt leaching,392.3782840034811,0.2200741703485111,0.10795391501035434,1.9392243812155934,104.69066108418991,24.0,69.72786555919171,6.702967577965633
Chitosan,670.4577161539543,74.55143049762087,SLA,236.90080701162475,0.1432406314969727,0.420072183442077,10.214841345765267,1092.067963205229,7.96052194113967,64.27109166786008,6.171981133125952
PGA,233.179601066132,88.73289404460671,FDM,84.82479498981549,0.5372378818016198,0.27044720254517773,8.671123183747866,701.119244010102,2.518922098642508,64.86316240082917,6.203300853463131
Chitosan,514.3878338883883,45.992289703924946,SLA,357.04808097297837,0.3430763925153705,1.0803614264319221,47.52167783882894,9110.570866889178,7.652140687108092,63.178633525648,4.295857852727776
Gelatin,387.00204457657554,88.10283457694246,FDM,353.0209428246264,0.2934098026574822,0.22344514247260608,4.403380525859795,423.48219981595486,2.9787066419747377,77.91190419903486,6.740145121386209
Gelatin,553.0978898671759,53.556796394747245,SLA,311.63491195174805,0.09906977705160007,0.7098033695521326,11.118821585258905,1770.8688633940435,2.8468600526977554,53.556599079158154,4.7540736193055
Chitosan,508.1289924387002,41.68594901350786,salt leaching,241.2289718591481,0.044690476786847275,0.8620031617951699,17.866642415733423,2006.2392149312163,7.592412126428983,60.690637412990114,5.428089872140834
Chitosan,530.7817387009206,54.722371131220044,SLA,114.61952235806038,0.10001340327833527,0.7131332748848708,16.439243824532646,2104.517885549978,7.370753935286494,57.17318012691707,5.718459842749817
Gelatin,465.7712647567051,61.91056250307025,electrospinning,202.1430800079287,0.09726414438501585,0.580892664076969,8.811888353878361,1265.3035250019464,2.503864135745941,76.77320556971377,5.667138300723896
PLGA,771.343060719668,45.44429230389669,SLS,138.96267598525884,0.18241020402493202,0.9111689547932152,36.82200878366167,5135.535961252737,7.154700324651838,46.88592059327385,3.0302604345308026
PLA,532.1177662065737,36.697413513381534,electrospinning,366.56231549331505,0.20482001218503496,1.0325957302627573,57.47843030221808,8576.498757920706,23.0495722909921,53.46297809335782,3.56060679866545
PLGA,275.43283104051665,85.99411489128262,SLS,376.7801408928951,0.3761375688262777,0.2830321867471743,8.300456639878309,757.0062922016857,6.803161461853761,71.9570942937877,7.600429313369188
PLGA,391.9170681006807,32.522778766745056,salt leaching,62.20306721095895,0.19448829449662894,1.1417306516436134,58.28649873215949,9279.95888292841,6.297384099527694,59.63981826214401,3.688102128036543
PGA,215.9265109384266,64.28057841571007,SLS,109.4371210635071,0.07449970334442493,0.5896167484885936,23.237927293191905,1201.9895895366567,2.3977364689524547,66.71674694888966,5.354182996447269
Gelatin,330.8143826767226,43.47532376077819,electrospinning,378.7224559727561,0.12727837493577393,0.8925817700684748,21.909323778406407,4068.25282782415,3.4752225847442566,64.98678728400425,4.321416977445106
PLGA,599.6994665131419,45.220964602781756,SLS,179.9434234402748,0.14835320891148515,0.8811313611715067,38.34286889344084,4905.859510138539,6.126134091118687,52.17751478629218,3.30727826813787
Gelatin,461.4787937716829,71.21240327188457,FDM,256.1831365358034,0.1993240461241045,0.4919176404742243,9.752801361075436,1393.7247848397308,2.8027094673974813,69.27836857058455,5.676795537076574
Gelatin,53.04543971515675,76.78949998778185,electrospinning,198.93700420241984,0.46427623687406006,0.5073112549944285,16.863002414893764,2351.482697080491,2.853663838149822,69.79631816723995,4.403103939003919
PGA,356.8920310398491,94.46611309371544,SLS,50.29879410309114,0.1573149305433444,0.09877159082176336,1.6894466668032417,51.71884438985722,2.0600854914695605,60.136911785359786,4.743990483823188
PCL,123.45377403714195,81.38304477625516,salt leaching,248.31060113917133,0.065606291573898,0.23765299463405387,4.616084948597373,219.1583651453966,24.0,68.82497817477267,8.081666226816164
PCL,613.0922562113811,39.35127328244485,FDM,267.7208282487378,0.2823550341538163,1.0377736106556075,59.38456431467871,10479.501824067276,24.0,54.99491004162269,2.815142498365447
PLA,742.4194088646744,68.76468912565377,electrospinning,390.0777116168226,0.34121498150896223,0.5908848148700528,22.23566074100195,2825.9352862988953,19.785192439487577,66.41075926124267,5.3824308493213975
PLA,62.06006480442948,40.956378683654414,SLS,91.33386493833746,0.1530861491955839,0.9047812322006243,41.06460489254508,5231.729916316342,17.893179105363043,50.10261889632886,3.539469126540236
Gelatin,573.9597509440401,61.948268326314825,SLS,359.90429697877755,0.2998055014699925,0.719044510526904,22.802175233286498,3930.191237166068,3.187196022142793,59.448855341094884,3.7992115842743894
PCL,613.3652777341838,79.42517984173273,SLS,186.1712483665284,0.06740560772918346,0.2633881988587278,5.034194961909576,255.61891085081862,24.0,52.99686202319492,7.189831746952156
PGA,442.3941902065196,53.559890159946434,salt leaching,136.70765741229053,0.6232197478158904,1.1794004559503986,65.15667017031046,11347.156276876587,2.978308944374865,69.01831784004779,3.6574841021242945
PLGA,415.08451310115777,59.963686135068215,electrospinning,201.69287608014412,0.24991439129620935,0.7175888890583871,26.267115038262062,3545.2300425561584,6.338378483050023,68.98750315683533,5.698225959327232
Chitosan,77.59168753912309,82.9926209457333,salt leaching,94.88928924214613,0.3812104203971329,0.35156263384451586,9.817266528413302,1076.4558612272945,7.023591523453091,67.03794103950707,6.885050453364952
PCL,717.2935557499769,55.67869028421128,SLS,301.1805121481975,0.18915212044008708,0.6755675639999175,26.656798723159692,3452.225584981903,24.0,49.439954097530126,4.165131721353078
Chitosan,60.96266323821049,70.61070654446414,SLA,90.91975026145698,0.2450668876577438,0.5374911052356467,15.837451992540778,2089.3293074251806,7.34851876873374,66.742591840456,5.477194794547165
Chitosan,248.05035175524876,78.70633662101017,salt leaching,112.24257753952728,0.20638441455675116,0.3750181916850813,9.308509127789476,1003.5733299187171,7.677683417595899,78.65861170929958,7.8808880392121194
PGA,419.9691320656675,71.71882428800913,FDM,113.3428521620983,0.003745917893770722,0.4344181995803943,16.886709664057935,340.85730163548055,2.5643455009958056,66.82042371039122,7.148455798654438
Chitosan,607.9937895347515,61.600704749487164,electrospinning,161.21164759184467,0.19451030871301903,0.668298662044123,22.666705114771705,3233.3183208758496,8.20130494491787,63.87926327322806,4.881395055045881
Chitosan,301.63575955949045,39.12222822667298,electrospinning,143.69860376634617,0.27120426898077826,1.1412192576684452,46.47037884036172,9022.971167664035,9.24361940470803,68.29432158633938,5.177365767706912
PLGA,487.33999616675624,32.513017930913,FDM,223.33555202399012,0.30512689595157916,1.277042449467201,61.83335488145892,11605.2819038671,6.490203601158777,60.009149699224785,3.8259479885265275
PCL,565.3802694571268,65.06260361788439,SLS,224.42527700305322,0.11790491002743442,0.482624964644598,14.06068126782512,1289.6953875321974,24.0,59.038811622666195,5.675314830088159
PGA,347.55647844705476,64.77689882997096,freeze drying,269.9026299685434,0.17438609462292667,0.6384206365689479,32.33960233688089,2644.58997011631,2.386278227440012,85.41499386019275,5.803765729508078
PCL,789.5539027541407,46.53269157784647,electrospinning,332.1861523550764,0.2560606154742472,0.886702663075335,43.84398554932175,7021.873446768687,24.0,57.420528134430775,3.2244972952117457
PCL,388.3549246257875,57.25688273091789,salt leaching,75.40637510919153,0.21848154587165644,0.6766472685742573,27.398075238969874,3696.2541174188377,24.0,71.77839922530535,6.422184519170269
Gelatin,531.8179801799795,62.62049138508234,electrospinning,175.85174043723728,0.05180014356469751,0.5394761167287387,6.5478734080034915,768.6334543758709,2.6449646567396687,60.692978206482415,5.7644555260763015
Chitosan,306.90442213220575,31.420339518505617,SLS,176.00732824907624,0.19898420580292547,1.1989249590559488,55.68759513086845,10676.985581737958,9.130898455604978,56.935475097024124,4.777457082026419
PGA,390.55710823425636,64.19927937979452,SLA,347.6773115323683,0.481503785550045,0.8270095820547295,43.43147245746907,5977.051016900991,3.010127652653097,70.66159223621455,4.776486057534296
PLA,155.01926710241418,56.05280888052373,SLA,76.34016045787203,0.1445557290586226,0.666283998501477,29.189412447443143,3129.069323537141,21.121389319891666,63.714085598831026,4.952809881637756
PCL,357.48479441492515,84.50137488677856,SLA,114.8115785957707,0.18917501122522218,0.23624490677075732,5.4559614540621775,417.85453631058294,24.0,69.96861143385708,8.437880133448186
PLA,748.0279948943555,88.20191377435629,electrospinning,98.42980163477338,0.254883770430491,0.2037326565881537,5.485197464223082,385.3817543218037,17.88900332053274,66.61950034261027,7.069314440346782
PCL,644.4433551474082,62.11652702429856,salt leaching,349.9443319989815,0.37360431869395966,0.7175420192442832,34.220545124013356,5202.779335695432,24.0,64.29469128232188,4.3111342567135695
PCL,770.141322507444,71.66189429013141,electrospinning,265.9767855021792,0.155711316905905,0.41294321373997817,12.729627599758171,1208.3447108408013,24.0,65.58442278941939,6.337130658213843
PGA,89.86556407780975,69.61401646641869,salt leaching,93.63500930887062,0.20484718838648136,0.5657421774138293,26.933921137058427,2234.816896544834,2.5988293958119795,64.96111539408936,4.3760987692773865
Chitosan,511.34913861001314,86.40650955886206,electrospinning,107.15208869914566,0.14627915646517373,0.22510664169100475,3.802211388829819,298.87089029636,7.969298259158288,61.69103112052691,7.551664520624151
Chitosan,660.4660878512923,85.16471524739063,electrospinning,109.22556504882195,0.12139239639628907,0.23920957496499126,4.111895719453234,319.7550414274221,7.145139954992642,67.56586067968833,7.205600511185257
PGA,326.1226353884656,77.74381026008315,SLS,223.20997438669227,0.08640839019356104,0.37167427176248025,11.283741949481906,498.11111097467193,2.448593166600152,69.17318847069258,6.871938340051406
Gelatin,745.5405175111617,43.03488367401567,SLA,142.3245442198855,0.2533560063293343,1.0288132491046609,32.32519257288408,6697.303001542762,3.1035490277817726,53.51909920704528,2.185555992452367
Chitosan,389.1410783844398,35.90042823042101,SLA,67.18106248214671,0.19129709895306876,1.1119800919380591,40.84458047948635,7495.789778240661,8.144403546361403,57.994243034155964,4.211380194217023
PLGA,58.8746269098291,33.98586388427941,salt leaching,331.77525628983585,0.06436244968093392,0.9614932743536647,36.22222280769921,3412.741329973652,7.395677101137618,48.64282907974662,3.1092206506597675
Gelatin,199.41983199198117,88.98561674450279,SLA,83.76103632641939,0.24676882425761987,0.1976182892550858,3.3197750018596333,301.5312671705173,2.4308663900926706,74.7888434523194,6.829185537819301
PCL,657.9405083082297,72.13794158775758,freeze drying,356.96642361271233,0.1141889832008705,0.382810448225719,10.205238428830302,821.7739957066404,24.0,67.282222775472,6.335308524201592
PCL,766.1622790756627,91.75699677459905,SLA,294.62983718899994,0.2536065097131084,0.136296496445675,2.1443937592410673,134.38278287107897,24.0,58.49158212828296,5.856672810629207
Gelatin,541.3317280360299,60.19734685761647,SLS,103.25975063959535,0.20120472067746023,0.6814884881614096,16.349717233890168,2750.9112821751564,2.6577118842427985,62.768724172078656,4.7491330076661065
Chitosan,197.43994068647018,94.32073643611376,electrospinning,135.1483755017742,0.23905745112253318,0.10326891965153241,1.4404558381980264,83.06365410122336,7.913169549616919,70.10823663136763,5.774635540073502
PLA,190.02072309605907,84.50754831414261,salt leaching,309.62416581139615,0.06864003517331754,0.21241738729162074,5.117089922512543,234.28804300619396,16.481023746383627,72.31565351130179,7.855811244024801
PLA,307.2678295860427,63.09204160544333,electrospinning,298.1348813169967,0.14003679988821996,0.5563765066265451,23.249374326773655,2252.3801071238267,16.580464938675224,68.9021539050083,7.057880180479629
Gelatin,247.7736915883002,38.23037290990025,electrospinning,179.4133777905598,0.32705477864365323,1.1975268965837111,45.06284942824492,9977.104967442689,3.0442007569168426,75.76772600725064,3.5147698994802146
PLA,172.49180728573143,71.64766835498395,SLS,334.6953950123041,0.04614029282993132,0.3765552436923852,9.801970359323864,515.5135596119353,18.521269923644045,62.1651393223364,8.171765290862952
Chitosan,671.5581992963577,48.56781352288738,freeze drying,114.78805564974584,0.19243157153881518,0.8932511989302699,30.334309661476073,4994.163822505503,8.785505413835708,58.83940317422221,4.2123365905923045
PCL,63.21238035583047,45.33841251276434,SLS,149.67719617334998,0.4357993342376376,1.1034959196068075,69.3586706368352,13194.664835208036,24.0,56.6183629575405,3.339430950281
Gelatin,68.77725217808288,59.13552502610077,SLS,263.77347462728153,0.48342520598875566,0.9072589223214721,36.69716588074491,6807.685277880471,2.845247328826356,69.49886774027682,3.1276591150257627
Gelatin,356.1888531238516,51.52577402443223,freeze drying,59.86441832079091,0.11475920858306633,0.7545335992435566,14.666364429053747,2468.123701759749,3.167345033458833,78.69625944240744,5.292972043312107
PLA,180.02075935395027,88.82368919611366,FDM,383.408862169184,0.17890436934866624,0.1767765289360574,3.4338898909646454,203.5008605151363,19.18821646868042,67.9663800247377,7.20990802268532
PLA,214.17962194348743,43.39142997930451,electrospinning,241.00596458672143,0.10120471116062903,0.811371199239494,42.10436919014,4372.432844482623,19.839480138111224,62.16834615802103,4.337649706917662
PCL,117.55539721016834,94.77649226840069,freeze drying,243.035728526299,0.0816878062567848,0.0683644361223841,0.6579258690082708,18.95418167111797,24.0,63.906583571262054,4.326251545077228
PLGA,111.22373738850374,49.402117331178964,SLA,229.96586332235395,0.005987803665473727,0.6834953881525053,17.212057154517044,600.7725539022538,6.009167335048892,53.28548414897674,4.958232920467902
Gelatin,139.30325055088937,40.60409195481239,FDM,166.74376511046003,0.5405640615092108,1.3797760378288488,79.00239525338002,17787.780149197242,3.0141071575912424,66.74367237938114,2.6995690463650095
PCL,344.77908949615653,71.1678369237701,electrospinning,362.8614908814375,0.2438512999703937,0.4710950141871281,14.030434917150801,1621.0468879047473,24.0,78.64932940193694,8.086078070348565
PCL,140.28534849884358,37.74199918627075,freeze drying,377.20162798832683,0.24266714542072812,1.0157689346254344,50.89982969579732,8626.185679598284,24.0,64.33679517211147,3.261979904923963
PGA,631.1418480730299,47.14272215142711,FDM,163.481944230929,0.08545575306071765,0.8818910785124533,40.05440280469325,2708.838616322771,2.8577446273554066,49.77405325941722,2.4685506600032303
Gelatin,640.2197622231477,72.67057560265128,SLS,213.16686271512845,0.2019961776154338,0.4683151361287072,10.144885559937123,1415.1671964074121,2.91699950584921,58.27964299075068,4.965082997005097
PLA,793.3161163412119,38.759134241434495,FDM,387.8033933515635,0.2857303655102416,1.093605697091761,67.19988890377442,11228.547317685347,19.61563376385137,56.90471731435212,2.66247909660443
PGA,234.27881936350673,30.591121719657252,SLA,201.83281278141436,0.24749389442537717,1.340243869900688,83.88747025594381,11644.20092960172,2.846279773842812,54.64131940158832,2.300248137188806
PGA,574.5478305993422,53.83657254309102,electrospinning,208.2267997376922,0.1550762250961887,0.8222738111845185,35.48381106090665,3112.4771659992152,2.294568906392423,61.309313993677115,3.044491673160987
PLGA,409.51421691187494,59.4932143411296,SLS,348.0022632501162,0.19425807079607108,0.6852156654848459,27.396516967087926,3377.9383154461016,6.707406925402808,67.53488196157575,6.054073212438426
Chitosan,466.4286724294989,90.63187369674364,freeze drying,167.102191189502,0.350459072329401,0.18860880318540707,3.660587042822087,293.43856069166526,7.553428504907759,78.33582968800984,8.15669771746017
PLGA,707.1048385130055,64.17627482981052,electrospinning,361.25150772518447,0.14997802038592595,0.5772850793286672,19.97149721889515,2076.364226014072,6.9245266353352495,61.96840892906368,5.392765600656217
Chitosan,483.9488680085732,73.90021507596161,SLA,268.69301779361103,0.13571800904708722,0.42738567874937183,8.145030178865323,868.2525253074061,7.488422931691964,71.86426758366005,7.7815564450193735
Gelatin,201.42884038639312,81.63231735905346,SLA,175.6074008131351,0.21002673719266804,0.31740239584040963,6.270357909123205,720.8699168153081,2.832680486218964,72.25014632272597,6.126846300222697
PLGA,716.8149374951493,57.65955691205741,freeze drying,194.7308990325096,0.09911114067747338,0.6433169513417957,23.679177309721048,2209.218229497768,6.250274185829752,64.55359555337044,4.067844359673675
PGA,725.9065518812093,84.00152698453982,salt leaching,378.4632619162171,0.01805600903576148,0.24945630802441443,6.288452302690544,122.88111691797408,2.239343441441174,56.8686757838031,6.439848328792534
PLGA,733.7058927181167,52.69275255937637,SLS,318.828492465238,0.4498628623179723,1.019117220434982,58.33607861963112,10270.856659963494,8.051448600696746,57.96792224840499,3.577338355679516
Chitosan,277.55117123225153,50.41121964195373,freeze drying,222.36471792128236,0.4039564000704727,1.0447977659657781,54.225206093635975,10253.80434008729,7.87016335786434,83.17917817600579,5.570147571591863
PCL,429.5554238500326,35.53891564861511,FDM,66.28147372077403,0.027287608560580264,0.7733471420086383,27.409109910701922,1329.3784343153018,24.0,61.5282919437431,5.366605168802958
Gelatin,622.4349301356298,69.54651492606618,freeze drying,177.89905810578654,0.3931498922997701,0.6266321672835619,22.23980762079631,3510.727912036456,2.9307888342723416,73.61872943689774,4.276072473319213
PLA,161.47016332730644,32.72583187988163,freeze drying,72.07413434244582,0.210535218877084,1.1047240953493764,63.09622669164866,9815.212700169266,21.273963786498474,67.85093504426831,3.765482583324339
PLGA,153.12001589752424,31.14530017743141,SLA,205.99251101907836,0.12945593712522802,1.083990037029644,41.488368104350705,5597.643198310518,5.771122432914175,57.23608236150965,3.1179166574347916
Gelatin,614.2579797566308,78.1935968828775,electrospinning,64.02119714120403,0.25270902885551,0.39357859126322997,8.17006612204858,1046.99840673478,2.8915472682750987,63.31808901584225,5.161480585372994
PLGA,111.75987180933976,87.29951812273039,electrospinning,370.347292619492,0.18680011582463474,0.21312782904663052,4.872026725606683,331.06756128956664,5.052571482766033,60.571957931967226,6.124295336998334
PGA,99.26782200548504,79.11450137761689,freeze drying,107.49679806579007,0.12801852716824486,0.36286256744201434,11.054681974417932,586.1829042401848,2.452234697958017,71.32996855010109,6.4145834180726995
Chitosan,553.0158234977458,59.193486783076914,SLS,361.724135198216,0.5503638215462484,0.9643136848026808,51.18817149092036,9199.954274383275,7.672347568210968,59.46768001432649,4.082088568782745
Gelatin,175.21550427833415,31.27422235818931,FDM,129.83071892153492,0.35327010507626744,1.3648157265659162,62.14215405553423,14610.517664714509,2.994424608527576,67.45307496226089,2.4734134557277008
PLA,221.12550078543833,42.51476315204527,salt leaching,256.5043638957936,0.057900385721368054,0.7763897090021514,32.201745809446415,2642.686642402696,16.94568525824426,60.90370243224043,4.574695080703273
Chitosan,190.6983138285308,80.51433195396548,FDM,374.2722757285545,0.22806893252966226,0.350570674084996,7.473480061880566,789.5725792833027,7.314794352986963,82.67843937391953,8.229842891889719
PGA,257.970422679857,74.44849678447771,SLS,351.85335018229875,0.09907730779777578,0.43194950040772956,15.344951928475023,781.4026823850681,2.217123309375123,66.25184130569339,5.815316097411866
PCL,532.0501589527282,40.09907313589409,SLA,195.03410927469682,0.16779757732746617,0.8873927822637202,34.6882457182821,4955.047456376738,24.0,49.511319011752434,3.930467475601992
PCL,248.08279263430683,35.700286095550105,salt leaching,216.44952686377874,0.437114562869266,1.299763867991999,87.03283471081133,17970.988279955833,24.0,77.50188663430107,4.157425666133823
Chitosan,111.36749531653774,73.45949349734398,electrospinning,54.928449926707486,0.13176167533670008,0.43276496905598855,9.13704634042996,973.7444178257681,6.953454151317883,65.73459361458475,6.859569052057637
PCL,436.0583704667671,78.041685735283,SLA,154.45222837615145,0.3023056384526005,0.384517048704429,13.170972409224303,1430.3930562872663,24.0,74.67764039620937,7.700970765764662
PGA,648.1359197041076,52.03017160303113,SLA,139.63747116115962,0.12090978472326191,0.8278987247935908,37.92435330406991,2952.4913070905627,2.280818970469075,48.48967369937815,2.6902997252184098
PLGA,322.874532701289,58.08277637922097,SLS,185.94274185518316,0.12966181327794823,0.660065440841118,22.661788276339827,2387.3622213566923,6.366887832834263,65.18201703420009,6.180835615011924
PGA,428.86843897112504,85.53791014081247,FDM,312.8813356548351,0.2542765052503719,0.28084336346734823,9.358414315579635,601.4656571209887,2.1381399337332727,70.90840909296273,6.47217670246591
Chitosan,302.2550921593523,61.30257532589839,electrospinning,284.74352784889624,0.1427512421875913,0.6384357906669758,15.499858317435182,2041.4099863812728,8.435217488749691,81.30080815761649,6.774796101832467
PLA,526.80412402005,38.79447643833427,salt leaching,215.76676236428534,0.3080870789632253,1.1191101437017485,66.1276688684658,11351.961351024836,18.386837807026225,64.80666284918217,3.9057127149911386
PCL,203.51962218723597,80.45462843668147,electrospinning,146.5204150057074,0.41863788697953014,0.38785228708252123,13.618770843166983,1533.4739776211568,24.0,71.7678363259711,6.506291417102239
PLGA,670.2326579157104,30.621511335281085,salt leaching,329.28136981234786,0.16443987703937504,1.1361672297354268,45.55294399073634,6859.2284284018915,7.544183282947343,53.67312724534399,2.873026979091772
PLGA,775.3730413520392,91.74745855699796,SLA,394.3436529892711,0.23858414315955495,0.14622160741234666,2.7622798006571783,166.4215817120777,6.547661761457716,53.432612706186184,5.39155493783486
PLGA,498.87756053875995,54.31687292557286,SLS,181.23170103353237,0.1370179457060132,0.7254491916728057,28.184733588921972,3178.4058415082195,6.107184766273257,53.03714952270348,4.9092437537137315
PLGA,292.9460611743273,88.52675647576018,FDM,226.89732428423807,0.02959384202914231,0.1598870893759836,2.3989731973747506,65.1820354448513,4.69194382019875,73.22792639106243,6.553317568094218
Chitosan,296.82331923057654,75.10604331888314,SLS,350.97856135671987,0.12041636340659147,0.40097408888660896,7.775085259033279,781.316724772084,6.669879095582873,75.45692621028063,8.785835386102375
Chitosan,525.889215804685,79.59131672119952,electrospinning,103.57968659449288,0.10109937813177552,0.3218294066927708,5.6426679930595345,486.615723447866,7.8113808445103174,74.6942638547205,8.326079496480874
PLGA,70.7120429467026,82.67777898921318,SLS,154.991558618904,0.03537855319081426,0.24321007716972165,4.453926457406222,161.0795035852402,5.097087210728638,51.612392928143954,6.357544119254119
Chitosan,349.4981246953904,73.30526876037618,SLA,388.6817965329695,0.08453413427043444,0.41321701726589516,8.771358364815326,817.4927427722654,6.86138401427632,70.8605622762401,8.83691863711221
Gelatin,553.5881143665783,45.41699000057216,freeze drying,225.0556521988905,0.07705820150245617,0.8125798694889128,14.998337539774859,2423.1754492201844,3.0056825688869164,59.6238939652966,3.945672629820829
Gelatin,685.9533183189715,59.90671444645705,FDM,258.0668943704539,0.15802469159475283,0.6553024784959715,14.49547200915329,2359.0096028302305,2.517435483921502,54.78865060446984,4.489833976085384
PLA,750.358456257476,42.677566507648216,SLS,345.32697056327527,0.30700077132010833,1.0469205730606264,60.37595326877499,10017.761291574547,21.939147680739275,47.37331658705197,3.0526034990168673
Gelatin,85.35448120236879,38.822939531959406,electrospinning,116.77354953204726,0.18782230950690318,1.0327178184656634,34.65536578815422,7158.562744589914,3.2125306778735854,58.6144921619762,2.672746461493345
PGA,635.1526226425711,71.85006818275055,salt leaching,90.88431088424294,0.17732835540804975,0.5115608108507421,20.275052911414495,1495.9842497809254,2.2391151747095783,60.54422068391824,4.1091906571104
Chitosan,258.4207983805623,62.633747048650676,electrospinning,255.56101024714533,0.2452202523256161,0.6834793759197624,21.436143185605864,3189.1508399958316,8.220437302276126,73.31656982340915,6.4505345914590135
PLGA,315.9970638237193,33.92799401492145,SLS,213.32603026298142,0.475965671107812,1.4545738009293563,79.58516151490794,16799.335137512102,6.848506433912364,64.72299787766057,3.9290841343023213
Chitosan,460.10151943588414,36.656853003241906,SLA,274.9430457918174,0.5610834548033862,1.508767913668159,104.57378683391764,23477.035866833066,8.867967832139538,67.10983380343848,4.051664843351435
Chitosan,241.73275366922195,60.16921687412322,SLA,306.5393837025792,0.015197456810245669,0.5682241793720659,9.764710945583355,682.5001337162648,7.735030669885146,63.68636048439372,8.090964504621995
Gelatin,594.8491653451484,89.47793319940246,electrospinning,156.35151239605273,0.25069946913540075,0.18952967990817332,2.930645744429592,260.6437671251477,2.695655550515578,69.9220089001513,6.26711737290583
PCL,99.50482484744937,54.943137018334035,FDM,312.411225519938,0.07068943352464652,0.5797612157575356,16.101189674052176,1246.6323652114618,24.0,65.51964953928797,5.1863308358666265
Chitosan,515.2533540828497,31.694329450618927,electrospinning,191.60714156605897,0.3448164123112799,1.3684554222300274,61.41164341564213,13253.007378465232,7.4984628504023165,63.32664565228159,3.5678544927382863
PCL,172.7278316869907,80.49605293434726,FDM,351.2518970067487,0.11877352451342632,0.26976707222668694,6.586673546034916,453.1571402417232,24.0,74.38432379380419,7.851853923080612
Chitosan,182.32002245180104,76.90780571647024,freeze drying,266.3177829173803,0.30233023955336225,0.44546642098658257,12.226271733680043,1495.5238413567201,7.691346936409863,88.41797260135809,7.652841859118193
Chitosan,398.2511552077891,55.85801368294682,electrospinning,351.6684819065328,0.08732946348715778,0.6854484881294446,18.826878437755802,2279.9331150970243,7.518691741705593,75.15297008816171,5.883474606154527
PGA,662.5090544569425,92.85860120984016,salt leaching,211.30844684253648,0.21340347743036306,0.13395219072514647,2.3778007944009514,97.79628971643604,2.515818462590401,58.55898535086717,4.320696995322312
PCL,741.3164337701697,90.19398923113894,freeze drying,329.59766107022205,0.3616086491008597,0.18337488636274563,4.258771333442925,326.3940228240904,24.0,67.16167824012209,7.316960010196811
PGA,257.91875556641173,89.5668396765278,electrospinning,185.77727648760427,0.011417781440445448,0.16155715436689033,2.9562543112502926,41.89495597942423,2.4788076067558755,60.00795745290983,5.435337815621421
Gelatin,618.0063355044135,33.289704649216276,SLS,243.71973375451478,0.12387082379005838,1.0493312535624146,22.94737925235976,4603.676350198244,2.9742046653543106,46.82805465945193,2.588477890970562
Chitosan,373.22813187896213,51.578501890480155,freeze drying,359.4597304788101,0.1903912169089248,0.8392339626517098,31.761394708520225,5059.951970782393,8.344535436652047,83.8787428100892,6.28091549265459
PLGA,284.1374126161332,78.47584027008267,SLS,122.37872822516226,0.24885066695775615,0.38537279761225535,10.171726871917116,1005.0625042590353,5.3091166231736295,74.1278820807199,7.737850562052789
PGA,226.47332133223492,39.85987918950326,FDM,186.24221204361953,0.08607715653841892,1.0040062360111617,47.785143141337585,3460.451448247859,2.4176041079589945,57.2158517893621,2.8575659507566558
PGA,91.23640671716095,35.25258889384867,SLA,116.04715651774349,0.18180340994705824,1.1813304519384613,64.93111587535884,7366.543030360378,2.412277219926717,51.294976235597204,1.8838503368729838
PLGA,419.33169564987617,35.55529149273459,electrospinning,141.6265003859476,0.18381717416935245,1.0779724941616704,46.343800230326806,7047.207484431722,6.607176071837176,67.40747695698438,4.3763581017620155
Chitosan,579.1723927706279,83.87344671184982,electrospinning,357.18424374811633,0.29914009735953906,0.3101934736461957,8.244167422919913,840.915432395226,7.494125320612102,75.15590950053705,6.584363078091258
Gelatin,237.23756956872705,91.19985599250202,SLA,383.86586139523746,0.15902897490937745,0.1439925459514342,1.5862653340509658,121.0723913752308,2.775257932078277,76.07671258312486,6.035248768798572
PGA,232.29308045353093,68.71970277292404,FDM,327.8151785877138,0.12778862423035572,0.5433442591745296,23.484045163857004,1522.4351441461824,2.331757906295008,71.5269951465602,5.357937034335944
PGA,184.1250209369165,65.8655009902948,FDM,190.96339547174117,0.3605660443704808,0.721643243657349,30.84069322592333,3631.6000333609313,2.8152695808281663,75.16579418387485,4.612414741666569
PGA,314.89070057224063,43.69985062171987,electrospinning,320.2523306072667,0.16921901214882268,1.0157305872059905,55.0199626820416,5594.392031030828,2.364064614339682,72.07772906604153,3.6894044190205535
PLA,328.4643173250908,73.53928992100427,FDM,201.12360754786076,0.2566898204046818,0.45784372791254035,18.502562807075456,1952.0910550247943,18.414906600491882,71.56953592366357,6.56713626780394
PLA,661.9437432664822,46.03585147287686,salt leaching,200.77303284988574,0.0651761971264401,0.7363335411956646,32.250725925220294,2695.4218062044138,19.058335774508347,49.85350344883913,3.6562585320118326
Gelatin,280.89746827513295,88.52028917089117,SLS,251.08669019417724,0.16450510852107209,0.18896857555616448,2.4164733953555166,211.83880116865603,2.4044030192727357,73.92251497464997,6.772693927182341
Chitosan,272.33488346749067,80.13171929466189,salt leaching,364.8249592805978,0.253072012660679,0.3661477811333603,7.993885109193421,873.3834074785514,7.3633728625362105,74.07610029542916,8.087510330575519
PGA,92.62929580986471,76.65893544915794,FDM,253.3556826868943,0.27609078846155,0.4615151848569411,18.50765394031946,1577.3643227443717,2.3694057942369873,72.85148852245722,4.824237037295265
PCL,711.1514735087612,52.31122990236351,SLA,349.7180636924976,0.28780989386732764,0.821228679820244,36.75850851889173,5789.044295378169,24.0,61.37738248206181,3.6794738739920874
PLA,621.0870656055596,35.233475636955184,SLS,281.0658972449016,0.12187747285844391,0.9538722861219371,48.807920381133904,5890.334845774285,20.71605758137747,42.75030207031131,2.9194980467860696
PCL,235.22663597765919,56.58544840207104,SLS,281.010538720508,0.2891944581553631,0.7488293326909801,37.1294004190181,5588.170600382736,24.0,73.71982628879124,5.610661409125106
PLGA,340.01862097909105,82.1863142058405,freeze drying,185.29525580602242,0.2314274670784526,0.313322018548132,8.552670071593983,748.5342874538686,5.274577641800352,75.30611214306975,7.954829062750297
PLA,532.9756994401417,48.274847721951986,SLA,394.9813351098815,0.2822236313818234,0.9202148401628458,43.922123059497714,6714.1525675478415,21.567841732482286,64.72741808640163,3.9115931366192394
PCL,61.267005678405965,63.036378027440016,salt leaching,230.639497528635,0.484149594390186,0.7820467194192138,40.067386562792485,6429.259468659762,24.0,71.74880946244157,4.094255863677927
Chitosan,322.4385853410972,44.59215474615736,SLA,381.8940274258597,0.3645036552676243,1.129146170750546,61.54093620732807,12083.50023929762,9.621707981197734,77.0230098754858,4.726186726895565
Chitosan,777.6762968210154,91.32744993075525,freeze drying,219.2776327116473,0.1825783885438402,0.1491255547530747,2.09634661624502,139.81665513237928,6.169566243199161,60.245437615373845,5.011538770199232
PCL,357.8996948419076,37.682792683474055,salt leaching,108.35663673187014,0.020273012224760353,0.7388623417643263,23.23588277274789,898.0561908679377,24.0,59.48038932635514,5.176718055406985
Gelatin,173.85507356229246,94.42428029330391,SLS,212.26151280181034,0.3354382329506567,0.10893778822555848,1.5591137653668106,103.94605921151968,2.474151677639167,62.57560135704985,4.5351733198887345
PLA,200.27532105736154,50.004012864185604,SLA,150.03242412763288,0.524416328161442,1.1207276396185943,64.70045229823282,11875.155791028907,23.546846639167864,67.20780223153207,4.664411730863838
PLGA,310.80114182271154,93.15221144272752,SLS,199.023656622463,0.14301659886654958,0.10948655513630406,1.4945622310929354,66.52029711393794,6.062725270037141,64.0464942534156,5.789990401023759
PCL,609.4210541623638,62.51099989696878,freeze drying,65.80541912442374,0.20639319518063667,0.5843854152133137,24.059221304062323,2971.4335444062153,24.0,68.79780193013003,5.05284600932154
PGA,528.5361508602582,54.580007916773425,SLS,269.2279396916902,0.5403185792312415,1.0924943814492387,71.56396926964231,11645.28469045856,3.3432618882982066,64.25700127624009,3.3165001673658407
PLA,57.85142998737698,93.80826724544387,electrospinning,222.5445952364384,0.16482524392052803,0.09627006491230024,1.5123929533493297,64.42121062785185,17.659955978817646,62.259059499938125,5.487540854537324
PCL,188.17184770398796,69.88080917182438,salt leaching,68.23896501344281,0.3134717856161081,0.5341671414135323,18.39704272001338,2367.1821586912442,24.0,74.2628237900576,5.965401525513778
PLGA,529.1588042048957,91.73438665633556,SLS,67.06069937381434,0.2230500891243521,0.14412920765789294,2.6765760372077603,157.36562796811486,5.647349484596106,59.02898409223119,6.2510646097747395
Gelatin,721.3471111195935,54.99794653591418,SLS,191.29086210983235,0.36236611627710735,0.9010576698541181,36.69677730446804,6996.532202540515,3.0166758280873114,57.11989902581702,2.761263288561814
Gelatin,673.4997377062348,72.00696140109534,SLA,247.3675272821004,0.09146265791494934,0.4239917399259016,5.516931000409511,668.7437231093619,3.0405422682609817,52.759626271580984,5.921833060697056
Gelatin,621.6505796945619,91.95686879920754,salt leaching,394.9163896515513,0.30226327360101557,0.15234284821227023,2.3229996983515617,184.2284875810257,2.4986418110781146,66.06575168936136,4.945300123403659
PLA,519.5333528492874,40.32045860867205,electrospinning,122.15769562092248,0.3262877900322211,1.111954991563082,69.8890964930793,12089.472930712991,20.071865671644957,58.82942978174373,3.616208107328372
Gelatin,594.8531991353324,61.322907593736495,freeze drying,233.95824643993072,0.19519092528843554,0.6580302616609655,16.642078212864682,2748.5372143206037,3.3931228030356837,78.50150436977198,5.06079521684154
PLGA,764.9572930840475,69.82298106487994,freeze drying,330.3103696677128,0.04053193559201748,0.42651076081046535,9.540993002691014,485.20516453820886,6.349924414490441,56.14806090114023,5.994354708982799
Gelatin,352.30665702517103,94.80414855790602,FDM,110.67527557398394,0.2183072781339682,0.09056125381468454,0.996237980768361,61.22493382890451,2.2903378858836825,68.93109097836322,4.9355994576046385
Gelatin,382.6928497851138,57.07474289783995,freeze drying,164.29790923559693,0.33664915828084585,0.8396045009829203,30.920087830577675,5721.564980529563,2.892821289276668,82.70333915046527,5.168841627873922
PGA,599.0898503079726,78.22158153130214,electrospinning,398.7948587321622,0.23788174474967727,0.41713695113928095,14.988565564589544,1141.1814938230955,2.566651900459302,61.78597824980198,5.47316024991226
Chitosan,590.6623058810931,94.81471358428084,electrospinning,140.78348069293668,0.14753004014462154,0.08598125629883537,0.978790301608613,47.63274507526403,7.22782160848726,64.8457096109604,4.831106998779056
PGA,303.16160982524394,54.80002476078052,FDM,390.5271843762958,0.28722336574601504,0.9018759432815496,43.88828678472482,5312.066164424515,3.1140674189240722,65.49317475575293,4.151279498232506
Chitosan,97.64254812948136,47.91352008185804,freeze drying,286.86854509170905,0.0633635878546983,0.7869674781648527,18.76763903733212,2226.2748213075697,7.2110288014950745,66.67243713276963,4.963357445069979
PGA,311.4256300105467,69.4833283581857,freeze drying,383.1691825156346,0.07164948544546243,0.5023264380141936,17.624541977447702,825.8372736461349,2.487005627666653,83.54302369910316,7.000949318334694
PLA,624.4095937623923,44.941461234269,freeze drying,151.74544124262673,0.5168572664963295,1.2262623323104587,74.23391955897569,14241.18588871693,20.541063378970396,58.67750751920007,3.541607282897913
Gelatin,215.92179633148731,39.83061625262392,freeze drying,100.59629876776901,0.03368410057698979,0.8487682089180152,8.42621305564033,1050.2677801879418,3.335692381160279,65.02115793943908,5.520248103288522
Gelatin,674.0278570073331,30.309337604543828,electrospinning,312.21598166241904,0.04548110932712145,0.9978768977774289,15.121746936804016,2306.228808140037,3.5665976648158253,51.45447968131792,3.18868029105149
PLA,71.1732897118011,35.64026333383467,salt leaching,277.34363729217,0.6787835995866988,1.6324697087642444,106.97829674453425,23782.235635832738,23.59254897134357,61.33119429687968,2.754260260663386
PGA,430.6537438190567,52.239185624307545,SLS,248.92696559665782,0.2602864024567503,0.9321306068946034,49.02331475634777,5796.306871744029,2.564264776356004,67.0775541153062,3.598247219734796
PLA,447.5184776187127,38.50397785728091,salt leaching,97.96821321322034,0.24660324652184987,1.052204441903482,55.31889360256465,8761.11961988501,20.24930021558068,65.17910378396053,4.7321248711805755
PLA,243.94702897300786,53.644501073812826,SLS,355.62408089270036,0.1678677358682421,0.7234366062955528,33.002909006446174,3876.7444082732595,19.83553494076976,64.18268723038497,4.878147808691491
PLGA,194.07323390101448,47.29570283148173,SLS,184.40526040451448,0.03521977771401692,0.7398354107765065,20.7574036673272,1306.761128653509,5.359002203132391,51.13750275473122,4.228513165558447
PCL,561.5620273144598,70.11959809594076,SLA,226.06759070139438,0.20934030240384577,0.4675468078308897,14.720768524093215,1632.47199126948,24.0,69.54619328049601,6.145264889771611
PLGA,384.41596656646755,65.3554215643865,salt leaching,330.34559304484014,0.07297140600681161,0.5099953021783964,15.994976458429411,1161.8035368929789,5.252243832022771,67.81249803825983,5.968323219316902
Chitosan,151.47580417551507,72.64050107879481,freeze drying,331.3209178024766,0.7266904035461779,0.7309659778546292,29.720396600545968,4523.668143338146,7.622229935832233,84.04203015349182,5.388620176852072
Gelatin,799.4345689130192,72.41477272116269,SLS,180.34390040505443,0.2995477525166835,0.5211362392769809,13.41738706567401,1968.8831701809977,3.0640615137519465,57.54476426719835,4.172203895565988
Gelatin,799.4746069726239,68.33393554458686,FDM,288.4039253156562,0.2944786798390133,0.5953415255655663,17.843615545216103,2800.683209654528,3.2644465016507502,66.82986015884346,4.133471209325381
PLGA,90.43434415704209,70.15090439065374,freeze drying,231.42417670796405,0.2550394987006743,0.5377677218590987,15.98602043473106,1876.634993979531,7.120371061240138,77.35588759964074,6.376477780635481
Gelatin,102.35951813625273,40.416483605825114,SLS,199.51846097911437,0.26380788444138453,1.0873122966568258,35.1814331223013,7488.3216673515235,3.0490672877684255,52.92640809821795,2.269107010039723
PCL,372.20106062573524,76.46441786588609,salt leaching,96.44101413904606,0.2632387560359365,0.3937017365750977,12.161396566070188,1304.9966985025449,24.0,88.4519972169618,8.655923000853074
PCL,138.99188353204246,39.54571466161315,FDM,115.01566967217354,0.3470190353948413,1.1128262621859402,53.54952805715197,10069.0321538095,24.0,64.59820332872165,3.9332482853392916
PLA,391.1223293289873,80.38427966294702,SLA,117.56355945282213,0.09528866991391015,0.2789358098755883,8.09107397251123,481.4951529640544,16.93230301448051,70.93736599463399,8.745039888272007
Gelatin,193.84966809244412,76.51110722668119,SLS,161.67441420404,0.494886899507501,0.526338268153938,17.798383243363578,2506.9253606433585,2.93094965427812,70.08409096174522,5.601602169434067
PLA,166.63741092891948,43.409385420909565,electrospinning,213.88956808722526,0.1033935135513315,0.8134796780601234,43.51478375279909,4561.563902745862,18.97869276648982,59.25122919958249,3.7170755281290027
PGA,477.0815142659326,91.54234457093638,freeze drying,154.70777907245133,0.3765537321135715,0.18099526787593467,3.9540129531491552,236.60479127101704,2.2635806681683226,72.08296858712217,7.2538367756334
Gelatin,434.39197942298216,69.19553770746569,SLS,207.66464408026408,0.41109174297051293,0.6438025226611459,21.802628897254785,3473.0760286338746,2.8772132961457273,70.21708607351827,5.130267580268577
PCL,785.4725938599103,86.60083222962427,electrospinning,160.83555173502566,0.13126535479208123,0.1886853435223068,3.715045985088978,223.0990488339602,24.0,57.52748676890171,7.067308623907301
PCL,575.7057042633145,58.026986467491774,FDM,187.4656970941424,0.06648055992112509,0.5365383132436423,14.97998974721303,1076.9237249030678,24.0,58.08467434807315,5.667526069854426
PCL,417.0999925644903,87.51816008909054,freeze drying,256.5475148465932,0.44279485232188337,0.25373130090404683,6.241411681669056,569.6432024214058,24.0,75.08687872328123,7.851407981048657
PLA,571.920988597534,64.92139768021701,freeze drying,56.503116919284714,0.48567177605668527,0.7603753921888008,37.25059600809694,5605.2079861640095,20.264989326959594,72.47621759406401,5.361201656175678
PGA,97.7474999307557,34.279453240679665,salt leaching,64.96061228361314,0.5351093619952555,1.5752407789286211,116.48873821515163,22710.87673677298,2.944841435933807,61.82712547474932,2.0317246270396683
PGA,302.5374479600713,70.24485085233128,electrospinning,392.24648056481993,0.03202013230364996,0.47068855572058704,17.545799411635688,563.9567444160352,2.2560194549899055,65.75845679458926,6.4491558874798764
Chitosan,612.2513765789676,57.98636515869964,salt leaching,210.05373998408214,0.5340939315796688,0.9808773674942015,45.61110906954432,8284.065204491017,8.00485875565857,73.51482116301604,4.417311149616454
PCL,179.3787102386697,45.709188020966224,FDM,212.28791276421777,0.2313733029296474,0.8734867591106831,40.970182060478635,6368.98953488838,24.0,66.64366766701005,4.219080002466721
PLA,238.288493329449,40.60410933107237,freeze drying,189.49718572790925,0.2848728900585345,1.0596863738146534,53.38157378370906,8774.52326703578,18.019974216486332,80.67168483517854,4.309557964335882
Chitosan,318.7484705345885,51.369540344261,salt leaching,82.07111323396722,0.3054156843580882,0.9407452747174496,37.766667258679405,6717.630699976546,7.768334813116911,78.34483794097434,5.411847594028042
PLA,271.8398542604523,52.80448504713952,freeze drying,202.41095967620183,0.21317883463967735,0.7773911065827919,41.91924242732667,5489.536801071508,18.338578644971076,77.98637471202551,5.772009241345826
PLA,231.22846105803328,68.28746295499562,SLA,289.9874330581624,0.17551380942162753,0.4995458336570446,17.278159266052114,1710.8955533029807,19.23958109288904,66.81873111299575,6.749571362897871
PLGA,508.57310542091665,37.52136447198302,SLS,228.82570180795167,0.10572615372763279,0.9567755434993819,40.565621224424795,4742.1977889993295,5.909729682738897,52.71287873126511,3.2368171430983095
PLGA,610.2504396040478,62.95454307506296,FDM,133.3649969598467,0.3017842374018246,0.6987623257021826,26.15803344143443,3624.3349149132523,6.805084499022398,59.00729015048593,5.044125536787873
PCL,321.09024378797545,71.12183635977276,electrospinning,50.36026044787833,0.12023253068852698,0.4002704723374455,11.59089611582982,976.5996543706401,24.0,72.57559242926784,7.841397620422536
Gelatin,253.33382145157222,65.34636234544168,SLS,389.98869344632436,0.30404653829396405,0.6574778425634501,17.981772399416574,2961.7533364452215,3.2926367290454777,82.87324541415941,5.722455319236336
PLA,694.2787771597247,75.56383039141875,freeze drying,65.45461718910592,0.08297146897967982,0.3417338465198248,8.873766258388331,554.2773735892974,17.324967582884106,61.860509177776585,7.521356806525128
PGA,681.8952884657077,92.05898913148721,freeze drying,300.64727210374934,0.048611865042322865,0.1277511093362098,2.5686998163575363,50.830519530317716,2.307438105127287,60.01571718068244,3.9953083449551974
PLA,184.55543067657928,43.715859884178435,electrospinning,52.23200916219216,0.3489663851930717,1.0730716502066326,54.68479062822355,9400.81373546323,18.777208482091858,69.8590064450242,4.601696258847831
PGA,786.8516343400204,78.59866505521026,electrospinning,251.5166593006809,0.24904466670011752,0.4137846155731394,15.920705371840521,1231.176574946154,2.340180945446635,62.29674459882123,5.0145221444742605
PLGA,212.8581183799391,36.92658744316836,SLS,95.66182649690414,0.257023680295561,1.138609355558788,60.779865638228976,10400.600982991265,7.640147289752273,62.67967842808855,4.023416765969346
PGA,582.3254629561651,53.58386710724678,freeze drying,79.97763787039356,0.15429976083271654,0.826191204166053,46.37419371322662,4067.474563024441,2.498914521278277,62.149136758463406,3.0676930634156343
PCL,353.7143643573503,68.41809106568473,SLS,359.8941824714307,0.1310468463485257,0.444593984126452,14.726866171549304,1356.6174062047874,24.0,64.36485420911046,7.1847150814583305
PCL,481.5362777074564,93.57637775552136,SLS,338.03261200777564,0.25916093866972423,0.10692875170858336,1.7388412487325764,96.94246196332809,24.0,62.23529432329968,6.938584036666186
PLA,504.32887746678034,38.32160958596999,FDM,398.77110316188714,0.26504057140470316,1.0770450096523183,62.06445684566511,10119.648377986752,18.714756117342557,62.19941627703338,4.248590507369434
Chitosan,114.73870511462337,77.98422886012224,SLA,145.62064108554372,0.48885721947757815,0.4965657475799573,17.252652711600366,2239.9359311928342,8.537540332199235,74.63283275988469,6.803770467681186
PCL,102.58234454323313,47.459857528920445,freeze drying,104.08878931020229,0.49006851048502187,1.1178374319913904,66.98568368225935,12850.767361275888,24.0,79.45137238685301,3.8361140768166293
Chitosan,562.8854060987658,82.49121419605636,salt leaching,117.0058520982451,0.4351128444865293,0.3784432091617483,11.82084363056742,1344.4560563824887,8.298368251891484,67.5599767561528,6.29305049497123
PLA,629.1317632116819,71.45574240070235,SLS,270.8707660313599,0.15990943193564855,0.4411306681699053,13.62437746761139,1229.9051472682208,16.317469930238346,59.89957816468283,6.830135792801088
PGA,499.30363275143037,45.71139258593567,electrospinning,164.679260472575,0.038264217489239506,0.8642681329519154,41.581300898607246,1938.0490765206582,2.3002723211478924,51.45460764727791,2.9695232260633446
PGA,134.37346836041405,77.07483542494435,electrospinning,184.9805414216289,0.05136487117334203,0.3698312976237628,13.537442653455768,466.8869014010711,2.024339223322277,61.75398332292896,6.34662026774642
PCL,266.9537702933585,34.0316168979309,electrospinning,350.3273252787303,0.3964998752371872,1.2797749226935569,66.16920746071841,13493.612471491168,24.0,71.35789684677037,4.138025657856522
PLGA,721.5976683192301,88.87340131653158,freeze drying,390.6082601808653,0.033341094579977436,0.15581103327944415,2.0468469235258357,57.74786320753072,4.751920219239112,64.0757373453719,4.370879637068431
Chitosan,130.63355979285265,66.48738911225703,FDM,281.3582401987055,0.09303521066111033,0.5237389766689388,9.956439066128238,1071.9063271376726,6.9924768862561635,65.48785672031846,6.900500790524367
PLA,499.696746695118,92.74764903395997,electrospinning,327.6350437004319,0.261205467174109,0.1261113080728224,2.312639152145341,128.58871065080527,16.65213384656882,68.06284915203956,7.790042509117
PCL,102.57372414446657,69.95196916952607,salt leaching,64.82342781074964,0.1451638504916426,0.43150580450254244,13.199377020223572,1247.7387155524955,24.0,76.77923395162365,6.874366835273505
PLGA,668.4617455587563,94.14999217273402,FDM,155.06370731265315,0.4165655189322194,0.12249820387380314,2.3619253177165622,143.27218759270096,6.8900934523963855,57.79212969576425,5.790174558442464
PCL,150.04129198783747,87.95298024587666,salt leaching,187.2441009804786,0.03251335611313235,0.1457917415042357,2.3002209650431107,54.592336497194424,24.0,63.725194380720566,5.85644719367652
Gelatin,729.095704526388,63.85621355000377,FDM,392.1024826340793,0.2656811168640948,0.6607901050061311,19.805416522061858,3285.8185076723157,3.2573028693057107,58.23692524788072,3.9112816746662853
PCL,719.6534392460763,71.5769213442735,FDM,135.2412910726733,0.25580293209997496,0.47122192313990163,18.462706805311996,2155.128015755473,24.0,65.71810958351095,5.601304742362285
Gelatin,261.2971935872457,71.82980608857251,electrospinning,187.79689802515156,0.46933684968273476,0.6182811989804115,19.93388586878164,3064.4928911505326,3.029898072528109,87.57087244586249,5.691055616218153
Gelatin,338.2772568007597,38.51774359445311,SLA,354.7325671665646,0.2744841139573811,1.1337767095992701,39.752277877219285,8631.688042742764,2.8955563118112035,63.54250134826265,3.7260375012942797
Chitosan,88.52080477453615,69.52929125490475,freeze drying,274.7200013580923,0.035284707860475384,0.44540504841784906,6.576774839483133,496.85361004794055,8.23150243991158,79.31711766835478,7.128118692989447
PGA,725.9494737524768,71.34941254855008,electrospinning,237.84094415197052,0.0689932474060406,0.4703764805147177,17.993557758618547,801.310975803149,2.108665457535953,54.83420138875456,4.569739633236165
PCL,633.7132746338434,48.35095583685052,salt leaching,113.7382418200731,0.35459215446403186,0.9585841898767347,55.216812022208835,9657.43048103958,24.0,68.08185166371705,3.569065785284358
PLGA,102.52641899837377,64.80869368994661,FDM,396.61413308440297,0.056914605721911794,0.507815982309626,12.53016780676997,811.0916768022498,5.009544264795308,58.12217468078822,6.015628907772099
Chitosan,271.40675065877184,48.53770270848732,salt leaching,327.50274548586486,0.03327814546536901,0.7504421338480355,17.671620691285998,1705.5318601762208,7.788444122758227,75.84681027522063,6.150910327794513
PLGA,690.0520416356587,71.09811987732907,salt leaching,139.06896393448605,0.13692248742273921,0.4589126370921682,13.875232188896666,1244.182941497318,6.094916811808076,66.56667982031894,5.800513830171191
PCL,497.5911725108301,53.01428101658294,SLS,212.4788081662196,0.1819419202309535,0.7093873546623863,32.3135237432582,4237.376165147154,24.0,57.29734622306208,4.469360925182948
PGA,682.4446104858071,31.773697292286762,freeze drying,130.5634476049402,0.18494310868785285,1.2482737806041087,85.59724011203282,10063.101907968807,3.166260052044199,51.37381076348228,1.4619483055754299
Chitosan,628.2555789574141,82.90454692679549,salt leaching,231.43936677578907,0.12881440834646377,0.27787380480305574,4.944489052598132,420.1037160456552,8.08004983349402,58.978346816797234,7.792790249947023
Chitosan,541.1417503761372,32.60837129008662,electrospinning,263.35345370626027,0.05258982739654414,1.005504799070748,29.779397001474738,3784.324798636771,8.013741047474777,51.600419580739384,3.7780251663112177
PLGA,319.45768682341975,30.234275592738665,SLS,323.5884227858669,0.0890225268327445,1.04727475847953,42.11496179768141,4787.570560858174,6.349532599651403,58.88973553204428,3.8270241951861363
Chitosan,141.80810501492516,79.3427412129769,SLS,258.44224814204864,0.03948453337468869,0.3034753619384247,4.086478451982471,262.89516912362376,7.986753725678652,61.386491854243616,8.169656572639605
PGA,463.3734511052395,93.01922644159264,salt leaching,393.4356102388368,0.2845859000940945,0.13898923701248572,2.9537199687757556,139.83459964057843,2.341617083476198,63.18527526534139,6.85361733624502
PGA,262.1959468121779,52.76398345854812,electrospinning,144.7440133227517,0.2920201103405757,0.9461716946364553,56.462303358169656,7045.534860018472,2.704995567583925,69.93087684073865,4.177215429769486
PGA,292.7931732401813,94.33003640612394,freeze drying,96.8746226079792,0.17967711770334308,0.10325439898599845,1.7891372263165406,59.67814501795178,2.5254528889678176,73.83106027152428,5.438427901779594
Chitosan,96.33825817157758,60.53387644446367,salt leaching,143.22686193940643,0.14894185991857237,0.6553934920849194,17.164136914793424,2310.6390215937613,7.105123008161102,72.65404319923786,5.978805563310045
PGA,483.34359122036784,77.46984300376846,freeze drying,189.47069119876724,0.19682447731742764,0.41655008131188087,16.06624911548438,1123.1379231623516,2.2601029665367665,80.17838500052821,6.384186373418619
Gelatin,468.8369005099917,37.35131332625676,SLA,176.5021852942759,0.032550100225921176,0.8824632486400819,10.279177626704625,1286.8294264035467,2.9923822087667915,57.64737529116484,4.485526732590979
Gelatin,718.3273581257771,50.89332344495611,electrospinning,192.10202064872655,0.17078287633147132,0.8138985639377858,20.705871280838473,3776.9103189728507,3.0566954229149044,53.42557702535431,2.8463633292948316
PLGA,120.34875121928741,72.45047442955143,FDM,166.61302146230213,0.6555767902516798,0.6960646574344163,29.15077991041126,4269.876638016968,7.314015243380095,71.15553392650554,5.128045251493166
PCL,649.7861933959159,43.896228253713176,SLS,141.5771546356101,0.29862759001358896,0.9783085761476699,54.37114137523951,9401.12989825059,24.0,50.12696508518134,3.3289001318667246
PLA,636.0758860434611,59.74056989210123,SLA,162.49493535700273,0.19064985272228416,0.6458181127743461,31.259003504853418,3611.0623801492534,21.08286075328279,59.09254804568457,4.672454973047606
PLA,412.0325346793564,38.81641809884097,SLA,184.48068831377213,0.18915540796440028,0.9797246386233992,57.19961983954918,8119.149114021993,20.527638086072873,61.44061986732347,4.097062446852099
PCL,640.5924071810554,59.31851037416973,freeze drying,90.93091502257815,0.06295475145664244,0.5171529722347731,15.8550484512968,1083.732539198845,24.0,70.1815663012749,6.1837608312926555
PCL,642.5926960412828,80.91337287766932,freeze drying,95.95163793661462,0.05776722904095389,0.24064864084061519,5.208581561625824,230.61415875218125,24.0,59.46516101901322,8.040521488114157
PCL,537.4779666879161,87.20368376671544,SLA,139.10206137487413,0.24363115233468927,0.20902532532567,5.261193005814513,404.82546057549683,24.0,67.36895066641364,7.080861161045509
PLA,422.58213169079585,48.86303220792624,SLS,319.5427726844187,0.30557392927642624,0.9325573724502798,57.18581761346442,8946.974897844388,23.2212923795336,70.2005474274409,4.769203760776676
Chitosan,486.50696066143473,57.29569950064332,SLS,122.08202565101898,0.5935596422819415,1.0414423202362204,45.89967251491381,8522.940305407987,8.90980514792443,68.40965605978975,4.771917246600659
Gelatin,66.96616784532551,68.34744202094576,FDM,321.72861162966956,0.035454236983882635,0.4475094439684708,3.5135640761140614,325.0996394550438,3.077757884086203,63.19629713105475,6.132444400824163
Gelatin,149.7142030744752,39.081162392195296,SLA,65.93392492991023,0.4058193726310348,1.267401107974765,64.00205627359841,14323.683852247528,3.0689081153385582,61.595367538818685,2.3590568801327128
PLA,505.16651131040567,64.46064985359288,FDM,232.26809374864007,0.15877154449770636,0.5484623183173741,21.414904177485777,2150.4369805356373,20.94911577986108,61.54708147565135,6.069195303463035
PLA,389.12971669283075,87.5291958095834,electrospinning,170.8224852923663,0.39420538968697716,0.24853468406999518,7.69373641889455,648.0320374225439,18.439592976627193,78.80613071923716,7.737834289931643
Chitosan,738.0548437768913,56.54739903489269,SLS,131.5351343879705,0.18871755285016178,0.7518411125959209,25.623701921975606,3858.2735971942316,7.261339046514078,50.46961288617115,3.9216130298076144
Gelatin,534.1802276548783,53.672655583972464,electrospinning,225.23332407795158,0.18258626167164788,0.7776764089581243,18.621395266677084,3333.297805299633,3.4546552115956377,65.5251377589609,4.259854238541378
PCL,713.0780172111583,69.25533848504514,salt leaching,292.78696275817276,0.15514281347267597,0.4476611307444718,15.540662299229892,1533.9043341042282,24.0,67.56017145477921,5.920744708154051
PGA,500.4096792507772,38.73402490298154,FDM,186.92635776449737,0.17647513199286421,1.112522539863452,61.6525565213589,6693.138184202037,2.643213724918488,50.88018955514036,2.329214345506643
PCL,678.3616931075846,34.121129346087415,SLS,154.5453154705355,0.3174160036810744,1.173578776379545,69.84759763940106,13344.153338586017,24.0,44.95351796162524,2.5115734821771025
PLA,176.0801459046003,77.73114537717494,FDM,238.33392741549295,0.1702430934308069,0.34854416445770847,12.292622881805173,1006.854569542805,17.414842484775928,73.24826166500688,7.119252146457996
PLGA,535.1596574894008,41.12745917338414,SLS,270.7503974198006,0.10532478146162777,0.9011253957660913,31.84141843984648,3606.749282565402,5.9246036030995715,49.768564363964515,3.4520418872114713
PLGA,767.3053153324377,72.93614289907877,SLA,253.7335762988896,0.18457901565366736,0.45307278902532444,14.48428924327505,1429.7548905514636,6.428721450487424,61.169127249715174,5.621294455196413
PLGA,90.93523294214529,66.80445241269216,FDM,371.94680864576844,0.12124139479750172,0.517666945948917,13.446302948461286,1222.1428069999984,6.15365178329239,59.63906313323671,5.663098535957024
PGA,725.3866193473525,65.85703784637312,electrospinning,139.38908095755582,0.7025205746243373,0.9109626818934873,42.35841208663907,6613.977966740668,2.963167874731123,66.51136795871076,3.187799475077048
Gelatin,306.41099154208626,92.24635910989831,freeze drying,123.31395113183244,0.07064314292883761,0.11453350012550277,0.7472817965134059,44.34672203141534,2.6422699436450303,77.20847587620064,4.800693015828293
PLGA,335.92638924282784,63.96541403523495,salt leaching,152.02841230595357,0.2562006794679343,0.6499641978220364,27.64016905215842,3570.912735509822,6.4450618246464515,81.22170947175371,5.524836470185935
PLA,662.3100680971232,31.316160197527168,FDM,239.98882585960138,0.08306307023539157,0.9606468441930525,44.92108604184474,4706.430831769627,18.43176571635006,49.69345627866689,2.8879341101525906
PCL,140.50508720118634,94.37318925216556,SLS,339.0388167466558,0.012790123156675423,0.06586993349170872,0.5002591910274548,4.234395538968823,24.0,61.797408391629595,3.686218519932116
PLA,56.391047241184,37.93204848660801,FDM,255.51709516349098,0.3150887666348083,1.1431796617032226,68.92217931547799,12010.27340048532,22.860991979907773,52.99346262259162,2.9006591328671782
PGA,127.69149097402186,88.68190373065445,SLA,142.58109348839727,0.37972767176405825,0.24279114131257976,6.679544110807939,464.21288229896754,2.2476849233770624,69.2878570973457,6.55322442781822
Chitosan,330.75546151259806,38.76589380358066,SLA,297.63142987146273,0.15396868565953553,1.022269846600355,34.686490083623944,5870.793637579921,9.12582115392125,59.141331828970095,4.727961661032967
Gelatin,329.73904106226115,48.92658091352418,electrospinning,353.4478943153548,0.1433926146742223,0.8213150775243414,17.595173691402266,3177.2335172852295,2.609054196983509,67.55044020233231,4.68563418816254
Chitosan,276.95421568152784,92.83534509163088,SLA,148.64783548182143,0.1494559159453489,0.11904416979801394,1.30572251594821,74.9666565599589,6.87574700109901,67.07546243484308,6.054397781386381
Gelatin,488.1971954545952,32.476026253319354,SLA,357.10696927784164,0.09630345600634975,1.0286239022117616,19.527622248540013,3724.2811666980137,3.2942441127098654,48.486641060011806,3.7317360897196434
Chitosan,335.5756791182899,63.50245912044935,SLA,213.14179674371564,0.19937551310389887,0.6383081012618004,18.95420842952836,2652.431974663695,8.90781826378566,69.80552002028442,6.369930371478128
PLA,703.8043159341236,63.21349951566116,SLS,280.91054989431115,0.09880725207696774,0.5255767708097658,18.64986951407474,1544.6394494124793,20.300130607708297,50.1717848752559,5.536611905501699
PLGA,222.00242892880453,57.95979894329423,FDM,354.9539441279003,0.21988390227197513,0.7306544327975658,31.966439349683913,4215.5174970977905,6.132581298217834,67.1421991453644,4.426148025199525
Gelatin,738.5356774110863,45.95863038174988,salt leaching,135.44904154324968,0.3639304261656347,1.083569866009775,46.55730658974418,9730.68562082182,3.346299485005766,65.33061306552153,2.5254083581343627
PLA,539.6212986665014,58.18530554532978,electrospinning,89.23855396594688,0.5809878481399574,0.98251435185822,55.44256795170229,9562.819711267475,19.842575087055987,74.67859794893431,4.929975210596368
PLGA,291.74137420270466,89.92529859097404,freeze drying,360.6198153475675,0.13975647085099757,0.160485884200783,2.8213793451674394,150.75176915484582,5.717441033598804,78.65771663624288,7.800801204431344
Gelatin,672.1797896147713,40.25998596151098,electrospinning,58.901319476679056,0.2206621425162121,1.04377266036987,33.03080883046239,6892.650147069282,3.2437102188545857,56.750048929323874,2.557493542530076
Gelatin,676.9408146403679,82.88554850398569,FDM,74.99219572702654,0.3004783600799655,0.32361049694162214,6.14436314768881,710.4008999577986,2.699272163194792,59.504064548371716,5.351386839811862
Chitosan,777.9339913982592,55.67879824329788,salt leaching,365.4160687643651,0.4659171085296825,0.981871932552088,52.04531126007493,9518.798709433519,7.0724151203908905,70.63719781993595,3.9161172998906184
Gelatin,156.0314947857914,77.0100248120563,salt leaching,247.08911404117347,0.06090278603823967,0.33556742875536394,2.880004329732909,280.66068453135296,2.3648671212902226,65.9162882386961,6.059102154483639
PLGA,551.8980870341005,62.035532028820896,electrospinning,294.23107971684755,0.2336412824647913,0.669272083240124,23.941635195841023,3069.864928588702,6.236761417618371,65.26644800951605,5.2660418187450455
PLGA,105.13120760200643,42.45360791369468,salt leaching,243.03698737622622,0.030509803445777924,0.8029003508758512,22.865686181177022,1410.1351805078034,5.838122526870415,59.18173867152224,4.1418911192687915
PLA,305.7831013926569,76.35596959501841,freeze drying,233.47270163169458,0.3282025458021872,0.44140256858581206,16.774687667843065,1830.1419050878108,17.390545917758615,88.99098749387669,7.312712881847517
PCL,213.03882820795573,30.96222248320017,salt leaching,143.97781468877145,0.34756306421062305,1.2715819316429637,68.97956136272163,13867.00216782451,24.0,69.84621001674604,4.186770314193476
PGA,304.69305604686974,39.4291168460225,salt leaching,350.36454359923937,0.33938488204618183,1.2597553532171162,80.86326899468442,12317.349682035048,2.871436627956272,76.67807920108301,3.289497857901349
PLA,781.4876128662082,75.913413574445,SLA,54.23398062199036,0.054536935825601804,0.32376359628351464,9.779150935618498,506.82225097453744,17.611308260876243,47.85480036398449,7.236775703547876
Chitosan,631.6613380957168,71.01029702239997,salt leaching,83.98985362978063,0.33958696350961687,0.578135032812556,18.09914139120145,2537.3156747560292,8.533014765720173,65.66300574325271,5.305032976181817
PLGA,102.23111810848899,67.68241016299534,freeze drying,100.75495891285702,0.24591512418248837,0.57690335635249,21.949260115543222,2646.0886026607973,6.0684486965310205,75.54212650383623,5.628604762269724
PCL,519.774615388618,92.51384696946401,SLA,207.98646459189908,0.3692626742442092,0.14114180780117216,2.9752337047774646,200.4229619694499,24.0,57.14702080014497,7.694178789214548
PLGA,185.774031782001,48.43175636345416,freeze drying,266.227214773185,0.22654233809470337,0.9024657325056876,39.326312848804825,5809.3060074766945,6.1330498035644965,72.16968599702594,4.002141428225062
PLGA,761.2883197044625,30.893349254912216,SLS,204.1273759125793,0.31649170835840523,1.321906563337829,76.74446195119914,14749.130670518263,6.427347673615848,40.372072725068946,2.1227589020806517
PLGA,155.7881908026774,67.36395174561989,SLA,261.2269262073669,0.04587310939910814,0.46442086452458586,10.67333835747534,598.8350687973368,6.144580160280841,68.37990589435145,7.220910204183039
Chitosan,217.82942681390494,64.78346302078005,salt leaching,246.88299526160304,0.24846997522451417,0.6461609289466786,19.966689282786596,2892.4118103277915,7.734835621498603,76.21844717759038,6.868303674559044
PCL,758.4224476866895,67.34875623078142,FDM,93.36781070893133,0.05652788507865665,0.4108631415545577,11.24566976052941,642.0247908666746,24.0,54.80925272447551,6.030801948977347
PGA,58.776970108169465,49.56340850167659,salt leaching,376.7703054115724,0.14131530887566027,0.8871447425251294,50.197998193909925,4370.332295257733,2.3990656454004244,64.43660742462541,2.7426450669623694
PLGA,547.9901464002618,45.648173977515285,SLS,91.65930228007498,0.2731504998684782,0.9970312035884886,46.17597569874442,7493.398885446957,7.267405948960999,58.745979283191986,3.581148712834983
PCL,247.5522416047886,54.35120152418632,electrospinning,376.7046404159672,0.10267975172782323,0.6166572487961748,20.302152520245883,1974.3684453099459,24.0,71.86549932745649,5.655494332690024
PLGA,237.9213174259854,91.9992081718723,freeze drying,207.78679401053657,0.04440127049006933,0.11364055082683863,1.5069149836324467,41.20990973997334,5.698073762501084,68.0174578029607,5.51660643798061
PGA,278.8341047588069,55.92339954149034,SLA,342.33643210992557,0.23535089472883577,0.8424221581583516,46.76673644357918,5036.720322968627,2.2885855938601947,63.339977483473206,4.0257656101309935
PCL,319.90850925037574,47.82349432891591,FDM,228.8865072799996,0.15311898747013802,0.7576047249815434,33.480675842635,4278.459544951699,24.0,72.67156594329528,4.824377241761978
PGA,779.6432971135561,64.93672993422246,SLS,224.47157946204499,0.052993640804330826,0.5665697435029116,19.698241145977697,852.564294300611,2.474238545954135,49.38915906030006,3.936555201842615
PGA,257.1636263832124,76.26190346227044,freeze drying,262.1931222363301,0.4220199052333851,0.5254836548978942,20.655719397690746,2183.2538414583073,2.3649636315356157,78.61686447731819,6.138100724070559
PLA,297.42572011179834,42.323280521351606,freeze drying,332.3977103985679,0.23273616438795677,0.971579378234709,51.034270766333776,7652.229840646181,20.15144174857817,80.44082066292297,5.2713986729076625
PLGA,162.93537057756708,36.84479365361008,SLS,338.86864143351704,0.027423654890915625,0.8776279982013091,32.068888409812224,1978.2195283495837,6.280321012859432,53.87265940048943,3.8306360722009645
PCL,175.34364613909952,79.37274875097971,electrospinning,170.71667824793582,0.3230355927893631,0.36978192031487256,12.305551970689395,1322.686386330217,24.0,85.17795931719988,7.715487750390032
PLA,767.1250883730388,70.62413226796197,freeze drying,115.94506749091566,0.07960621403519383,0.4089261407074633,12.555808626562126,844.3481953873727,15.956633425714305,67.71943695209869,6.336353053924702
PLGA,389.7551102700943,88.64919376812746,electrospinning,290.86056120933904,0.21996091577961774,0.19729168408524608,3.8021361519842047,260.56942160984477,5.334327778351982,75.8357483695809,7.895637447831389
Chitosan,261.3408319430182,43.4445307543259,freeze drying,390.0056607662526,0.1122973570580732,0.9029195896001332,30.74556875740036,4559.398213329571,8.670033996281477,82.35479395868177,5.130213557163827
PCL,154.54795059975797,47.503912892998756,salt leaching,195.87544704878462,0.5071869948265239,1.1349181172071894,68.25552633066324,13191.275034642507,24.0,66.97588824714452,4.186769767279444
Gelatin,112.73231793745026,66.74400661866333,electrospinning,243.16329882470103,0.3051926639761734,0.6316466444860793,16.301878778482756,2631.3090071077536,3.2283220963068744,81.02507146550475,5.35763999757855
PLGA,528.2399629114234,49.95204262523031,SLS,201.1401485878327,0.20622720595471525,0.8574572612997376,36.63018920787719,5141.0892301266185,7.393784960323062,59.942576627314295,4.08097836517921
Chitosan,232.29739363438392,67.18645619326671,SLS,330.97980102707385,0.3253665194571106,0.6462271127346452,20.807296271246138,3078.2238946761368,8.402416914239193,69.8314122788196,6.121117396957001
Chitosan,104.08432301559723,43.82498395005844,FDM,102.41884456943279,0.3896362932955292,1.1694871627157133,64.66466578146938,12935.081515669897,8.718216344132504,70.14849306202231,4.223028619488051
PGA,458.41089028435795,82.32360930774533,SLS,158.76481287124523,0.21554935300280045,0.33217295774116806,10.694125653118817,695.7425226134469,2.4495533531490286,59.94784361563038,7.001176948843186
Chitosan,702.3680066652736,54.48583815703497,SLA,358.2182305912578,0.17043899769927648,0.7729525580001687,26.437128590535806,3966.457948173397,8.557219578038097,57.25202799319345,4.681127758708392
PLA,245.5935391433412,89.30447989249669,freeze drying,56.37491082619228,0.1040412917245787,0.15387846573117228,2.7214371637043104,124.36995955711645,17.275790760158408,83.50324060186419,8.067011598018759
Gelatin,288.74390979220044,46.6848938012941,freeze drying,57.34474361469965,0.6355262682189091,1.3296506423613805,80.58115381265345,17336.878227929086,3.603876111041721,88.75209669711576,4.020031169181254
Chitosan,765.1804684294125,77.82159506182094,FDM,290.9177219329628,0.10845181613296206,0.35259021428786774,6.513821006807324,598.4767635086655,8.278824160040685,53.703849568334455,6.773793483018587
PLA,670.012270453378,30.162204484053895,freeze drying,341.23091118829075,0.07420927896304677,0.9649765621852268,46.1697814769143,4642.391876707339,17.041699276540395,56.0418914298846,2.898686492525171
PLGA,500.26601413181135,61.34649300644041,FDM,119.53122230996132,0.32921653577420257,0.7482862571034776,27.788564227108246,4044.2979861834024,6.760584452514351,73.28839830121682,4.922632668284072
PCL,706.9055439503339,63.156821142481796,freeze drying,221.60331771945644,0.24704693661327723,0.6043493870790743,23.904874160028022,3137.100756695262,24.0,70.36773860966841,4.613948033427145
PLGA,140.27357133517228,89.14616847050398,FDM,346.2544229691721,0.39191050055750765,0.22243386540846538,5.38759551463363,437.6651872882647,5.859821780516998,69.65374310451769,6.635150397198881
PCL,230.55841022853429,88.52924910128877,freeze drying,83.0804254725242,0.49674974345004613,0.24558685374083317,6.104675958199921,548.9150021379614,24.0,77.37192116254452,7.329790150307466
PLA,697.479625233461,41.323098063971386,freeze drying,56.72368657573019,0.10163515432172086,0.8414990312894798,40.826583511263266,4324.6857417091305,16.85899172166058,61.357861117592364,3.606918726705328
PLA,471.93579032349714,38.661672879145755,SLA,56.14345114540924,0.4531913846741576,1.2915370830671733,84.94402114614047,16564.30888654827,19.061040998768647,61.126604435039084,4.044340745266802
PLGA,262.63252673870755,86.65630775498242,SLA,240.8202573037472,0.30744647905231154,0.2530602047722536,5.919433506653051,495.2370405020831,5.790486165537673,72.57099660753902,8.374156412455266
PCL,342.8112390241675,51.90712072586447,SLA,233.27283594806008,0.34656443145072086,0.884842459006354,48.55592545056405,8140.169460963252,24.0,65.77090452941637,5.049451324873345
PGA,619.0156659862056,73.25044566479954,FDM,153.9957845343005,0.09079409858377811,0.4486131484373605,16.974209648294025,843.5653006656919,2.6344344771121047,58.890668055979106,4.95306955894127
Chitosan,253.12702827174934,34.34506928814894,SLS,53.03842322920803,0.3869369329950614,1.3637445866647357,75.30417435158864,16265.341675485677,8.014065772559055,64.23530329425076,3.959453999623874
Gelatin,685.4487379287228,31.705521270851392,freeze drying,381.7216110136149,0.25174296413791936,1.2314432440150453,42.89515146849168,9723.896116728165,3.495863149638253,54.24887146467624,1.833172293268098
PCL,776.5531166710598,78.85163606549911,SLS,105.5982266558796,0.09929043202935368,0.2842503623950356,7.054611463917298,458.2464235053459,24.0,54.74317421063492,6.4312009721800045
PLA,407.92990610669847,69.3006101931465,FDM,284.0320814340906,0.08713106422418236,0.43176246024865295,14.39192683688611,1029.6396785740308,18.99953490956313,64.21519576386144,7.713907122694199
Gelatin,545.6234738952892,30.84089799789814,electrospinning,113.04795949627218,0.2700791402760487,1.2698596316262174,54.464633396184375,12521.347479629909,3.047580493799884,57.885891246221384,2.1456071902619556
PCL,437.9723719175549,88.243684687369,freeze drying,171.27491985589668,0.3828938449526046,0.22486329681882078,6.0509864802211,515.9946187998511,24.0,76.54448441793664,8.123133783142512
Chitosan,633.934590601412,55.575336718118145,SLS,346.00383151924274,0.3846008561334071,0.9209461477502228,40.45905432839676,7180.973028795172,8.045544801980306,59.189308223880225,4.23767941669656
Chitosan,560.1771472123334,69.36330278216637,freeze drying,394.6329230594955,0.3722188985249444,0.6284760206747954,25.893606936717045,3794.711157013215,8.439775197882245,74.34364622930602,5.947575148679656
PLA,249.7961874657273,76.69538182423494,SLS,249.53274935591372,0.41347817644292584,0.4730239299763541,17.921491078397267,2094.8204153902857,21.62504720042964,78.25626687337426,6.756620694734872
PLA,527.2304544652368,78.17763780588619,salt leaching,152.98525162949622,0.45473472731879055,0.4601339623132428,18.1900844364503,2117.865187433399,17.606189552661238,67.8030870656849,6.887953739095712
Chitosan,283.0920344118081,65.345520728034,FDM,364.8924170971622,0.214105410920221,0.6150076614906588,18.57766398196559,2578.2293405846485,8.243071850126734,73.90616563876043,7.562084733373913
PLGA,324.2421309588921,69.01314352456048,electrospinning,125.7648021513671,0.17715789837343252,0.5145850280749135,17.76677269891702,1845.0041151735104,5.609594973005434,76.7194634218456,6.531055058629308
PCL,221.32473706473388,75.70983515987024,salt leaching,138.32658861093188,0.12236727776724762,0.3377174304469737,9.389353388007112,732.2647531957151,24.0,80.9115582373137,7.770063121106383
PGA,63.970766393294255,73.30283705333831,salt leaching,255.70139919014636,0.2907548392949204,0.5342163281033521,23.525543526859703,2202.0615048190257,2.4685662441436236,71.51988690441087,4.627178166586584
PCL,54.35469568193197,82.87505555375708,salt leaching,172.63731698642405,0.05790383814387124,0.21596219413881404,3.7903764314092494,159.21019256248206,24.0,67.78098417615315,7.138710206087655
PLGA,52.003245025747475,81.69959023647337,SLA,173.76184668277008,0.050325181822345466,0.2618950740540464,5.136079847573932,225.70184529982237,5.952535166982479,53.698230362910266,6.550269271362678
PGA,322.0526510906574,94.97766008216202,electrospinning,322.28015598959905,0.08736092652756612,0.08394965229357215,1.3176616449404421,27.79381902897808,2.1824209778066406,71.31622812166535,4.648608756288221
Chitosan,631.1452015224888,85.53732660979065,SLS,197.150134649158,0.45751882095789953,0.3182739698172168,7.379763266930436,768.8707239023047,7.727301035521961,57.68246298984936,7.117025335080033
Gelatin,154.54338029776304,77.09398450763005,salt leaching,230.08199940092015,0.06847375557398024,0.33746350545496445,3.692008359713294,372.983231960199,2.7925755768998353,80.37028481552645,6.713177125671067
PLGA,356.4561049397779,46.84755469719824,freeze drying,294.5116374090035,0.5165447553437252,1.209189432130446,72.28449643884778,13960.919423056961,8.312135131179845,76.10403637553596,5.648233158723788
PLA,632.2083162192481,31.670815907127967,electrospinning,224.08942296763377,0.3708045123860485,1.3312141857271276,84.02624641011786,16241.167988019071,19.756805695089323,55.14745926639799,2.615913196090854
PCL,318.2707719147547,79.56745287608138,FDM,97.49992695035188,0.17548330653428523,0.30584336171983617,7.288395295184386,620.3592937750996,24.0,83.010173171868,8.093918757069378
PLGA,231.42222804458598,65.86922263192231,FDM,375.6049354016549,0.4379878647930126,0.7279268968196185,27.477092890077287,4080.436269970279,6.736920613903341,70.30530395926583,6.073522666910152
Chitosan,163.23176113541055,82.41281342735319,electrospinning,211.24693442248005,0.053875281603051925,0.26280211802817377,4.073580466864352,266.49925310507376,7.224190804611396,68.07576906198807,8.112948488941452
PGA,565.8891387816153,79.85576011119738,freeze drying,123.47459954782255,0.34166161856510774,0.41970359070246815,13.43033681881881,1183.6281993670386,2.8327599726728763,75.57276842432486,5.468013534859695
Chitosan,109.81778129077136,38.98010034691475,salt leaching,180.33271593688875,0.1902588185515246,1.0574461404254436,42.7775324404805,7648.949051948225,8.658188601987865,61.2043007544956,3.966850200998124
Gelatin,179.12972662172646,40.53942523193592,SLA,241.51407872377925,0.18239342510622936,0.9979316814020456,25.519684623845137,5174.450953810648,3.508593424552608,64.06732856181037,3.4919015933703896
PCL,79.68779714442346,75.59419396900027,FDM,90.96976063760532,0.41151163406224067,0.4808141051194238,17.40793932249976,2180.5869830601077,24.0,77.08658980408596,5.915739453031093
Gelatin,242.89994775490464,63.384024611412755,salt leaching,311.84186242733125,0.41919715878243596,0.7706032990269085,32.54403571698371,5660.068791529732,3.2425920474859695,79.07504327234314,4.465233850032662
Gelatin,564.8255989269053,78.22783584542904,salt leaching,322.60577688958693,0.014423275348693866,0.2995766826203981,1.4296191428722642,68.00774390908765,2.8692357876069714,70.19240115623543,5.025148577221154
PLGA,299.190738642038,32.055784294502246,SLS,201.56909311652242,0.18598771408437859,1.1391783779478886,61.529597471089474,9653.462985961389,6.354123511278482,60.754351777689536,3.9035208939325408
PGA,259.40565422320134,65.49818690398074,electrospinning,181.22940122342644,0.43718112441447254,0.7722311117563166,37.689447906325235,4879.858545550845,2.848338777713159,85.03590052614842,5.294801666993398
Chitosan,342.8026127728949,34.63116796417553,FDM,251.52335518889012,0.32879303515410363,1.2912879405684492,67.61850942959089,14147.632267375608,8.613309102183274,65.68470880387636,4.861756654059167
PGA,305.3358147812444,42.35119631950497,electrospinning,301.7449563260465,0.15239622716575957,1.0243511512523114,63.93373830722489,6206.389866277634,2.6848586675790793,64.40886647867515,3.1341926482177787
Chitosan,740.2702354353951,59.68010717098195,SLA,302.76437177574127,0.04863648514993547,0.5987963123106994,12.551695676789784,1203.5112625702702,8.836290025307578,55.87190043935156,5.344910354526162
PGA,384.75051929047845,85.13784904336985,freeze drying,168.26225060771114,0.1929380638185046,0.2738439986384003,7.329967054697868,411.65776961552234,2.498725399924012,75.81464141872792,8.20364290254931
PLA,433.84618752589336,57.08701327384005,electrospinning,326.24204894694975,0.48664062457175183,0.9309902062611469,51.805041394569095,8626.827530295528,21.746348917143603,77.33972680364765,5.108011278855617
PLGA,657.9448706577572,38.37882850230643,electrospinning,302.63690802369047,0.1803870069068518,1.0269171203320797,48.11358130418228,7098.884433118588,6.001002408233497,51.05874807720279,2.792201916424315
PLGA,738.6803767141653,89.45790889405407,SLA,223.37139629641075,0.15426555932372285,0.17069971743397255,2.99742758875184,171.1518079903353,5.117257261699632,46.68832401006318,5.460101307425551
PLA,190.3529064483661,58.35986601221568,salt leaching,204.72697570361422,0.4431051631371296,0.8687509661953694,50.439697963161706,8049.741191722132,20.101507958245293,70.97738674107674,4.410932867393082
PGA,363.33775348492077,38.21002002030103,freeze drying,180.07183440046174,0.10653049775746747,1.052023474332707,54.96238730611377,4528.501517283598,2.79366410420661,69.44995143659801,3.7763901062757155
PLA,453.1929951014881,47.433982979433104,FDM,150.29495845079458,0.2605923232621711,0.913456150605571,49.90538382001736,7463.925719717923,18.065294196359282,61.19776731960706,4.5172516331672075
PCL,259.44108568583977,60.432742920516375,SLS,369.5058450417622,0.10796436676306295,0.5386957633555998,15.40392112021816,1433.9163978237432,24.0,70.8156668271842,6.696018314488833
Chitosan,296.49884832908396,81.23401929064276,FDM,361.9946671091645,0.18056924935389496,0.32202351330737167,6.232756799673889,609.721619535169,8.336320396487697,70.59918523136025,9.053224527136505
PLA,183.4174751397205,35.16119208167417,salt leaching,186.34162986462832,0.40504622464422435,1.3056190624202635,81.37758672228053,15764.143629139806,21.46969844747384,72.60339648069466,3.8952017107176693
PLGA,439.32443132163775,79.55933423907405,freeze drying,69.74500732558101,0.08657557569099539,0.3059358107406527,7.117346566352197,432.01676612728085,5.322775775205784,77.99676961230672,7.623831257523698
Gelatin,758.113181924613,33.81023308988273,salt leaching,308.968049056109,0.3337709106814694,1.2912217913154957,63.77632526361472,14643.444099814546,3.1188745092706958,56.368096824809115,1.4869174736789612
PGA,586.8330137495619,79.44947719295106,electrospinning,108.16379951319675,0.34122470576776287,0.42802300573883406,17.065411353460807,1518.1329689634606,2.621696513681815,69.40239945622423,5.057692124979998
PLA,733.0356069935436,76.49421802073518,electrospinning,219.41918088048504,0.2365908921330371,0.3976916465821795,12.994400277148522,1251.929454158605,20.85535535846505,64.25231953355127,5.591002969379037
PLGA,338.5029685980755,36.96231349548304,SLA,316.9337357356747,0.5484150298065453,1.470436745652444,99.28585913353314,21175.419474010236,7.71670876443003,65.87481749813473,4.711640354478673
PLGA,754.9874640431199,65.44203827104572,SLA,265.3529416809891,0.23557153615808996,0.6104264727387659,25.42098579285677,3119.406860258852,6.600864389386543,55.60951967375617,4.432282676905015
PGA,716.2288642224855,61.3624593662735,electrospinning,338.2349315934365,0.2630482158310858,0.7558036569664213,35.411900169699514,3786.70981056847,2.360339796146598,65.06478430171026,3.2224046311394363
PLA,136.48439163650596,40.35075561064303,SLS,312.840640883487,0.28420564409183535,1.0634462821242547,66.04981610481958,10870.582906935972,20.557306285199672,61.215876942274015,3.4651553123271728
PGA,76.47669088555224,93.35790157173798,SLS,276.86284539288073,0.21004904447053768,0.12422580208820726,2.784724666421826,109.51164407206977,2.1703088261220644,57.56813711555873,5.0638423001066695
Chitosan,298.4198872212226,34.58211603541692,SLS,149.24110858403517,0.3139714443292562,1.2752889569873302,60.232726201101315,12494.512366852885,9.264119606001266,69.26933636965187,4.263537263409965
PLA,359.9548830341518,80.08568374508191,freeze drying,393.02181038554954,0.38453785938559704,0.39320166474744983,14.454090414299229,1526.2360362398065,17.538510870925727,76.1726033351684,7.067846256740334
PCL,261.5019270696514,79.69357646734858,SLS,87.34152469224499,0.11762963134464195,0.2804007235860414,7.4038326757262825,517.0956760526233,24.0,70.45798667553925,8.737811698317534
PGA,616.66079438102,73.84274561980544,FDM,213.09362371335297,0.08722688381953264,0.4371681677964957,13.544152563971045,651.4523312568065,2.704769628723076,57.674232128740734,5.886865450285088
PLGA,661.8136905928361,33.991196254198144,SLS,136.4733258984731,0.015271693924098651,0.9027639692662872,26.378381718790262,1331.6086312956197,5.739977705363753,40.708445071591576,2.8301860563248833
PGA,58.180246488346114,30.373962051014587,salt leaching,226.70688050245985,0.05535743887948338,1.1277183506904178,72.08613163479939,4488.555940163582,2.3074520660143913,55.76919857322978,1.7430188314624606
Gelatin,85.07001035837467,64.97686780635007,SLS,132.21155809013703,0.10455756786643164,0.5387270879964602,7.299290094277657,1022.5214006872623,2.9182057256750213,65.3832169170586,5.092965875273709
PCL,483.72998708579684,91.79059050257058,electrospinning,101.84942620283148,0.37533101413991843,0.15577672088837613,2.8001187514311874,198.43375898901348,24.0,72.2553674799527,7.462594990651106
PGA,448.807048710981,63.55961835695676,SLA,56.79544595679797,0.18683548516229026,0.667833212555749,29.792471636596815,2574.1083768765125,2.3630145816875463,67.70470432436981,5.082491238249968
Gelatin,572.1664362536502,93.50325557715874,FDM,312.4842853864273,0.32342307245683105,0.12552759646799486,1.8586658608151607,133.32374422251416,2.7647135010209136,61.41399218835659,5.490964960197232
PLA,161.7517286233199,48.04512331524379,salt leaching,276.41899263907277,0.09550460561742195,0.7390133340376541,33.59203488126476,3256.6513015014775,17.234425566632815,72.018139852568,4.928047093166975
PLA,284.2141819169414,44.8581588158131,SLS,200.73369133649408,0.3120111015371697,1.0123717829094347,61.661253842238054,10092.585244129265,17.70216358742837,68.65183216519472,4.910892879905325
PLGA,585.0256651730529,81.75962326751328,salt leaching,366.6068555486089,0.05807414611489171,0.26359427510963324,4.912210996031104,231.2123704289464,5.90523550554639,65.60623884897706,7.905171084531905
PLGA,293.9958700731061,57.41009139168182,electrospinning,88.33781174207995,0.16360233824242928,0.696822111624189,26.523390516937983,3122.3405337109907,6.779010500969641,68.75725509959489,5.483206986338114
PCL,290.38246636971024,42.59300324522817,SLA,267.64385527290676,0.24586670518036477,0.9403052192273701,46.38145223518889,7584.51677766241,24.0,70.19008974385174,4.793752314251518
PLA,207.57908712876613,40.03992343597527,SLS,116.69643410000782,0.04456041535759703,0.7945372064003223,34.17630949146001,2578.8368373898666,19.051578759984448,61.13052018192241,4.491612897408361
PLGA,795.5970360873295,57.561978963823655,FDM,272.23139036103754,0.3893696768624977,0.8677553034142345,44.631070108309856,7155.980319889149,7.092003235006773,56.50028070750265,3.891774394737487
PLGA,313.03753811912435,58.05370168884852,freeze drying,310.0766471739366,0.17728048477558858,0.696676705163907,26.625037167512126,3217.8234021128887,6.150912601710401,78.26701864637995,6.10382409957764
Gelatin,714.2163675942104,76.33236350545988,salt leaching,243.49400306741848,0.3310227633981,0.46053456851573066,13.977687983572169,1917.703951242819,2.890685394540366,70.52072552487365,4.607654013728684
Chitosan,301.59643560586693,75.41782083476954,SLS,215.79717269125797,0.05441736273451854,0.3675602121209136,6.52366995791951,506.19255575120064,7.57114108833808,72.3195503327517,8.344764925840243
Gelatin,223.37436474044017,93.65449983213134,SLS,223.95104037861083,0.45894923052943204,0.13808497581484572,1.9713794393048565,143.62746025241282,3.0578759372758846,74.08810806525301,6.196367441156654
Chitosan,394.8929358090919,51.27080338500315,salt leaching,394.3950960255379,0.2734394486175051,0.9153872340545837,31.250937176573967,5438.325818884149,7.161605528671907,72.84986983849664,5.5257407037535575
PCL,564.8715116112119,66.85661932696969,SLA,189.03149390468076,0.09274993440780192,0.44112633869489826,12.93869117862621,1011.9685712389658,24.0,54.36879918542772,5.798024778800022
Gelatin,494.0147502815992,41.94111005421047,SLS,130.12420193546197,0.14896322732315911,0.9394705274484074,20.436919338768337,3961.6933623110986,3.4821098062467875,61.42259931366432,3.460350174673286
PCL,226.897034728265,75.0153039833924,freeze drying,152.36920508672418,0.8094035369420278,0.6915399309616919,32.21176859987372,4688.147502159295,24.0,94.10953801593219,6.74349692145919
PLA,710.992969852466,46.585097019034684,SLA,172.49161084236334,0.34758178748947777,1.0169563033869582,52.91770742673667,8850.20987552309,21.58051611356909,49.12531604373018,3.146882064152267
Gelatin,163.3787737117441,89.45756276062234,SLA,319.5316334916709,0.09089302699823427,0.15957111531886553,1.0750625890559797,79.84461683730427,2.732900884274163,68.30457110555697,4.4904314863836845
Gelatin,315.44464628328643,67.30056413864503,SLS,184.59801230106865,0.29999866535632663,0.6180185522218955,17.781935867358893,2841.362592444167,3.0981090359552215,81.04028676168089,6.125294673061734
Gelatin,765.7893739484538,80.31933528320164,freeze drying,90.45715113695103,0.19174397366534915,0.33361465310591615,5.574568835419236,655.0793893632203,2.627891211282518,63.26953272238782,5.4822200698020405
PLA,321.25841377439474,67.70042739790374,SLS,257.4841285787582,0.21863488585843024,0.5353953356164797,23.286544045179905,2548.6317225088646,18.547910719869922,74.40678801998324,6.7978647904378
Gelatin,233.8392928792576,46.57886441051587,FDM,83.2112113337379,0.12169768056998252,0.8382074397618218,16.828657223055,3010.2247793008582,3.2576758702280033,73.17898433515916,4.517912884046626
PCL,272.24768831889236,38.92896254736868,FDM,213.5755545295133,0.6745334870916133,1.5252122988898082,88.22260608419738,19474.715692316804,24.0,65.50069273395773,3.738914042929262
PCL,553.6458408605507,36.43128343328402,freeze drying,282.42532868934944,0.47644952256825174,1.335121862091589,76.70799353165839,16081.25450432774,24.0,63.32498840937774,3.5709321320183887
PLGA,725.6706561764921,39.19784455851723,freeze drying,227.68107275665244,0.07210490343518389,0.8941017001122099,32.51675968736391,3110.4896542758206,5.561388740721109,57.38468340617176,2.710430291095835
PLA,561.6842232870637,73.95708803422605,SLA,227.42839756510435,0.165670373890561,0.4053398025606598,12.191713888838896,1067.3852938843,15.265315914606852,61.28642752208142,7.304214103718407
Chitosan,385.2035280238162,79.46633927400404,freeze drying,297.79002767395883,0.24041697610322701,0.37386246101523046,8.61906244330131,946.2882457443272,6.934514417950165,86.75039401714261,9.018865727514594
PLA,744.9870560484272,80.96859680954881,freeze drying,304.75716772491063,0.09428501041678083,0.2702619820794958,7.131707736200637,416.06712881432907,14.448024897812306,67.24929561924796,7.15849737700573
PGA,653.7414192320915,63.63192227309838,salt leaching,289.8237612184642,0.12447634069890595,0.6297684260075038,25.791324855102943,1776.7515179337831,2.7410783036086155,59.27566229985926,3.5370992992836583
PGA,398.71626771329784,72.47478808335075,freeze drying,214.87361721079924,0.5639455230651003,0.6726038068400959,32.47806426122062,4186.512203381293,2.937817883461285,85.04223613576004,4.923702277790608
PLA,515.724820825369,85.05962394992389,FDM,136.31236728808247,0.24348823882116702,0.2547427547895402,7.392151529381106,574.2080588946961,15.519487576451622,69.74157346441389,7.229534638176852
Chitosan,548.1078179310254,36.391038360977646,salt leaching,390.1447320168765,0.3035876840604537,1.2284661665622312,54.343614267299515,11041.737544590263,9.478723481384955,58.95630146590149,3.798882726258604
Gelatin,585.4182223055243,31.959185651964322,electrospinning,151.67829447236613,0.18012316613437546,1.1391540780196114,32.146450425784614,6959.409477823622,2.8773675711038913,56.805101565568805,2.420525103146085
Gelatin,294.780653988783,49.69803864070813,freeze drying,87.84619031878128,0.09672200487422733,0.7666519962824196,12.057860360245565,1986.966608880481,2.9731977107757155,79.19176294996761,5.8576284933469065
PLGA,596.7240703234107,72.34293779274108,SLS,82.97983112930368,0.3275172656314996,0.5345574271276128,21.298850473817474,2617.800488682144,7.2748463936816545,63.691185755427,5.634628983136481
PGA,595.0543487972207,76.05650195782678,freeze drying,321.4488517333011,0.5473289395008688,0.5786360241853438,22.629672043156734,2687.8081773136,2.964166237212358,68.14795789665418,3.994000867088842
Gelatin,134.95181236919177,72.85394573123392,freeze drying,373.96330692492813,0.2902517293125012,0.5082971381477086,14.919616919164675,2165.051847367243,3.1234159219571884,75.30227671644319,5.178623376217332
PCL,638.8857655424578,56.66857119245534,salt leaching,289.6059391785793,0.06467851897268037,0.5523372432832409,18.145407485723577,1302.4150482552036,24.0,57.510920324192284,4.956575681709173
PLGA,422.15440996250607,73.10893127439965,freeze drying,224.0773720758512,0.11914778013706281,0.41833292263249416,9.895951597172076,803.0053995691541,6.372207576712051,70.54232010013871,7.538006203055763
PLGA,325.5404668639684,85.9513747669802,FDM,271.85934407686403,0.21725363126850447,0.24349485683875588,5.5517539117538615,421.275637397881,6.078013283684492,70.67231714553311,7.771686242828289
PGA,698.5441771384919,46.2385088505976,SLA,79.56245769850605,0.1893535169227528,0.9874656388570996,49.56113531527153,5239.636663325611,2.9408593403843475,53.439367966398905,2.0183317736279904
Chitosan,220.9494930028658,74.17402546863043,electrospinning,79.26471416103422,0.3254514332569966,0.5086529009027999,15.428007121099018,2024.9673955981461,8.44431633285629,80.9512232594657,6.839194532400626
PLGA,665.1080509639025,88.74244845388644,SLA,84.4504541462691,0.22619608316214984,0.1969412853075785,3.9052800510188144,269.38475327749285,6.337307966263738,50.85520983813889,6.612877863220985
Chitosan,681.0312246019971,48.00894715215376,SLA,125.15002933193429,0.3690034489776633,1.0636101016644637,51.59113389576099,9834.115810764866,8.143017613716335,56.7402857538898,3.8864366189886628
Gelatin,272.5225232210646,90.23038765717494,salt leaching,200.19316122366087,0.24304716378705285,0.17463034491014523,2.672061513850707,228.17015621618827,2.425873702783379,74.94199876311843,7.136641023841603
PLA,538.3443087142433,77.6295209898094,SLS,93.77493380769918,0.29087826339005923,0.4016792839630045,15.014617693963938,1526.2615550782295,19.327266866902896,57.14538973414513,5.918337213953447
PLGA,253.9668845291372,39.5177252071785,SLA,193.61044301586136,0.03680456041523729,0.8507535082374152,24.41900665858508,1680.5208662429277,7.014681690579626,63.04384561574648,4.755317516034607
PGA,681.4539729818644,65.08982896527564,FDM,163.1630848343621,0.2783292287628708,0.6915332567084935,29.616662636105595,3099.8581785154593,2.7206392513666375,62.953574951924914,3.3080973788227843
PCL,475.37982513890114,44.104853493920594,SLS,92.97467934170277,0.507768716868781,1.2090546542473277,62.58368246308283,12483.751725730068,24.0,61.36709127057115,3.732668196760145
PGA,714.5900085973733,52.98871733567285,SLS,96.44170358721695,0.364002555723513,0.9964907027742256,62.862977947830174,8726.659165299307,3.1299431544121354,47.09084000442065,2.203119436287482
Chitosan,390.87500879030756,36.11199862872474,SLS,148.73470665507764,0.043047059625506305,0.9425603547745686,20.178662269167678,2344.240372338622,9.086684853561966,58.08641090209938,5.078597406633276
PLA,218.2354319793388,32.04894204496234,electrospinning,201.69305679971674,0.07375429528908284,0.9383162523606363,42.71927117318191,4225.690797355064,21.00473140239434,56.928847953136845,3.848595417249153
PGA,643.6483033737915,76.90956395500037,salt leaching,175.68373423773687,0.18510823491492423,0.42252619521572876,17.262845433941635,1181.239574876858,2.1543613318297816,62.798901451440294,4.932476162547647
Chitosan,532.8974262578226,80.05074034364833,SLA,175.81505170126954,0.16413008490714273,0.33658942461047703,6.137448551902908,603.4464861179747,7.002047619182672,65.81875282181248,8.100269302385655
PLGA,239.50565896818267,38.71540424287305,SLS,117.57529582885596,0.17526349194658056,1.01562481895971,43.59419519439761,6338.049230945202,7.4330055104320785,55.88058279813199,4.089334573833344
PLGA,719.4615005667737,86.46923305432863,electrospinning,251.02427460635727,0.2406004815370977,0.24023699074477178,5.944698053875957,460.0291362631023,5.7697133986756155,60.54680795920845,6.24933481535312
PCL,756.3148534336884,32.705996716442584,freeze drying,318.5508684746941,0.310040245622695,1.1888365162014525,57.99065600920427,11114.658748387432,24.0,57.06967980608294,2.701106302734877
Chitosan,759.1684034151806,73.74307625544307,SLA,68.88161689263929,0.24261518743607627,0.4790776807499546,15.353168456924577,1910.0896679104164,7.972648883322775,65.58198309502556,5.761644625593886
PCL,498.158280895415,57.029598792986974,salt leaching,106.6940244254385,0.3306177004221146,0.7768569372475291,35.02770046513435,5472.94009136542,24.0,67.64265680135037,4.758734114960467
Chitosan,349.2884140033656,44.62491400614213,FDM,173.40953749066355,0.19745773818388385,0.9666003904755018,35.737139656407685,6145.083226826873,9.370216920161695,67.43496387240766,5.635311167172857
PLA,482.95901028378097,83.26900293623586,SLA,117.70048579282444,0.26410949318059657,0.29186373304958596,7.733509817948645,655.8659485586803,16.454916376215493,61.45789611230978,7.48087127282946
Gelatin,149.4080788438068,94.6207660990797,salt leaching,164.48422163422717,0.3862993498834724,0.11002355972076369,1.4948456230112799,99.04126459785947,2.8600664476814823,68.76784082872432,5.009278766390688
Gelatin,616.7459389384578,49.331084022313085,FDM,376.6079512400282,0.010066221085116454,0.6932111668855159,5.291130533877751,307.4039891721926,2.57455957186521,52.73312939371718,5.852920804014335
PLA,197.42478253265554,93.6140255932734,electrospinning,346.551084242122,0.4267279481189685,0.13123499137007325,2.974395217440212,183.78038042102173,20.5207426283872,70.105094918192,6.898700158529271
PCL,413.3188965439543,38.63970220108794,electrospinning,215.66907773332886,0.3719678893363764,1.160197822046865,70.51096514422878,13626.665856012974,24.0,75.36911242184205,4.544755878044449
Gelatin,470.56457958457725,65.31488522683254,SLA,396.3082385490292,0.16304409917832147,0.5700427087133406,12.189922659168744,1854.7943717732371,3.3211493698157444,74.065619855822,5.586031721434495
PGA,470.5544653719093,68.14052373450475,salt leaching,281.7875249832276,0.18552507119334236,0.5832038388199627,21.545210384206385,1733.872826492102,2.173699066449323,73.8987490202542,5.381632618998335
PCL,337.060493155699,30.721012079092013,electrospinning,165.85537219585888,0.037553761792722296,0.8454082282173309,28.30203489823069,1782.1621544097063,24.0,66.67794217345852,5.388235392686909
PGA,278.5917497551849,61.28133335415218,FDM,298.67872733588194,0.40033091873709076,0.8435001258093117,44.12788174804252,5814.230631039684,2.437981770913772,67.51599571972099,4.661866563805046
PLA,159.06211256946116,74.82382387130265,SLA,95.35375877547295,0.32608949456413183,0.4689895970791586,17.452309521894108,1960.3832467410366,18.24652097998899,74.08140479141004,6.775066678725942
PCL,647.552029168417,59.16505390262542,salt leaching,88.39890910102268,0.1495814798307903,0.5900285737193586,21.506306589387997,2404.4243768767233,24.0,61.43516204532456,4.4373752861342215
Gelatin,323.5878600276859,66.44535813517729,salt leaching,203.47543689610197,0.25222852905651943,0.6053295484655923,13.80663140485635,2194.312966294147,2.503637301822864,84.66691274991531,5.733760548806818
PLA,412.5948822724112,54.892935157409916,SLA,229.30047950917998,0.2958613473904405,0.8142254503882094,42.576872876147306,6183.849610935216,22.7638605995462,71.33888244417734,4.866097723583307
PLGA,774.9930779693972,76.3130473844264,FDM,196.6738349450746,0.08671522514387232,0.35458291671416003,7.46931375740701,488.44222755632615,5.778975974845133,58.60776096205658,6.906557589919467
PCL,165.99387513911157,61.7221610215387,SLA,217.39402031127474,0.10883327066327646,0.5218075996228432,16.939177504623494,1557.7407216332697,24.0,69.86277230265254,5.543538697231206
PCL,576.76359564883,85.51100198838618,SLS,385.4936148594193,0.478152467678797,0.30480442780957717,8.85260132555597,886.7700305440978,24.0,64.76330047118843,7.353816452735755
PLA,288.71386483735114,75.66105598992289,SLS,308.3930731942935,0.6666952571071016,0.611732083734168,29.153830945772377,3968.8557613553944,20.88930498981062,77.2928827117613,5.746463023027957
PLGA,630.3760456365893,55.62235563966864,SLA,184.40431393175223,0.07293164571319259,0.6532417113413751,17.75981866920358,1459.6034653491993,5.6380420041440455,51.48830683495118,4.238899588866603
PGA,219.4681554782392,52.724032747391085,salt leaching,278.30390925881966,0.186882282095179,0.8664499574693934,45.20211474707711,4449.053371951585,3.002067832843703,63.87891857437614,3.427410462310822
Chitosan,334.9811933438061,87.4851008845008,FDM,138.2598869828151,0.05893743307542951,0.1881165181256348,2.1560091108285158,122.46604481865305,7.9285943713326805,69.11882900382047,7.095652236922154
PLGA,638.8199798734939,32.000754063979,SLS,255.05878574635722,0.26608982460975056,1.2386896199299526,64.1713872238542,11542.221829321443,6.696732189070859,48.30267645442712,2.6333491559860183
Gelatin,665.0313433990168,89.9937736277196,freeze drying,200.82785612462666,0.2029367398886217,0.1716354132801917,2.3865020898663065,201.5670070798698,2.6748609698710513,70.71401185855804,5.8717673912260375
PLGA,657.5039025424537,79.52501981200462,salt leaching,316.3528449163311,0.08547586569578118,0.30604184600491724,7.386165227744147,445.9065852328867,6.317494309904494,57.86315228499167,7.376971212234695
PGA,350.60092314651735,51.54786389764148,freeze drying,391.2999447851353,0.3305989062345719,1.0008128982088125,56.43861016621156,7590.549786839562,2.9397620767731008,78.63641448835001,4.278823270536877
PLGA,294.83807781312726,71.66461754820013,electrospinning,50.72852932247209,0.04839609148672361,0.40451504873633815,8.630558891583462,463.0348257474894,5.263789995121338,80.18751614271176,7.18461921821956
Gelatin,702.2649357956396,73.69778751160788,SLA,176.95683637593046,0.1967550692367091,0.44823155409947363,10.314485636155432,1406.3721367399746,3.2529158639490263,59.355169832806325,5.3862924448041385
PCL,173.6164122426697,43.59699853048747,salt leaching,279.9056557907756,0.40622396611595807,1.1052049985296,70.70213576865525,13418.012085536466,24.0,69.7587489106377,4.228174656644862
PGA,550.9261345511445,92.83224978433731,electrospinning,186.5976023959933,0.0711568165652604,0.11792913375359977,2.5072746879781143,56.73658252551116,2.2092666223977795,62.27340544270276,5.338654964379166
Gelatin,713.8741491919521,35.21677779907719,electrospinning,261.9066620885244,0.15883253574046796,1.0597878019134515,30.397114085586434,6293.582099895534,3.660018474646203,52.431901565921784,2.1325099259439875
PLGA,305.006950180929,34.217149176106,SLA,226.90457985123166,0.13424516933755226,1.0413318431055063,41.82614107247809,5607.962257214918,6.176932872296958,63.35794595902986,3.810751109561013
PLGA,764.618537702102,70.62586119254298,SLS,301.02191796305345,0.09284820307463491,0.4429782417129089,13.107741171935766,986.9069752804023,5.3212865449964735,50.90147681886079,5.093082951508002
PLA,709.4305006373827,59.0614347067067,FDM,377.04015132198424,0.22716450949795436,0.6852641815308951,32.26963394225865,4037.518432002525,18.59463304706718,54.079788007296706,4.323592871164362
PLA,458.6263660167457,91.7987243927468,SLS,178.28866904313463,0.02843228664530505,0.10614957499136064,1.6597922005532366,39.51744161954331,13.638357709333842,56.07255164300848,6.639578035945064
Gelatin,765.0882172528956,40.5272373985615,salt leaching,310.4149386300004,0.419316008487453,1.2517641608190468,64.19613713746894,14229.571370112444,3.128129210169727,52.73806478551999,1.8025571797990014
PLA,446.0535588026036,56.13763006711722,FDM,60.30488016069103,0.32610389725596145,0.8170938619274659,35.15069613897975,5211.705349883341,20.892443654114697,71.00783187683444,5.698392884253856
PLA,224.67841791163704,63.499340547370615,SLA,305.076216536454,0.06441263848111692,0.4975142594420157,17.978598974465417,1229.5937257116145,19.44890281239297,63.06651041274587,6.845585147602497
PGA,591.9840796856513,62.8879403761194,freeze drying,188.4385617082081,0.5191721343761647,0.8799487769829875,47.81863847093595,6918.275202689028,3.1958858315402274,64.17214899928544,3.674488977734521
PCL,433.8035905271887,66.41362036245674,electrospinning,98.37374687647186,0.14042932283807277,0.47913012345897726,15.622715237915385,1536.2713501600392,24.0,72.58001798699402,6.613238674585457
PGA,383.1265856546034,94.58382877126115,freeze drying,220.99706790788278,0.3505429945422303,0.11362475407960876,2.2371181335420514,103.51605936685722,2.2327762904632387,72.49455684787956,6.709944760768398
PLA,137.11415006350356,57.93123967805529,salt leaching,118.78785809131219,0.12988660698602786,0.6260182470741379,25.09573833155207,2510.880606855327,16.419606596222344,72.91399794592888,5.9114196290013465
PLA,553.0336296670583,56.67258272358337,FDM,217.42598679677377,0.6098710042333035,1.0419609619949548,56.27994156654056,10003.613742102161,22.145997853894517,71.48073729161162,4.851279873593129
PCL,293.42014585625657,44.23727715696023,SLS,78.05017436674048,0.1736947605342866,0.8326813170115852,35.27989457897629,4938.2861127501665,24.0,69.36071390730227,4.468831135021514
Gelatin,229.38983670393523,74.64128294329502,freeze drying,350.7751174807582,0.2500931634709527,0.4564994321304879,10.000084975184818,1380.3222793485324,2.94113462123603,83.63568949189778,6.787899984155295
Gelatin,481.5263052327839,77.79111388796153,SLS,86.21498044737275,0.38194964535526743,0.45250813364863457,13.949373469609439,1876.2636885825534,3.129778879407222,71.23007545214244,6.040280258997435
Chitosan,388.76012171493403,40.34286128667711,electrospinning,158.4057099599345,0.3928245409480452,1.2453087342498814,72.92842603720769,15054.45915674773,9.247045406866723,78.9291491616354,5.535203937782738
PLA,369.5330775981964,64.71779876664723,salt leaching,93.4289049654766,0.23156154807158943,0.5935463170096726,25.755047752315072,3014.3762691437155,20.125185103540268,75.72116334962524,6.573741023646949
PGA,307.13383016162646,49.516175049549005,salt leaching,289.81250236307693,0.0849740062365508,0.84189749001209,45.32472988248193,2986.6517998942572,2.2269747260580623,72.62507773933581,4.2765736531522345
PLGA,620.0168143159276,93.66265072907603,SLS,200.88951073642238,0.2530467845330322,0.11394647021438929,1.854039359997322,100.00593876206416,5.413899854903923,55.023464920672005,5.293184337050901
PLA,725.1034634697527,35.189530537776015,SLS,344.0396074701574,0.0899328186735256,0.9149758559189596,49.139383332581666,5180.294686173304,21.41384184830895,40.15529737133659,2.628655921999958
PLA,188.35490769989306,63.96827661686816,SLA,285.5923983342137,0.2912130522792946,0.6472079155257794,31.545936189091165,4071.4155661104196,21.028009687462717,70.03538940618871,5.497119324545566
PGA,95.60769611035789,69.36558185120354,salt leaching,342.782694338556,0.2757599303825566,0.6055600669361462,25.404454970509263,2478.9401473838284,2.454263219353785,63.93921162809858,3.887351610075542
Gelatin,501.79873864591735,59.16241947686008,SLA,63.81845317068468,0.07142394329040588,0.6038093956996272,7.714959712513292,1054.237409129339,3.13701120767391,61.92909499122259,5.894474095987925
PCL,205.16622909302626,94.29705935429337,SLS,365.0367821441379,0.32406360348398755,0.1023533860902059,1.7892969169846065,101.2261797515422,24.0,60.72739536982346,6.252619632508329
PLGA,444.40139617120076,63.73378147901312,electrospinning,251.26650825538255,0.08277526286596874,0.5403025466404755,15.686270608048863,1240.609167207808,5.456950395920113,71.25126366466975,6.5709054862117755
PLA,346.81827779173744,87.85914167810537,freeze drying,232.1115128853434,0.0776111231612562,0.1685439171161183,3.8563784090486477,164.87250257847657,14.410977173404083,73.2367172471091,7.967247415751827
Gelatin,281.2258279011563,67.26432905563317,SLA,193.34647610270534,0.11979047273970193,0.5125171447107388,7.997541111559594,1116.1681073799025,2.4806987756028946,66.64408568531695,6.924210484732598
Gelatin,55.793855940027235,52.35843984468712,FDM,313.0209950798346,0.15504515545437741,0.7761197379033759,17.682212708832555,3126.6982462587625,3.139192870687267,65.50139400365026,4.015048333138572
Gelatin,378.29296909051845,91.75674411085001,electrospinning,298.8568937299432,0.10577236783098595,0.12697831099610296,0.9673419430008922,65.91801075443072,2.486108356514882,77.07704838861517,5.350329865278303
PCL,543.2580753444728,47.88929502347556,FDM,337.0960028684113,0.33999042917888483,0.9518962480243497,51.741175845534,8978.07656595519,24.0,59.69981496744637,3.7861296593074893
PLGA,510.0276273213822,52.39693491482037,salt leaching,158.16898470012242,0.24877726858155597,0.8522314173362255,33.02943323209954,4852.968705511824,7.361724780343642,65.68035736211966,4.708608829663897
Chitosan,620.3125578473956,72.5817837222823,SLA,131.30263439936496,0.18032629328795996,0.4703789708117954,11.290501820125169,1334.5821815615345,7.67442622518619,60.74953575780852,6.700775531893125
Gelatin,58.8141946984884,74.7065619919463,salt leaching,161.67280432687923,0.37001895581204863,0.5099243404801876,13.595835015037066,1946.653021685908,2.811138030635075,71.50599133883289,5.254156400526543
Gelatin,450.79097321432516,92.00774016614282,SLS,89.62513681346339,0.2567316246597161,0.14482909309034928,1.6663000674867843,129.50590927836092,2.332673785420447,65.27378969849728,6.258601472170383
PCL,317.3608689954133,94.86718650764858,SLA,236.1891362727142,0.09271594639657177,0.06831238238286384,0.7318000669364346,22.519381573812957,24.0,61.37625626076562,4.912133250707318
Chitosan,93.74995421360126,39.99336185795714,SLS,381.68004343918335,0.10221219564653788,0.947427613151246,30.928024922573925,4589.107900381279,8.948619481883124,54.75087942208485,4.149022321084561
PGA,418.78180207696727,76.63601589998515,SLA,230.8119470623198,0.05956874645774379,0.38001552130079114,12.94781779123061,483.88043100345476,2.638614809957271,57.33140411101528,6.298798027532375
Gelatin,99.37103491257159,71.92308152894493,electrospinning,394.44237695884374,0.16841704993126777,0.4641537714002481,8.63496322236347,1188.347620330889,2.7889147215068615,69.63196676597762,5.145115093806342
Gelatin,539.6431366998415,38.382844850356214,salt leaching,182.37179679202643,0.1796843926902187,1.0311211343627202,30.5794605318561,6297.593506900381,3.252895143628036,58.8732052359677,2.8473844503463304
PGA,610.5818939904193,82.52686819544273,FDM,243.2538368414628,0.06641393923512044,0.2861383607351512,7.772963702932405,265.15869800550763,2.1236301128570574,52.858326419041,6.365039226096724
PGA,506.517596900266,49.716002815447894,electrospinning,273.49942232360894,0.257164561902433,0.978831603051677,52.865158914382604,6373.12714865262,2.36097810822355,64.41903610604649,3.545671048650526
PCL,449.1397196214967,34.32304570532782,electrospinning,198.76630783092602,0.12097900129050924,0.9113090500583522,42.05143698338417,5360.594404033731,24.0,58.42926755884522,4.503149603339519
PLA,716.370154148266,51.31989264411758,SLA,233.8651962938722,0.17364532173446365,0.7650870236770582,32.22700448796226,3935.783770726552,17.622688521900265,52.07162848349125,4.104553393115528
PLA,473.61183649397833,82.31280996358547,SLA,133.57176313242468,0.2338093072892906,0.29830786277242544,8.764998558253033,729.11428092241,19.568461294509728,70.59476359941999,8.609953606861797
PGA,221.92937207902412,32.04801839375895,SLS,193.64563339928512,0.28631421960060166,1.3548463396347548,95.97877602573274,14220.5785422264,2.6529837350701793,52.91438784317532,2.590361200966095
PGA,680.8915288034353,72.16718372589962,salt leaching,249.4118809071515,0.063586535933696,0.45451272542255033,16.214931250385895,683.0570050924656,2.511842150937785,58.92815536296477,4.605043843540879
PLGA,683.365058241959,71.94228733932358,SLS,354.2074870907923,0.35171466988543804,0.554589745199108,17.543189027821537,2219.9709730070863,6.117206562736117,53.25846469651933,4.71482060812515
PCL,388.49743674196446,42.308689098900054,SLS,254.67273087238317,0.3429411440099245,1.057249229222696,62.880755080818524,11509.957828474659,24.0,69.67008583002716,4.485443815844683
PLGA,199.8854443141725,55.985540598802636,SLA,108.64701887095399,0.23371597015313553,0.7759863216189158,29.949871552680168,4135.434627541906,7.316026319228685,69.35685829355647,5.158178342973397
Chitosan,358.0583508765439,45.14448341548608,electrospinning,185.321267274797,0.3333237665415133,1.087958561744981,53.36637256653683,10255.219933945467,8.583564362342194,82.0432648778276,5.229810925307783
PLGA,665.4819104737171,71.4481784983147,SLA,279.080063359741,0.3148419166247685,0.5453009228279945,20.285608529402104,2501.7074163785433,7.096230020912049,59.74492572143384,5.7153403414313155
PLA,192.5069711234392,76.54721731330132,freeze drying,67.63922798518361,0.06203113589003447,0.3186012378369705,8.9265005806067,481.61703099433703,15.263376456934676,72.7707205445067,8.055714459595995
PLA,505.65034345853763,34.039875263616885,salt leaching,190.8089624109567,0.036129834356777205,0.8634232988059182,38.38165433952076,2810.1801400419,20.84232055804943,51.55497451908046,3.952360844004874
Gelatin,595.650992367808,65.82724337017461,freeze drying,217.07653443624338,0.31075673116352875,0.6524816691150068,22.247074754616754,3646.36347420167,2.5053667818055807,75.63561777570858,4.159402504888529
Chitosan,448.97826279829405,78.54372289969112,FDM,194.2953828660329,0.08814950068843656,0.33348668138226123,5.595918853821099,473.8710058151981,7.046904715694628,72.33740660918346,7.649865577477482
Gelatin,545.0097456563453,65.50937454212725,electrospinning,200.57003385993016,0.25046400486104864,0.6211193269634246,17.75561733096006,2858.730003644096,2.544949738604358,73.56608238511461,4.675500211700333
PLGA,196.9049059699884,80.4241263903133,salt leaching,277.01074292304764,0.3443433498928169,0.3843255826844679,12.257955050358731,1287.3539531533947,6.457562657686588,81.69886098423981,6.697767389088413
Gelatin,716.9488661187106,36.22660245464562,SLA,329.27595177302925,0.1825254965424026,1.0704657458191975,35.61840155472701,7480.243586355333,3.1105988657573795,45.64906439889185,1.7512674324347153
PCL,455.93897207040806,86.45502385706935,salt leaching,320.7641885193596,0.09855619025439602,0.18185554881352126,3.5592524755848105,184.25222786411805,24.0,63.319175472734265,8.030055077586946
Gelatin,197.14456176992562,75.1356921172494,SLS,143.98414749012724,0.1341703420519234,0.3957171049003667,5.88590247597104,732.4095659904073,3.088151385675463,72.53346540487702,7.217032124518403
PGA,223.26963188321972,85.78057401685324,SLA,213.22744159141396,0.43635470110868624,0.3180735742141175,11.362120382523026,943.6218392192802,3.000415934317258,75.80704997480902,6.733777972136362
PCL,547.4943934112506,36.743761499834704,SLA,145.01952138668938,0.06980162184907457,0.81281246101653,25.494833595870197,2320.403086482426,24.0,53.02321351169122,4.314508285606088
PCL,357.6034892910811,46.271348847132096,SLS,315.44356664947185,0.41829732706405687,1.0658078065385737,54.646074259229486,10199.695126098695,24.0,68.25939861621688,5.206040298838719
PCL,598.1705405650215,81.14656749703313,FDM,261.89876605801993,0.13569763378836713,0.26716704405676867,5.632497977888572,407.98735844844043,24.0,61.34696412530781,6.842350147129522
PGA,261.1393193498129,36.25586807024215,electrospinning,213.43540449089377,0.1195568727831555,1.0987462134884347,54.18303428511047,4832.376106281111,2.421258281848889,58.21992962075952,2.8084263556723035
Chitosan,379.6188998586044,39.560589497575144,SLA,85.10393842476124,0.4249507426678195,1.2956177636736341,67.36372544806515,14180.991993171772,8.743876367667488,60.775699817768476,4.759032041976718
PLGA,87.40163172998068,88.53319183643599,SLA,293.7213850742249,0.29284898311260377,0.21443580968722892,4.462198652051651,340.5675710832359,6.046686822860687,62.13232711101249,7.022074644179915
Gelatin,373.9403037775627,32.60268324646151,freeze drying,56.077426559730995,0.15002764796271223,1.0918700725803325,28.502371415608216,5960.44638856169,3.6801469435164647,77.17907201144777,3.6133493822632543
PLA,426.56775261202614,67.87858581611276,SLA,344.6500771425125,0.17064493242168707,0.5029994460367424,16.70123426219225,1644.584604599244,18.935048721140184,72.79456674239566,6.853941738206831
Gelatin,569.1695963096796,52.05636876095764,salt leaching,137.18382815819308,0.1056947302085769,0.7384520267696134,14.763036207049847,2425.729464955976,3.1072779193973563,68.76510530210788,4.8430788392529145
PCL,767.6251460769427,71.58907764733384,salt leaching,166.71254996070468,0.06484187265681488,0.36224151999357485,8.94260710025227,520.5809836216636,24.0,57.44194272411218,7.096691921778768
PLA,580.8873115464811,75.49820404177915,FDM,114.65820959166749,0.3377932344530676,0.461904201198696,18.427214895538274,2067.0402158825545,17.49651237728713,72.51701948696052,6.248435503422878
PLA,173.26878177682755,60.77479290728498,SLS,305.539703265595,0.3471693117728956,0.7464923216247353,36.2289939895967,5190.215983796884,22.731725537573244,75.02990549054415,5.0399707938706895
PLGA,627.7094391325351,72.01554834802508,SLS,152.54290217655142,0.12049319346579099,0.4360236927759963,13.050012324706872,1085.9210669115491,5.83797488731175,55.41715866474285,6.077727290881768
PLGA,575.524490826542,86.00837181408647,SLS,120.91549524366185,0.19892251125153557,0.23786463934707958,5.405558179775835,395.45412075376845,6.470151635007124,54.16596804206696,7.482259591700899
Chitosan,81.40602422991104,62.76293690302498,freeze drying,70.88177816571171,0.36002156504943994,0.7559264337029598,27.87502971565596,4476.900534104285,6.882490090407536,79.19980246668156,5.340342608312157
PGA,721.7230541632898,57.560396688656084,salt leaching,159.76894883704733,0.22480071010895272,0.8038812686339064,41.90264277071151,4320.872752274409,2.3160109380874014,54.935460662306525,2.621463587483149
PLA,721.1277850296885,59.47991193977169,freeze drying,209.50621444803093,0.5030031051710611,0.8917401371643349,49.23611728328738,8042.073707487899,21.543982349198426,63.94634722008889,3.5915497476414666
PCL,241.05655361975116,70.08355217406807,SLS,226.1311208488576,0.403281358491274,0.5844414793024473,26.453529204976515,3649.286995131824,24.0,77.80584048125198,5.909642335940866
Chitosan,281.82786866897317,36.364040819467384,SLA,68.75961217510428,0.36977976767984766,1.302701007060035,64.91429067058274,13694.620914930052,9.651943454482247,62.685130539301824,4.629779402220709
Gelatin,683.0306850845566,76.58367143839095,electrospinning,85.15960808972787,0.079765295241203,0.3497410220829938,3.386042068936887,361.8534861188686,2.879938663945922,62.72611495723017,5.373095954505158
PLA,654.0623379707484,74.42373177287716,freeze drying,233.01816213401256,0.3017489411720136,0.46455211247863853,15.780758681897707,1738.2106117596281,19.82284283948214,75.11851640427949,6.041441286103751
Gelatin,467.8275244084078,90.85783584851528,electrospinning,89.36325258647759,0.11914151698118308,0.1430250195440236,1.4098802377200743,103.86598002645691,2.6895277638140067,64.19104913020252,5.300795387238105
PLA,767.762324851125,81.80638759883057,electrospinning,204.7372147275491,0.45453973897457006,0.38355244256249327,15.067872710949118,1601.6547102561701,19.80282991314376,69.10749559823205,5.979885674132445
PLA,535.9732286790569,82.6661488875611,SLS,98.84411159724753,0.21851455237349843,0.2872847992840422,8.97741030186981,719.624688335511,18.84252045230776,62.140785094269646,7.807160864799824
Chitosan,469.30079570692806,47.22782936623727,electrospinning,184.55158410020258,0.20628772433784445,0.9293197811698064,29.31939414080351,4975.663192734001,8.15845259204864,65.21838288785604,5.095207226571064
PGA,748.9844146680362,32.676524432596025,electrospinning,289.25580394867626,0.3561438178067432,1.4184739779701077,83.95800664468842,13802.072959359648,3.3091499894743084,47.455739511493,1.3464621985283627
PGA,231.83659196820494,71.45457680307045,freeze drying,107.26787249952375,0.4301100838467764,0.635643299620726,27.40428209205422,3203.7969653420328,2.711301141828745,78.8971795518084,4.795584133449215
PLGA,277.9639299962811,54.79883589230582,electrospinning,111.54424688238137,0.25912078350149115,0.8176929542067521,30.454825508174693,4424.474333217593,7.3331928419052135,70.9443280395336,5.402487224974784
Chitosan,355.4924349154278,64.72590697250303,freeze drying,387.9117262654719,0.10691770137463448,0.55983723891502,12.929074426878808,1491.5371300683162,7.062875280694211,86.53528876693831,7.850871264411911
PGA,599.1944618813424,59.945435852572665,salt leaching,286.90993086480205,0.46987608677906073,0.9177298775752295,44.74172975318861,6444.169882949861,2.6813406283700885,64.5430653552709,3.2316824120527126
PLA,217.54552253990516,84.24567849446302,SLS,130.01954052714052,0.10586869426334646,0.22721027510246522,6.295014654267654,351.8766786751462,14.757876164723786,60.557575392226326,8.563199289398469
PGA,121.5884376389207,77.69389621207954,SLA,309.8790365988202,0.05505444365374206,0.36117780012803385,12.30702622877125,432.6090518757375,2.0372458287512702,60.99947281138042,5.844361343239128
PGA,714.2445077257483,67.63986774160306,SLS,129.50585007365666,0.29680978127355245,0.6507078447505613,28.978603183643727,3017.828837199661,2.9071620832602996,60.69476203823976,3.2288011285710314
PLA,76.37040856013162,58.931284646715405,FDM,211.56112586996198,0.043984944575634066,0.5437544091011172,18.890928378418565,1173.8318466592266,16.34330325646733,63.09105723554395,5.190476525454195
Gelatin,250.16805961217207,44.906816281591986,FDM,71.34416101087943,0.2862404381549633,1.02761612704287,39.748598875457375,8205.726742048138,2.9786839038542876,70.93780602177227,3.8643293863160424
PCL,670.8803719958026,77.99193982750472,electrospinning,361.5661246046633,0.29849469069194423,0.3837065357091404,10.364852531200638,1122.2941309082685,24.0,61.89046133375099,6.055243934791611
Gelatin,477.1408599747751,93.90321664880491,salt leaching,126.12261398704005,0.16420406591375047,0.10032667431584062,0.7646820308537235,48.838163984370105,2.69718637054506,61.892376824927915,4.383363749369037
PLA,302.76335912059074,80.1178793660338,SLA,87.31458020892379,0.18247221483955522,0.31583184648791307,8.54359769106767,680.959001304612,18.0691200414079,66.68605683516002,8.136614882327253
PGA,469.16083557661693,37.73977268887816,electrospinning,62.05258937628276,0.22956145413424917,1.1841207605837385,80.12395392403653,10120.317355809857,3.058443518068143,66.69456528948022,2.76928350386649
Gelatin,227.34468204676676,70.48200900102513,electrospinning,90.39498368196129,0.09708735511570296,0.4500777046257134,6.56024635728927,828.8833343945206,2.8103519307179297,84.27215530831384,6.894215435350434
PLGA,794.491060439537,31.483347450965073,SLA,242.45924582071325,0.4326854819982279,1.4547186552358937,91.23629565017347,19134.877953209103,8.000146956790017,44.42675904313572,2.4307418138260513
PLA,665.4197982411519,77.12384684862378,electrospinning,354.9187530264426,0.2711545409516562,0.40214107968123786,12.132776712223093,1215.1739023245732,20.675974011375033,61.05733602210191,6.75046152988182
Chitosan,200.59869823914562,49.67641390475545,salt leaching,221.82982043603533,0.08295550614688985,0.7775860300574315,20.06085449343394,2551.6270245278442,9.00865947846797,69.03225471413583,5.948741328068894
Chitosan,244.52940014314697,54.44795800994778,SLS,156.42223812727596,0.2280752684304038,0.8195412364383292,29.99798706856601,4845.7433228632935,7.55752935508703,72.3799858159041,5.497820629461501
PLA,584.4784635736854,40.831612203901045,electrospinning,334.5885939647721,0.38913205744320334,1.1734524534146693,72.74020966329635,13290.143336260464,18.882928040815393,59.014765138803696,3.294477528550169
PGA,193.7369192239957,69.1588968177848,freeze drying,118.84024092800762,0.15376347668914006,0.5486930897415523,25.116269631787507,1792.2256914387142,2.5634998041733206,75.29556626341446,5.20098301547178
PCL,108.54046850405278,52.399961527523814,SLA,154.7328441204561,0.3280293628716746,0.8580853568803631,42.29733354331602,6939.046473080577,24.0,70.98045755538028,3.8573031725346487
PCL,323.499129290007,75.20033381005815,salt leaching,375.7538996766875,0.1521027826178719,0.35958674749629865,9.33620379027596,819.934903169592,24.0,73.0278836760926,8.691675070208309
PGA,88.41730327168116,37.6272759162398,freeze drying,383.3942103585883,0.10471212596681083,1.0601078032481908,56.3373423726216,4619.7837403887,2.883958181178096,57.02187152015363,1.921232641686989
PLGA,528.0156184012947,64.81823201567117,salt leaching,258.5897657857509,0.025352913760922725,0.48758017295691536,10.243233742655978,456.2906214257175,5.6690044422579655,66.51179500056502,6.670531020826505
Gelatin,258.98775539211374,55.259848958047655,freeze drying,367.25621146583865,0.02991236172435304,0.6280811435346,5.090111435219671,517.3448915932269,3.2352849986771384,75.45794255276711,7.361339937942707
PGA,762.942331814301,44.25235762040037,salt leaching,169.62050346674138,0.21354803370789271,1.045796678914906,61.00463228611607,7012.78570347915,2.388228672658189,57.41984087010096,1.8554540208750445
PCL,741.5072153673326,77.61353804562641,SLS,223.8949244800221,0.11461746734835855,0.30777087479819626,7.714939309954824,557.9813482907502,24.0,58.59262621389517,7.0365611558968375
PLA,109.37525035652155,67.85964848052218,freeze drying,370.4175110044001,0.011570830786408309,0.4056434687065133,13.275990818706175,500.23942713314295,14.570260609280291,68.01599814682073,7.328043401171891
PCL,673.1263591010721,90.76411732767409,freeze drying,355.79943971706103,0.3562656328207039,0.1717239296756567,3.480836368795139,257.7948745385363,24.0,67.72983281622207,7.379323329625401
PLGA,550.6715763396287,37.33744820197009,electrospinning,100.2318824497897,0.3033867380324771,1.183777062174598,55.31336140040889,9984.916588313832,7.228878397084719,60.29085235964935,3.7865690658038456
PGA,192.4487503981791,44.27969565291631,salt leaching,382.4881308317581,0.28971759119908475,1.1140397246827154,66.45309842161468,8969.888874693392,3.203636068108682,71.97555588741128,2.9170510597292623
PGA,550.5823821364061,56.916235628271195,FDM,288.08472958092574,0.09260315739950217,0.7238146152257986,35.8176098654132,2283.1861511032653,2.3324920777658025,63.205202243369556,3.282580416820613
PLA,245.06932590117162,33.12820479496531,freeze drying,192.00539254603396,0.3125810666899937,1.228454830706723,75.00291226099982,13527.90144124804,22.70340685519311,78.48064076519775,4.187714010684319
PLGA,411.98931373465757,55.12223940698698,salt leaching,234.13179322431643,0.2990926635606457,0.8443112139486372,42.12430376282876,6405.0532776851915,7.559776088159224,70.23177698881015,5.044483638638611
PLA,361.0129143675829,31.574451997178908,SLA,171.40165472654945,0.2374024943598846,1.158744754514786,69.99938129906596,11521.888873255377,19.047901512629295,61.44192987138915,3.867626513285264
Gelatin,739.8330934804096,43.04189817229645,FDM,303.9678672946435,0.11533741558975959,0.8871835793847003,19.615683367427952,3582.1380952331283,2.907334529323206,56.275939026124746,2.8754948924475374
PCL,287.32106543543574,78.87255286023267,SLA,274.0998786510972,0.0592316619229351,0.26700011656619743,4.877387350166601,230.95054323876852,24.0,67.8326107423194,8.329276353464355
Chitosan,628.982059425658,84.31456585478777,freeze drying,331.57775718912933,0.028640732402401222,0.22745781866742013,2.8824113141972605,147.20038548727376,7.8020439940847695,67.48304837860984,6.461727497099647
Chitosan,617.3068943007464,77.76244401551304,electrospinning,72.40274838525903,0.10720174786018447,0.3530441190021423,7.405102532281533,678.8424472112723,6.929639415229285,65.88030407642748,6.5458241878858585
PLGA,760.4281064272495,78.59665951287755,salt leaching,241.0320174655101,0.20407702913485426,0.3658642980645846,8.954506581911852,818.4878348084093,6.458645689018847,56.57685214267936,5.7937842735719
Chitosan,773.4437073257013,84.3414895881505,FDM,124.01512172817873,0.3485545036264383,0.3147314214381963,7.450696347858846,771.3929001243536,6.811180183817853,67.35635884948375,6.119833928500491
Gelatin,775.9650070505991,75.84394051248663,SLS,140.18460960760913,0.14655173960190296,0.38982882879822894,5.684149090628953,708.6756954995316,2.5785522659526126,50.15730026822458,5.841953513470485
Chitosan,759.5673880955687,74.0127960450361,salt leaching,313.01188746973475,0.3017249736967324,0.5010381528903488,16.82534311885692,2182.402193576073,6.545368265360014,62.867602065442746,4.9656469966908805
PGA,187.02789994305127,70.5814753455193,freeze drying,152.90667491781022,0.05078488805869063,0.47430649421271487,19.110935966400884,742.7054237741016,2.1609736929303605,80.13330502586768,6.236001857422865
PCL,157.8941052224745,39.3188648938699,SLS,156.8790954788786,0.3453662179032048,1.1149911402652244,69.52914663297784,13079.789189856287,24.0,61.275556696672005,3.6147144479485136
PLGA,384.7443143316512,80.73501502156752,freeze drying,299.6038943625469,0.2857259569080001,0.3577823621578289,9.89860351240319,971.1782310404825,6.685337834444723,77.60489278292418,7.556011780074444
Gelatin,172.8679897030118,52.37560901673181,electrospinning,283.2675418825825,0.09061203787802768,0.7206054544286108,12.457407293568485,1964.8880157521019,3.238092579642737,66.00671696185006,5.0620151363422705
PLA,338.7439608018938,82.16524671522721,freeze drying,308.4831362999878,0.5240235576306951,0.3996563102670526,15.401550640959485,1688.0035436137405,19.167102566212208,85.78558911784525,6.907407145480192
PCL,650.0138610863129,86.47258965604422,FDM,293.00299735003114,0.10903766331475685,0.18446254259112013,3.319930126605513,181.68137335698998,24.0,57.85995612286503,7.009949149568185
PCL,196.66775821684178,51.41313723675664,salt leaching,202.88545529972362,0.16002815466104622,0.7122136617140017,26.968101592601982,3394.9598375819264,24.0,77.6765472417488,5.216851771765248
Gelatin,177.93721647410015,80.2286712524895,FDM,192.39251856297068,0.5414714496954324,0.45961391879914243,13.213471445785594,1716.6410497039863,2.5639524314703332,74.58341415151722,6.025958249551233
PLA,448.56183832430725,78.66265261228507,SLS,134.3400372167915,0.03833412577388211,0.28020592507390124,7.526833879364177,320.202086827357,17.765371924087162,58.635413759292106,9.325157407350678
PGA,609.3060144719907,31.70982458421119,electrospinning,256.6348806377184,0.2793640998283996,1.3539004226524856,85.48514519347651,12538.049082806261,3.2806161652544525,48.09870145011664,1.6031679618481653
PCL,712.3007750376518,90.31882385318305,FDM,139.6029463525783,0.06935053643981398,0.12431093180201332,1.9864165814939543,70.44089769723122,24.0,50.77020360607369,4.861669803860569
PGA,722.3633702608787,40.56059137992559,SLA,325.46963354600655,0.08152731389718368,0.9879271041429332,57.454794351703384,4018.8594657529457,2.923541179331117,39.98057048109001,1.5657351436730962
PLA,282.79689521338895,69.50452889619645,FDM,178.10502350438793,0.4092845208833804,0.6165371354319782,24.695339288209155,3291.5528610187516,20.31366069327911,79.96530480201868,6.1695254248859825
Chitosan,288.89540336748064,37.39899273148522,salt leaching,265.33425023525825,0.43814715160519674,1.3564120296497366,73.44402256061417,15812.380384216469,8.522998259493914,75.85904322419877,4.586355863369191
PLGA,58.993433021191436,37.95768422691185,freeze drying,249.45173484425143,0.15657361092144004,1.0071938596898045,37.80804802233146,5271.135133549337,6.177756899152498,56.87328895332969,3.146456394357587
Gelatin,84.42040090628693,82.70596301872143,SLS,201.99385637228488,0.5872150622570649,0.41626524129473536,11.742820372663486,1433.149443934285,3.258241374086163,67.28754705603957,5.111763398891409
Gelatin,443.8692190834379,45.708082674347786,electrospinning,122.35735697455084,0.39773550407142316,1.1216296997777067,56.056313041633544,11825.582327333304,2.8009471487349566,73.24527768449815,3.3494703765060465
PCL,337.32812513317407,36.608998268014474,electrospinning,253.86627364393723,0.2741876045085855,1.074316559422703,56.496619949329975,10091.480976123583,24.0,73.12078356742,4.694293032521602
PGA,405.6764733639538,47.922869450707445,freeze drying,356.03603774220926,0.045865259647906886,0.8354743014568281,41.10932925256238,2029.15245246989,2.449435343159214,69.88220908601417,3.9943998253912936
Gelatin,510.74715579554794,80.70195699356692,SLS,76.01510122152798,0.10748357276515517,0.2978595875615733,3.263024584057753,341.46600071511796,2.707024631167668,60.11518450397092,6.667231974432339
PGA,319.66989344312185,83.11573692528636,FDM,81.23941352522303,0.423278288579946,0.37410644508993235,10.956612970510678,978.0163010990833,2.5410489250729267,75.40759235409625,6.362766023310798
Gelatin,636.1423632963921,76.98850652894575,electrospinning,236.5596267019457,0.5953084242413117,0.5572360083776983,18.828174061737833,2652.5424897565563,2.530053583359149,63.77873359890652,4.5035071256411205
Chitosan,245.13737831152585,77.26670961648864,SLS,320.77405438983703,0.10584634321856012,0.3603751893565149,6.3374398668981655,585.1023756104257,7.000721672232114,69.99235359864274,7.31059046863093
Chitosan,131.0519714608578,38.20793270538315,SLA,212.1328575080694,0.2508239249706,1.1363201970150927,47.57566067030352,9148.54087190643,7.708637715735602,56.32828165037164,3.7911436761917807
PLA,605.5212090020051,56.12512203010346,FDM,83.9568710223402,0.3570652608247695,0.8432728064748595,42.916095188359954,6564.275610005603,19.037090330226317,60.98561968064737,4.2534537098965055
Chitosan,719.2286632763091,58.536165607892066,freeze drying,152.2077294045585,0.08880618278379307,0.6449329664685042,16.799489606491115,1982.296771606996,8.278794707270723,70.57380852669732,5.50259296525366
Chitosan,234.37948939536665,55.05645289749683,electrospinning,59.40120690540639,0.01223936228144943,0.6388360656510605,11.941198442723476,850.8765247933965,7.7642427707077974,70.9937394776467,7.778656665843741
Gelatin,246.42480170005547,62.754918153192655,freeze drying,213.3354866681924,0.02178030356580233,0.5174103703331183,3.3521336662494026,264.1744296100987,3.1194293159377926,75.33026867821457,6.66409465604214
PGA,365.05614879222276,94.38677861565924,freeze drying,103.18006046760439,0.4518620931732688,0.126971999000019,2.5559929412973177,135.46568036116204,2.924103092836936,79.58220895805216,6.531679619646364
PGA,799.1775259545889,63.71980487748928,SLS,387.4705200217245,0.10688666228370308,0.6179084625854898,27.085702956602525,1713.1717147099612,2.157777554912777,46.09253321838343,3.56688160063121
Gelatin,794.7029519952063,74.1732514856501,SLS,205.5240715441646,0.46577430725451485,0.5651909511060659,21.145162093724856,3111.0149691733395,3.1435817161414543,63.20842884731289,4.170762400399477
PLGA,694.1342897520032,30.145115954367068,FDM,133.04669743431342,0.41010204236826636,1.4545775603703575,80.53878600454496,16809.71379492384,6.8069213792298084,51.830537289821095,2.416810565238501
PGA,626.3244156932184,59.686891784831786,FDM,171.97106002131622,0.04585061712811536,0.6467343261103646,24.137787410991667,1048.1159833793715,2.6269504341779957,56.970006339284375,3.8014928151884826
PLA,612.2646182714766,46.217500405423074,freeze drying,50.58583142928703,0.4212719408235436,1.0996528025158372,59.494509566051825,10625.875870552662,21.064653572581864,71.93502888127797,4.051217360403107
PCL,294.86772121810156,68.56641116311424,FDM,371.25199776398046,0.05717550995347071,0.39594908318424615,10.307545360046706,581.7294465549003,24.0,69.34797645982158,8.020809791235537
PCL,527.5046510010377,87.2497257545267,salt leaching,62.219765111126094,0.08142591857126842,0.16680660609975798,2.9483390029849237,132.44790709340555,24.0,58.83326975832989,7.679497202083183
PLA,176.85319499185536,55.49431485913181,freeze drying,337.87233177711954,0.07734632650753306,0.6176194047047943,25.899270220307365,2116.844191557046,17.382581434030268,70.93101773680978,5.7405273617925054
Chitosan,655.7345959974291,82.34911719227006,freeze drying,224.15499629740424,0.36848072455991393,0.3609325358152221,11.297110047751355,1254.4021908900556,6.698067129926271,73.63027943643914,6.749586877297806
PGA,609.4158750195134,30.878768806752138,FDM,156.96254035789767,0.41636585031629125,1.523786304507799,90.25410002011527,16178.671889650106,3.111003526205878,46.620764805358114,1.6874747004975013
Gelatin,215.21462581004945,78.94376980845279,SLA,156.2113446216204,0.10186101098143022,0.3228656676917242,3.409316160051527,368.05313156703323,2.6814563804038998,64.71344779754278,6.988008977971405
PCL,336.4723018679456,66.42379071474537,SLA,348.47449278227856,0.21482015787913475,0.5290651702379731,16.3253494742277,1939.0425947939589,24.0,79.04543254198907,7.572893663628868
PLGA,409.8743020438481,51.0418944085492,salt leaching,371.01340077251785,0.06520480297565963,0.7138193106130936,21.089673981083635,1722.228500917304,7.053798834109477,71.58609170454108,6.04033303316395
PLGA,55.14722044073992,93.76464775740227,FDM,332.2033066676221,0.1269179932499618,0.09787766897926198,1.4411932831081493,57.98551879284499,6.298195025908042,62.200728624683805,4.912674570776951
PLGA,393.01026946183043,73.16140443679865,salt leaching,153.59754375800503,0.15281379628756295,0.4338708494651102,11.473964826577648,1041.0443948403072,5.980237361053995,78.24214616874882,6.751212241731168
PLA,339.9126385437039,86.49253913621385,FDM,63.63168061481731,0.12813340280205943,0.2005499719534762,4.029260754028694,227.06114616015407,17.564324486588323,66.11571051536397,9.151838973890515
Gelatin,408.91780003544255,41.88815140159577,electrospinning,330.6540426216305,0.03565649326733626,0.8218071213678837,7.891026697084415,991.8262387414782,2.629128398395068,65.26904590857632,5.427845472847358
Gelatin,104.49401536708059,62.60328803376838,electrospinning,93.69947861234914,0.28682935697822903,0.6979321587788636,20.190577434773463,3434.8078864164017,2.838291750379663,69.49130150440324,4.603269136429067
PLGA,86.62690301023527,92.80622580870059,electrospinning,139.56052488630178,0.15232320484437997,0.11623016935280585,1.883679927476068,88.35888488211006,6.340584351957487,67.0536657720685,5.448369363965283
PLA,583.7381077303198,34.00423860405747,electrospinning,375.41603420816847,0.14046711052733687,0.9954089089971742,53.69637528983692,6965.610722853048,20.37071599536058,50.59918612435368,3.2349804191555043
PLGA,341.50020991370053,70.98771837030714,salt leaching,135.39545245253618,0.09092914829384115,0.43651349709943166,11.946660099443509,884.8850422159568,5.598288990255376,73.30969364686105,7.934469641335394
Chitosan,472.47753561724403,90.01847317274012,salt leaching,369.89553671935886,0.2914223155607091,0.190646069646188,3.7298616100057904,297.71763676867363,6.19415198779018,79.58334369229355,7.825044796293558
PLGA,339.90668762960047,42.474917525903,SLS,387.37944344427876,0.23226677704376594,1.0126732008012793,54.060899509138316,8513.982328239736,5.8335150630680115,66.40276702389741,4.044798874958025
PLGA,117.95226200401852,53.021029103816716,SLS,383.2084970093506,0.2869648140684764,0.8735299508440199,35.7102781572875,5479.238091079991,6.610722749725028,59.81602934224129,3.9634604310369803
PCL,584.8850488668879,34.029607207319174,electrospinning,61.85566293373807,0.44848677318482494,1.3485773116921587,96.01782234046976,20210.437881805407,24.0,62.39026002312009,3.3144464446021393
Chitosan,736.3563077215904,62.975812505878594,freeze drying,288.6768241184515,0.44485984202626455,0.8065736734139486,31.533875840174588,5233.743150324397,8.650698997755851,77.78203749282605,5.3334852507553885
PLA,88.93660303413488,79.21110395969139,electrospinning,186.57483206801567,0.06306888606440407,0.28282494195105223,6.667224921467211,341.05974613213397,15.58751163111308,65.64479935709518,8.602716020779749
PLA,200.05400061194885,70.77316475000764,salt leaching,156.5275381334597,0.4643566942598375,0.6216317801668453,30.05312796922821,4074.4996685892556,21.24512898364389,78.69768441003184,5.6455164477619
Gelatin,56.84788999239586,80.37674912618975,freeze drying,69.84680108835882,0.12286563903715676,0.30831230545118693,3.437053964404132,373.3544398904524,2.6097340266324647,73.36005233483763,5.906262034699502
PLA,744.500753529535,90.51307525241316,FDM,195.63308886322923,0.1084360844490854,0.13728651385612348,2.3183621889350543,101.64499151031947,18.246883902745587,54.28984751555473,5.7625353120704155
PGA,90.94270778839743,82.31364863500616,salt leaching,333.4512214818757,0.09508633261761316,0.2978452065610829,10.065107901427579,417.00306341149246,2.3302022095532853,66.74642399496533,6.239471002156048
PLA,348.9943190507066,44.936769586609,freeze drying,164.32185109834762,0.2954323673947149,0.9934925530089378,48.882409092727215,7840.027600049775,17.4007637667064,74.3572394676216,5.246906911644107
PGA,682.7340617403214,66.55072086891012,SLA,361.6256047724253,0.13136817079496896,0.5829595346502332,22.79056381489677,1551.5021485498737,2.222185765316407,51.22938094873773,3.910572481085424
PLGA,486.90185839887965,89.77538455433977,FDM,319.5129582919267,0.2946327724898763,0.1915362199866453,3.640006936564832,262.8680042201876,5.748516283021011,67.0155809121134,6.799643646468175
Gelatin,492.77346640026485,74.96443449961306,SLS,306.4679883826946,0.17295096586855344,0.41591878847365604,7.298574601816279,952.4725944392935,2.8200999861900167,61.12119845949074,6.515628825284145
PGA,194.44826244609442,79.54735646493405,electrospinning,71.35969900134697,0.06396051648455191,0.3341176647189405,11.028319294798825,399.408591275805,2.3166764819978747,66.34251080673059,6.440518342223868
Chitosan,268.24213628931517,58.36556186293973,freeze drying,172.6194907407639,0.48006572142309845,0.9326592990743249,42.357655599281316,7542.344091843373,8.86505110593066,89.56090364684208,5.661213600691936
PGA,607.1816345366021,71.14779002592199,electrospinning,260.0057778307933,0.13116529081670666,0.5027462304970584,19.98509983083527,1262.4852049272588,2.2737289591153984,65.48004577848168,4.7050494372677605
PGA,590.7827565184715,54.66223577100065,FDM,198.24684561840445,0.21022421112852197,0.8480715433575213,45.330401003849495,4659.522755514131,2.3165090543442206,62.19811174725903,3.3052666591479056
PCL,595.6560606168102,39.7578257278659,freeze drying,172.14996228840585,0.05708939114650178,0.7587286358792141,24.315193621902978,1897.8721106755513,24.0,53.47366858928835,4.230275166047418
PCL,576.8746799143078,80.17110351503321,SLA,187.3997521411054,0.3603773231138594,0.3703158516957305,13.202923748398366,1437.4955573944342,24.0,66.39107280963555,5.793008992561036
Gelatin,616.1205789887407,36.432893785435525,FDM,357.34854180354705,0.35630172643179336,1.2658391882900255,52.617718052062195,11906.361339628118,3.4898386839046505,61.78531591588116,2.089420254634325
PGA,133.7795916747286,56.69473115892517,SLA,336.1061008138555,0.14575416905636523,0.7648237735746775,38.519450348598205,3161.4602773571314,2.3782373695723957,58.93904461074183,3.6456017995801555
PCL,626.2364734461662,86.38030267869266,salt leaching,169.29304602260387,0.3295445808961464,0.24593589811490518,6.390387069582189,561.5717184700527,24.0,71.0272786001863,6.499455125806921
PLGA,138.56881864785,60.92050138160701,FDM,189.88656165465463,0.315754543820617,0.747010761074169,29.425897835680413,4249.512960599977,7.311066860555065,68.17357957887592,5.1310822867204715
PCL,173.6016104418709,36.67244299695111,FDM,50.41429280149879,0.00983356990186027,0.7375863836529054,20.741719601096452,496.88033792243226,24.0,60.57467598095325,5.501152134664938
PGA,220.00117352172757,76.1277859012445,electrospinning,155.32568315037503,0.19874090854783247,0.44210392111932695,17.11770476174031,1238.3090765957172,2.2584059915077757,70.10137241440208,5.738510999635502
PLA,308.0077751432114,56.13847132654592,salt leaching,116.71707373852975,0.4079274440467422,0.8856262920703606,43.96128748025639,7019.855289822782,21.82766551103176,75.08319774873968,5.775916412322884
PGA,648.2927512698416,44.00571938029069,freeze drying,292.9873032628786,0.5336904286460775,1.340827001817267,76.51438158242668,13754.286100658397,2.8470478068382774,57.852646488808,1.9224336305293868
PLGA,645.3355771045717,60.41552916607925,FDM,331.45864878626526,0.4036350513099211,0.8196279156564128,38.900419204872136,6085.044205373648,7.111001132052988,63.631973318526335,4.518400623801146
PLA,342.9107350433449,71.06034353350195,salt leaching,381.5787389287975,0.5881010391837452,0.6839230831785266,31.666699988996953,4558.091408942593,22.440646297290268,79.7467042746232,6.133529364132505
Gelatin,132.4479637208378,71.5452276182289,FDM,96.9402362707732,0.08600944530178962,0.42819225255131654,4.73098485260848,568.9646910963868,2.9325863772185947,69.80798701375902,6.03430896762374
Chitosan,617.4723817881483,65.13891589361802,SLS,164.68792088684637,0.33605106938512963,0.6930695078821533,29.090172017168264,4463.285939982506,6.964070711240193,68.28482798668216,5.180453638292479
PLGA,604.8622507911576,73.6484908402651,FDM,124.65042128212583,0.011381606495849923,0.3585388201321324,7.09057875005769,206.7413508022341,5.504205933175468,57.27270337637601,6.910980149744269
PGA,301.58314015434667,69.6493973729786,FDM,66.2168618971042,0.19894217321907298,0.5621800606845034,25.276217063619644,2062.8758611821136,2.8150476517879586,79.28676606838306,5.555752634567657
Gelatin,470.38624226632965,56.134576105132815,FDM,134.25023924913455,0.24995943232399165,0.7895455987781277,23.43619987962198,4254.366634019765,2.7786911430891816,70.01158915397667,4.809455165955157
Gelatin,160.87767089601564,85.26722440446186,FDM,136.89033992554562,0.06416729196929019,0.21590899217658963,1.680793358691641,133.39750490413059,2.4719507474504274,70.82276019946801,5.728141246403232
PLGA,356.18660873743084,42.5819073151982,SLS,280.10785299044886,0.11840374096387772,0.8924555991856747,35.62998138361637,4212.374151757316,6.159008563374153,60.6701870370668,4.250825869206751
PCL,115.80099828566888,52.01867171656374,freeze drying,102.47574133900373,0.32556685515705824,0.8625898684630551,39.55835877480541,6500.610815415679,24.0,71.34801088974066,3.9788266492908106
PGA,354.1351229182112,86.63813455157577,electrospinning,274.66062624000733,0.18044518158630488,0.2434961060030881,6.933599614609549,355.8737469389184,2.6881563991841175,71.78525235895309,7.935855940225316
PCL,567.8106056714097,36.65851483479524,salt leaching,135.59584282595128,0.37762564769054974,1.2048433608334899,70.16716961016309,13835.603578213637,24.0,55.809329868500384,3.255189928247135
Gelatin,564.3218313200422,54.797175653051895,freeze drying,94.7041226180953,0.14310910499508275,0.7266789719235497,15.662629490102793,2659.798360058443,3.3018822432795623,63.442098359512954,4.397921095596369
PLA,304.8544591218218,71.88787360174783,electrospinning,59.52994431789693,0.023809651855046177,0.36137476023907295,11.266825724636332,470.4476380376886,17.72003893217967,80.56785066129268,9.416280678865634
Gelatin,70.48742954407773,72.59895647226426,electrospinning,261.0105861516354,0.31227116472459016,0.5239320916117866,13.924025704770834,2044.5350993180878,2.4887268564249974,73.40749502333419,5.31149215919995
PCL,424.2420999474297,36.231528856034195,SLS,183.47739131354822,0.48080792833487396,1.3448897439998468,81.20679224731384,17087.49368251937,24.0,60.27200379614447,4.352534778058644
PCL,673.5813348753862,38.65138747391171,freeze drying,327.146342503856,0.1490953916089948,0.8858348613790855,36.39447362487948,4979.5584099557245,24.0,60.83626447467044,3.0030480466145697
Chitosan,194.26435454926718,57.46786696575428,SLS,268.65732074303696,0.12339937715809655,0.6872975401779865,18.297422214726417,2421.0664635818093,7.919607090446623,69.07669801146382,5.449546094169927
PLGA,237.06191105174778,93.7766969572834,SLS,112.78662340636657,0.13050278810332058,0.09809232778138617,1.373762913647611,55.928577374897394,4.9177773825226225,59.047256292991925,4.529726223373455
PCL,530.5654978070942,73.05023735995871,electrospinning,266.40732784194034,0.03493807898871189,0.3274533195921609,7.391100139316464,275.98011253260364,24.0,63.79371866865701,8.372583866555233
PCL,403.3745018378321,41.26925506371216,SLS,182.39896566271975,0.4385370452140921,1.1888669568395185,72.93933836313317,14405.606056659477,24.0,58.25613189887845,4.382261907596304
Gelatin,79.38783650843813,64.5113425197037,electrospinning,247.85989520146023,0.2739362900393062,0.6540862370193047,20.38565500868059,3362.301100716927,3.015592766394279,77.74971967971645,4.182292532148153
Chitosan,316.80010854910006,61.78447885022575,SLA,326.76255812288775,0.17432869462731648,0.6516033796363376,18.141161925517164,2509.1002939849145,7.0908173529595775,75.86796919445379,7.0649681948948055
PLA,434.85613493544963,62.446684173050286,electrospinning,261.16922032577935,0.19177899994035222,0.603218119710546,23.622964695743217,2642.122894228732,19.94776152862988,75.22544759384054,6.268036852241895
PCL,716.4823856705647,74.06032697994426,FDM,109.14752370743115,0.2814438463393382,0.44338551109800045,17.14433551594063,1976.4479673540302,24.0,65.20488413742032,5.678322856607048
Chitosan,789.115226404239,32.229860104194465,SLS,64.9269742812986,0.47812592248224195,1.515828519993848,89.6455272510041,20353.25889046963,8.615553099836115,48.925533440449605,2.4561782331594326
PCL,316.0637329867515,90.19257134036242,salt leaching,347.110565355067,0.20702593074124198,0.15300441868396839,2.5965907830230415,164.23009537172382,24.0,70.40218484977053,7.975511378512107
PLGA,593.6435343270275,69.47849868667723,SLA,311.24175306300606,0.35399112328582716,0.6045466812688661,24.947371772298577,3299.0160691157425,7.183711356764179,67.42375304361227,5.333612615716137
PGA,655.6140764675102,75.42580899385395,salt leaching,261.5625029407073,0.11529845309555775,0.4218856549811858,13.747751245604501,746.1565627955887,2.2272634366194817,64.69757153040678,5.514728762554603
PCL,190.32556942646568,69.66403826093811,electrospinning,114.50863300682677,0.10942864878795507,0.41390520913317097,9.85790026793897,809.4414737060688,24.0,67.64051676274445,6.899227789630906
PGA,599.4962202651735,54.00943618413587,SLA,373.7654949210572,0.4699846060662441,1.0538163100704876,59.46097224973346,9177.79446118774,3.1119799877431635,58.91413731936898,2.7863550117428675
PCL,596.149965149676,72.46159300944186,freeze drying,106.98009990531301,0.13705636041147734,0.3909897524066911,11.390648855718744,1002.1318391267586,24.0,70.31906197252597,7.093912688211747
PLGA,475.92367171263106,59.227784588778256,FDM,354.7818384483811,0.12190507563281242,0.6363108405723151,21.355299406991584,2156.5925299338846,6.406157089043371,62.32676345015609,5.712128234020702
PLA,629.3897034147674,84.32826956867038,FDM,222.23041459667257,0.2872541083607219,0.2803132443225419,7.663357619399621,649.0239133154398,19.87927848026733,62.103983758790534,7.131665110006446
Chitosan,80.3294322371985,83.37579040233602,salt leaching,98.52681461792416,0.3620190941006571,0.33805885709429645,9.03260819189865,970.2690925669751,7.778546051648567,70.98128430448944,6.64096247796352
PLGA,190.32531339850442,60.42773042432235,freeze drying,317.75886322155156,0.1003672374881648,0.6021572570639843,18.97537175458866,1721.926304192308,6.907579922558368,71.98400078811845,6.082563633389147
Chitosan,506.699765742232,57.20249808034456,electrospinning,103.401450658336,0.022899466671667954,0.6163157263298724,12.705245974800954,1010.372646318194,7.123292266654582,63.87037012711269,6.58743392359736
PLA,736.4362021400858,33.22623301237759,SLA,333.8779278074857,0.33994257887203044,1.2615503197662707,77.48540659657142,14379.94573347935,23.22829714189551,51.130315404148355,2.3864278324953982
PGA,736.8042651642401,87.93924702716909,freeze drying,359.8464577888326,0.5527542251153337,0.2925289615379476,9.66635703202524,818.1303351407889,2.840194688304095,64.59069824147359,5.033395797635018
Chitosan,420.2388709335378,76.77393196904333,FDM,241.88512402641692,0.05155138448912396,0.3461183317899953,4.988866058333319,369.8262283027592,7.653344942411435,75.50176276908795,8.123124489814339
Chitosan,609.8981501141933,39.598329724196695,freeze drying,338.79065669278,0.2906855876518552,1.152886546698567,49.46632592551879,9707.799371076073,7.63481902216405,64.04123230168231,3.2202770102681657
PCL,549.039967838774,45.546359391007805,SLA,259.3464904135989,0.024048326957521782,0.6497500399884789,18.176344572823606,740.8481647540322,24.0,47.13791196349861,4.801455819237067
Chitosan,633.6805727198341,52.76669816222442,FDM,129.66409092803468,0.08679767807266674,0.7330116919552842,17.876167729630488,2234.9623776194294,8.207465396091074,55.33074360041614,4.904077146720375
PGA,713.3985797210019,83.80122740287149,SLS,352.69082644662143,0.4041683794982668,0.35390313379723237,11.97007639355003,1024.647120395825,2.3051861938950244,57.990615222585,5.1985091895380675
PGA,576.0943395779562,85.82556324470963,FDM,122.75201750440135,0.21056968465222284,0.2652211305344296,7.351257411405255,422.885946623898,2.2522883636413527,58.78912222286847,6.517776491140357
Chitosan,578.8130259605819,77.81452692263758,FDM,334.89323561047956,0.3907783958095523,0.46231468572340845,12.891110079906593,1621.3375147864963,8.29906753123261,65.20927263311346,6.148463779424922
PLA,107.81151977050581,32.918518019311215,freeze drying,87.35117699336062,0.03764700424293711,0.8800458381424563,40.59515234302126,3042.0192602530997,20.351309710787252,59.17437645741996,3.3032285723590538
PLA,474.2356725315481,38.513823744914305,FDM,192.13151476436738,0.0907535323326367,0.8690082603422864,37.86452775026717,3903.7051322809502,18.440300079142844,60.04801614627169,4.12150797186045
Chitosan,574.8454565936124,72.50820117119981,SLS,297.2430240964252,0.36836041457622054,0.5621057658486032,16.527708564219637,2290.209260572516,8.085443108380995,59.435922626515605,6.480242685437258
PLGA,545.6178313946949,30.939954973997708,freeze drying,77.10020267510674,0.313592771224612,1.3173914326493006,69.71406575229497,13353.968652514766,7.402500367646076,63.55583914398005,3.7595972239483313
PLGA,698.4772797207875,31.70884017724699,SLA,368.8489577854226,0.4396522406234699,1.4585424835232546,97.01062027683264,20398.528859555005,8.389315658285074,49.37336772786015,2.5721228991020246
PLGA,415.136431327605,69.47178334841345,FDM,374.2608030676958,0.5481781831011426,0.7119798354379239,34.982872088265005,5191.680962475189,6.724422989262278,77.92129604334673,5.667706351558406
PGA,646.3287072520935,56.509166381317506,salt leaching,219.1287382160968,0.19261326615339433,0.8011157208445001,36.0815141378634,3463.1867579243335,2.5165656134018732,56.1915530993067,3.229898720280061
PLA,212.0301683551848,49.51753933036714,SLA,388.4914240732438,0.1117792660831373,0.7337617572145454,34.9469405925446,3582.696287022798,20.26842552484447,57.54874956318424,4.551633614197216
Gelatin,728.6390763500971,69.14300801663092,salt leaching,68.30739872838998,0.11471351381014944,0.48028424334391256,6.717071697814101,901.7959861712694,2.788897191983884,62.840110830176435,5.324476533173324
PLA,584.9293640151499,54.0024734921102,salt leaching,241.7126607027167,0.14170879457938879,0.6948679807676045,32.71826793392376,3557.074685864928,19.133209405993473,65.58050864551103,4.523523704622513
Chitosan,552.4785116757047,44.38085638678318,FDM,185.0753379259413,0.1512690566202942,0.925903479812035,35.512644127079454,5700.156413481032,9.19192587982917,56.14659262515066,4.291874877179151
Gelatin,472.1117148633443,39.07184312504091,freeze drying,245.35630040013552,0.238431069971846,1.0840190992439096,32.82671863353779,6984.320068874794,2.8381575941140036,76.83778932145027,3.710597436213832
Gelatin,675.5303072897041,60.16904815432519,salt leaching,71.1041604751424,0.11878776104253237,0.6228835825355414,11.375842923869305,1748.1881950359157,2.948898403105639,64.44866807659119,4.906929648878362
PGA,753.714061364458,93.494221092275,SLS,398.36981081308807,0.26073044561918174,0.12701774235431093,2.8346124678694067,123.80647220093543,2.6915451074808616,53.09508838995606,4.774810594601958
PGA,300.4672672583344,79.87375700437605,FDM,131.50992896549133,0.7025887022872455,0.5370071471941003,22.76868976831152,2729.650768068515,3.1659857865380796,76.77867028673715,5.916581622890281
PLA,207.40825375159193,90.21080316926803,freeze drying,292.71830672508247,0.07062452574148158,0.13459096672708123,2.214677643163294,81.60002330670497,16.054645636176357,73.15051619418553,7.1014655349173275
Chitosan,767.9887744890216,72.3909932609642,electrospinning,359.303803183694,0.4250317745100489,0.5918834340646661,21.92900254183012,3120.1688162395576,7.536401123232286,70.97613242613403,5.313628587369389
Chitosan,609.2264541292666,37.79123344021889,SLA,322.4982539768767,0.5662510933213384,1.487373918213275,96.17036751812824,21422.196164731653,7.550388959043279,54.809180812265325,2.87274506630377
PLGA,202.58978789692077,88.7432267051063,electrospinning,314.08725053314384,0.2386784710075952,0.19947092698850458,4.547229690078673,320.01130437930226,6.677442489545803,73.52534288964902,7.117494950054856
Chitosan,633.6874146387762,51.05635689973541,FDM,97.16444291367657,0.1464924055990046,0.8106837636930996,28.406357840745187,4238.625272332415,8.314132957908333,54.802576450551335,4.052803286650453
Gelatin,355.0712801290473,41.52217942043373,SLS,325.5889638858022,0.18299614005793954,0.9820724558352494,26.302047712589673,5291.4425449638375,2.8815495697509603,61.08402624779056,4.312319621463754
PLA,168.41354740039745,80.34125767350412,SLA,122.95863597031986,0.6952811947433989,0.5048339634201957,21.918779282604937,2708.056385157194,20.78288669161358,78.01251056458575,6.34904463506991
PCL,424.65154830803016,70.59162614699535,freeze drying,98.30511191648318,0.13960121057006636,0.4190400446619727,10.566361487959243,969.4499615671803,24.0,71.7826913120874,7.154721645509098
PLGA,555.693282595554,87.38185670770251,electrospinning,95.54237480235976,0.21237279909079873,0.21758660254346981,3.9741532244990365,283.30076649054,6.075318438849422,62.263435370923645,6.861830148489026
PGA,419.68222683636327,73.02572511678589,FDM,304.37148668815604,0.2170909757679398,0.5075715265246551,22.122495147327825,1784.7942000202636,2.4438670550751116,71.23067959697363,5.481507146593823
PLA,354.27966548102484,37.73907841606555,electrospinning,311.8820720016181,0.01665410121635435,0.7918402117175399,36.685093089986225,2075.2463442045305,17.729095441287658,56.51040359616887,4.587278510987386
PLA,466.4739419522299,60.070953293889616,freeze drying,234.96709035118894,0.5446382238157446,0.9104856841202013,48.138082512256794,7977.102639996017,24.0,85.81646862208106,5.402877131575454
PLGA,53.57769213359366,34.332613463533775,salt leaching,57.83629312507228,0.33522739875461166,1.278387459395208,65.82207116316157,12556.794034015258,6.642135539600842,63.12972267406397,3.12969247626262
PCL,291.3280213658723,90.54413145037196,freeze drying,225.15695626321076,0.06638013412684365,0.1208547154365737,1.747260079252406,59.56339157504143,24.0,73.40243768165514,7.095032246093519
PLA,150.67404089860037,31.530118478173343,salt leaching,90.84561894827283,0.19112524738327605,1.0989753010141585,62.05633443718139,9358.639818460255,18.25420362277808,66.60559883878442,3.500653086734895
PLGA,267.9456203747055,62.504631293797,SLA,335.6884490356454,0.27839950376940087,0.6913782666135034,25.252918208038572,3426.1131713344753,5.732537799766479,75.92661174791043,5.091941314901794
Chitosan,215.8292071535516,44.68449735806034,electrospinning,178.11649382461235,0.1088882807422458,0.8798232116559495,29.71270443702067,4316.66860881403,7.1509249978027905,65.81810828453827,4.465100577174416
PGA,341.8786037772663,91.889568609778,FDM,202.995169629535,0.41922149817644394,0.17917068888230797,4.706019111940178,289.8684316228766,2.6474535821724423,76.81850822321255,7.147353329098128
PLA,445.77906570072037,91.20013250354846,electrospinning,266.6886531885614,0.05469033766036536,0.11831057049867462,1.9740526719418983,61.910351749154884,13.863002264421336,61.64245716608127,6.196764416875327
PLA,682.2763734788676,54.56571691242845,SLS,341.07386909812516,0.10650907546106249,0.6558131328664518,23.884127490581847,2273.343099487536,19.55883613549662,51.382919198071015,4.34026951713366
PLGA,126.65240879788654,48.469599108321944,SLS,115.03611005457816,0.34216567785479285,1.0096453873257536,56.288941768573764,9572.62311289978,7.365272172009167,64.92030498523206,3.847818094664005
PCL,534.3960414243834,38.81450587818698,salt leaching,63.54937792847313,0.20634660947471442,0.9537135638792364,50.94405961376539,8037.30624971738,24.0,63.92858082982008,3.554012377273071
PLA,579.6134019022146,85.14699634727148,SLS,237.7412288062793,0.04995028191713441,0.19834775914144087,4.516250934850071,177.3856710133006,14.530159421457038,51.283805638034124,7.5328010501866105
PCL,680.2182885043356,54.16633643875123,electrospinning,64.99272178143627,0.19861822749729227,0.7073186381519597,24.320828092599065,3269.358908388935,24.0,55.820369268860766,4.507281842303705
PLA,581.9521581291503,63.7593818387022,SLA,392.9011251350253,0.2038726365349462,0.5905034493473135,23.12377725096481,2605.7083500164363,15.916265284767764,56.90082034192036,4.952261844252091
Chitosan,120.6846183295208,79.59826038236477,freeze drying,120.72217707691306,0.44279551099370135,0.4437158322320397,15.388998072900803,1894.6046461655008,6.870185893745882,83.41361259250625,6.469980603785398
Chitosan,360.8203029789108,85.41443175512059,SLS,390.130631416856,0.2702092825335564,0.2731681842171908,5.107274061316967,485.0111857797809,7.403306260842581,69.50065053777615,8.945540936029404
PGA,58.6475275498541,56.94961485035256,freeze drying,72.43779918325569,0.518579319683529,1.0203365317664985,51.595608001116894,8035.941256257883,2.632155008574802,71.26671331306665,3.1446807716739786
Chitosan,145.9710962013693,83.26533884713741,SLS,194.12205169682508,0.5576679149643383,0.3976019690132289,13.712150966696566,1581.0008696276197,7.324168876710716,67.48831158934718,6.2081540155692005
Chitosan,383.8071064947165,47.1989645197316,FDM,362.832458885623,0.2419889509363178,0.9628166724476329,34.78643653038924,6133.506568519747,8.621599790389922,66.26974626232122,5.877702470980169
PCL,519.6925477405027,58.195271107930694,salt leaching,169.79894943321278,0.4278350978934211,0.837269027887019,45.57752945665179,7547.405741197907,24.0,78.05690062528404,4.76163455597274
Gelatin,397.13169277574616,76.68587754659727,SLA,301.8787017911623,0.8292442827092437,0.6627365026365505,26.8944566538807,3870.5422679302155,3.0413393644569604,76.83544389089579,5.564550500432964
PLA,226.40804315906226,80.06216482181361,freeze drying,56.86124881619872,0.11069547788148654,0.28938339469526986,7.9500450653642565,509.9763636644908,18.079991127094413,71.41409531302652,7.837218080499723
Gelatin,685.4115549731134,54.7719964014326,salt leaching,140.56651542174498,0.5202621725695219,1.0341255980177708,49.27714884339039,9660.278151836148,2.677694863704025,61.73367083449974,2.633739815840485
PLGA,782.1930797880658,50.706286782225426,FDM,236.36807240120595,0.09415121301130873,0.7445389954866389,26.917972452998036,2643.289358294473,6.807289007451702,53.65319531412606,4.071098003219193
PLGA,795.9586355687076,41.86974181744946,salt leaching,156.66663042934502,0.33539723497611457,1.1318362339642167,65.40179470448301,11740.629245779102,7.934748509735802,55.04327777545468,2.8657786806864016
PGA,410.8032671730151,78.31817946771763,SLS,218.82078411228633,0.13095159815599736,0.3777280127479894,13.85360416111732,757.961364895129,2.547604598537548,63.64687591807255,7.01098629149069
Chitosan,662.008131368347,50.12078074496532,salt leaching,198.2103956908394,0.04926194451605579,0.7413091478707852,16.612184513219486,1778.8112701905106,8.743000074524529,52.92071310781771,5.224974930895525
PLA,753.3797411963944,50.41244924517232,SLS,328.4013263638149,0.0851348628740664,0.6955187496349287,26.630971242918932,2396.7160981477628,17.59337235239686,46.4327040260244,3.7704341572626645
PGA,329.71319048060155,54.36600397736493,salt leaching,314.91390698810864,0.12975898305783728,0.7941271579978694,33.61128963158347,2654.3326712473563,2.578714935736973,74.37901061968533,4.613241263846924
PGA,380.1122235094689,76.07879952278412,SLS,70.33382889656647,0.21908953988880256,0.4508967011608876,17.236865756487177,1316.0647308073644,2.346446175796415,70.15394696214494,5.9538557989760195
PGA,227.9241723826853,71.77857348985943,SLS,68.15663709894709,0.12029615578874991,0.4867856773498738,20.41733366172987,1215.765178382295,2.607700711426692,67.16320711411473,5.9342093676029135
Chitosan,258.6197775662328,71.32197886116323,SLS,183.33428350327955,0.08592016614012472,0.4446126519080449,8.193690859535222,795.6403077631342,7.964955939967135,76.13401156895722,7.998782843783656
PCL,293.1935005234715,77.04800905401196,SLA,336.5867854046064,0.01736898373253425,0.2707932841168344,5.531217981009935,116.45073472867762,24.0,62.866736138421,8.762176978569618
PCL,664.3016186048052,41.135523999131884,SLA,302.03889160620326,0.0474600226777378,0.7300121229965227,20.307676651037834,1384.9534071552769,24.0,47.819178755719435,3.79463776088358
PGA,489.42422806327994,39.02089591693744,electrospinning,348.45318224216476,0.3091501503452347,1.2383778194330404,72.17467711500873,10532.207601270664,3.170937648129665,56.543104600279406,2.5438715167359724
PCL,60.41760122470101,52.96969265059308,SLS,118.1882818557262,0.38646163885197354,0.9029139827126836,47.68806224861759,8154.296268927163,24.0,61.405928822403375,3.720979423099218
PCL,730.3889913006317,67.02516789307441,SLA,358.0840160284092,0.16042639235651698,0.4836269963614902,15.602092112674367,1619.9382330208607,24.0,53.05897090926967,5.653298193396727
PLA,235.09683019185945,43.61888618403627,salt leaching,51.51791804041553,0.017417818553219132,0.7178826991141999,30.160945331963198,1641.0545791045668,20.209789670902605,65.31924848189989,5.2661446245644745
Gelatin,97.66409753410433,70.51160911802127,electrospinning,230.1125585824116,0.4272825730548131,0.6248910364700763,19.26435675342536,3010.8389710392053,3.218124872560114,76.5149420595241,4.324840732878711
Gelatin,368.80305911630745,82.74010453321974,salt leaching,371.62010894859867,0.3718003534144953,0.3485188230215641,9.095764126742294,1076.229954011157,2.803198112615637,83.39667024636884,7.606174555726123
Chitosan,123.68488066393391,74.89183485406757,SLA,337.9971169328554,0.1880308422263041,0.4341337272281233,9.351306861865917,1069.3392228437049,8.134670542309653,64.40675119724297,6.699319405755425
PLGA,291.23880372718406,41.001869073262974,SLA,152.85486648834052,0.22799523994703144,1.034043358027203,53.14933367514319,8418.098574397349,6.55540632239704,66.79005790430438,4.1292379470371445
Chitosan,556.9786440434499,72.1717507078664,SLA,330.57028841200645,0.05950451636214901,0.41857385410821074,8.140666854054668,691.6640760637606,8.13006895827142,58.559747811617754,6.767272444305029
PLA,119.64675073493807,45.821808085208865,SLS,210.83629555909755,0.5462590789186907,1.237080367708919,86.70375462174623,16749.706133804615,21.235973070015234,62.606910623625545,3.333419022562064
PGA,66.09155921528246,39.800147942721566,SLA,298.4585063130345,0.2284188370376556,1.1438203756639118,73.63560280326872,9121.180379101697,3.205418189163797,57.01916667955481,2.0808620345402726
PLGA,669.8998379741357,46.05809089363511,freeze drying,120.45537074728193,0.19374510684929205,0.9119843371020507,34.84624381988323,4952.780856663441,5.865568579831334,56.72005226972667,3.201175875722079
PLGA,93.68869696854064,37.179026443668306,FDM,202.070499583285,0.19699339694447973,1.065794282996847,55.34962802115773,8546.67780127925,6.076744134397507,53.148876894348184,2.66233670685528
Chitosan,613.3858711243688,33.86940009613164,SLS,168.98456438337072,0.1382241576865188,1.0857932118619436,40.07507952064295,6836.176741064469,9.480839079258116,46.34027583923478,3.5873279864158683
PCL,721.2247839828984,39.918657983981,SLS,117.23541320978626,0.20178590551816283,0.9310089045525668,46.850770826536554,7257.961664186231,24.0,47.887829826850755,2.8950094782987574
PCL,476.9683452283553,73.49689675757769,salt leaching,311.07116383701486,0.18237045763825802,0.40036986262218427,11.602502035711478,1143.860734347942,24.0,69.32466741985424,7.1347772297073755
Chitosan,747.7219555448218,48.54960364221507,SLS,214.77677231477546,0.355926306317987,1.040775165857888,52.17529750781629,9829.49404463816,9.3475206504627,49.324645999060934,3.657534174062544
PLA,181.49574690247184,69.07295548162735,FDM,296.9609156800449,0.14201957854083358,0.46738724734286685,15.760627031914211,1406.3579494802693,17.91721956397628,64.58963413711095,6.394343755200416
Gelatin,437.9177113371876,43.53201707055517,SLA,321.86157816436173,0.5240365262396537,1.2949609106734195,62.69826803354,13739.834612935,3.346897927002078,64.84355187772918,2.9720370917398817
PLA,656.0470390127554,66.84635924568573,electrospinning,220.25888109853207,0.01951319050589458,0.42346157153635267,12.286050157483286,527.4112189651877,17.8250466106383,61.2271723253866,7.3627593341819075
PCL,758.9683784943978,72.16415987821172,electrospinning,320.0015527730546,0.29711434094697386,0.4845424366089095,16.72484412920866,2033.5786243274533,24.0,62.415643417869994,5.686926285595455
PCL,493.8418968282044,75.30542334466378,salt leaching,350.9117634815385,0.270923793130914,0.4168943876669772,14.960735613010193,1661.0387211129819,24.0,79.47021469091843,6.524988107428604
PGA,297.48000309325147,41.169469881414834,SLA,101.85906604522066,0.28684054545100224,1.1734818086582157,68.4754722268999,9448.997809600618,2.618211555452458,67.45930487459489,3.1262227183421714
Gelatin,357.049726406603,69.89969643757368,freeze drying,115.16451991578292,0.29443765993650994,0.5658820310901446,15.867167339409177,2428.0796168615275,3.2050894759176005,95.99065447291623,6.188032969056547
PGA,66.5046224934845,74.18401767396688,electrospinning,310.8203818912473,0.057166332694077754,0.4188925711467928,16.507982396034308,635.6489673349272,2.5467384487640565,59.50721765459815,5.630368171293335
Gelatin,325.4316543089154,41.89381287533924,SLA,356.1308019466789,0.17066280503767095,0.9629316941082116,26.613906064672292,5280.126549129481,2.9060742202381933,71.31286705507132,4.148382330170201
PCL,235.24174646425965,67.71519852329645,freeze drying,302.2008188209888,0.5745085709342529,0.7415462748517598,36.93421899438546,5748.809315116347,24.0,79.49465215972876,5.784503740283454
PCL,82.1719321483071,36.412438257608336,SLA,232.34864409503592,0.3845177651866638,1.2183110520041962,80.62393262358242,16008.04667142785,24.0,60.42659485017411,3.0360423150515015
Gelatin,294.5836346319658,35.686634825755974,FDM,396.10769173925473,0.4504744895335593,1.3897179760992477,66.23406360100915,15343.532585807488,3.5495955382029485,64.84172290930212,3.4260857460845138
PLGA,559.1055077287892,34.38195076428511,SLS,122.9991599151249,0.3467345561328,1.291093877445009,74.30507182970503,14317.455134767131,6.878867991871598,47.07762251758615,2.9586593622646404
Gelatin,600.8875807053271,36.679103750838294,SLS,267.21463538109083,0.026534661338714106,0.8850756730411197,9.846052518990513,1122.0554624164897,2.9652611331342493,46.85273365745181,4.362106738647167
PLA,347.8601768898997,47.43778181266574,FDM,376.9153274266227,0.26594603128491134,0.9187649299817997,51.70049403056604,7791.971342751064,18.762573445153198,72.44276975150255,5.0405087573708185
Gelatin,142.1227616897756,63.14704289016992,freeze drying,167.67916757968547,0.37865078472888464,0.7486941413086134,24.249398343196972,4198.713056566417,3.092723387021703,77.61897845707709,4.083850282765141
PLA,67.1609555147629,58.02570214021914,SLS,199.35402295568778,0.3483672882314985,0.7997705147891939,40.98832464937409,6081.423549016474,17.178113597255436,67.64060449046995,4.290656038742431
PCL,263.20151974591414,77.34738437219553,freeze drying,219.98807725183852,0.06104468943457553,0.2870980277502578,6.570912750945871,328.5507291180852,24.0,76.62190404534954,9.308550552311823
PLA,512.5456938399104,92.07587639386806,electrospinning,344.45610235205766,0.2060966230337426,0.12945201342639795,2.8991275937098377,153.44110343423193,15.67100714644129,67.49493266045235,7.988487083438187
Chitosan,190.7604757407331,30.72871651107322,SLA,194.18685992953405,0.18400926526027803,1.192862733467567,49.91292604157268,9427.468467803235,8.654036920982778,60.75532327334418,3.6417133962598207
PGA,794.0474671543462,35.74899955104071,electrospinning,231.73633717221026,0.48222887279490845,1.484976044732715,111.86266634168534,20636.868732241546,3.006871438745789,52.23051381262338,1.287806144129815
PGA,244.6157805318897,83.07607656263356,FDM,142.97353323311103,0.1950569541150294,0.31241431770107875,9.734432954225715,586.8857382964536,2.1660036238486926,70.23850029536268,7.015558212440352
PLA,349.0619819382939,49.66404836432971,SLA,134.12593577102191,0.2737403668044261,0.8873443538884979,43.217123457855216,6443.5510889217985,18.249909886669116,69.66992136772949,5.237541494346621
Gelatin,665.5065079814218,60.29948028451416,salt leaching,259.82690409414784,0.15792811123213624,0.6488139218438744,11.913200686691491,1929.0491038277482,3.019037615731063,68.90133380295812,4.447893953758233
Gelatin,123.20638911768951,83.6533627644834,salt leaching,344.113525405755,0.07725727667086826,0.24341174283924122,2.3981980246744756,212.19474252944525,2.537432551591642,71.22927995124387,5.47648220224074
Chitosan,286.4587237483464,61.472160390905366,freeze drying,371.97846036341076,0.4049690288041609,0.8124349358246319,29.883531913744573,4983.031058639596,8.243863916319194,92.17908683475736,6.919596066740227
PCL,529.8798242073292,36.13782518008631,salt leaching,267.0480059862405,0.07378084722997763,0.8256935992394634,27.640609582131916,2616.6021059310783,24.0,56.56146305173309,3.7682865397138823
Gelatin,549.1716171590909,36.66477378370024,SLA,338.0017645149608,0.562629656418086,1.4964425320943398,93.12084306416176,21699.15922311115,3.3470121234178962,53.88775316000452,2.039332121999206
PLA,303.2417848931927,74.48304908114031,freeze drying,340.79584802079745,0.08711837751227455,0.358869402829288,10.719805757723412,699.1570243140646,14.809534458283851,83.36551974740004,9.127144158916654
Chitosan,491.27656868313125,54.61601406861441,SLA,312.4185640477932,0.5776907384383637,1.094189199094021,59.34360321534913,11320.29677366797,8.938066511532737,73.6561746823431,4.939938519704073
PCL,790.9784159160139,70.54743286265986,SLS,381.25766035626924,0.21267286241924802,0.4628203169843433,16.969922800852924,1880.241884847787,24.0,52.880212594271946,4.797629293823943
PLA,429.78224343897546,75.16129165389839,SLA,156.82254191699693,0.16133099359897474,0.3845385252880218,14.344122733295173,1212.5294148358334,18.46872407891909,66.85706698778802,7.017949777601031
Chitosan,270.3461378453996,69.61688240116732,freeze drying,333.9702939906087,0.24561137736594074,0.5559563352207689,15.459266020230917,2074.6773707854927,8.798938394177652,87.07814189023739,7.249622594951995
PLGA,528.3778490075705,92.03115526912093,SLS,130.70126929394692,0.621569086192197,0.19643521382035753,4.235563858509805,330.0602068251895,6.218166863192419,57.132421255678864,6.6594040424909835
PGA,749.5483141321154,67.34315646911604,SLS,393.3691934436084,0.2004797138330753,0.6057116672838874,26.996898948855097,2295.1141957131326,2.3395068597080124,54.99566266657741,3.3150662942068485
PLGA,220.67012232151365,45.923714035699746,freeze drying,51.62945354837379,0.14416773072760514,0.8657308352706922,39.27493537899514,4929.861940721397,5.739536076759699,66.22446315371502,3.9636181751577233
PLGA,752.3163492000964,90.25610299848744,freeze drying,283.64382989668076,0.11733355565876907,0.15126169788926963,2.252058986353773,109.21680305819585,5.920092296046124,57.12582722148152,5.729607237311571
PLA,532.021265417549,36.32887038822479,salt leaching,196.81411610922055,0.5031407228472309,1.4014007863737472,84.63025336606498,17329.23066780475,19.61595281363364,56.05711823019514,3.1517646569337074
Gelatin,567.7813410214605,72.50295231263284,freeze drying,239.7070025004087,0.15807208955723354,0.4494474279022031,8.055667148179278,1085.7454941647584,2.5486620965629014,70.62906841291213,6.568852696228189
Chitosan,573.7267667886039,45.49721197550684,SLA,378.347088652034,0.23180424342641695,0.9841336393392444,39.72045579559891,7045.131173202141,8.478331900160333,55.166394367917704,3.9820703475564376
PLGA,553.4525927503369,46.45338587903367,salt leaching,295.5162715960293,0.15466621985759108,0.8674261575209086,33.038170733903634,4256.400859087438,6.42222062676359,58.83668622595871,3.5061631782976286
Gelatin,670.0719364877392,37.01550559207564,SLA,227.981661064405,0.2510031991851808,1.1348582472250812,37.360583322902,8130.626973614596,3.1614238842113904,52.717569905612514,2.100321922065386
PLA,147.93616811888938,32.07091033359881,SLA,145.70548052386835,0.09655798762926167,0.9675994492771743,50.73845824296824,5652.113819106228,19.13566333105799,53.881568016893205,3.113030852492677
Chitosan,605.7449386887303,44.61310113831525,salt leaching,256.4198659790444,0.48677298382731543,1.2472313894808569,62.0378134841927,12767.325395698821,7.553084398314159,59.66332747192692,3.285165367796889
Gelatin,648.3794260840306,62.20995535836721,SLS,185.98180413253897,0.14972505832424488,0.6120117021468399,11.438182401432815,1790.4733753408896,2.9322749040347134,54.26299463682307,4.617890189377154
PGA,632.9740892849434,76.16025578237,salt leaching,121.95675075972633,0.3149518525488118,0.48638370654098384,19.126263810773434,1761.4485864296616,2.459241829103035,69.15859049366432,4.465941002464688
Chitosan,618.8923934455311,33.75005939677604,salt leaching,228.10545912469667,0.42120213504126414,1.4158299559427456,75.92958568773223,16710.855891541065,8.143926628980221,64.09523516081313,3.1819917724945137
PCL,175.4635544700592,85.72298134268382,electrospinning,255.32171069318437,0.2491577876229914,0.2347943327955771,5.104957986683225,418.33418219063395,24.0,75.95695481990577,7.6399708607015935
Gelatin,423.8583831783986,69.14287518034065,SLS,61.23912675779787,0.4110448324461438,0.6448770956882003,24.374958486198203,3886.123423483012,2.867227671520591,74.50209621019886,4.857037401022689
Gelatin,600.4158058174057,70.47365296836249,freeze drying,219.56496353207524,0.3246611815840675,0.5711547417998543,17.269681964271477,2641.79175521264,2.796156407344525,68.55089322114065,4.465513560704238
Chitosan,799.9804007346926,68.69369656079232,FDM,269.9254969246681,0.24084183399303957,0.5702359300261317,17.42668089437782,2363.395586151148,8.669219250492304,58.541104980548155,5.671383439115373
PLGA,108.284346502645,75.47437359641933,SLS,352.7922814728037,0.2008673840961112,0.41781120519198534,11.606349344777987,1128.5194673850392,6.624124401672947,68.38210195015697,6.147753772505706
PGA,73.85552530845706,65.28956274564109,freeze drying,332.07914104627434,0.3117064010804023,0.7063450307107213,29.811691922019502,3295.7534917301327,2.9539641480666883,72.56984532667573,4.13325331340367
PGA,724.6827930598323,87.63150317614297,SLA,78.06345210009405,0.15815978091100807,0.22092842112034022,5.7575767691836885,264.2900281963722,2.442572916800314,56.138325760556796,6.4144791088439
Chitosan,612.3150742441716,54.852173468921535,freeze drying,339.97030348637077,0.2982485874657999,0.8677118925108879,33.27340699093087,5675.278310873044,8.715965615385167,70.31798349402077,5.065911144114889
PGA,331.7472987542203,46.935958999035414,freeze drying,179.61692730038956,0.21263379943468588,0.9946678074673255,62.46928927870003,6989.918167457071,2.4853370655912665,79.18681312687909,4.279070158215164
PLGA,444.5886200356598,53.882120923921626,FDM,198.9582026713882,0.060304020179673005,0.6683173721585509,18.439060690442048,1405.9732095276875,6.4919469680820345,64.69548325857716,5.371936769893084
Chitosan,314.3963469337618,74.99106801356967,salt leaching,165.64627457623155,0.27846266458775926,0.47199599000014464,13.921197561271459,1742.2587173331347,6.6079515304756065,78.47188428186455,7.033044673919626
PLGA,165.71646114357264,62.473132452923,freeze drying,326.66710719964993,0.06184851603264474,0.5448697824822718,13.359553692233684,930.4685750299924,5.701009757079594,73.65417331801281,5.712575512427972
PLGA,206.02750124852128,87.45285592150894,SLS,355.12160318508285,0.3001718145144335,0.23630174264254608,4.9555142705255335,398.88843006492647,5.89340161777969,70.66692314948948,8.128734323614989
PLA,638.503606965164,74.41714896331204,SLS,77.40247199979174,0.045521307253642576,0.3394705409640168,11.185066000476073,555.8579966742141,19.203739925646566,47.950633167823874,6.154620978169886
PCL,564.2323047320576,82.06146390359794,electrospinning,143.38522293391327,0.11280276875382743,0.24596774491204934,5.854201558907117,375.77857526939613,24.0,70.76226697224065,8.070714898184809
PCL,62.84340486751062,66.25582052384058,electrospinning,172.57058208467825,0.15277684966989447,0.48973521017504146,15.180305103059775,1558.389580452996,24.0,67.04622482367745,6.115954120104816
PLA,613.3973849963616,64.3449377256089,electrospinning,230.35344103027344,0.06579044865809479,0.4869268367921716,15.377884106264164,1048.8898449182986,20.14986283764526,61.749102059012564,5.993338248510085
Chitosan,725.2710405253274,57.020323139823624,SLA,356.1545767874336,0.306708282192246,0.8324043760743133,33.899924378561806,5673.496097347393,8.649867842840425,62.2028111836387,4.6235834910542195
PLA,327.87987005142094,54.83215253871772,salt leaching,384.5438813185497,0.0790521001698102,0.6282800206774125,23.468489845279976,1950.961080225887,19.48108083243473,67.8897398055468,6.296025977711559
PLA,289.3753732480041,91.48884738667458,freeze drying,163.54262773517297,0.0625828462728401,0.11571194857727979,1.9104544589427637,62.32736553820518,16.680195002269073,70.08897104529538,6.596345903443147
PLA,212.86190169404927,57.48230098187892,SLS,250.42675694709138,0.1255749304236279,0.6291973683577916,28.750628153968556,2848.891267941346,20.699023338254158,70.09539254324191,5.320813585165268
PLA,386.8529378413135,52.3591098881672,SLA,301.59784319886774,0.07476828906197058,0.6587817691890026,28.592428715128325,2382.320484200878,16.4388247865036,58.79552395281074,5.221212235415417
Chitosan,624.7609728732918,53.97114459316482,freeze drying,108.02432518005337,0.26651468109980764,0.8590828757981747,36.04699148253436,6063.085975456227,8.164651799917273,63.257745640889574,4.172800057091775
PGA,670.5435546645607,73.97743396043818,electrospinning,214.9826713317276,0.3659596208637116,0.5524212365134668,23.49626594273212,2432.9861663035176,2.528342033505715,62.021802376074035,3.9494648846058436
Chitosan,719.9658258893996,45.57897305973282,SLA,77.2825873587216,0.08341114708830566,0.8413324821129377,26.246372341886477,3477.739753396276,8.519376689801907,52.62176208263612,3.894103918090151
PCL,464.8684211608192,58.29309877073158,freeze drying,300.2318192978781,0.001867614196989142,0.47910576171212993,9.818788074722594,88.8594328741103,24.0,72.27595581018461,8.061416031822086
PLA,707.4582279109161,84.65492104361917,salt leaching,325.10884521731407,0.19998121152452983,0.24889167393928147,6.120144538897505,445.22007792816896,17.10341414757702,64.92206364618762,7.434107391930854
PLA,558.9678925552088,65.68171815303157,freeze drying,146.5077073224363,0.216155013367168,0.5672318065255699,23.62065401483284,2652.5391392599295,18.08316658310212,69.44457152519718,5.6963997275448675
PLA,773.9841996600986,84.14919184272635,FDM,301.0024590793338,0.0925619085924022,0.22457317931538617,6.046829747108707,319.31617278879577,16.171194032260587,54.98710552065497,6.869232004377357
PGA,510.3529442148506,59.12451119794751,SLA,262.08628262177814,0.14744340817518367,0.7230294850241821,33.831954499150974,2715.0831492718467,2.462098031479764,64.21872157454594,3.6283463109301843
Gelatin,667.1083764021712,44.03296851018834,FDM,286.35731825055916,0.2360475645244427,0.9933507916954485,29.747871897296772,6058.797488940296,2.8241421660088717,57.59034003282173,2.6129807809545276
Chitosan,530.0023088089522,83.2528734452341,freeze drying,61.34457185841307,0.5034217108006463,0.38199994603763837,12.557719616017987,1428.0579630317386,7.273415094594267,81.62574972241435,6.882741231302848
PLA,590.3302353815831,75.75794384228338,freeze drying,295.05674368464474,0.0679334230171358,0.33205625220084195,11.053887580191178,630.2816720317801,16.0999607529976,73.45490057026957,6.931602153931319
Chitosan,524.6644250153096,83.09824242267918,electrospinning,60.0399507739465,0.014093011140894795,0.24079304759465442,3.0194304690398215,135.43480857578993,7.145667161600213,59.25837841505113,6.828054861361901
PCL,632.5358938463038,83.01396339725035,electrospinning,399.2791456994476,0.08859848346895416,0.22466410761867645,3.911911221981176,213.27162042433372,24.0,63.110101714647506,6.82545038241286
Chitosan,781.1395104550301,37.8302490194669,SLA,380.6351596748332,0.1632144370393466,1.0479490296028346,42.638032849071756,7389.448142668189,9.087457218986795,46.35786281054234,3.3159885844661714
PLA,220.23963593122704,34.81621357453791,FDM,199.3169061796636,0.011957968629708436,0.8231667460346385,38.25275419023726,2065.163212227181,19.42788536739169,63.85504351816518,4.254947707626844
PLGA,659.9963982002728,54.24684710458921,SLA,212.85472021381835,0.2889087983360119,0.8523468892565597,43.218486689588886,6559.075052966785,5.701080434118523,55.8021905838965,3.3016126596125197
Chitosan,305.984457523748,44.85718500421416,SLA,268.90469888210396,0.5059250414209676,1.2602167017552064,62.627999722654835,12932.633400033925,8.701872011292332,64.21693282110054,4.68852392544578
PLA,465.5970559452175,69.5965900160817,freeze drying,214.52750876032948,0.1081225054360492,0.43978957745066505,16.21929390659988,1271.3739873425359,17.511089163109084,77.07254065331244,6.783050171270343
PCL,51.63033783619063,69.87539403588545,electrospinning,174.5851085508742,0.26534141666879657,0.5051925160324156,17.33977119326168,2110.9669757116476,24.0,75.70399321735431,5.590359659373441
PLGA,261.4113734245168,88.44298393754522,SLS,105.78758796164321,0.335175093210541,0.22497660847793302,5.139598976955224,411.3044723535461,6.799740282320094,64.37220348811587,7.390103099662642
Gelatin,432.2601001462484,42.084009298007004,electrospinning,220.79662970144665,0.24634825965901602,1.0386809377624526,39.84708660156583,8297.619552015436,3.1563727053787365,70.59445904773926,3.821754678511497
PLGA,105.18611535408108,52.760813195750345,SLA,268.38047587858614,0.16659551825662666,0.7754491493958732,31.929445497264346,3989.339464407491,5.887406231825437,54.9505030651442,3.8484267044873106
PLGA,289.4105805098998,61.8635257813342,SLA,76.65368493526388,0.09393120079491052,0.5758666617258478,17.658100876323054,1523.447621673495,5.396370409141705,61.988604153947904,5.9575774882546115
PGA,676.69079188864,57.12060774642148,salt leaching,141.16023013681044,0.4485095032956434,0.9676101032043506,48.535251285971995,7086.143583206614,3.2843140480394237,59.99450503017188,2.7120393673950627
PLGA,251.33802281628192,75.05946779296909,SLA,256.2008622540456,0.11973771338934223,0.38825556515322873,9.599702820952512,751.9129868057108,5.565698308636257,62.88889581136261,7.110513426206232
PLA,185.27471889388886,39.46772732278443,salt leaching,215.1478693356839,0.6251988698545049,1.4734341129271031,105.40669250491517,22282.07291140806,22.627013790409908,66.28127457197623,3.7578055845874303
PCL,707.5568828835286,58.95847166869912,FDM,136.1771236327878,0.10101889939468757,0.5530521983245484,15.436761126659254,1410.5079987914737,24.0,52.79047154125788,5.083090283236316
Gelatin,438.2171195100913,81.72113173964027,freeze drying,286.70383617690266,0.402514765763426,0.37919998028716223,9.239324745603943,1131.9710989061662,2.7072806419923707,76.6995595255166,6.148422371182936
PGA,562.6627377932055,82.02600138344887,salt leaching,114.35332450677937,0.10354698375154169,0.3051528629849439,9.719678669299038,425.24592735107757,2.000636008999121,56.63886216645403,6.173415918808336
PCL,718.1385405193872,94.61058682402891,salt leaching,195.8905787024157,0.20237880807867598,0.08357737631153947,1.0892659144374475,50.60063787744707,24.0,58.77703139045705,4.128157759988628
PLA,358.41185711185926,52.82965128432007,SLS,238.1312079309223,0.11817694745505965,0.6913842774671772,29.542105069286425,3001.1528477812853,19.181093730642456,69.80507148531774,5.833063407969223
PLA,438.15635400793184,55.725956567442054,FDM,217.77444866008528,0.3445268609930974,0.8403418452229813,44.211443944461465,6711.643014830076,17.583663367785714,76.9556257685907,5.596981285285548
PLA,84.23179964548272,71.09473522515614,salt leaching,180.7040914719179,0.06151614319204361,0.3923877649797245,10.869247800159586,648.7609368548713,15.921867464230946,60.529989027196244,6.419574207066258
Chitosan,273.7195088230825,62.05874357217929,FDM,325.7454922589557,0.0007498996859553532,0.5316755023743894,7.300037961676532,391.5783973312168,8.323392514344173,68.667255670831,8.840073686650292
Gelatin,512.5067021975151,47.35188048991752,SLA,143.48142201144884,0.39621862846830985,1.0862325960530832,49.910734963533486,10365.497138419118,3.1975467880878194,57.590542716891754,3.0551140648981505
PLGA,581.0022497343275,43.5894968577011,SLS,145.21352980354683,0.1706678314190117,0.9301577362607873,39.59702840507334,5461.926148129094,6.1953011971267475,47.53139549322883,3.193832235853396
PGA,697.788481257761,43.7122332773992,salt leaching,358.8056269944984,0.24004692567291197,1.080092457602813,62.52113029382201,7689.675796039016,3.1371087611336805,57.825803893293156,2.054273328530031
Chitosan,540.6908455742213,79.34850035134794,electrospinning,89.68092849330064,0.06951896030479605,0.31424523380653896,5.044556584846267,388.27028830478764,7.702223782884077,64.49143145920259,7.67758107305957
PCL,579.2279707761799,53.34719097207673,electrospinning,116.75074141443373,0.3996771040737579,0.9080281585339095,51.45591433443765,8843.136269774986,24.0,60.141279891943526,3.657029016857982
Chitosan,546.0069589984943,69.05475467760255,electrospinning,276.66192870360015,0.29566036837364634,0.5933458805636398,19.981061569644115,2816.537388786302,8.799291512397597,68.86125122152033,5.627514279420683
Gelatin,262.397004355663,67.10514801107848,SLS,70.8376229369527,0.0942548383048226,0.49988948304542413,6.536932696088172,865.5282527807266,2.9838639816376333,64.01233930207185,6.480343203681129
PLGA,221.4643223302691,71.90702682586544,SLS,95.57978122548771,0.19510407731760748,0.4756529108788887,16.659713373457294,1713.6333773774174,6.136792234088353,68.27129878765824,6.072463032447588
PCL,799.8794678573034,76.18499335282063,salt leaching,287.31764561376303,0.3072958575152984,0.419412796542223,15.122878351086896,1719.4136759658957,24.0,69.9342816362745,6.093831986869301
PCL,732.6110715597614,60.75068341456699,SLS,112.33033383354554,0.34329183390030216,0.7195577707956421,28.606649548626535,4320.3162434593405,24.0,58.21728415533781,4.340213395319721
Chitosan,676.5150294294102,76.2289198597218,SLS,141.29407927587744,0.41701003762863686,0.506268754879883,15.981315771887177,2103.3968165516753,8.348350299024212,56.99014520344152,5.989622504492542
Chitosan,160.60617980085885,74.77713006201087,FDM,99.8221397293094,0.04602646864575809,0.37343627269809343,5.383783275717144,401.2686263756396,8.135756751034627,63.27035427300581,8.014245495506689
Chitosan,134.91393312644507,67.82448508322756,electrospinning,161.47991313909753,0.19464809000652827,0.5600580029965246,17.074325132341865,2229.8866499396577,7.323999845849092,80.85814138016322,6.798632877666096
Chitosan,61.18159166226388,57.629311459818965,FDM,256.7258378456805,0.1196168402417034,0.681883977498266,16.558695784368474,2166.525599549584,8.82286667080253,66.18719674311411,5.460604517583028
PLA,134.48981507586194,60.43664809731364,FDM,109.14454334584575,0.20727775095648357,0.6472170733046658,29.77460571720497,3529.4368541248605,16.892066401092265,62.356976961763564,5.363599798950941
Chitosan,307.9348168878415,62.147914372968536,SLS,336.5247659884515,0.21674595925552473,0.6735042144368714,19.89013593440038,2893.4911572054475,7.201244276765572,73.80752391730553,6.7615989941027905
PLA,638.1280151125924,85.86732131275619,electrospinning,261.5543207196629,0.41162243194480397,0.28635617233055527,8.128088306789653,738.8269440747212,17.012980384611,63.57727983645006,6.64865074012571
Gelatin,436.72329148402434,40.99110720185464,SLS,332.1618380258389,0.299807616401148,1.1150637317080534,42.111678991650365,9038.820885001738,3.149548781838292,67.23731229351323,3.810926440729438
Chitosan,645.0830319865255,30.941764600353764,salt leaching,358.12754333360044,0.17472088892687962,1.1779688304381355,43.664721934081484,8123.269557581478,9.514511740363192,54.857628110857284,3.4219871027812765
Chitosan,108.76646041072597,50.1669711524477,FDM,285.7138251020628,0.3635003725377674,1.014663083504217,45.88661001429302,8540.288271113319,7.4272685236276565,71.82926132446529,4.08957535061096
PCL,775.4495497723312,61.60495526663726,electrospinning,338.18050294552495,0.21534999220776557,0.6054041325091402,25.034879150109326,3182.852327382166,24.0,66.07203146603494,4.602627480712912
Chitosan,458.4762405472465,39.58336836096459,electrospinning,336.10532525292075,0.4403738473365771,1.3114361720114749,70.26817858762189,14874.273761010638,9.445795798543427,71.71861821540683,4.811535585998604
Chitosan,125.34770649477937,74.10231783567754,salt leaching,143.0395323458234,0.08225866399688116,0.3998479531709424,7.227132467278354,657.6631062278567,8.587184346853485,73.1476090622685,7.936829193797744
Chitosan,546.7479142280171,92.18303524841002,salt leaching,256.0442837650371,0.26295644359455844,0.14540912841094691,2.3523277887515404,162.57595645755956,6.325067059873101,63.211661139072056,6.8917930967903525
Chitosan,743.2703091979753,67.40786249057288,salt leaching,273.1950624252608,0.2560662315462956,0.6023404771583389,16.311636361843018,2288.528866479716,8.070930531328406,67.74086418729637,5.4847487887219195
PCL,245.31617640097744,43.28589233803518,electrospinning,174.48749741084387,0.11001163643904312,0.7744727291806074,31.49187098986214,3545.8707941925622,24.0,68.3308952750374,4.92161502989464
Gelatin,310.0177827719388,51.47408076247298,salt leaching,144.4014414335682,0.008220802251596975,0.662280505456931,4.609120406132578,230.39245908983014,2.6063903402277537,72.88796418217275,7.14171091261615
Gelatin,365.7656709223574,82.00853845739036,electrospinning,148.2357985911172,0.3248831636890698,0.34809694384158874,9.066521075803813,1082.7052747034825,2.6174572521972457,75.55075892865352,6.611613065696481
PLGA,293.8731151194165,33.66142859098751,SLA,123.45474844788765,0.5119983769469586,1.5037077169969044,110.51480553038373,23795.684267485827,8.238888459778545,62.9114502145752,4.355154594489867
Chitosan,85.09388807595593,62.729620683285674,salt leaching,73.0697763463723,0.2107401909173815,0.6592367303574337,18.26468167986579,2618.592072223864,8.334063574768445,76.78693085038658,6.26669800680964
PLA,247.80964645761998,63.8908497136741,electrospinning,388.72025667544693,0.1315934773849446,0.5385114807958711,19.321165851489475,1801.3506367697764,19.957124517306415,71.45290154552708,6.335775905093177
PGA,430.30984930453513,84.81520812698068,FDM,234.8182481024293,0.1863794147212112,0.2781754641328949,8.31024089089244,462.874293994779,2.1005054873835363,70.89787369596195,7.821045950132093
PLGA,589.1219650788971,89.41100698237582,FDM,274.91796423180557,0.29879544510011,0.19915987259788367,4.737870221875305,349.818151282472,5.56073111457882,66.93383604362572,6.867575976769016
PCL,517.3872210502198,56.12089386978997,FDM,343.3124606468611,0.3528912811966974,0.8128810724910212,44.013430096397975,7085.431871276505,24.0,71.44132960561568,4.385675315742669
PLA,497.34003587150875,90.98037143941986,FDM,353.0848106807039,0.1225864859705822,0.13296196943822083,2.5898838022716233,116.94174235880163,14.320055671150257,66.98240338372995,7.83961996167591
PGA,61.9978602805558,33.096661321827966,salt leaching,242.44369240275503,0.10338958276644439,1.1356782357762492,58.140385676299445,4903.498464848613,2.708665307844066,54.92727620245972,1.8206680795129977
PLA,662.2027980736174,74.5780031529149,electrospinning,265.6399825406833,0.07458868268072698,0.35145005209226465,11.939618037442136,725.937236556101,14.712539953802644,65.3933722560038,7.043272606096274
PLA,348.86944029830335,94.4615589740772,FDM,129.64299964820165,0.1472160324561876,0.0842498024155752,1.4439890201088605,55.39203423461684,17.33490267800746,69.54227217005705,6.786595696497246
PLGA,132.25027923256476,34.865175281561605,salt leaching,180.91872308288782,0.1805505426441829,1.0856649670849297,51.74175883781596,7851.779853496763,7.668010079729536,55.97787320410149,3.4369080010790363
PCL,290.9122241722717,70.33917404360943,freeze drying,344.36992761076414,0.3612816628544971,0.5544705032900825,23.283817698874856,3102.73721023256,24.0,94.23096914237188,7.270620883831753
PCL,210.68588670655504,73.42977808755352,SLA,308.462192828574,0.21107408069927655,0.4166751584386279,12.305792254531475,1291.1255434575712,24.0,77.87734054264199,6.66086851746266
Chitosan,186.84311498861823,56.93336433455987,electrospinning,125.3049381387644,0.2659272652571634,0.8033532706270614,26.986135763642615,4388.467778285308,7.757948949216063,74.77524417175258,5.20390175678319
PLA,258.8729829337782,45.71437061382718,SLA,187.64143367323067,0.30575944007925754,0.9901701680169492,53.443274786628216,8616.884953559538,19.165770537817608,67.15070648492906,4.59808444145941
PLGA,336.71809139057893,45.67789246863114,electrospinning,126.11685893364584,0.2485487682832567,0.9722968827265922,44.31893741452786,6953.798123587504,6.697593364869699,67.58891120622873,4.345837938797805
PGA,622.2513332440316,87.75790259789798,SLA,167.61489690884076,0.21107574481273061,0.2291650494531034,5.43284778032714,290.8235695214241,2.555015361786311,54.11235037962561,6.557843734379511
PLA,384.4702816719996,38.24177888213772,SLA,162.32787478180796,0.32230235091655585,1.1459840010864817,74.53292805696627,13059.182746961491,18.557782246635597,67.4767774468845,4.720969193412243
PLA,112.45375125634783,84.71917397412024,salt leaching,137.3005149607197,0.24986274033343578,0.26240812586975865,8.446510334135693,670.2233204148305,19.76315725860607,76.78118030627867,7.24809848145274
Gelatin,563.0114722187733,84.07965346582999,FDM,225.30629376902672,0.02715534529720553,0.2227064833442531,1.051966528553607,60.81563010851003,3.0995119639755666,57.55633166284473,4.174244664043583
Chitosan,569.9922943883713,76.81834098541647,SLA,216.68834312472038,0.6468982295417677,0.5869762742557327,20.844031145779507,2882.0039038475256,7.582970144853913,72.69477750636915,5.421664829737566
PGA,312.5885595958437,45.99852226168465,electrospinning,130.04976179747607,0.15842269490155622,0.964814575434144,54.58398510322731,5240.246049351145,2.5642056731563723,71.36623113738555,3.4717726660758945
PLA,256.58972918485546,64.29464354534474,electrospinning,163.27301133408372,0.06614092293759957,0.4878526979255086,16.023549818048387,1096.1852454313034,19.908645493990672,72.56076454530248,7.723957369866406
Chitosan,434.3375291250961,72.54819119672662,freeze drying,209.9183537296166,0.17053172498868252,0.4662498986582572,12.51611588354397,1458.5916675045712,7.9646037552491435,76.71074554939011,7.666328621945328
Gelatin,730.6115052143623,37.61933823264781,FDM,100.82529950873048,0.16838681735831423,1.031212393654033,27.434160671997628,5627.460673498026,3.0227872472364243,54.35137933635271,2.3947381279139623
PGA,316.1175350324947,75.20744013794581,electrospinning,114.35254417487599,0.20991777618503893,0.46363743021069437,18.385998140336735,1396.4517891339115,2.3587249854724632,78.60231360104211,5.850212408491601
Gelatin,666.7715893120346,58.027366605292464,electrospinning,324.5202309995587,0.18546866312712154,0.7067534984940931,19.584159892174597,3344.5955634800557,2.8090008649445,67.18576348972508,4.018047196390021
PLA,268.91140782016663,59.98745121571187,SLS,338.09515393240054,0.13071348299994792,0.5960520355773957,25.983985474349847,2542.555936858965,19.00487460467695,71.8022932399297,6.009829401334079
PGA,464.0159215217691,51.246689725708755,freeze drying,80.10699215007129,0.0035383236876538778,0.748720228076696,38.848186659804085,1025.147794307432,2.1967100235878068,66.37462851430111,4.383438772563417
Chitosan,459.20051019756124,51.76418631271788,salt leaching,77.09606619506968,0.23931427975538022,0.8773129743142156,34.80348820560945,5850.322236908747,7.254199953344926,67.37516350325863,4.783647627923739
PCL,127.0594329045658,72.98929286439848,electrospinning,151.9370013445201,0.6729949111725253,0.6737428691137337,32.6010705022466,4784.048842922272,24.0,71.54557506453759,5.4500943783435725
PLA,181.3330769703932,71.05661234512586,SLS,81.65878344662264,0.22133604045031013,0.4812567099967306,15.66777363313528,1631.2760695766456,18.162443017714377,62.820563610784035,6.559633590051928
PGA,301.7217443555867,71.31458477543603,SLA,107.08430215306706,0.16710017783926093,0.5165389282995951,23.466476431665082,1691.307689370911,2.5533481641943268,76.3894537728522,5.1217896775621075
PCL,596.0081337707285,87.53695150558836,SLA,271.4396543529894,0.17133012016858085,0.18551458196511184,3.510480646635332,230.88705679297854,24.0,57.1054433188833,6.352651512297929
PLA,326.65279752573525,84.35424395409581,salt leaching,213.53083346278495,0.5436695756818408,0.35647429658755003,11.330283347911772,1174.745915279977,21.449306940224083,86.64118483430637,8.380604852546561
Chitosan,428.25123312249787,38.12979010541332,electrospinning,311.4026488970882,0.31368365033637596,1.2058172210434184,60.6717055777729,12237.339419547794,7.944529635085539,71.53946824437023,4.9655854590592465
PCL,86.05483440054508,86.6971819258105,freeze drying,280.22251245158895,0.10390267752150514,0.18003034520008956,3.4993792931916876,184.92588411406973,24.0,63.86952756760793,6.895280282516383
PGA,176.92267317509518,32.86314185056573,electrospinning,116.19391908432411,0.11159230571493631,1.1485636298358464,61.144483933636444,5387.184302814294,2.6577779531409136,53.74602741955812,2.1565848533378946
Gelatin,732.5077407952667,60.06778351858891,freeze drying,81.03500307468887,0.11005322216335695,0.6181889661533216,11.109574022082162,1681.297379569579,3.2856425438344172,71.27878286820898,5.161805124105716
Chitosan,716.9316901878522,33.22755998164327,FDM,347.18943325913017,0.233324014186375,1.2074574007437782,47.827827903443676,9403.862794345625,8.452744901946637,50.671745690396534,2.744292252513875
PCL,615.3569816844943,34.802989438879706,SLA,233.2244345009898,0.19472274534954243,1.0010473556699686,43.32272296780129,6888.690487646097,24.0,52.5220976852762,3.0973399840709135
Gelatin,220.17225496716705,60.22010206253011,salt leaching,53.08315258773071,0.2931207065492119,0.7469142343738043,27.138624742214496,4772.041823428358,3.316999999219763,86.64637935040778,5.126683900623957
Gelatin,717.9626234501092,91.18712283015611,SLA,223.5273481546638,0.1679696645305664,0.14561917018471232,1.5906042646831504,122.58691053888451,2.723685890423905,54.114327251382875,3.9794035861459727
Chitosan,181.20017206309188,37.44653282074313,FDM,268.0749884190316,0.12370825846869218,1.0111701990132724,34.694269671600146,5571.417752037354,8.058034011577691,58.9027754050582,4.291379798265607
PLA,534.7045385119353,82.83875055226457,freeze drying,232.53474349402987,0.25923722217632855,0.2977722346977236,8.7670801164741,747.7122197604796,20.08112877751112,75.44474608312298,8.143337593526436
PLA,685.981309158424,41.32313218680798,electrospinning,281.6254267127231,0.09015603063478149,0.8286335645830569,38.96104934316665,3912.4128884571187,16.4893473245529,47.27290099830234,3.0522891949490605
PLGA,234.39808460183693,78.24445494614197,electrospinning,250.4605351056506,0.15542987001321099,0.35272875759185507,9.036095763832126,743.6315183091533,5.903385414989515,67.55998226551483,7.583810854454597
Gelatin,64.77044163411537,34.31841556289195,salt leaching,385.049963138109,0.5161708558913127,1.4969539436945514,88.55588458465576,20911.0901815113,3.291483321784983,57.71354766499914,1.856909116171858
PCL,535.7318733400691,94.46134978761152,SLS,132.78670798438117,0.31426547624604995,0.09831670619431684,1.5521166491469258,85.7105290309183,24.0,56.487540854499784,6.1873824298101745
Gelatin,338.3950377698993,36.87897678510692,SLS,366.41250890855827,0.22465544538464663,1.1073824819036322,32.3926500240419,6963.931003183145,3.28968268442129,60.94809980382155,3.61561442809508
PLA,236.0810642711016,50.06241098776936,freeze drying,345.86766477053357,0.3549499011463157,0.9577801413641531,47.14381812352977,7677.719551907908,23.118786434450527,85.85944677418266,5.531037133195405
Gelatin,117.61504963579837,48.338095128163395,SLS,347.386286870229,0.4007484701849917,1.0700974439659539,43.9412449355024,9047.631628843666,2.8133675592485483,63.87701106325706,2.8579118630953406
PLA,651.4099639662506,34.524509192005354,SLA,266.6122808984663,0.23873126024277852,1.1104490729392278,63.52732903758686,10251.11053772443,23.278266897788686,50.75599920924291,3.0028099196596973
Gelatin,55.330810315894745,47.26303782759904,SLA,367.02040220213087,0.32107792259772155,1.0167371259791371,36.55161286236416,7465.057686363317,3.068801218051077,63.040207821476464,2.5851262378278657
PCL,780.2744730879546,45.037564606751125,SLS,328.4631007119285,0.06321496713058586,0.6989825786160634,22.894219620506558,1823.7571369978011,24.0,42.31144520640188,3.8039728045970578
PLA,449.68215493443597,69.60185763477405,electrospinning,115.18804019010233,0.5007391084559191,0.6676683546263774,30.404254741925108,4295.92816180996,17.346470849785995,68.80680209632014,5.517504046050991
PLGA,129.9636853473487,42.84914047531933,electrospinning,317.61919718953754,0.16752186630392138,0.939111255167625,44.07415056943944,6071.241584400832,6.590276438746632,61.5495981850344,3.6949548669516026
PLGA,642.123032620604,57.91527872680321,FDM,94.55339490131615,0.35727895222772543,0.8360865957560705,34.71818394055548,5406.048793497953,7.5463714895769805,63.456848992690134,4.733567453806261
Chitosan,514.5935754932808,84.0277046610468,electrospinning,342.5512839150584,0.08137345830977669,0.2463572506506704,3.788612193511894,269.81280604132763,6.172366566919374,61.65130737347841,7.8255870176862325
PGA,210.13938564129978,44.985534214407366,freeze drying,260.08216942296673,0.32437216711501987,1.1308129426502416,76.06621402519754,10799.137113720431,2.4822472244475673,68.74605878251067,3.1698318625392092
PLGA,643.3915015822997,76.7794049503748,freeze drying,360.5997840743322,0.10023989340903902,0.3532860761702846,8.605543732282147,597.8309833342166,6.536392226406763,69.03335204640172,7.200900685531727
PLA,130.80667904876157,81.01444611842763,freeze drying,119.38327395196028,0.06864284769505719,0.2603124175663297,6.278761362040236,318.2440340589055,17.39576046370294,76.47852780049374,7.375317815536185
PLA,210.7591700477555,94.92072637366704,salt leaching,284.8437813348323,0.10249523145244988,0.07292647829200792,1.116597926583925,34.93090589385774,15.184468438114433,75.58473679777985,5.603238458554554
Gelatin,749.5916172093863,64.43277635340095,FDM,330.7672236659048,0.11036646657464518,0.5508152376245026,9.66048059063239,1380.654110344832,3.0806383068082837,59.61998387397701,4.677875857771698
PLGA,411.7070331322357,73.30309160388165,FDM,252.6102502795675,0.37064743462653743,0.5368406175395908,21.061798410786448,2640.6276376594597,5.468739787976175,71.26003653387633,5.496351473245441
PLA,495.00712531637254,60.272976124726554,SLS,212.05035664337004,0.3110858837971662,0.7286627580112185,37.425727474086635,5194.029520908392,19.164978201018737,62.19384349861156,5.630054121692239
Gelatin,756.170276992969,38.55871442872795,SLA,131.98933988320672,0.23077058012395538,1.0846764952793657,41.723045295299166,8879.250168671992,3.4419739843419483,47.54795921154073,1.701060008247172
Gelatin,161.88103584069168,34.961978151735615,SLS,157.86793278080867,0.4990429713250153,1.4622351130522335,74.138667760251,17385.273159873734,2.84798647347619,60.752835511056844,2.2767282006568577
PGA,759.8804918528388,39.31907026019587,SLS,50.68670640883436,0.18252899026644825,1.107849892127142,64.4263836986145,7091.580322586712,2.647194450058625,41.72136551389327,1.4088857387609208
PCL,239.7043766933674,89.14582533758255,freeze drying,217.90056322070612,0.1542455301639324,0.15784816878687463,2.5034964746016883,146.4211658669586,24.0,82.32391842630975,8.148844091095967
PLGA,296.98844768773887,83.88200572993092,SLA,182.3767259148062,0.1377045942052782,0.25615446889149346,5.528047891725142,371.1279197568832,6.126324082838867,61.79953111005094,8.002410580315724
Gelatin,76.87526582581124,73.5764433982455,SLA,70.43204938378322,0.3268859173609162,0.5121928078383327,14.629639319425857,2118.3972296868988,2.895596276143114,67.94963469358895,5.305091547581673
Gelatin,620.6618255233838,76.53597161746288,salt leaching,304.25800521395274,0.2545491835207329,0.42427386996812955,8.13223140623269,1081.9220384858752,3.0986627118726773,72.22208069619872,5.696950198022469
Gelatin,624.9485709886034,92.91096120442754,SLA,375.2603408416135,0.17310670163636704,0.11779090596635661,1.2343454306248445,85.72891835369668,2.3824261509969107,53.09890472304432,3.8242694786886378
Chitosan,422.1683108918481,86.17973936911,SLA,115.06494834589029,0.4081306784971982,0.29219191492759194,6.432679123939257,643.2628251729773,6.403249309758088,71.95311262293906,8.383935250611858
PLA,548.7114248409789,57.62985320959628,FDM,93.17376461267497,0.47657682428887715,0.9110690532396677,55.86209880822683,9188.074299215721,21.946964030387143,67.62204977114415,4.296155884950575
Gelatin,193.84839936703221,67.98797837617717,SLS,102.96076163561594,0.09927022657413767,0.48936342343608374,7.244479183199549,958.3898914402084,2.7178953648027395,73.34910231363816,6.323957241457837
PCL,777.1060838391412,49.35087241583733,salt leaching,149.09730771739734,0.03293944514427707,0.613383011739926,18.3036724755564,898.9394008039765,24.0,48.98432736371195,4.421756276485151
Gelatin,659.6995117882915,80.51767359814482,salt leaching,112.82057746761343,0.3925625673522206,0.4006759836905568,10.212973887129854,1289.3494255725582,2.5795369580236054,69.94636418191132,5.209424518556077
Gelatin,575.0648094231972,84.39254014235446,electrospinning,145.80989988062328,0.16596361854816816,0.25732557733597705,3.316252008996397,339.4651567092626,2.7028209900638287,61.50859631278511,5.874990683111982
Chitosan,733.0468008900896,73.97717317503697,SLS,166.4848011721701,0.10277195861032407,0.4111218709736102,8.602655613008839,842.0242877522668,8.581070584138246,57.788182607609464,6.219418886457392
Chitosan,160.9088918959762,74.9928443753304,FDM,225.1426072981775,0.200147669189933,0.43768984719395626,12.156459358932949,1409.5064976881145,7.350310518451959,80.08115550358679,7.347503372026061
PLA,754.0496810325313,42.65789564019203,salt leaching,73.19181920805168,0.37133266834416,1.1177383295111976,74.43521359395001,13186.13879955716,18.99388184987434,58.27367847536707,3.0834092887198143
Chitosan,695.2048088961592,43.81941777295305,freeze drying,285.4302836347838,0.2494802761423215,1.0318072266158587,44.06051244771694,8069.002483140873,9.065307466187571,63.72838241331123,3.809053126474205
PLGA,443.21545012702035,67.4116437385626,SLA,284.51664101788526,0.09596760293586871,0.49329039235920885,13.418280683640187,1081.3307620790886,5.462884064098194,64.95985585997347,7.168902402753526
PGA,280.5204359719249,47.112928669410366,SLS,260.30621223334145,0.09250284167066586,0.8884259024066651,47.28832617580567,3337.8175448942384,2.964081865254253,54.37726639258037,3.192134381422956
Gelatin,132.1953309251552,32.55939900794421,freeze drying,171.7757033662655,0.3836143991330163,1.376129454674019,72.56421424378752,17014.017851663284,3.753860479992349,69.72018447571465,2.148396140351493
Gelatin,202.5391420876384,74.67668586994209,SLA,84.09031828064444,0.42984371087290074,0.5377959524665382,18.41497754399012,2668.223172245729,2.4760636188886704,78.94097276866971,5.776253677697083
Gelatin,395.9641821923428,65.26818765858387,SLS,99.67559179057852,0.2414414734341039,0.6198220656505873,17.658705014664204,2840.90876749626,2.6533727016919064,65.50534886154347,5.65301395933535
PLGA,599.856658922151,81.44697095432299,FDM,384.13421188447734,0.5563427041924303,0.43543593575128287,13.58534711188945,1577.0056223691254,5.782712480908748,67.71656369617938,6.222776468294243
PLA,170.85009008608884,62.30636344564607,freeze drying,187.661248183694,0.4383786321343864,0.7830111135817747,43.18364139276443,6535.855333582324,21.779099233283322,73.68967457565948,5.041286637095788
Chitosan,246.19219700605032,94.72575799092924,FDM,104.69938547836944,0.19650063148298727,0.09197624612107949,0.9645499842596815,51.12377562987479,7.415134176439375,67.67692185726872,5.886057953536709
Chitosan,339.9716507370381,49.51510270956647,SLS,381.6519266630908,0.32027943248080354,0.9897508614941242,48.9061830600268,8946.968572380998,7.291838260162429,75.29501401891851,5.006930093814283
Chitosan,569.779888567447,46.74247482101612,salt leaching,219.94140449244546,0.2705825677694832,0.9977901160353781,44.47769997116336,8073.515146254796,7.309519230867776,66.03227722498319,4.087071781569977
PGA,415.2866575122608,30.00438734702734,FDM,361.02951683316394,0.46891492473112484,1.6026490700970597,103.54879628108039,19697.928753162403,3.2483775488411815,61.47487056184165,2.6661496604350723
PGA,100.17772175934287,34.308432185814425,SLS,54.8215250833493,0.5922627662648856,1.6353690362743305,103.46714931125138,21010.259055638144,3.311138479203905,51.08319354182231,1.833140088344248
Gelatin,270.21896173843857,30.060051925923723,freeze drying,144.5441658658965,0.4959405571604657,1.5685383216813955,82.9204430134079,20156.301630990765,3.6692717318332413,72.06482545012075,2.8838259510255875
PLGA,700.0390461173365,69.29685933437865,SLA,187.70342713197448,0.1736386823899102,0.5079177622357571,16.752623645065004,1717.2410399665737,6.728353849449363,59.39537466432111,4.815394316419446
PCL,684.4228526604705,64.75804116779894,SLS,72.8229537941312,0.5506415154932673,0.7926044253160084,33.95893538781768,5474.205769947964,24.0,63.97028330723177,4.865422143310154
Chitosan,514.7364575988237,81.83302455021797,salt leaching,293.6488236714313,0.13199996178772272,0.2963033574374186,4.89220549799368,431.5792412646603,7.850843782146291,65.69065058343858,7.553408523465385
PGA,171.33442285697566,85.22085549469662,electrospinning,263.71571160264364,0.07500484029459539,0.2440787303787803,5.807198360240274,193.8941965160037,1.9860058425446898,68.8647075640407,6.338633666458395
Chitosan,169.44754763310712,52.86096090633771,salt leaching,202.24863914792311,0.23615292647967795,0.8547569328959171,32.29458577771168,5350.091896257421,7.4248619097087944,80.96524333210796,4.818002996854549
PLGA,659.5145055228137,72.13822112797506,salt leaching,376.7229610556575,0.2321372421718504,0.4904142297044381,17.789273673268937,1949.3641585174685,5.693397281253682,60.72468982946534,4.506920163542558
PLGA,102.39307147766495,65.00380497011787,electrospinning,293.17602268087256,0.16412986644892594,0.5729139801786202,16.5545596019031,1768.9848067259761,6.598875249154219,62.20744312678753,5.139869248653425
PLGA,614.8059939513198,53.75803763007892,FDM,273.5535248296714,0.10628791779361213,0.7086031060562521,26.840042575090084,2706.1693721274773,6.259967759904804,57.55391506728789,4.03845803593136
PCL,358.77499639108197,89.2639031831917,SLA,107.45994976546604,0.4693491387517991,0.2239598133326793,4.925686696997019,422.8709517100058,24.0,70.93253138106043,7.548383310603652
Gelatin,530.3451760103414,30.575816094629,salt leaching,143.63649693461463,0.08089454160167758,1.0383151583182284,18.755129491878545,3464.7016740430818,3.038974477869894,56.059650867720165,3.0276284663765085
PGA,504.4868876777334,48.14928698213472,FDM,112.83040645022301,0.2899945623758571,1.036905991427309,67.58520045563463,8804.524886984054,2.8320339592390784,65.04513483270209,2.8430835562541925
PGA,256.5849611959788,67.43840788077054,electrospinning,165.7846299249759,0.31886938322129144,0.6663952551155543,26.9317215695033,2916.6483858848283,2.643458338805792,81.10244776484242,5.410816462470391
PLGA,254.27438784561338,58.614723010615435,electrospinning,116.03347905622553,0.19200024111396444,0.6983850068633469,25.033387105055905,3105.17852077107,5.829501954826183,78.03673888714872,5.19208190973337
PLGA,133.01703081491743,55.08559004571292,salt leaching,77.35422327929088,0.5045730943137325,1.0120462042468203,52.596240411466994,9285.862179762733,6.990282505308015,66.87693014576998,4.280358848007806
PGA,488.13063813629316,91.40980728350956,salt leaching,396.2320049782843,0.642696333312099,0.22086829141589331,5.165064368844031,391.4300037712132,2.8123631067310466,68.7870810807172,6.298468843104126
PLGA,779.8264119733145,76.43655873049633,electrospinning,218.34389585417316,0.16717756443951862,0.3870510578659609,9.494735639774438,839.082742799351,6.366512681550033,65.54212235934085,6.094169638279326
PLA,263.9749818461614,81.62169771711102,SLS,266.2049164614486,0.6238208519035697,0.44686802067289805,18.183488911713404,2116.839770309125,20.218655092773577,78.31080484452823,7.01339955546708
PCL,786.9574302594172,59.503146368687936,FDM,247.80480040223281,0.10762964880765748,0.5510801498682953,18.705343905509903,1758.5778899677707,24.0,59.658166691537275,4.702827248564763
Chitosan,255.96075111172485,91.92938030640751,SLA,317.7718391990247,0.2485011081228804,0.1480859396094763,2.1678381328315814,150.33956495366976,8.047665728177323,70.90529132566667,8.215849106360162
Gelatin,798.067980110817,75.3427590823696,SLA,321.73769842327073,0.34974010126956795,0.488098019228094,11.984260648301612,1686.2964620028722,2.982192212312421,66.29944624563014,4.565476949907801
Gelatin,69.05056924599091,90.20319607656373,freeze drying,394.0209906109152,0.11072724498817463,0.15178276891275552,1.2844976354465936,96.41677524309922,2.484757275501807,69.291376654088,4.091255961936757
PLA,61.98187163253675,70.24357155306241,FDM,246.03252118632298,0.45459634206892474,0.6273485360697845,30.669348273661186,4169.3511122541195,20.955299965857353,62.611154855849605,4.730369131617921
Gelatin,598.774392466041,48.6634862864721,SLA,393.9555367002763,0.04184358522858681,0.731708803297016,8.111374303338039,1026.5323067150855,3.0198186512713563,55.33572612551183,4.9545527906647235
PLGA,496.2174654186988,31.34041704828774,SLA,189.4915897845167,0.0743623939253606,1.0124514178240767,40.277726571815656,4157.254573529642,5.829499292185509,47.86046913451121,2.8507520382081744
PLGA,666.1763757303487,70.94610512999779,FDM,325.1301802142074,0.23537767232590093,0.5131015417097259,17.833604235781024,2005.922457223051,5.76427234843337,67.50106427948094,5.549275044690459
Gelatin,634.5152768948739,40.43268261136416,SLS,207.17007752053522,0.27150742760541446,1.0952722287903722,41.43691884329377,8846.0216255713,3.4146058224121365,53.45697701611066,2.1146958941138294
PLA,728.4525301380828,44.58774727857448,FDM,289.55788652262265,0.2151521803431692,0.9148234132688373,46.63727450462189,6642.437001020591,21.00167768999069,54.464935454789654,2.9687466152357307
Chitosan,83.5687668377373,49.528840944872194,freeze drying,167.47180405881414,0.31018305017794207,0.9805639428521621,35.80452334228829,6508.110337211496,9.45429274064223,68.9162853679416,4.613373660441895
PCL,178.70626231060706,37.261298336657205,SLS,103.40201714568303,0.13713654007619103,0.8908636919686881,38.022432753204434,5050.576474772581,24.0,60.9489095348227,3.6359742811628046
PCL,602.8679032072041,78.00229831246259,SLA,88.73583966795687,0.12022655531284472,0.3049000776910815,6.716448205304464,493.8917221889601,24.0,57.93347295848115,6.821611860422119
PLGA,309.6202597363987,54.802425984153324,FDM,307.40211754958347,0.38511929842218967,0.9207043815285039,49.079952539160445,8095.743747093269,6.12569241630169,68.7752120842237,4.939059890010743
Chitosan,605.8405194013222,43.46619095799001,electrospinning,347.05394967366817,0.052143230787545534,0.8430607970012295,23.658922202752812,2746.2302559134,8.809886036386446,49.8738416990962,4.003963363395293
PLA,337.27621701483133,52.0020654638608,freeze drying,89.78974344390852,0.17712018497013335,0.7575511863737296,34.500878663567796,4219.197310457522,18.1112086894058,76.76994190828779,5.833253965806421
PCL,725.1043764573682,60.52945046889395,electrospinning,133.9117931220273,0.33300989281178256,0.7154766656761086,28.122942442307977,4220.578543997703,24.0,63.607249083270176,4.105180189128389
PCL,483.57269819601936,53.937023262766346,salt leaching,74.36788837884349,0.07386919311071592,0.5956439138646606,18.753648733047786,1508.8690557590903,24.0,70.10083856371732,5.703010622609646
PLA,402.91748076381896,89.97200568988966,FDM,154.0806522260833,0.28461245574559757,0.1788602883033129,3.7311932754412163,251.91987832813584,16.756995111892913,68.9770677771781,8.801150860500455
PLA,766.1953823212741,77.08740953624765,salt leaching,293.18621355748473,0.2765412174019326,0.40513898686947863,15.288121138502815,1543.7288933386678,16.8717483999762,70.26465223844731,6.074752546940017
Gelatin,247.96189654052603,52.71042650649764,electrospinning,102.16758507524597,0.6098420783069526,1.1575143342297651,63.34047324722176,12808.07498928361,2.93311906806236,79.33022023944045,3.5322354318773472
Gelatin,713.5257271960294,32.753350771853,salt leaching,124.3125368977371,0.2920250948800953,1.2613085287619108,46.41624705398442,10607.857521658829,3.147248205356845,61.48054015903442,2.080304999394836
Gelatin,763.4628472139818,59.245310980678674,SLA,97.90340025932764,0.2323277242781307,0.720620296524231,19.664543484422346,3411.147243951518,2.6232437103209247,54.22183468342083,3.8648471911423936
PLA,59.01544263293741,92.0988732475263,electrospinning,224.22296918986854,0.14829896291146233,0.12035399378224956,2.5485076062199354,117.14143513448495,14.3342407162973,66.47797350605427,6.268715519466113
PLGA,705.6104602224967,52.59243151390256,SLS,75.33590574943273,0.1492194009895712,0.7633031521045082,25.016876576709585,2985.348288299034,5.889911737788841,51.316120098282944,3.529380138363898
Chitosan,111.53416524723562,38.0107978294123,SLA,53.95704081275628,0.042222194535440814,0.9136519330682359,21.62065274096675,2459.416262593275,8.246555112058848,51.87858760533734,4.593832646027656
PLGA,408.0255153849439,55.62876559492751,SLS,97.41431315614808,0.3970038074598725,0.913415977937171,39.31723556679365,6481.423830566144,6.834349506470058,71.88158256137007,5.2523675265439635
PGA,743.1019086982681,79.68014082532831,SLA,309.72889631642727,0.15627219999514522,0.36233579674092015,11.813153949576801,690.4132580744799,2.6070538121682643,53.49863575773123,4.982003490152724
PLA,757.7015717842276,89.09371491119494,freeze drying,219.01081470364068,0.5573436093058107,0.2513382075454766,7.7410431816256065,674.5466438974953,17.585188880654094,64.2291924550534,6.93363187906857
PGA,772.8001599712195,70.68193822462732,freeze drying,382.17003212439397,0.26547324451159804,0.5746535530764564,24.446904225527096,2288.1142938251937,2.4014204108006267,73.45885271350363,3.8703873207998396
Chitosan,433.2116099147226,31.38793936154342,salt leaching,95.33661264736445,0.11602599438392008,1.0998825437787598,34.59879396729836,5707.777006067933,7.836145176640985,68.52287258104951,4.536314632722451
PLGA,777.7450044779771,81.66457236019026,FDM,139.04465729745547,0.3961023832886782,0.3771497195935482,11.822662586000902,1252.0453146113837,6.1041096655271,62.24757245015451,5.5784671411513
PLA,372.5642057870838,34.632276372357055,freeze drying,89.1705356759226,0.3362876638386572,1.2304228312043213,86.24695204164895,15777.899443254217,23.673896862087062,72.15394040076717,4.106422851409031
Chitosan,490.8061159589691,85.65354173974185,FDM,295.6034432276415,0.4477520389875238,0.3132643945635138,9.141288421992547,945.3940579988383,8.094056242935986,71.88815028935755,7.364633145241327
PGA,82.57251826978991,31.965465135558915,SLS,393.16686837220385,0.006872059386774429,1.0485024887217769,53.7433777567893,1790.4207561285068,2.7311514077045085,45.12357819666792,1.7144755794796238
PGA,789.8577589537244,59.741211818033,salt leaching,377.5361339027941,0.38769571273687525,0.8688116443498106,46.50041464080434,6154.791843344677,2.544581120010374,64.02934654804193,2.606611547802127
PGA,767.4189793105853,38.85681305783243,salt leaching,390.78533937279525,0.15100114209988666,1.0850603553854492,67.94081252346788,6757.643636740183,2.92259839075067,51.51011964659074,1.572655471923861
Chitosan,761.1712499669903,30.637708301296744,freeze drying,255.7457837584314,0.20690454059812513,1.222221113010029,55.79930967383938,10864.36245535051,9.202331640566479,61.85881609393471,3.37253809548905
PCL,600.575173864308,84.54008151731745,salt leaching,272.3291892435106,0.3097407236655793,0.2730268217163863,8.07243451546613,741.3525107887108,24.0,69.23542233467738,7.545921015668837
PGA,331.8571020660858,73.30277948796862,SLS,175.41314174619745,0.2562744949724728,0.5193049044370914,20.68202160345289,1813.4444550378046,2.3374445222746982,69.22618447861159,5.477135390338204
Chitosan,793.1580401554696,65.57007484625822,FDM,276.41357091246954,0.23993149677824474,0.6265833629841385,19.335172440404342,2747.5465617397745,8.149043466804384,56.430591606461824,5.501457705605361
PLGA,649.5121371900728,50.857807504808015,freeze drying,229.26384458935678,0.21464846609239538,0.8494295413707069,39.108810442689105,5524.599510187513,5.548580080524801,64.16989024073887,3.2569208759533086
PCL,170.77142533994615,42.222425233922166,SLA,303.74061447864887,0.1591469078999285,0.8459154345896546,31.967221619873026,4377.211285484484,24.0,64.93313084108306,4.449739705667016
PLGA,179.08104686617912,37.04210037511103,SLA,50.08680829796714,0.2608735171499403,1.1409111365795823,62.648818136842245,10767.288362546513,6.261768942402554,56.90207927910605,3.0668672099687306
PCL,195.54595107512358,54.2803173994751,salt leaching,191.91440038590156,0.2147318658901291,0.7203306944679495,33.45525195582072,4636.113531833537,24.0,77.18301078497134,4.730841338343944
PLGA,226.97833337395502,39.479140302721454,freeze drying,64.6507720587065,0.194072179304059,1.0235715338835216,48.608807947561424,7323.059842513003,6.793475816531856,69.87931616465539,4.296894225486494
Gelatin,461.07517574548984,68.33711289433798,freeze drying,143.5743270129934,0.4058910143310641,0.6587792404778456,22.214563007085957,3584.294745044514,2.803458123845393,87.56177211816126,5.692354768706167
PLA,728.0975382007649,68.68483163352465,FDM,265.08701515981903,0.22351442459195422,0.5219964718583627,18.25016653059399,1984.232747182309,20.88880430551989,63.30907111676643,4.993559085374837
PGA,318.80939730440343,82.3885642823727,freeze drying,384.3920800465759,0.22715429341980403,0.33426328091174173,10.377440863828014,693.2029986147086,2.1739928842558127,79.68994715746827,6.62539394618699
PGA,665.2199530816773,94.84647873606261,salt leaching,119.30304902258813,0.2931324618479049,0.10332163821783463,2.0055640090235274,82.82250065002685,2.58880430824179,54.709315717311505,3.9002012719168326
Gelatin,584.2316644463849,59.297692070793275,SLS,233.10123112012164,0.19945717573063027,0.6956117699792951,17.254061592423547,2932.149753626077,2.602493390089196,59.63595620644863,4.322738404005343
PGA,243.53713791358805,44.53985443638832,FDM,179.41473017614453,0.03213292429620806,0.8774101929966647,40.327281719471124,1772.0021667683584,2.3779097002948166,64.52596975018332,3.7992792657032175
PCL,460.49587407331455,78.02055088547688,freeze drying,390.95423916139475,0.05336449965671933,0.275181784571063,5.977877377324684,269.53927485175643,24.0,72.53892037849677,8.6008120938536
PLA,182.98286407078183,41.550653677986524,freeze drying,350.43988842285614,0.12576363081487685,0.8651722128262274,42.08783361627935,4893.049714022818,19.028593543251652,67.9738539843246,4.1484327022888
Chitosan,503.40591995877816,60.318093232242134,SLS,363.8268572092656,0.5497401313364352,0.9373045859168894,39.773902616925795,7048.220527996059,7.414747694887769,70.52797553200763,4.807555641686261
Gelatin,777.6825889281477,63.98788989478778,FDM,115.58875621902423,0.41332742175868814,0.7540897536141575,30.40013259917481,5238.062857318391,2.9939658412584107,67.65328888530752,3.294231863140103
Chitosan,297.4737195376668,92.98521204132905,freeze drying,327.52466446319823,0.017897555660119985,0.10040411368524277,0.7867538020560457,23.89320694046473,6.14238239185647,76.23494241729203,5.211393907132572
PGA,720.8394641176185,41.616067625728064,SLS,230.13223855969304,0.19212546184848486,1.0749902128717512,64.76035805627161,7191.910867335794,3.0916892944703664,49.078511244754694,1.6067348792606448
PLA,118.526983137077,56.91153455179834,freeze drying,371.7934184052581,0.08019070071364812,0.6002930914837724,22.165216979905445,1811.0522764406992,18.418537901656006,70.27821412963118,5.395994308514288
PLA,651.7386357703524,61.293555498126686,salt leaching,337.317040045656,0.08840664485248759,0.5453183334715002,22.27107618832474,1800.6698138615695,15.883668359249393,62.986581520146075,4.7737896904486306
Chitosan,444.3674296983819,36.24243290036253,SLA,387.5177828697216,0.1878893432475966,1.102244869059695,41.50521082125669,7561.708797756329,8.438016734494385,55.698650246408164,4.492514220177008
PLGA,760.4727225446438,90.85268992563924,electrospinning,247.91588436899033,0.07156727277109538,0.13442308443379972,1.9904940093003438,73.57993155042948,4.910807884823372,54.43127327678343,4.80921073491905
PGA,513.7088437119048,55.045153237747016,salt leaching,282.22744312908276,0.3027379566877102,0.9082836783850909,53.01108836802002,6572.264910960675,3.0703676539975997,63.74337865004015,3.110366251639035
PCL,409.93814523747335,57.79362490203375,SLA,316.352915515294,0.16395204123184431,0.622005412945398,23.702945682929833,2812.281404797712,24.0,64.06354124399046,5.880457516319594
Gelatin,116.39041228560578,77.55387315497428,FDM,125.36529175121403,0.2667974468776415,0.4108169604296491,10.297006790258923,1346.85837663137,2.926768594249713,76.74936084999203,5.616745241880761
PGA,259.71662724098377,68.35048121472877,salt leaching,148.72158741241768,0.320317054328696,0.6484713035917944,29.726310746846615,3181.0520182796554,2.6988394751684264,72.81580679005027,4.890156006928839
PLGA,286.3576216584769,58.84904784398424,SLS,222.8410566120938,0.1917929661996251,0.6942763423751455,28.432105670330476,3515.2261419516503,6.767339217488034,67.1232221347804,5.903535709107661
PLGA,602.4676507453721,87.20716072321486,salt leaching,361.6895547957089,0.3954511808164555,0.2629909218127175,6.910032826222096,610.9726043985677,6.454635903264208,60.77025620127196,6.672066231795429
Gelatin,785.7006176659504,84.55552360375623,SLA,205.9554385572824,0.08884112556935629,0.23319831535298055,2.3464455175619072,209.68592530686453,2.8234948208343353,57.68090730408297,4.7930009931735515
PCL,492.6663566052567,70.90778841679044,electrospinning,170.05411819931493,0.7238689320819078,0.7553377326470575,31.71232157065841,4891.337408444782,24.0,67.66523557069878,4.996132451540581
PLGA,488.46376373291565,36.07664611536967,salt leaching,390.61388147711386,0.27337253022886854,1.172868432812084,52.01393781713802,9156.452363385366,7.8926297966976104,64.68002692391465,3.87776406890505
PGA,477.2467270403067,71.17871716637895,SLS,340.93317045510855,0.12411978551895687,0.49891774874218403,19.14335662325871,1172.1300581157502,2.6040780538224273,55.51139138158225,5.06226423620154
Gelatin,777.4542232344135,70.74726004430526,electrospinning,195.54229285152599,0.08071082055300058,0.437410217016337,5.111733804464659,612.5852353348454,2.5262219813588502,55.75077602698482,5.775207902976809
Gelatin,125.84900350995899,92.62568802912301,FDM,346.20646162780685,0.5238749234725855,0.16909111975615013,2.939396611141736,232.77477757545344,2.9216984224430527,63.468513080021616,5.305809220298835
PLGA,78.63871450966101,68.2550902873992,electrospinning,352.55027087277915,0.573993212550291,0.7551884551646403,34.80671735826232,5322.020871030088,7.640309617050262,64.04179767975167,4.684398738459154
PLGA,148.05650457685024,45.336540498029194,electrospinning,237.4224253251931,0.1010326774709265,0.8324529590132775,32.22912417583641,3448.3092613951403,6.101817263604062,61.029234631070224,3.7013342581259345
PLA,604.5543280386883,83.26539163328052,SLA,195.80758838911015,0.1688939076730577,0.2614928756956014,6.485715000013642,458.9468246042058,15.345173519247277,57.84609536420039,6.965024591465858
PLA,534.2770477259136,64.16501383880265,SLA,62.749349379414774,0.44695188398782454,0.7502692568276602,38.14039577999908,5661.32664850681,18.338278052510532,70.96042135605873,5.537144938687565
Gelatin,414.387298187403,59.79540565292524,SLA,171.98215551981227,0.2008068014921834,0.6880824316157917,17.231387854796495,2913.061248497181,3.29230988799709,66.81002054508237,4.895526903870161
PCL,180.37585623353536,34.870585580550284,SLA,199.32722719986873,0.15377615815415313,0.9465395853043654,42.80053053520151,6123.109998195703,24.0,64.00633032102644,3.690387641849252
PLA,259.32859665466634,78.66801609215443,SLA,341.3472993986484,0.07634560130037674,0.2956229204002366,8.65783285410926,487.1281469362068,18.76267505283147,75.34703568261598,8.493955464558274
PLGA,213.59602975578932,63.40492045050714,SLS,277.4381355090224,0.26390579103587847,0.665177592802394,29.160674578725782,3836.6136664476307,6.366291854197522,65.50761891334386,5.494074431355383
Chitosan,662.155378116043,33.69472928395253,SLA,166.26229198804197,0.41970566005443116,1.4152759947165772,87.74497611438696,19308.070477850364,8.786546791612547,49.444725038580955,3.0625348032258706
Gelatin,649.6959656219026,71.83323796222253,SLS,108.45469598462209,0.15892362922414688,0.4608258403476532,8.032205630940192,1096.678610537355,2.9437148542740865,56.540999474886725,4.919120457404793
PLGA,497.7961283447389,56.487713982443914,freeze drying,186.73316463736452,0.37017953004294224,0.8746078049974728,45.162966411463515,7226.183736873714,7.571484795650739,70.04344357880436,4.514687045772741
Chitosan,246.03562653227243,79.49419001454167,FDM,228.49713972869898,0.04818960766110054,0.30437426121093203,4.885297419081979,333.08234703144876,7.762574722734244,66.26983461727039,8.003131632915574
PCL,426.80025461840876,64.31585641424628,FDM,131.17564861238793,0.2977903918179467,0.6216426658136738,26.322614281770456,3626.479895261927,24.0,71.1865574762469,5.665418639997147
PLA,352.72821676205984,89.78335356407561,SLS,193.027260386245,0.0339770017490451,0.13331661816947754,2.2564892672910886,63.63197351894002,15.937022403636325,59.871315192296144,7.467365397249501
Gelatin,180.40349106584063,75.17608821924595,freeze drying,387.0516369957063,0.07021607799806256,0.3664974881048398,3.639319087763688,385.72246533187496,2.4610862396983166,80.56054771130076,7.234256080970861
PLA,217.29373022220653,75.52528332181278,salt leaching,59.81512005812578,0.2940448530348383,0.44094277816182276,16.170692635669916,1726.150319892666,18.127473106641705,77.52767480347802,6.436006699840585
PLA,529.3268787413641,62.28885845501954,SLS,74.53130806194585,0.10920798751355942,0.5462787905696138,19.782603970018126,1734.7467423022078,19.306911420395892,61.081445913462495,5.735685504761321
Chitosan,404.03456802315316,48.41859628120241,electrospinning,314.159733320189,0.26458924592000604,0.9609776345485769,41.44129914262278,7367.251698186664,8.545266440788915,75.42619002975191,5.792449174318735
PLA,185.18124831626548,50.413264574121605,SLA,277.6069953386395,0.43044234484090416,1.022550325072556,51.36266328231191,8866.838941917857,21.85471902858399,63.196108745549815,4.4458229700780985
PLGA,150.44326340119704,59.509102862860196,electrospinning,223.40737493775424,0.45009522318941103,0.872446166489529,37.82544448496783,6162.069035281111,6.604292074125823,74.57945177040155,4.812180572388378
Gelatin,684.6939591432111,68.8742206729354,electrospinning,354.45084204750896,0.15081521542204238,0.5046943609743958,10.613932635750237,1509.7742886980343,3.1748897975354673,68.06405741470216,5.085830459034691
Gelatin,733.0315498066144,76.96569711899492,electrospinning,148.6117524694821,0.5430871213293188,0.5361364872760768,16.524998886551803,2317.6454512187765,3.1212888532723193,64.67573063264378,4.424634330467331
Gelatin,437.20810320422993,59.293472814527156,SLS,375.07251282709314,0.03360142942399439,0.5741584720096178,4.892799682003005,501.0482618125149,3.1765629479752504,65.07981972429853,6.024561948542105
PLGA,229.22279040579272,62.10231084965125,SLS,254.1289780920499,0.4888610735762853,0.84316239518888,40.37733247189833,6497.939309813636,6.93068092123019,66.31568817600075,5.359835956451682
Chitosan,567.9728544120895,59.716562598014505,freeze drying,291.1526287957777,0.30276216032898284,0.7774033829605904,32.021841427195326,5174.891342652286,8.722632119845178,68.84630522750392,5.489923758579456
Gelatin,69.26019789427608,44.15301677948674,electrospinning,217.74978664494148,0.5415300258163597,1.2983050022499953,79.83612260993313,17431.97514190137,3.3153096600263523,68.24041568137748,2.3517505430338077
PLGA,781.8533151570836,65.36839991127202,SLS,195.87667910995404,0.09986432279298296,0.5266615905397328,14.862057620817529,1258.6175496914286,6.22917098129057,48.48190703786249,4.874447692894332
Gelatin,566.3680155264317,67.03594630507914,freeze drying,150.6328180004297,0.3043087316342069,0.6255772135310502,19.605328374891144,3149.7238260192885,2.6076201560525094,83.27309109999075,4.676264664409613
Gelatin,220.39216474227243,49.814940799340214,SLA,62.62166229770849,0.38253758754354494,1.0230563858012138,41.0614616162948,8303.2818192082,3.4014244551147796,73.40818082513452,3.9316339021414017
Gelatin,243.2998085443601,44.819621713815366,freeze drying,53.15024705231243,0.0731273572522573,0.8175686211159661,13.797973084429715,2207.2812262387365,2.650703929121133,68.12657292431213,4.784585584665346
PLGA,662.0889774640223,74.16924798265919,electrospinning,103.6620625209257,0.35966310051684935,0.5142877443345868,19.62813672499096,2399.222575135981,5.871719815615056,69.65351420890846,5.0125630618487635
Chitosan,359.3135784116548,76.11728813857694,SLS,230.87744613609658,0.13640748258864585,0.3913691266020402,7.239717640553977,739.3283697342727,6.887993652490661,75.07396689089411,8.941703845177248
PLGA,315.0075472719465,33.896308524173705,freeze drying,288.76248412321917,0.4277972019466603,1.3976388997319107,72.00233534999832,14787.716493308068,6.5063801267204,76.18634828528262,3.8745842181609356
PLGA,283.4947080649495,35.7633205783676,SLS,315.91508235882293,0.19595015503901336,1.088599594232545,53.45050198386846,8328.1671415879,6.474953866539698,61.60842266785329,4.101036579943894
PLGA,523.3685587821883,57.21718540072301,electrospinning,186.47464660712245,0.021089545852295097,0.5896208049866003,17.150123581515984,782.559246768424,6.07766904520738,60.32040438383172,5.255198717603376
Chitosan,731.4539530672943,86.38409420752433,SLS,71.68633004801409,0.29188119284744424,0.26017165052176827,6.057525745925506,564.9013756342534,8.090332784164186,59.3476598900246,6.76808536182438
Gelatin,640.9755837608344,88.84148653765794,SLS,229.05526154362008,0.15806922984035407,0.18238864906641916,2.159170446998059,185.38400580480666,3.021387849124678,50.446713259122596,5.43698873240798
PLGA,747.3417238671155,60.065496238174966,salt leaching,184.03950106130407,0.19191062378610665,0.673838135456576,25.726075724012215,3134.0774190525094,5.715051584525269,54.51248673926012,3.9840705926326074
Gelatin,354.23568173624534,35.25838370545443,salt leaching,277.01743319512246,0.16914278356614154,1.0711222094437145,30.916125997147326,6465.224893536673,3.4952430931253073,68.68146325940288,4.1223795292460865
PLGA,538.3369619624016,33.69537074434489,freeze drying,352.73053631199235,0.05042564956971313,0.9489985494202654,28.88041353875301,2418.0811277998364,6.380844647588607,52.6425232836453,3.428294141885904
Chitosan,211.42091440762954,42.83292235977536,SLS,361.1099855522678,0.09245645659431252,0.8928347320313196,26.277539932167567,3687.6422507352613,7.338505984918906,56.517181680842185,4.951862556507183
Gelatin,579.3775803250343,54.24906420514921,FDM,236.36995402159454,0.06458053186492835,0.6708207890355794,9.807938914688858,1374.582577330372,3.131400989049223,55.16573690417118,4.5468708610323
PLA,266.52803659981726,83.22593355281263,electrospinning,150.07805111864056,0.16818405893561542,0.26188201802204775,6.805493627768882,481.2747463978484,17.687172164241062,70.58699093318118,7.69282037898
PCL,518.5038608852064,40.69017803101565,SLA,316.55881936937743,0.10912680031670484,0.8088668980763857,34.04523305720127,3902.9002346748657,24.0,54.78560905563182,3.777699785247553
PGA,732.7282882026569,60.2731706176738,freeze drying,258.03302952697834,0.14686730778210882,0.702340563694834,36.38763410739227,2872.5883886371307,2.453423549745103,63.4528242678763,3.419452890027093
Gelatin,287.7167112189187,44.91609978624142,salt leaching,182.9840354893167,0.37354059976194914,1.114001969101086,44.29337240264764,9366.139194394762,3.2891423553380315,70.73960811721557,3.7773442714558643
PGA,212.17797420063025,55.4600534494304,electrospinning,339.51751135433085,0.26699484677249463,0.8741105487370107,48.6778268922255,5632.282976606549,2.9885575764190166,68.09206816455179,3.4971638023161242
PCL,614.9800536323007,33.91191584157524,electrospinning,162.87438424323753,0.427532784839599,1.3232177580465143,93.31054736086467,19424.439094440637,24.0,59.03612541180049,2.8555789251233645
PGA,584.1755842512747,70.8569894940285,electrospinning,224.22610328121658,0.03186578199861714,0.4609324308183445,18.434247599982456,585.3079186831732,2.575430828447596,65.1543937609923,5.620427983397632
Chitosan,272.0333624321525,34.99591576338141,SLA,266.3064184701635,0.46596429394081684,1.4401248680679042,80.50776592664414,17832.389816663766,8.31147937115017,71.83311654108144,4.390595375544861
Gelatin,100.62218397442237,71.54932904742984,FDM,200.96209050626578,0.6705478676573574,0.7274797191917041,27.538880007667288,4339.246548356067,2.7575391575533255,76.18404818513208,4.321993166245443
PCL,605.4558541578928,85.4568864983998,SLA,181.88520144534488,0.4154920807344118,0.28767174680051083,7.45689453967334,722.8616398871507,24.0,60.75239946418291,6.427645784024764
Gelatin,707.5261667939103,93.52586462270547,SLS,225.65154941845125,0.09752393113541279,0.0987657239820152,0.5455113621497902,32.314803676674906,2.6367358735746014,47.37940969981603,2.5697367963942375
PLGA,386.4786796375047,60.812202800967405,FDM,341.7921165513335,0.04969293665148707,0.5603636391664203,13.364263150820145,854.1155465805646,5.305747006921368,61.91057016678473,6.3308584803064765
Chitosan,428.18444206990574,85.34179291529064,salt leaching,56.28470002409022,0.13056541556297133,0.23870735992583653,3.698781693070779,292.1600916580745,6.436530073338761,72.17214567973329,8.607604523322948
Chitosan,675.220791856361,54.149455580482766,salt leaching,148.48496837075916,0.33639001214693687,0.9118217627721801,34.933165019434206,6147.958304316847,7.869290657294159,64.01381867355856,4.142536648645039
PLGA,478.9329618193632,42.312886598704715,freeze drying,264.880464076623,0.09009492541260129,0.8670787424201161,33.544142821013516,3487.812991600432,6.041003521400681,63.235194282940036,4.173122114921311
PCL,699.1373475966252,83.24253990262767,salt leaching,149.88228413935818,0.4964673079168722,0.35867951671135356,11.549264965874618,1255.0146141062642,24.0,70.09367401602361,6.263876297711166
Chitosan,397.11916103690885,46.64408040271051,SLA,256.2912646208913,0.20889966590319764,0.9420384654741066,31.504572704966193,5392.681573870013,8.361265866152346,64.7746361551358,5.576054994821116
PLA,127.17330051214056,34.20990394458777,SLS,303.61815533551453,0.1468513419831853,1.0003292414804645,50.288260074827996,6641.492248696795,17.18710140954059,49.34053480615797,3.165546720414859
PCL,757.5970497803472,82.31478191310461,FDM,377.58468582181723,0.42221689175994875,0.3522090532004056,11.157371424247003,1197.6646496880005,24.0,61.6067824116022,5.876494683431373
PLGA,715.4740024431499,33.85459315880164,FDM,390.2515140140714,0.43989307197065225,1.4130024541114907,95.92041416999196,19852.759180907276,6.597413548709589,47.20699191981632,2.17910572524631
PLGA,132.98438607001032,74.09073733904397,FDM,124.83931486937178,0.29816857057230656,0.48701255305762536,16.787303616957214,1937.4874704632412,6.031436910210999,69.43402070911908,5.521668343069208
PLA,606.8805925082959,38.70017132271918,FDM,216.60191790636233,0.6028602285322078,1.4659627442528624,103.96409488753385,21916.742040934714,21.94854288103437,57.88497202091308,3.015392613892696
Gelatin,550.8496031672379,63.072829134865046,SLS,296.6589967487908,0.07850814123703209,0.5507003105030744,6.389467154648835,853.6252949843472,3.089190328910886,57.197329320308704,5.283431268151226
PCL,648.6250496593726,72.49786236198729,freeze drying,164.02491333418385,0.3132188863982184,0.48761396389245043,18.678290629003705,2295.9999003310327,24.0,67.53146811569128,5.512962198757416
PCL,687.2440881497205,85.20730571202266,SLA,197.3219437905186,0.23955533146030802,0.2404269087034562,6.1720229724926705,507.4281807594991,24.0,63.58126168304975,6.613438747767135
Chitosan,424.46168503062,49.892255779563726,FDM,395.93933857823515,0.20089727614629907,0.8776723323212271,30.738091631512862,5049.677447350194,9.260631993881004,76.03179480482538,5.5352477503361275
PLA,337.0403305740534,83.4394868616207,FDM,326.90097779508585,0.17217060260715844,0.2598089232724073,6.512823065888026,462.2371708929655,17.93556608365797,74.24757304274726,9.211938581284583
PGA,472.77118923782473,64.26156624453638,FDM,165.04777619108225,0.39665985779401647,0.7764492696884071,43.17181128684706,5441.634406387053,2.82036868796629,69.84482530331033,4.186209418614265
PGA,711.801000844887,50.604624718796934,electrospinning,274.86111706390307,0.26199480859460794,0.9653988184569805,49.42455958483565,5963.263932499273,2.7769907417494357,60.65837480633949,2.3928865433795368
PLA,115.95831860406948,73.09571522711157,electrospinning,198.1689897174076,0.33795419895124557,0.5072782769514707,18.981997505255695,2231.587445990411,21.480407941583625,70.00524871242466,5.799486710756614
PLA,667.7525631155468,43.15727850194181,SLS,135.2476162436718,0.09297755501676973,0.8057951043448441,38.44986482428015,3852.7061269494857,20.784057674450555,48.39315998312604,3.0393724854469837
PLGA,764.387254029561,61.20176082582502,freeze drying,306.2638489328173,0.03930843203932359,0.5475006777895497,14.384482105440192,817.5731512006499,5.8950728039184215,65.91476335704778,4.997503250040528
PLA,772.3345545506766,62.780463105457486,FDM,321.3465020423129,0.15802266202925558,0.5738594862141466,21.383715411881862,2192.9900760478363,15.85684311324581,56.54307052755242,5.120388176097725
PLA,580.2397463019812,41.00147027281664,FDM,97.36745216663479,0.18195539482709197,0.9366221933379703,42.210930297086364,5788.627069879395,20.517702520993915,50.78158724453131,3.504044065074026
PGA,454.25378361931297,57.893943412093144,salt leaching,282.08154082680244,0.30810355649435633,0.8543856835068999,45.63393814145305,5524.13560491367,2.5619519365943395,70.5800670421463,3.9725360434060377
Gelatin,68.51204998788747,36.756924998690394,SLS,375.91022146834445,0.22793978337154613,1.113262543197561,36.967691410157464,7969.610774969433,2.9582326495068285,54.931019834925365,2.3757943096629086
Gelatin,404.13135513045876,78.95803094266749,SLS,291.6391681226582,0.1453918225972758,0.3391345264550479,4.825139069533619,560.6626542364583,3.1751271229865323,62.32620218142569,7.627700058875781
Chitosan,717.1773883592502,60.600624576043785,electrospinning,318.1527577588532,0.31107530488036206,0.76607427857219,26.188879775952728,4208.278624332688,7.214922232179614,65.42816293430054,4.919556941273057
PLA,798.7888622193078,86.93429667259745,SLA,187.39556973262873,0.2525354656699275,0.22503619261492436,5.139545209082561,378.65217110032705,20.019654697929386,56.96160839373177,6.621017519432574
PCL,383.07072015726857,35.9396010054726,electrospinning,361.27212558122875,0.4723414159644419,1.3401720788321987,76.24089654419787,16012.32785412457,24.0,73.32664766336829,4.096553090396447
PLGA,668.1475524160397,37.127113808052144,electrospinning,241.9693932398674,0.03920647980261261,0.8871136191934612,29.895350237284767,2160.3915119495778,6.063035115900115,51.21217226221711,2.793767968723053
PLGA,244.86226862338972,85.14816137754178,SLA,128.77816941839373,0.18640618545064644,0.2491240275211325,5.622791875489424,412.8233293104657,6.288567946014099,69.57099698806539,8.462085480430845
PLA,421.3623902453931,82.82494836955328,SLA,346.9278014204371,0.17371233803066444,0.26995584117091465,6.796629233006716,493.1163565985655,14.922655264981762,74.24359318069928,8.475198478453555
Chitosan,94.78273458160959,49.41472691144717,SLA,268.34656948821555,0.03798380168235964,0.7418186904080025,16.421422264681762,1633.9302958546223,7.071767159240474,58.942401811329134,4.648971440794399
PCL,350.53282525365034,52.86905041111984,SLA,314.7437449415567,0.27007882697770347,0.7948672579578441,38.55830436329512,5907.8196353748735,24.0,74.22949928324503,5.531567347570355
PLA,313.0171869035282,67.35769881802544,salt leaching,302.06192458818566,0.07957586146612228,0.45437753407921655,14.27091782053781,1011.4654131000516,18.39313933642571,83.10117933423318,7.654106744964264
PCL,698.006537882016,52.03792233663823,SLS,84.48106379052088,0.21654515965161902,0.7574042023304546,36.0838692815872,5138.623495305958,24.0,57.79967892409112,3.5648653556307837
Chitosan,274.7481283904861,43.69617641459495,SLA,51.19583403936228,0.3674991181821849,1.1503566267592995,58.80157477453663,11655.674567410702,9.209651687921307,75.38700598542253,5.346925198521399
Gelatin,281.5457977741308,62.64966009295066,freeze drying,237.2949773233147,0.5061465452683409,0.8445150078990887,38.42984669329784,6835.067502638636,2.7437165623445288,81.07905368556065,4.5474024996756075
Chitosan,773.0213044654878,72.44929018686936,SLS,324.0058754227184,0.1074900790683803,0.4375349269673886,9.409479134600524,960.917835083542,7.182757993344012,58.71880677423966,6.91208151690651
Chitosan,77.99658285912074,44.02945557713554,freeze drying,149.6291445292756,0.10592561240977666,0.8873401203308615,27.617467000655058,4001.760135951262,9.308998061489218,69.34558056534054,4.29063987549033
PLA,271.07252717199776,37.25283742365468,FDM,301.0275368418156,0.4333526549511655,1.2974253212651146,92.43001941840905,17986.241986688034,19.396804650890566,69.50560154942907,4.710140553721695
PLA,154.84850688328277,55.57649270943747,freeze drying,268.41475174556894,0.18438575160574178,0.7073007704149857,30.84169268251025,3690.61510163098,20.177066624903112,76.13660626852517,4.617176681351134
PCL,300.39699610592817,40.4034466456432,salt leaching,52.942950811763254,0.32796668175455534,1.0742714970525016,64.93792452494907,11919.7389923658,24.0,78.90490787244323,4.4842677064723775
PLGA,109.11040513433929,77.1139191583622,salt leaching,281.19820036610304,0.23188078209857474,0.40272732935556277,12.121873899533284,1203.3900019711855,6.915236515332879,72.13883730384826,6.637389569768832
PCL,103.64528957690534,36.859777935122004,electrospinning,245.68088283250262,0.020285738820400252,0.7486365060229503,21.390357973891643,832.5361113933296,24.0,55.02054200212192,4.34489044657412
PLGA,407.12008360770494,89.77265296333778,SLA,220.68409023087793,0.088127503527195,0.15336017146432993,2.5787526970196404,111.68723733354226,4.830545985612248,64.85213857120127,6.493474241105873
PGA,204.14882894040855,69.63073950950566,SLS,285.89220459563944,0.2851064269818879,0.6049169213507017,29.97594048515491,2962.7182807795357,2.6646876766625742,74.61956801444752,4.878913931798716
PCL,108.28489853629404,76.9416320988825,SLS,244.09872662915677,0.34297811173775195,0.4225840478915129,13.213560677043501,1529.1455351821057,24.0,73.79199318974582,6.937346404238843
PLGA,313.6803360380522,94.39957531388603,SLS,188.97424163981242,0.08490896420597044,0.08365271608565505,0.911810241428459,28.695249297919165,5.132981659435956,60.561197964466324,4.487288864269397
Gelatin,657.9098417785542,47.415011867990756,SLA,393.6036803594251,0.21778047712221082,0.9160330482695106,25.059443601476236,4897.831892245423,2.86495810445613,57.19295121109909,3.182601562603854
PCL,474.8231743501703,35.13111810238236,electrospinning,390.0390680079803,0.19179993225406475,0.9922077331525897,41.30872121596869,6510.346495230153,24.0,61.61335729308767,4.458937068467113
PGA,252.37625033682536,50.82070728203436,SLA,360.07282753653413,0.2535123231293574,0.9544175978828747,59.75831649685919,7071.235104387411,2.9817430046726217,61.550891672000844,3.6123328513284254
Chitosan,435.68626694105643,35.11895460527373,freeze drying,62.14018232222493,0.4578129628894958,1.4281438490078993,71.71561016865327,15827.130229750017,9.282273382456987,66.65919903703275,4.042733230611696
PCL,512.5443862094279,73.9525287225337,SLA,203.41895534335447,0.25914950408361304,0.43358484087394955,14.328560690631218,1608.5799537162698,24.0,67.01021889681073,6.79260437108955
PLA,131.19087233848902,38.97724618342565,electrospinning,136.06050252883503,0.3384202011115688,1.1511226003481705,62.00244113856296,10983.006816149094,19.62999366308482,60.34621352486458,3.455888353572214
PLA,71.53849515689078,71.12321245506773,SLA,84.5019425604805,0.12578741129560186,0.4274497898767332,13.871719698302138,1133.6380895169539,17.302037965304745,61.49119434112978,6.263705955391315
PCL,694.8401968902057,71.06678002090138,FDM,56.04998483943449,0.20703567766999548,0.4513890553119113,15.523205310173296,1686.3966314189558,24.0,60.60863302118543,5.900813932275632
PLGA,417.907367117542,90.59079747126245,salt leaching,85.24525116892019,0.14849509052296464,0.15137300278577676,2.6652301853282987,141.38964946011538,5.53602713558763,75.00811232532592,7.0477217676065225
Chitosan,450.5420516580472,62.02793583728067,SLA,389.3403640561034,0.21420623085321217,0.6739513212632883,23.080946643133736,3353.405808250578,9.039146904562502,64.67972930933904,6.510012221070281
PCL,396.94477043335246,77.67167882269082,FDM,391.37972769090055,0.44166714869858753,0.4533860807698391,15.139338048687954,1846.889622364444,24.0,80.7677617536917,6.646556518146404
PGA,438.33024490313176,72.13495748730962,electrospinning,138.70217969419326,0.16549167591680963,0.5010403583198388,21.26535879117864,1502.5069982470472,2.751824446822248,73.8278922936643,5.795379171668484
PLA,249.1113697849316,75.84859225226252,SLA,97.80454182648432,0.042450719786190035,0.319059628748302,7.706822938917905,362.29664921032264,16.904908958318146,63.91395121878283,8.006963676055179
PLGA,321.3403683900225,86.35226126479743,salt leaching,247.62295801279808,0.5968550646381634,0.33031726697956443,10.530424813823494,1064.727807203157,6.927494447748306,73.87189280374065,7.2342168316257665
PLGA,137.74087956394644,90.01212728398268,SLS,380.30848236417864,0.13514623794431532,0.15826929834435113,2.5209488793164185,132.10465459162984,5.248667395311934,56.049928000332386,5.538005223773586
PLGA,639.5422744514183,73.81701778729213,electrospinning,150.71514698400057,0.029890241993152024,0.3650173053576537,7.939678972238033,327.31428180434204,4.8573023090387,64.22152378999614,7.289624657094686
Gelatin,370.47680727355305,79.92494120610631,FDM,384.2733894333863,0.13119806161753222,0.31842185212866797,4.240336080447023,472.05797414564023,2.6502572076850224,79.09813779572633,7.077661494945332
PLGA,223.97228085260116,61.17711353382162,FDM,276.60408468489607,0.008148545702468365,0.5259526148173427,12.641047911062696,411.2583693596346,5.3907209152366615,62.96587414839628,6.561880505980944
PGA,477.6133340012629,55.18620035898481,freeze drying,364.5411567178756,0.01408362228951316,0.6958756126730644,29.36543632810147,902.1068743654498,2.5997293410108875,66.1407617357464,5.052455931809235
PCL,137.03767231068755,82.67448883842944,freeze drying,81.71412287045271,0.09675840945461078,0.2319887003047655,4.802270224083206,278.23592624414476,24.0,76.60659368147606,8.365561899276148
PCL,255.8374160691736,39.94867541350397,electrospinning,271.1926452218511,0.40628552644979354,1.1767672461892005,68.41704995170218,13398.233382693144,24.0,72.21134254257241,4.147275198847472
Gelatin,624.6775778267269,41.81679728203663,salt leaching,120.54176032923057,0.18699923323728204,0.9813170940123784,24.723139152270704,4977.186382657231,2.772786619805007,58.13334359752626,2.981100942177518
PLA,466.0604676257011,31.85709456676908,salt leaching,211.64200908491878,0.14667109499267011,1.0358687833892557,56.62043487460635,7606.2241016735525,20.78203817360509,60.171261409168956,4.294946175312816
PGA,446.2780244981281,52.40921407441399,electrospinning,324.38877413087386,0.4255720144453732,1.0562425921547864,63.28996969768898,9508.023303648266,2.8842616100115555,66.47047622118771,3.954707933349743
PCL,169.54357922098725,88.16302375396079,FDM,341.32093446177055,0.3808191426606318,0.22591370828865284,5.325876575144436,455.0346628269615,24.0,74.35071387927358,8.098553459529171
PLGA,146.20804561022246,61.36966108858635,electrospinning,105.24449380552221,0.17647726809693012,0.6410410592620243,25.748461957823494,2980.702901784199,5.273788419086146,67.3509682216488,4.690621277311393
PLA,112.51218601820521,34.984293419834316,salt leaching,253.52840435234276,0.14063927761203918,0.9808406159252868,43.98029793933172,5665.7491206030245,17.017545199346692,64.01986527596526,3.3819419328500935
PCL,311.65280123036973,49.38357652486939,SLS,207.25092982352706,0.3763710568094523,0.9615217125350016,49.11352597633928,8648.98070071478,24.0,75.00351500289109,4.842901003222944
PLGA,797.1211203715269,52.58093475813869,FDM,97.78839706819592,0.3829634281628761,0.9641072711549131,50.00019868808348,8434.21428016653,7.722218103169469,56.143042172945606,3.5923199610834233
Gelatin,103.0651095033717,52.24462775534895,electrospinning,289.4889053068796,0.20317892273950017,0.8193494568812457,23.12544510240594,4267.707563238407,3.2426030915134043,74.19952562563357,4.153717071342777
PGA,435.49903821797346,39.16466189082046,SLA,184.4613127899421,0.13568812429205762,1.0645057263535118,51.33836218925595,4798.947455740569,2.4976571911634395,58.69524335347603,2.8855079657648153
PLA,471.8789532348867,67.68766952866649,freeze drying,240.04604165585414,0.3089905133483395,0.5913711862190695,23.708956745821368,2960.347228904463,19.295592695581234,82.24211575167345,6.635724405850299
PCL,748.0323725642857,38.03477076756879,SLA,195.82409999686215,0.1549681280229074,0.9020347180233746,44.279731680937935,6201.445289424246,24.0,51.55383199836285,2.5882621086117097
Gelatin,382.40810040491095,86.83335352057561,SLS,244.32902662641177,0.08267991664077054,0.19734483767266062,1.6885622354991519,136.66814024989142,2.3446329948113407,61.908295152236114,6.089063425513171
PGA,614.313125284444,55.18185389990943,salt leaching,282.1550835889826,0.1242702001581961,0.7759445071139417,39.226982499653104,2997.1258532384268,2.8424814615921616,60.20195432373288,2.85493038460909
Gelatin,129.7680729570239,72.13095500083435,FDM,388.63776666234594,0.47629078755836757,0.6151599565294757,19.864527356903196,3040.3440673744008,2.597875930475177,78.33092858391055,4.746120137998184
PGA,553.4604334982436,51.676462715016726,electrospinning,250.39536028698248,0.31169924850458475,0.9833611666206078,46.73262003225149,6095.8258185726745,3.042398268331423,64.96622025205623,2.9340320236884883
Gelatin,246.86968887861653,67.47445679871151,salt leaching,241.91071658255805,0.2995810725117778,0.6144875013102576,17.52426138421054,2792.3537435984426,3.0100377573034365,85.0556291829468,5.201008028841602
Chitosan,96.37304098409115,66.98272971574572,SLA,275.8864606843135,0.386604434062025,0.6856226880986083,23.688258222087555,3627.85314931752,8.000241284643327,73.93159565055853,5.945503214506287
PGA,667.2849311216422,78.24079176150823,electrospinning,296.5641968402442,0.056731791275309466,0.35291379558257824,12.229675719547084,430.7417917739116,2.5728271221811383,57.66973002637633,5.5057304963927285
PGA,583.9781566195194,73.89826816011045,SLS,381.3481698517622,0.14841453315685468,0.4621132939490725,16.308647643216585,1049.69944876528,2.7022383966483314,53.74868137259236,5.275441033474807
PLA,541.4322490031958,74.01397523762175,FDM,221.99904052833475,0.08471853911952355,0.36427531991148604,11.074277556595124,719.9241529205406,17.415843283612368,60.138785902944186,7.98422207512211
Chitosan,318.9653132126077,49.35031570995984,electrospinning,185.2790995948194,0.1962480489609259,0.883043860202689,34.70061520623326,5697.738516464954,8.226225253912945,72.08688749432943,5.478636858933461
PLA,244.9355465641632,48.82651744947394,electrospinning,115.25887245886905,0.29643335411635713,0.9242891507450288,56.497864078868105,8746.245398949917,19.460242716461554,73.66255253195786,4.4917854850062735
PLA,595.1243380930096,44.13131198326008,SLA,113.71891702933023,0.3968937262018516,1.1162938281185524,74.1134904706574,13241.408391494557,19.003486888164588,50.59949244664705,3.262807900562395
Gelatin,498.6635688735578,81.25371342981705,salt leaching,105.50508287847984,0.4866899028627597,0.41730017971530603,13.097620271581665,1646.3720587820426,2.4481755810322436,78.85305689823461,6.399377684399184
PLGA,51.78395121017797,37.0869834483795,salt leaching,265.94703223528495,0.2144072588033008,1.087185456127736,51.299776714452705,8195.884688715747,6.041283412865754,55.41295713032946,2.7259016349218954
PCL,223.8070757515566,94.72551286961026,freeze drying,51.93709981955669,0.0013419648786823345,0.06053479508142763,0.4942926533915272,1.4636803522932174,24.0,74.3968164309122,4.707518685356889
PLA,198.52546263986514,41.23875941951573,electrospinning,350.671423646438,0.19345776517153265,0.9457647123728835,46.58680953178805,6541.496387882201,22.393476771102065,61.742781793679235,3.962198101938226
PCL,655.5902449742827,40.94722499623669,salt leaching,320.5464988855596,0.007702755106517237,0.6852743985305857,17.996597501867186,358.9435523602482,24.0,48.41633584242097,5.6876279725591665
PLGA,577.9841486509825,77.40318919967173,salt leaching,342.06500503930226,0.2962191865347982,0.4239515860597259,14.169007460781017,1523.8769497210997,6.2792445157163375,74.59385668605935,6.286071734879636
PLGA,644.078886994708,54.08723493142485,SLS,299.2215521802574,0.4196736161146619,0.9639886600918556,55.108250287912256,9383.805452786602,7.695473845751916,50.70780534395722,3.609149275990108
PLA,108.58652361872971,59.49457956015429,SLA,303.25781669339904,0.2981919185704957,0.732964443993214,35.614938744949335,4915.709781286004,19.833430521397652,71.56457160178823,4.950811300955759
PGA,455.3165097729193,91.37323495690791,SLS,194.38030381866957,0.4470970938623227,0.19447293075854163,5.169779944819169,338.07674038757216,2.4500668147933924,57.80357467304522,6.771465293314561
PLGA,249.84682384416047,93.27238519511683,electrospinning,225.7535565455366,0.26309034029528927,0.1221865038633359,2.0115092379431037,113.34921574112497,5.932156753772301,77.22375959202814,7.1669443500951004
PGA,518.7186569208092,75.93728228313984,FDM,180.40477086128826,0.45791221198332366,0.546661100264096,22.659580052732597,2501.1545695301,2.8933330745274155,73.80997155890611,4.604223826891526
PLGA,204.50007964319377,88.31064564124506,SLS,102.05044911503666,0.10409584267040763,0.1786616671869978,2.9630212997479477,148.7170060019608,6.3197091444114415,57.468500902851694,6.8197770713508845
PLA,523.2852117471361,56.47188428264374,salt leaching,83.96260398025713,0.03478853895402993,0.5686713742854871,18.49416997059474,1085.3840074171903,16.009406710247166,58.6314198044581,5.689434117721105
Gelatin,517.9244517831152,70.87770947173762,electrospinning,50.0341493466744,0.1631178580488399,0.47865750387557343,9.862392831353676,1375.151689815695,2.567630629645247,68.37395601232811,5.938032777590788
PLGA,75.1504542423189,77.42252005196318,SLS,69.7776554004717,0.3737373163472509,0.4552668777621966,14.414235056652824,1665.9551369690962,6.70861272204205,60.119874470599896,5.780726531578759
PLGA,395.8967029641999,70.60735083041844,salt leaching,75.13662432820823,0.372405305360519,0.5919837095296756,21.48098261002935,2829.7975104908815,7.170631116594661,76.00847602344791,7.156392826271602
PLA,416.2620568105191,90.36951948462152,SLS,214.88810246144334,0.2382610592628185,0.16324421652684978,3.3775512514921866,208.86288938683984,15.415712583894166,70.75784338316245,8.229665497277335
PCL,717.6124974696045,59.66825108434947,SLA,66.62461801626549,0.11716554620982833,0.5565446274797605,16.178688592406104,1589.1085742496382,24.0,53.08675016886631,5.140200817030275
Gelatin,223.10844573301904,43.3758897598758,freeze drying,127.66590776841224,0.6156726933305138,1.391940020503338,90.62168059101397,20061.417075669444,3.5827136053281756,71.43424602506748,3.1375848727852795
Chitosan,158.4099424837383,81.6773919585882,freeze drying,208.8179737299426,0.10466247330349848,0.29007607839199784,5.2803881676457465,436.14744141713584,7.479871291819062,75.99098554340134,7.927008910257722
Gelatin,229.56233136934702,54.58076268034979,salt leaching,152.34401278840727,0.5123208582438885,1.0320057114142267,46.871421783215986,9199.65795213494,2.9106758808539004,87.51169604488989,3.807038119084836
PGA,180.8289549023267,84.56905930353685,salt leaching,369.9687876032553,0.4329400510146396,0.34432028314364266,10.685514397760212,921.2012882308094,2.5039121866198983,72.60992384177324,5.9641664083427415
Chitosan,582.5250243538475,45.96270863627279,FDM,56.50145851779259,0.24209970135426312,0.985464290862335,35.52727005064715,6337.699866714781,7.099045108215357,59.765342720995,4.276997300381862
Gelatin,315.5222909464433,31.09642074541079,freeze drying,219.73195390977938,0.1455681795353045,1.1107413546569824,26.002018133183135,5468.540804963913,3.462343137373316,72.89006803196727,4.237169343237975
PLA,74.16179768003798,39.026088185367314,SLA,346.9707923366776,0.47187940028546604,1.3056280656582677,80.33594847409847,15805.65981089786,23.047956861122596,60.47795964895157,2.949628098754694
Gelatin,389.539970368076,85.11855162052566,SLS,153.14654526351902,0.15775161131685136,0.24315585741353477,2.8983458152575725,287.28142182399836,2.869838275282369,62.771358101591325,6.730857425090049
PCL,178.88315521483332,59.736234589669806,freeze drying,101.81675691620968,0.2938709950859487,0.6982587877294516,26.767071474326453,3900.2603670034173,24.0,76.60627338107875,5.190858041304082
PLA,307.5548343109638,84.7500567035733,salt leaching,324.6056187109298,0.18121832840298902,0.24188346921489035,6.236895276294669,434.0998812150239,17.112618424172737,75.84361761453894,9.024196101041724
PLGA,699.839128794689,65.86466120507656,FDM,366.47334180464253,0.26886598783561516,0.623532291544103,25.087188630050907,3208.673445404888,5.8109458716505,57.657670957429275,4.381016107157519
PLGA,225.22932354626778,61.461211253512005,FDM,210.84544202200584,0.33716322688992045,0.7516086781758657,31.552228816791768,4619.402924024229,6.264434966993635,68.89981938238546,4.985623784629862
Gelatin,655.2546108843774,57.12044772416058,FDM,140.8744318567718,0.2349163675739872,0.7601899116729359,20.127674373359437,3586.173728499576,2.5732709544884043,63.12114347403242,3.4923489926513938
PLA,128.63837325261298,50.3949974532079,SLS,284.2071165390991,0.04951118894252782,0.6620116822637679,24.508897163810815,1753.0322202045886,16.980554597192334,51.06565732561945,4.554796708052273
Chitosan,566.31840604671,86.89243325126508,salt leaching,86.70065503277482,0.23268683599885634,0.23688020358441042,5.021084167482795,437.1283724933503,6.265158144368658,65.83962221871194,6.394593564583168
PLGA,399.6324286404639,68.45700278709218,freeze drying,163.29566195725448,0.060651275997361115,0.4573036894913324,10.042892900392266,635.1078048710777,6.510830414696331,78.27980413265082,8.33833627938801
PCL,628.8687919478496,79.68046315741256,electrospinning,369.17537447146526,0.2353124669361585,0.32852657569328586,10.014823678410133,958.5511444839746,24.0,62.178626812007636,6.972768956741182
PLGA,215.9465156711819,61.24188923422691,freeze drying,399.02221576175026,0.004698278969806102,0.5226546294039959,11.074297352974396,325.1481782699279,6.440483499243427,67.49230764204124,8.217762207820325
Gelatin,467.5461614116682,84.65514142329704,freeze drying,286.89270414425977,0.1453287628449235,0.24729647841917593,3.2569490512564174,323.1521351761553,3.032950306090627,69.7284552450606,6.826661314422355
PLA,558.867457581509,34.83694422483611,electrospinning,310.10728523306784,0.4094523252003358,1.3176321374641629,88.01854991639753,17151.371856860027,21.85189486751693,59.5620014004347,3.143827740501698
Chitosan,608.9517687751465,71.7603181017045,SLS,376.10990937949714,0.08565978053929821,0.43768813326951966,7.728879924381753,744.0256304948331,6.777707440311614,63.1048485780001,7.064398528418829
PCL,216.6492729818742,87.14106387329531,SLA,286.012384801063,0.2546357855028883,0.2128854419429348,4.390858955165347,344.1766007565632,24.0,70.15580438410342,7.89855369340914
Chitosan,96.35148289116626,70.13922984643953,SLA,83.96659753589056,0.08089646085960611,0.46032431806923746,8.749305391760892,850.3597226473046,7.468957285057659,58.595924254831694,6.988377758527806
Gelatin,638.8378669948984,72.08487124802905,freeze drying,221.40530024847715,0.08573386680386337,0.419933132895823,5.160099217676788,614.1314377392456,2.547945697350405,70.9612211517837,6.25361320637414
PLGA,684.2432442547008,77.58185806711951,electrospinning,195.64784437151408,0.12747968922852,0.3521303274775872,7.867126127288401,601.4011805930031,5.410825992698286,64.84181857530878,5.916952885155773
PCL,198.65318737289323,49.01005553566443,salt leaching,223.17342933306242,0.029124810021382633,0.613610566649411,16.006185958473548,723.0709698646191,24.0,69.32454174092507,6.643526216782405
PLGA,407.1784125135427,90.29697558347155,FDM,120.8442215713255,0.37404236394812673,0.1957116208241862,4.751016425785088,360.06196152008954,5.175723084199207,67.73067345592254,7.0245849481124925
Chitosan,611.2121125692752,86.30908093978276,SLS,311.3572919094858,0.09239158559187609,0.21380906694625285,2.8649444241117075,196.71029026014858,6.725612556677314,56.897399095873844,7.184049535700783
Gelatin,726.2104575386048,84.78578162670576,salt leaching,108.6590602901647,0.43416953715453666,0.32429185072689404,8.203987879685668,922.0304063284997,2.742180365028859,70.95955436147635,5.6138756157244725
PCL,627.3526047365184,37.501134525531995,salt leaching,90.86939174920452,0.19622048587837937,0.9614963425751228,39.988220216295524,6245.489699074371,24.0,58.29487378956554,3.4290564663161436
PGA,764.679702249175,87.23463054335427,FDM,385.17089993319803,0.10048979469057705,0.21609134025141222,4.831071342195495,175.23165148213013,2.436561762643693,48.87695478352796,5.4281589460774935
PLA,180.88116008543025,79.38603280902358,freeze drying,392.38765191282766,0.3777817539213966,0.40435598416919494,14.042892782040775,1499.985863912931,17.920125526955463,87.3490429254174,7.774910460685904
PLGA,363.7717414308877,65.504248223281,FDM,251.91339736487112,0.5576913182235842,0.8104505350026773,44.0983413365239,6983.879360486386,7.616128511675412,68.8541057110409,5.6723251743301715
PLGA,562.4531831456101,84.6994375535679,salt leaching,139.5046664635176,0.0230261256105621,0.2114043961599388,3.698199595909303,104.46103513608793,5.480971769374378,63.843567186821616,7.1551476026534155
PLA,644.9438847330335,47.54005226797547,FDM,356.93159767888324,0.12618855252505704,0.7769423888911309,32.275733620850716,3560.193771564177,19.365061352528105,57.3974783087155,3.7304421039014213
PGA,484.3290507195016,72.02657898967256,freeze drying,64.15441531416788,0.12664362759813821,0.4853843607698709,17.735397236591318,1081.8607945525541,2.6215222921609462,73.3954098930194,6.262199750468147
PLGA,506.12458512760963,43.69424303026297,freeze drying,347.54769934036216,0.09739840486146888,0.8537591889264717,33.8544787477848,3611.872500190316,7.005984914738017,66.45987484277204,4.6376525417836385
PCL,255.8638805033943,36.36347642770606,freeze drying,132.32347406620744,0.5385184002184833,1.4157404442385972,100.79387896705774,21730.674141831936,24.0,70.1882252307869,4.192923588276942
PLGA,447.90952954513733,88.33868337339965,freeze drying,227.61520226967139,0.056011394865242314,0.1680839584414471,2.304435759905822,85.19416068544398,5.261769927039638,67.08084011585453,6.240441877126819
Gelatin,506.6388028230579,45.51299608902606,salt leaching,79.56752631558795,0.8585373203644527,1.5775988267816186,101.49286192103423,22358.55223611028,3.6165396370504195,69.76375798194579,2.734453179810379
PLA,784.8515194351899,65.39298564113474,FDM,150.23862785856585,0.28530213762180556,0.6177099718598213,24.11230293602064,3027.0211153215078,19.479940601679296,58.572509295197634,4.346454822361516
Chitosan,55.096195549357,38.671885480315076,FDM,252.53235978429566,0.06773800436134039,0.9312928748297148,25.714234757976318,3382.1365108424616,8.499578437910499,54.896917521493386,3.9424640175392622
Gelatin,388.1024463193586,64.34917637749491,SLS,279.7672943405848,0.16544472968572332,0.5874544546951963,13.34882351327635,2064.1376129296023,3.2458805979181213,68.75117283119087,6.352331598368404
Gelatin,545.2517382180248,36.67597454417656,salt leaching,57.010663598426326,0.6288202581656824,1.5716240842875968,83.72653955167193,19621.559043271413,3.0342688564778397,61.877400844338666,2.2885058134385248
PCL,380.0671667853719,49.03133796056424,electrospinning,125.95806887007758,0.3726921982616843,0.9644534154451196,46.29288685773339,8158.157985783721,24.0,76.09448065039878,5.086936108057225
PCL,637.621693236012,32.38912860086285,electrospinning,221.33434034033823,0.15423121055411348,0.983219993697394,37.892344131427464,5530.9433812545385,24.0,52.03959126250598,3.311190362951716
Chitosan,129.0882988359501,85.83981104584329,SLS,103.43194305232882,0.1891121947954326,0.24510527256536963,4.315603899021006,371.1526936929252,8.006646109057309,68.33043738348185,7.599821923091516
Chitosan,114.35845883016597,79.50365559628827,SLS,230.66701334333823,0.1159151933785434,0.32852598184137993,6.097451307575672,549.6250442946176,7.369393906508757,66.87792158522444,7.3223274316715115
Chitosan,509.0473820914116,91.92306087020842,freeze drying,139.93594077704773,0.32589362114268783,0.15914104928032702,3.0123130386010444,221.16532293867098,8.054961881658913,67.8662708547355,7.0766248268502645
PCL,618.1937756299521,50.140957623974394,freeze drying,301.54814757246413,0.06898019549049093,0.639843729331335,22.387690210264612,1795.5956276133059,24.0,65.2442104271514,4.400855104715383
PLGA,257.8063817125327,50.59517591304833,SLS,134.39737391792056,0.1437653947415013,0.7905835858347625,33.86719576391774,4058.2568980785595,5.596355710623528,59.668102347969594,4.735926470556659
PLA,607.0917314207489,30.07202152149954,SLA,271.0992359363103,0.043569275308916265,0.9252991198444075,42.37742036808757,3423.556763784657,19.094369465539113,40.27160753453779,2.742417575161052
PLA,230.78579373485314,92.79393753471813,salt leaching,216.46479893808896,0.12655714186536754,0.1067739671609443,1.7446145914703182,71.41580623736598,15.64790530564084,64.90532776614724,7.088660251713542
PCL,517.5074309761208,55.74531330892458,SLS,253.86300572780704,0.4986452874108325,0.9491673514479839,51.96580346899431,9185.857525640668,24.0,60.88630688083216,4.256034172638591
Chitosan,198.36551694658496,82.68465430895732,SLA,106.81182336270962,0.06389014298528396,0.26177473813530344,3.8861974771608874,266.50749966765886,7.649356271896304,69.8471590179851,7.740079012973363
Chitosan,236.8131392999617,64.27409562587103,SLS,118.4045672359151,0.07814863423232384,0.5490214473249792,13.474532163966611,1416.6273770773707,6.616160500464317,66.5710107117485,6.022898118392569
PLA,596.2328315358694,86.28852560779139,salt leaching,187.50080506177318,0.44185156058588465,0.28573841690368446,9.511347764190086,870.2966710634473,17.68547710608612,69.24849143615063,7.281782524582263
PLA,697.8074644557248,74.86490797808759,SLA,280.35413980345135,0.5511950442241247,0.576292999900887,25.38440429508747,3348.152455805198,17.804043188915013,58.25550192871202,4.971344594463041
PCL,607.6768475597555,61.88531505715639,electrospinning,90.92633379123716,0.010208314702182503,0.44421433090391466,9.931282580537705,188.97536561166532,24.0,65.63560639525338,8.089121108947252
PLGA,609.8306247665687,79.34865634458613,electrospinning,351.91170679120154,0.2818799754421336,0.3820917293706215,11.847859939768705,1198.0034963849246,6.591800977134727,70.52771715270578,6.3049135328423205
PLGA,787.5144610266699,45.072695365469706,freeze drying,127.70169233836704,0.05321239208384159,0.7889288022955203,23.208425298917323,1815.7924324021217,6.366981813699737,53.43337627791308,3.617986116362006
PCL,625.9001020038174,50.45628542429847,SLS,169.9513626594146,0.11039207131428848,0.6769336590077252,27.318680693811388,2880.368547861997,24.0,52.2360852898801,3.673507061357713
PGA,554.6038406547767,81.4719631549347,FDM,213.68781956429606,0.10891985614516614,0.316171715676132,8.378773884500381,382.6663235906682,2.7139864806266747,58.066613797001686,6.450721100413858
Gelatin,273.13512569402866,43.10604253103349,SLA,94.60754234361153,0.17125587082003033,0.9434500619844691,25.84874921237163,5077.330498057926,2.8932362791889927,62.25106846851425,4.093617312346168
Chitosan,787.6221373882471,83.61860450226368,SLA,76.59938540574326,0.4068816565729217,0.3459821003674736,10.016960728415505,1090.0035007975218,8.2061923512968,62.50216101981949,6.314867132352672
Gelatin,153.26459878995627,46.922007953435575,SLA,221.33888983830616,0.047053451752879435,0.761507941910869,10.263983020187382,1384.4455051192183,3.010897494361901,55.70281308702042,4.331988003296673
PGA,112.23169579278337,73.7955364287998,freeze drying,253.5070232274432,0.07091381610694313,0.4310320805154438,13.462708907794111,581.4712123630209,2.687099266134584,72.63631528085818,5.693626056364414
PCL,770.8595180996673,38.51362176836735,SLS,396.6198833280448,0.516005576991426,1.3401516779865534,73.80607422229261,15496.482378711798,24.0,45.21546894563159,2.5350340554505726
Gelatin,283.2440728553073,39.731988647988416,SLS,392.24632601076183,0.2700232450492275,1.1065459052149658,35.81787863816095,7686.7981246842955,3.4718630550513163,65.49561048524171,3.5801665865827856
PLA,417.53507547736757,53.653074596798206,salt leaching,135.7977526882941,0.1023817058918038,0.6653328511550438,28.75012888286136,2715.485855693824,17.008920323749344,68.87474443386856,5.824204434286458
PCL,207.65512028925903,59.927591795549034,FDM,397.3399682680911,0.17671938457649775,0.6008145788345585,23.188220719662546,2772.594040731749,24.0,70.20565489069732,6.107367578575503
PCL,128.16806464149272,47.948897698818385,FDM,149.1851403524036,0.23949118673427702,0.8459240155803212,33.33878233719783,5140.966199473454,24.0,64.93277945122875,3.9150914751643993
PLGA,627.4302747587469,68.3819496985241,SLA,371.5082958853175,0.35991880775866947,0.6296586245634884,21.267886224353646,2876.7806454809543,6.9422502032170454,55.073539446950726,5.416509172515568
Gelatin,771.452815703214,88.63644274485962,freeze drying,243.16312718682315,0.2683615351166556,0.20829977299315375,3.770362938607318,351.11921583413096,2.370693302565303,73.11063583035745,5.99716906090369
Gelatin,612.2464875937811,63.622828834816936,freeze drying,229.05571679337325,0.3109783374384155,0.6947170305038748,22.028673957038993,3725.4532003223358,3.0778207409924376,79.37235399823292,4.126245946793532
PGA,736.3596930185761,31.029340717998124,freeze drying,124.40060536062964,0.4582529138079645,1.5672683774630147,122.4753599595883,22894.945010615,3.255095945140527,53.18806299466955,1.4878450268250578
PLA,750.4461345914743,89.28751607498312,freeze drying,246.20044647623533,0.15410897860327719,0.16436679882958732,3.4910266724397907,189.99662537188175,15.85570588694814,60.55424348034648,6.198427460298073
PLA,231.45967744108682,40.2588864591941,SLA,265.96793672571295,0.212592102530765,0.9833691465677225,59.66851526447968,8781.497670749784,18.47546444944777,64.253096076085,3.894265898390577
Chitosan,540.7544847210429,61.627736509879306,freeze drying,315.41623039205183,0.3677960345410558,0.784192099952231,32.77552722357184,5364.145272274454,8.824819515744004,76.61032984649775,6.039526867375847
PLA,351.02404123494887,54.78266849144112,SLS,375.3219172154762,0.34995061316848125,0.862930118852847,42.341041596894634,6530.303312378965,20.57681287612653,63.02700397142622,5.2254117488499086
PLGA,759.8868604631663,69.78813424216132,SLS,333.5923881534178,0.33266139496743014,0.5867498186320799,20.47643666987175,2643.2495828901365,7.171341823180788,52.10658679517095,4.545056442661313
PLGA,739.8275011227945,66.67367406956099,SLA,180.61079214083455,0.4193877427026681,0.6995501796100606,25.73414512716395,3732.6630383724914,6.594564781468405,59.65262951282221,4.5800853831792825
PLA,192.29283995234678,47.04850394995247,SLA,135.2274555829549,0.17774318208635104,0.8363633084402038,44.44666484325133,5717.5833538486,19.662971992328487,59.65386711662069,4.261408532087505
PLGA,675.2882000494978,57.72118930856052,freeze drying,276.68653668414214,0.5297348162519875,0.9719137633002679,47.19973413080983,8178.638466120654,7.409744210972297,72.98541184715921,3.898936290881205
Chitosan,85.63683701423354,69.78499100065174,SLS,62.66601140537521,0.2515542802755466,0.5560226357320043,16.995737719117095,2286.8346052261445,8.650466246770144,71.67644528200918,5.7783152570463345
Gelatin,150.9697501278622,80.37357065886084,salt leaching,226.4437204382519,0.11818529554984225,0.30670879244625,3.307329971193104,356.3898429026967,2.622266480675242,70.26601274340295,6.719079122007829
PCL,599.7190852888973,31.055534476706544,SLA,55.18424670168687,0.027654567220127563,0.8276420488349171,23.968841883989622,1213.7048541565182,24.0,41.10550579959099,4.067841308202236
PLA,754.3498002610537,37.65887605177833,FDM,320.9496198023567,0.2436490072490212,1.0631465785087013,68.10742246964966,10809.634499650156,18.020749567920017,54.26496617005447,2.980692169635031
PLGA,459.4791435387692,71.90079919634604,SLS,307.6950022431125,0.4075815451592662,0.5838234446003803,22.19750288363635,2933.3875217682426,7.288515700253429,70.12822278687584,5.93796272503209
Gelatin,581.8668978516996,84.97879097036899,salt leaching,295.34776722925966,0.13622310209167107,0.23961856434132628,2.616950805217424,253.84023546838807,2.7026164650979205,60.674269231608015,5.784832517576368
PLA,436.12233616851614,61.27149227851606,salt leaching,398.636431007741,0.03209169251570161,0.5039721859489468,17.09500579666642,920.398716902307,14.98413147637906,69.08593512425325,7.363669482220188
PLGA,757.206588667729,89.4860908814551,electrospinning,379.04753701920396,0.2522166747571105,0.18888365804656101,4.201433402576974,291.55456665351414,5.678102424456535,63.94555174241896,5.694225042144991
PLGA,152.62580846194675,41.47751810172399,FDM,217.07310043357464,0.2531416215361913,1.0523432723862398,47.52702990201405,7791.3638508787535,6.11151975329105,61.917562120516415,3.369328087488917
Gelatin,249.50202765482598,79.88810106129309,FDM,84.46108591778356,0.31639310083559996,0.3860494249129179,9.49546023224654,1195.973863413835,2.9405822247522746,80.09027839255579,7.2197213644403355
Chitosan,336.3766736718219,45.509382705965606,SLA,74.87158618822053,0.23695361437440132,0.9888242446694714,40.44498431842441,7209.520147172243,9.343615854637783,75.3370231836039,5.8578173039245325
PLA,539.1372155880991,44.327502026174514,freeze drying,305.7374905697219,0.3652737349254544,1.0787508690852403,66.2408451783186,11499.83094431718,19.14486643328763,71.30077854414243,4.1343517913405625
PLA,279.4909473048756,40.09234265722807,FDM,268.20746335697993,0.3614409855168234,1.1564288308109067,69.31336147559928,12438.91181237431,24.0,73.16863645990513,4.741900193475415
PLGA,444.5927088340827,43.2811029934068,SLA,302.3660427053774,0.09776384817300444,0.8603987630907697,28.679381740347676,3076.517661670164,6.954806824422042,53.89330627253808,4.4205348028726785
PGA,543.2267171501371,37.42999100248316,SLA,100.25484454617698,0.2999925164618908,1.2614037958201807,87.9943101999746,12811.427781593302,2.564912796758183,50.39250564233639,2.336505959692692
PCL,577.9513065530715,34.750660891710936,SLS,219.29739011498035,0.29786445858620597,1.1367858870752052,54.70472630172605,10192.171343874223,24.0,48.812102877813544,2.7974614297497333
PLGA,252.2222209721039,39.168455733372255,salt leaching,294.8216311090117,0.22911762654990322,1.0674128738282176,50.98557993032489,8215.069709300795,7.406882836698407,69.27322684590268,4.798784551145192
PLA,355.52026526272556,58.289553160468785,FDM,347.1472158332709,0.31571837836517896,0.7687327543781055,38.525394057148745,5507.267612043445,19.460991652405948,72.20672402441924,6.207956063053164
PLGA,649.2440664000094,32.058264842571354,FDM,131.2592251403132,0.412678481095284,1.4179087175357412,77.38580005260083,15956.358831082147,6.8344433691551885,48.40762598101914,2.3716285071009646
PGA,359.0252329628451,56.33665090341514,SLS,388.31221783082015,0.4060302207878488,0.9552531974169252,50.654785569548366,7134.059775654887,2.8901950007382067,68.69028382796394,3.995945618178825
PCL,422.39446600759436,30.457830978722487,SLA,256.96922166083806,0.2233596177103622,1.1076927266548335,63.53392625086684,11027.712412097822,24.0,53.34225419779054,3.496194875255723
PLGA,147.21426488368448,59.967225545214845,SLS,384.12060449756365,0.4614069727560163,0.8707715407210642,38.035713148921744,6200.676963459263,6.398299171794214,70.47334629608252,4.835068666441822
PLA,374.97173059417395,64.47782033963426,FDM,207.30323259176077,0.15983405021056374,0.5489182162743252,22.101029692682133,2225.202181810678,19.17589526467907,72.21695002661286,6.175453061811906
Chitosan,739.6192088865499,35.916653297775156,SLA,290.69821602446626,0.16126466642244736,1.0780184955915937,35.958858579458386,6306.326244441322,7.8758875078307815,47.294408062369186,3.2865936360279293
PCL,168.30658749304294,47.688350619820966,electrospinning,85.3244412599696,0.314245423724405,0.9285642487282469,51.64725306130265,8764.871710235868,24.0,73.20260687069897,4.578288804376803
PLGA,214.15357203886677,89.95870360297572,electrospinning,55.957848462940234,0.270225073556515,0.18366609376067,3.4403130797180728,239.07090249567926,6.0265668519481475,69.81341065710248,6.976513431606706
PCL,165.69937647245982,30.358896096129403,electrospinning,167.8713259520472,0.19445764693844075,1.0689126558659283,54.62702878702175,8972.211879055916,24.0,59.61452154193338,3.329616691616786
PCL,99.17799526547964,49.19614775441062,SLA,192.24663066517857,0.17751931883951444,0.7625283463754587,34.980318715116276,4718.801997719367,24.0,60.47742092432582,3.569762332623676
PLGA,699.9297329854942,51.682465648758956,SLA,138.6152166663617,0.17936788846551377,0.8043206757418307,30.736465244804684,4006.3078198413023,6.957273970982673,53.38260772291947,3.7002049648452724
PCL,676.9918088565603,85.87161497805945,FDM,378.73848121852967,0.1160512002199283,0.19464431008247673,3.7972383082369165,219.6306795707462,24.0,59.58041349847239,6.378376862575355
PCL,350.68519909546393,80.51391564529288,SLA,158.07450728472043,0.1996868553798772,0.3011325197759891,8.599777365894013,755.4504789309732,24.0,72.93790647696518,8.552489536766908
PLGA,281.5724708861344,40.716314613974475,SLS,231.35680067215463,0.06593372676763799,0.865150561256519,29.797998603115524,2692.5052511976737,7.074806507260056,59.84362435105,4.935636698832338
Chitosan,586.1360558950552,38.41660271185904,SLS,126.9135916012752,0.1249411420088883,0.9968178117884029,31.13303328435937,4975.295382583017,7.850399057829602,47.38435309929895,3.8824928121602023
PCL,73.12457958830782,83.7307301277245,freeze drying,169.25156820745184,0.12802531104110396,0.2280448506705397,4.589629488002427,299.8658341101347,24.0,70.95545684652002,6.81626482989323
PGA,151.93296673237123,45.48707225430642,FDM,370.73057071830505,0.3313550758476302,1.1266705864962927,63.33535463210063,9045.349459067304,2.599066765996306,63.237502495899655,2.5105137495124823
PGA,556.6656159847298,53.9751602819786,FDM,110.76402357924877,0.1318498558294892,0.8024876170843501,37.304667422783595,2985.0236335527716,2.534193135893971,54.39178935402401,2.900985128894935
Gelatin,81.91067695297673,76.2347062046302,SLS,307.0256657394416,0.23450402408738916,0.4211464927528914,8.383048583969073,1111.7159494002715,3.016695850850104,59.745876650865654,5.8170984630759754
Gelatin,571.6897610312026,64.60229811047131,SLA,384.4208456635412,0.20164856637032103,0.6063511006075316,14.827887321344985,2353.4726317155073,2.9571245795300376,58.695400259797545,4.711072222065496
PCL,286.8139011042674,80.19228210740863,SLS,71.44661394170566,0.24323208652336897,0.32339671454341057,8.122148424353057,777.0811273143166,24.0,74.89097791173067,8.717040738314521
Chitosan,474.20548057201773,44.183770966257114,SLA,264.13634297217675,0.34194149063906465,1.115430186231266,55.29091641426155,10769.390452884758,9.22281624791108,60.99889414068246,4.89048589154659
PLGA,213.99823578731483,42.92337825455328,SLS,349.6528505615189,0.21663931340984363,0.9886339580440195,45.07205347644087,6886.244166871806,6.622432851188841,62.07969549468387,3.8744588002825204
Gelatin,554.6461487617945,84.34736665608449,freeze drying,305.6684964583101,0.2965902857299401,0.29487409206902143,5.983059171298085,660.7054551994474,2.4388328766918512,76.51662019547634,6.272277923008796
PLA,503.15643184524123,77.61404357368893,salt leaching,396.96712197869607,0.1523400506966017,0.34272216446059167,12.05944916859325,944.0258042391577,20.007133961916466,75.8107865058726,7.997635959736233
Chitosan,761.2409899990298,79.46629755573426,freeze drying,108.96095083479238,0.19571822444498208,0.35780118043400283,7.212823577743075,753.5618387181635,8.15346201961109,72.51307600679984,7.737669324472494
Chitosan,305.82699779137886,57.04389121169526,SLA,213.95577201036932,0.29525827394939935,0.8233405874235721,31.92539686780907,5300.635664013802,7.633823945643076,82.87466523612557,6.291287435944726
Chitosan,400.58187431198843,31.11964627891519,FDM,240.11769273361764,0.2187741723104732,1.228036693636389,46.74329853179,9193.496570600095,7.728462652739341,65.535128119482,4.24294732971547
PGA,245.53094851717094,73.37256071788414,SLA,75.5232028686151,0.5611684655781217,0.6494679847727296,32.80611338979679,4150.987142122843,3.119794281558294,73.85829427971478,5.186209946699222
PLA,318.3109947813921,54.2022300402456,SLA,247.9115996608444,0.14064122419907424,0.6909164871660487,31.734606093195207,3431.2151363552584,20.582511471931678,74.34416480259596,5.446198749361786
Gelatin,68.34774583930445,71.01401623848524,salt leaching,342.5448278030398,0.11712751281569597,0.4524217921014919,6.968855334496994,910.8613280919012,2.6128478967006243,74.49353547586831,6.175310813741457
PGA,266.0774073283796,76.09934098193337,SLS,233.41036209084663,0.06357603518069978,0.3902961310213267,15.02808650244504,586.5920136902057,2.1223359002406985,61.29923970264857,6.418171310068111
PLGA,500.18749314923394,63.877953161757794,SLS,308.0438747678482,0.22747661455734508,0.6327616963866235,24.17346943084488,2993.2949743461254,7.046441296521837,67.71257265373383,5.310177871442797
PLA,734.7701820476698,30.997053162187143,electrospinning,392.22731058246353,0.3835427828514531,1.3611291618617787,76.76100334192012,15075.05205767745,18.91717440433552,57.450492218814176,2.922677114322476
Chitosan,444.09363017340337,78.66905020095211,SLS,169.58407354967153,0.10565903297518776,0.3380749289303397,6.153184855483688,549.9888481964052,7.208322787355274,71.36294542494096,8.925116646404955
PLA,463.1472494812319,52.37700016672918,FDM,134.13652211219627,0.45189849090536316,1.0015717474920498,47.89757126237917,8222.948408474074,19.944078409788943,73.38920242713766,5.0204968480784835
PLGA,254.0070767102365,68.59392161171057,freeze drying,166.35803661794694,0.11877267026980397,0.4883577770542048,14.382217273504866,1259.3618949449062,6.439564060438313,75.55416083173989,7.45717833229134
PCL,414.5705504500613,37.716520809910996,salt leaching,389.5375058343286,0.11664191077203913,0.8588063603728827,35.22851335059205,4289.766648929498,24.0,63.416048334921605,4.833654380047505
PCL,576.7738266003936,63.17826613600841,SLS,107.71737866310815,0.2797462262967867,0.6281387116805364,27.869577265497874,3820.1081292611125,24.0,66.04892971451847,4.544720655774261
PCL,104.73729395026311,89.75087108265183,electrospinning,216.35926186523275,0.41167732237024746,0.20195017178753,4.885931514022062,396.65781722308435,24.0,77.3013872824426,8.065648605830708
Chitosan,580.1343177091368,54.164274260778704,SLA,286.3198844432768,0.2752963916487704,0.8625223336797783,31.495586482642544,5323.365542923579,7.384462564140789,65.24810620223968,4.831501468821338
PLGA,501.78438773388314,57.196031135797085,SLA,183.961248903541,0.27671036306732427,0.7879550447292812,36.20682892136462,5237.535327153206,6.929127507456038,60.61870098153861,4.382211533021696
Chitosan,208.52280984023665,30.817860556600042,FDM,175.67984470720793,0.28712931956961574,1.3161738131407892,54.55640197544934,11429.367733777659,9.893022195693364,63.62059170264301,4.155244306601493
Gelatin,597.8427015446445,50.1477173269283,salt leaching,237.40850891491803,0.19110490278448775,0.844492097495267,25.12164578334801,4696.178601412641,2.842216839358503,58.99833434561724,3.444223231043184
Gelatin,735.2945067325154,71.87035357657085,electrospinning,247.5200890991099,0.2466071323432707,0.5046157126059096,11.314794394126352,1642.2505524401613,3.2572450348898894,63.51499376573195,4.577584904131358
Chitosan,361.090161744636,90.83456800776594,SLS,81.89108102816904,0.29540942722954716,0.17569826065617844,3.464336885154514,265.7181480886236,6.807511536974673,76.75881372420638,7.432933836229441
Chitosan,751.672080281625,85.59989363082038,SLA,174.62566333034826,0.1626845214922337,0.24259829141539163,3.6701412251967245,305.8477658298361,7.07351775162926,59.74606866475437,6.5886039254604025
PCL,766.1452197643226,47.307910095220336,electrospinning,329.4498929719212,0.2634819376308588,0.881686879025639,41.707116972567285,6698.654286614984,24.0,58.518728679875544,3.3263236272176706
PGA,791.1436696277831,86.26162053112576,freeze drying,360.65172285786906,0.0716662153413162,0.22614736398938023,5.01639853917449,157.7320465556664,2.289049694764007,57.85921050829399,5.518896588157253
PCL,351.9149548741616,33.60361959390275,salt leaching,165.97587810363072,0.059617295773459755,0.8396039272614103,33.307866956644304,2807.781983710131,24.0,63.35924313224833,4.634090814086244
Chitosan,795.3703041716556,83.68321931762233,salt leaching,245.3413623343252,0.20833271942184256,0.28792301715925417,5.267221385783513,498.2514306873643,8.30581116167736,69.17117825283117,6.81482756655518
PGA,344.7103102761339,49.654789185510104,freeze drying,186.3568491940442,0.1302772089858156,0.8765348289832661,49.2808689785069,4096.814507885431,2.6866529629529636,77.02311805343757,4.462029752100862
PLA,307.9176881915045,33.61123722755659,FDM,192.41851221815773,0.4413149211743868,1.3828191741252096,86.70485172092576,17450.78245425965,19.902762713678772,60.97694263942108,4.332847278818883
PLA,410.957337138597,87.5122298521116,salt leaching,299.93136089049096,0.1968378127937312,0.20179739825911713,5.525394640754653,360.2409970990342,15.30163770554396,67.6327212071818,8.721999429658212
Chitosan,206.61117324446604,38.482394912735714,freeze drying,258.24194526782736,0.19021864248494888,1.0660278894726305,47.32951098571281,8496.860965614453,9.118640135611294,77.5928002476526,4.887330310191707
Gelatin,162.69810413403695,66.0329778092904,FDM,383.95116917279756,0.023810914773438628,0.4731129452434083,3.7953466430507254,299.56044755227697,3.1434841975305408,75.7370073653324,6.253475348621421
Chitosan,470.2142164745793,51.124479673434735,electrospinning,217.8821742624499,0.1967671610346524,0.8525564887000334,28.398361358766884,4583.590712322578,8.895047878551141,73.32479038059225,5.8233571379324385
PLGA,796.2169578270424,40.467783074509114,electrospinning,258.6469062556915,0.13595936370078401,0.9442324250268288,37.15513753840111,4766.407500745494,5.6817778458402834,51.439785441163394,2.647664943507812
PCL,567.9422563402609,34.92637095879518,SLA,176.49993592886182,0.45527822945272073,1.3391065151313497,86.33680428914255,18115.145536821434,24.0,54.565118497104045,2.9702198772418136
PLGA,677.8657588260041,39.997915850398265,freeze drying,169.16162399681707,0.3100611787569704,1.1407660642060014,58.88048463237487,10474.738360571791,7.250353073138748,56.30878971620428,2.8388677211184206
PGA,289.88403003875464,52.39723263065964,FDM,131.2287363464166,0.3020704692782833,0.9612684632577733,46.82695734881089,5967.43796590025,3.051617977853453,76.66099291105094,4.053155115810216
Chitosan,792.5060050676735,72.61354698437322,electrospinning,393.7684932645532,0.004166150432594609,0.38540702367264507,4.791369299366543,233.52229606962692,6.394508201862498,59.066082085737804,6.692025786656477
Gelatin,473.3468474686254,86.76402323802044,freeze drying,160.55534823287994,0.3659923270872509,0.26588247314173824,5.745094245333137,594.5223926653533,2.3691632718182816,85.42423027075507,6.501148527866841
PLA,211.27646502855777,62.650667601011804,SLS,165.04409133554168,0.09849415017567462,0.5333947151539559,18.488488316746224,1540.7593650484432,19.096922200371356,66.5006707845481,6.135473389092253
PLGA,625.9007626958805,83.4328723133182,electrospinning,59.2276227238306,0.24193221830819717,0.29454651833697304,6.744271159156981,578.6728478430302,5.3470292555697005,58.182674154733995,6.402738658383519
PCL,92.63345171940813,47.91086972713855,FDM,280.42893952553766,0.5482788916938603,1.1690359224610607,66.17617983396669,12957.428867279667,24.0,63.94211766751571,3.212491881229452
Gelatin,276.4869582947654,62.90574331904636,SLS,147.17100715060556,0.17177528758302898,0.6154662441557652,13.47526014498291,2138.2614383043697,2.7035802094040355,72.12661096349305,6.075923843636867
PCL,111.4438305220562,31.168909921275457,electrospinning,164.75688296374346,0.23805177507427364,1.1166425130308248,57.7976020625455,10225.965966501837,24.0,57.97924510642363,3.0414230854346167
PGA,262.1052618987139,75.4962231916574,FDM,51.92218244384834,0.06060591321308008,0.39896598025199503,12.421704658214598,479.44775281371216,2.51628165681402,71.02452060520915,7.3555976919072865
PLGA,799.1283209410511,71.57676045726771,SLA,195.13763174518957,0.15472115426245225,0.46046935325434063,11.576741978874521,1086.8031032993727,5.446109541744092,50.14679795815445,4.819666152563934
PGA,138.1525307280748,84.48341122830242,SLA,121.19775452175693,0.3506598316431354,0.32554872758999265,9.936115648589418,778.3187303827738,2.856051001937904,66.93513324869528,6.3368901047264
PGA,118.81960747228987,51.04029219554062,SLA,358.0411299227844,0.2829434257302473,0.9734993340811482,48.15369205939645,6019.391711857568,2.622150548832048,59.04299389520493,2.578015769069884
PGA,278.84666876333665,84.86210273391302,SLA,268.37336558302684,0.48778579153624374,0.35123145761327873,13.3552990359008,1201.8430934043474,2.516065679211949,77.32245304925702,6.108771646162381
Chitosan,394.98784219927995,80.90537155235585,salt leaching,71.38244481869818,0.3447437988711967,0.38252300637582837,9.735894991828285,1110.8356534779414,7.9132162308670555,87.70245719950069,8.189275036495296
Gelatin,221.28877754514653,56.79386541239664,freeze drying,167.87643271967204,0.10689180814112095,0.6664136902120813,10.759558738087497,1682.6385264120136,2.678188647038302,76.33690429865065,5.93322190326472
Gelatin,209.5616298863815,53.67359450650611,SLS,165.44840187736432,0.3084416601512149,0.8826083557086964,27.775143458187998,5296.751638445883,3.3846920804399065,63.838511627324614,4.368061375225096
PLA,235.53076331326784,70.13399859399856,electrospinning,96.51954714266522,0.6763931501846134,0.7561805500259049,35.10290868398805,5311.579904185581,21.528257557125883,84.12388928019249,5.9926464245195685
Chitosan,136.5745847557354,34.157580182856854,freeze drying,105.60133745020808,0.2479762576320935,1.20752262248469,56.7989490478928,11245.51371778442,9.503378513987498,72.96168155899043,3.756684095818937
Chitosan,265.58215984606386,61.296650315089906,SLS,392.35154472337024,0.009992680227307963,0.5486150240384636,8.91892587914121,570.2741965752986,8.27702568245268,60.730322333937025,8.65964038021465
Chitosan,478.8098547863949,30.997644359570398,electrospinning,362.15417120758036,0.2026199160096027,1.2107048802917646,54.56143060928207,10540.90287741913,9.744978339734487,57.144188263986855,4.091847253071315
Chitosan,356.29799555479235,64.28651468356522,freeze drying,351.0793215820417,0.053380036307124325,0.5333505694298787,10.429287798279816,969.4143100158219,7.658900461841753,87.64918849807822,8.933386897465873
PLA,715.0565551588204,32.443225952119434,freeze drying,190.20822448924994,0.20853654294219953,1.1067858699381203,57.762131096984895,8969.397612765448,21.143233433328678,56.37133266910705,2.8356855847427753
PCL,762.3515684360578,47.16076491655352,freeze drying,315.3177713783204,0.31665097356720767,0.9404777261014459,46.69887650424603,7984.051366042056,24.0,66.59902621416707,3.1645612034813
PLGA,221.00425801835948,65.03073560289046,freeze drying,171.62635912988688,0.31729994833063724,0.6694211416544428,29.84289319875071,4083.1758830783906,6.531830359494583,85.94212713212298,5.558704454862055
PCL,272.35400248605,74.75471966525048,SLS,249.0671073457963,0.5364062018379255,0.5605700448537502,23.11322603103894,3135.961443330884,24.0,77.54816742496487,7.0001771044380465
Chitosan,659.2489137675475,51.848473166445665,salt leaching,337.3924334489876,0.47460717897988147,1.0740499311655882,51.89900852662554,9921.341730902692,8.690937769673889,63.550330532035325,3.6172127841804467
Chitosan,64.40675122892016,41.08369493746831,salt leaching,126.1537639918897,0.04534446127887336,0.8715800128634831,23.22468434672519,2633.234543345606,8.982493997452234,60.705496200248774,4.432277637481998
PGA,485.82083089156515,45.10795481839904,electrospinning,377.0402443049449,0.06537883004083506,0.8979864898973466,44.939586869926245,2695.7855615732083,2.714212657573971,55.639043204159115,2.9195100008903387
PLGA,112.68523764891378,93.18338058103487,freeze drying,193.83627402162446,0.48598592436684235,0.1513040379319603,3.015798171012847,205.53569713939018,5.63600297072867,67.72609194399026,6.135484033536138
PLA,362.6793934543063,68.79182699668769,SLS,296.91721071526166,0.06930657349694723,0.4282933375778993,14.227440932758126,928.4006780509695,15.217446971377905,63.28277300888704,7.843511935487235
Gelatin,121.48202254171417,43.45954003813749,FDM,397.16437508517276,0.08446576471636587,0.8492594068708319,14.701784392710836,2480.227294854188,2.767795117521994,62.30031699387198,3.919119083417643
PGA,570.090090270784,51.85495882833891,electrospinning,268.91570869581227,0.14074293271816646,0.8463915334298654,44.327300575138665,3762.013882966463,2.8535642986508147,62.1458978437345,3.339295125030565
Gelatin,419.8525763343716,63.88934740115687,FDM,331.5866992322623,0.17303118186833194,0.5999626502342447,14.62349880349978,2292.1141499959003,2.8328295745058147,79.40500772745213,5.388200164572437
PLGA,595.1088859906583,44.394396316094536,salt leaching,119.43683302055733,0.17746878469620864,0.9237305756006123,37.44014682764478,5212.114698324887,6.163929745387212,61.93051364631372,3.284118288992945
PLA,255.9427673485185,41.70918606557483,electrospinning,298.8836275332577,0.13426043663359785,0.8722855602806393,48.84213173877572,5837.176578312456,17.70244977121654,71.91477988221811,5.148408185528722
PLGA,188.7926214489205,93.5401033836675,SLA,70.9101521389056,0.45476547849751625,0.13973567202030956,2.8553767700408024,186.29443354881505,6.509433627281683,64.48384831040316,6.652232271516346
PLGA,655.7626819837726,90.98761729775107,salt leaching,209.33613744829725,0.1528968467882667,0.14570709284987166,2.7167361308405176,142.87173438386182,5.3005447369024,62.705414651414266,5.908845423524599
Gelatin,756.0745108060438,34.09949232116252,FDM,161.27980471893562,0.5633515179876327,1.5579095723308234,97.17659895207157,23099.88998659226,3.0960829837848833,54.8786777321426,1.4962573788402074
PLA,71.4473528036162,65.82154396688026,electrospinning,78.76353017912676,0.06593316525851547,0.4668545861980153,14.65492188272905,979.5675279139379,16.01138556467327,66.11393829773829,6.097524533413209
PLGA,63.76480422387835,84.6354142931579,freeze drying,390.04186899229256,0.056498349931176146,0.22159758316229428,3.8124967334929116,162.4776602577354,5.365911625517567,64.9126480041095,6.470244608509731
PGA,78.72094754641947,34.15741844183423,FDM,119.99946804157194,0.12231099347010461,1.1378544971607898,59.52905181516325,5464.425643105059,2.576344039982272,50.76142161058219,1.8944452807687941
Chitosan,785.2282840461195,73.32029620684953,electrospinning,365.63426062545955,0.131176554492533,0.43476150642727623,9.53413200252127,1017.3940062868475,7.282947022988351,58.19443076735651,6.1978494230348
PLGA,698.785819165694,33.048672386367365,SLS,183.22612160604413,0.2543735249559228,1.205402468243287,62.81675623009414,11033.734360977945,7.814187799863529,48.46061522669539,2.6191296081323574
Gelatin,468.07378529674446,66.36151986171085,SLA,309.801549315935,0.1233499411941108,0.5288069637114137,8.834263306092481,1257.4449947583755,2.840413056995036,70.8426327232983,6.774580369952179
PGA,125.09329313815391,60.21011457527956,electrospinning,124.18936804628461,0.34716610412097015,0.8325671790006062,44.35419804021704,5536.742840545717,3.0703673477944475,66.34072749449285,3.3077404771549572
PLGA,238.48951346449584,87.80146079076665,FDM,333.88759455479067,0.28431829778533135,0.22623607445593383,4.8209346944569065,375.75068805934137,6.114010852963505,70.96954686384268,8.011344406408519
Gelatin,164.01181827061924,80.7131040387512,salt leaching,198.21632656297425,0.0708892852802938,0.28498331233628854,2.2057641666220147,206.66866029857968,2.7587436552820592,70.34113875499449,5.555993150101272
PLA,283.60261637999025,43.285360653470235,FDM,172.19270087580554,0.18105214904729353,0.8993861980170788,51.58507928212514,6921.349458393718,22.071855729343145,72.04809070053103,4.44385089773717
Chitosan,474.8802981408317,54.839935067840464,SLA,267.0140128530095,0.161247378832067,0.7596748957686753,20.79618456455134,3061.583614411336,6.913422424873055,62.30453351258089,5.369870774124374
PGA,461.84824652512225,67.91459938856649,freeze drying,312.8593427646648,0.19065051699914465,0.5900036204329832,27.194674836790153,2229.408462007235,2.660871963779949,69.65648491074866,4.687087938586947
Chitosan,488.75004687690426,43.65056363371412,SLA,270.17029358019903,0.23799365013648222,1.0235812498970538,43.63848450088399,7918.335224473607,8.309128351253696,57.91125296811384,4.740055617510621
Gelatin,495.73873336042624,94.35707939395687,SLA,394.75548739542415,0.13254267070833967,0.08964212800054375,0.6080517825574829,35.960171852943944,3.029968310784834,55.515413884803614,3.7140765180368556
Chitosan,241.51468502577504,91.65946349193149,SLA,266.70992349905856,0.21781739063499245,0.14856000433991814,2.487774833811195,170.0841590326405,6.435253655884906,67.56298712417772,6.628579678869618
PGA,799.3840597515804,36.13141186200843,SLS,124.55076714655091,0.49927151610357184,1.4937712211742753,86.97313342317021,16237.198880486638,3.2663754151883784,46.33969273008772,1.3593665449350123
PLGA,307.9105965750142,44.95079768692908,freeze drying,158.5333110986645,0.04760753233898509,0.7850950068914734,26.007163367527244,1929.3792367756935,6.107567519698823,74.76522219394917,5.48917182544361
PGA,197.01464621262357,63.07863921638661,freeze drying,329.59650738683234,0.21362852293106877,0.6926736034439811,30.978417804586247,2898.686129028532,2.6428032395469603,70.99113453367703,4.654992481617671
PLA,645.1909128925154,87.1084414845277,electrospinning,121.07731686981771,0.10533803742897094,0.1857925807341898,3.701001614256071,186.72009855565832,14.432223988618604,62.068887288031206,7.8847307687805905
PGA,669.0141596239822,68.71540905900014,electrospinning,360.7112182701636,0.24721422482272426,0.6039449749509779,27.25914690839754,2538.7684814467443,2.655702325478414,65.38434099270503,4.123030680261104
PLA,181.53572220798873,42.807335433943,SLS,55.658278329758986,0.18592596190122998,0.9122908230260529,50.64957239021008,6901.066692036246,19.676157397071236,59.9400796371565,3.682770277006688
PCL,280.6711937604647,51.357575057026125,electrospinning,126.88850770059742,0.22903199819577216,0.7803262348216832,30.447347730258127,4462.838033822103,24.0,68.52060332256885,4.976085550392397
PLGA,467.0807546918323,53.275858306641005,freeze drying,205.7310237588512,0.36653036210100104,0.9360807786754394,49.436862056111984,8172.937461746511,7.665701665521594,71.96713406668023,4.510515309040753
PLGA,742.6615497151071,33.31151862684718,electrospinning,51.73480715072429,0.0856958032818489,0.9970657563548808,43.11174683587083,4703.071280565396,5.6730988392926625,44.567784318063026,2.3091364486496913
Chitosan,149.75973805628087,85.70855241074469,FDM,91.23027711651767,0.20668475792903074,0.251772192994786,5.404837898195681,477.551875397432,7.380110790161203,69.99011879824242,7.391258778191249
Chitosan,592.8614821119991,88.85288589213405,SLA,387.41240950606493,0.4728882538335539,0.24830803571078489,5.167004406841783,474.9957793268916,8.218374485853797,62.702402683282415,7.410774483755747
PLGA,616.2205286245178,39.457626404332814,SLA,264.9169542700364,0.3590208535946305,1.2046889472919426,62.93672301684799,11771.326797466367,8.070161548198437,56.09357397878562,3.397282629860243
Chitosan,629.5640648437187,67.74103782598789,SLS,190.55565491426233,0.335583895406667,0.6410732637284673,19.94419650004923,2942.8317609458586,7.198835251531989,61.323758183375475,5.617814596471462
Gelatin,85.1821863094075,75.82832597032828,SLA,308.2033848178189,0.27255350935114964,0.4449029419067915,9.151782154766074,1245.0685269777252,2.541191482505069,63.30726853977234,5.02853655349391
Chitosan,701.4101919211515,63.21325310319496,SLA,123.70353266996416,0.10779805068841661,0.584411399671536,14.91113395272526,1761.1394958496644,7.392743588020651,58.432679944220105,5.509336825730734
PCL,739.7540631623455,41.56723058235901,FDM,208.0350995787151,0.23305711713234872,0.9420995742020097,49.207023533730286,7957.750910614352,24.0,54.9737519276868,3.0704026516502947
PCL,565.9451067338097,93.45118986645281,freeze drying,209.67393858127852,0.22381717192601122,0.10437188610871258,1.7620685683089505,93.93003612661444,24.0,74.03607565181365,6.396576893269971
PLA,562.8252258983622,40.76419498786021,SLA,238.4939877297473,0.3203047193320651,1.0969179830180404,67.1733696473135,11501.7147532464,23.229557287671753,52.01947118254537,3.5528843465764197
PLA,299.3581074059824,36.57549903574255,electrospinning,247.4513615070911,0.672049970792032,1.6005905017488853,128.5669898574182,28307.050967218307,24.0,75.4698088153028,4.585525999326072
PLGA,736.8973042512469,38.14909586321481,SLA,383.27218898814897,0.06018496232538927,0.8961792629011942,32.52792966487305,2869.5152824416555,7.162590699776705,45.06313145326584,3.0937324092097507
Gelatin,687.263626745508,84.66127238636066,salt leaching,371.7182006323377,0.28478258693936426,0.28570046832719953,5.495142225978881,598.2653097122421,3.0444875617576694,64.08852550833242,5.669395929339272
PLA,238.78746194355102,72.92730541735187,freeze drying,90.92757838773169,0.3617375833675638,0.5227517450941244,23.434001722230192,2827.8411041952813,21.179778689921545,82.4324839714627,6.315257515620455
Gelatin,69.38085430401742,67.7192083505426,electrospinning,259.0867026642546,0.07979549509832894,0.48215619880069505,5.321872066900989,667.8266889371616,2.7576504592601823,61.08806712219596,5.357319572178652
PLGA,714.17121780025,71.13072014946671,FDM,282.4483374529983,0.3773683546757598,0.5840361327425897,21.222053795636132,2781.370718169079,6.62603113208573,61.42585876076301,4.9669248274651885
PLGA,330.7089929426405,77.86564384243253,freeze drying,297.2433298888229,0.6922102706582242,0.5739218513782272,23.206851290997726,3079.5922290021454,6.375262267178275,88.12472058530076,6.140405484109053
Gelatin,665.8220568866172,34.5177182659565,electrospinning,135.3506718029364,0.5402340796334747,1.5207744870976228,80.66042980280274,19068.23848513134,3.6561581258012463,58.959262221882966,1.6301161018274224
PLA,446.6055487808189,53.811007394599194,FDM,326.0758492415753,0.28293087214837526,0.8223478847716372,45.411554820911455,6565.897959483829,17.0786462626882,73.36364981095683,4.974629023157151
PLGA,619.3088098040132,87.72545617761926,electrospinning,148.9072505032005,0.312182575433593,0.23383625373955588,5.412739210648289,436.4812230830012,6.232427649663929,63.913333733670115,6.585443104922248
PGA,682.6109186352829,33.39632521297034,freeze drying,374.6671160101035,0.2255768505726237,1.2624290288009008,83.00016953024493,10741.786838126596,3.201144647305897,54.87149121108225,1.6614292758517095
PLA,230.5256177847538,83.32921469997473,FDM,153.33298827151182,0.356067010512289,0.32009374639755256,9.52310231768586,897.0319076737914,18.203826156319625,78.12364435716239,8.10333402455518
PGA,269.7738721942227,91.58128053582345,SLA,187.18943830938477,0.012726873870245403,0.130542140290368,2.3368009320749152,30.420689611859036,2.413694826109938,61.21455068186144,4.999536501052781
Gelatin,117.15132284212902,70.01206305056019,salt leaching,169.76605068532194,0.2099705984055949,0.5181756800094538,11.963810589837145,1757.3762439878683,3.273696394116134,79.51236878129026,5.375512112801366
PCL,344.71282713380407,93.16264240155039,salt leaching,396.4538190779477,0.05364524559446759,0.08564191864034792,0.9495097784684772,23.962135700122346,24.0,66.5698298359673,5.77351616525486
PLGA,425.2229597346543,44.738608712176195,electrospinning,50.999775986013844,0.3608831712427054,1.1014692443045722,50.48368886852874,9034.885753513729,6.985065407780254,69.49821968818111,4.561253071498728
PCL,168.39306987394127,86.72534985699181,FDM,292.42128282507406,0.04765788268533126,0.16467921060749002,2.7961184850744827,90.8114267487559,24.0,71.27478998352832,7.072192199399919
Chitosan,328.8912561479281,91.45059963551856,freeze drying,283.5055528618789,0.11661760014193497,0.13713928978301232,1.8134468329488025,105.76642924281555,6.883431590830831,83.1961442604721,7.931267160916109
PGA,444.60140918007386,51.47228888563106,freeze drying,69.14348547131131,0.19702038178670217,0.8973613404198465,42.191923502059325,4331.088332103658,2.8193985633920575,66.71283808910432,4.053356624426228
PCL,265.46561452183596,52.34233963346651,SLA,103.4633963098395,0.09719869184255374,0.6385570691870792,20.432581077672868,1968.5015805759292,24.0,70.63542057352328,5.74700922351542
PGA,420.76207604225783,81.20173990585333,SLS,275.6005329620205,0.08763489652038449,0.31430099340588785,9.408505333593952,384.5900589387292,2.1958326911465815,61.23220329061642,6.72554772199058
PLA,583.802231299081,38.98864158961622,SLA,374.1503172743363,0.3959923306661846,1.2179974175568808,84.44871961833617,15755.664751427958,18.75209683020517,58.02233872439311,3.3812970469820347
Gelatin,91.91530009524888,79.49094262569858,freeze drying,94.72244514867033,0.3228084622873499,0.3960412254843721,8.668214630101193,1104.5500060498994,3.239225110889097,82.7336403724746,5.510752575286592
PGA,583.1572763467989,69.84644700908645,electrospinning,198.38228962986807,0.4892933444156574,0.7003630719417866,36.72369918184968,4670.381844254512,2.4776254300794953,64.77592720423017,4.056855942952572
PGA,681.1257650534443,89.41699340037195,FDM,368.8747760273948,0.028935497217990044,0.16688083881425764,3.8852372470149525,71.72192874210945,2.0470424335030755,54.47471584161878,5.165164655278447
Chitosan,207.7051130782644,77.02524847974648,FDM,241.63681897826228,0.19079968602355285,0.3983590903728858,8.890050834294156,976.1032379177781,8.58515089813335,69.65242700033505,7.90388690739371
PLA,51.434008742717566,94.21019393652311,salt leaching,218.56449284816213,0.21117299075961954,0.09514622283785695,1.7865769409320578,81.63187792529564,16.257255898274604,62.51497844045428,5.417398952901623
Gelatin,789.8751521085576,67.2606430464836,freeze drying,340.8842123318479,0.3599820658901361,0.6541217832092172,23.547133414270974,3827.147559036833,2.9174372556522306,68.1294131535028,3.493291670760953
PCL,562.4992586174636,35.55887103154421,freeze drying,354.5410216825451,0.21455693212820712,1.0150680599225366,53.88974024989044,8863.091894462392,24.0,60.499529924137825,3.6479489641709764
PGA,452.2349821710759,85.17290443977261,salt leaching,398.7930544882489,0.08318803797381073,0.2468362412852684,6.682672095900649,235.96710040434832,2.568823558895816,67.65741666538258,7.948918774736636
Chitosan,676.7508550378421,33.40178923108338,electrospinning,218.3756034408758,0.07424136807994225,1.018900940650145,32.46537592681537,4583.701698714901,9.39710136181242,51.67839396336966,3.5972191904754793
PLA,368.9861510383604,45.0345047500698,SLA,283.07460422196334,0.43739579300164466,1.1407681600062474,63.442047672852,11587.146743728754,24.0,67.63424291339769,4.346940357666708
PLA,112.1764730930451,31.808039713852672,SLS,234.07263912473482,0.24489201055570717,1.1645439330800293,65.20001367836917,10844.337764710315,19.11322272679226,58.17687199512563,3.412912665881299
Chitosan,572.8407779178141,94.43979586528833,electrospinning,257.62259308871035,0.2741046037349897,0.10451421502900217,1.599598122925431,94.07823328812228,7.2328218094323935,67.14735509699474,5.3123380728779415
PLGA,597.2993379274184,34.23451171317022,SLS,325.3670880591315,0.29309576708244856,1.23014565393286,69.29554325566038,12669.501484205795,7.020532801226086,52.15368447135846,3.096189838588792
Gelatin,81.68458219085996,49.96712130512985,freeze drying,331.3430702118789,0.21392848119341573,0.8681061018614505,25.457049765559223,4842.049731441626,2.9714865977624445,67.6891835559178,3.568618595663778
PLGA,447.0135295648714,72.31268093457571,SLA,294.9762649785898,0.19690275929482423,0.4696860178150795,13.134867400288021,1346.2211700591174,6.00488390978183,63.24960631844234,6.05415574282246
PLA,368.6252049580303,57.634718379084745,FDM,123.08215597510461,0.2673117538664198,0.7416319828021637,40.414837176616444,5478.999571081393,20.30755505245883,68.80373331498502,5.5203262537192295
PLGA,651.6974996623313,89.5505906337001,salt leaching,78.7845401510571,0.20417310976641384,0.178638225648688,3.6411196049590444,232.59013585009905,5.35374691985641,65.37858022926518,6.20003857474345
PLA,699.7100798055772,88.7398358533926,FDM,231.53730601820195,0.3193533701142766,0.208309088551679,4.701734236113399,350.63053260019626,18.600306906890278,58.10692416869251,7.14297248684374
PLGA,185.89593145258604,85.13075057616713,salt leaching,106.95154125866942,0.15887128208668327,0.24200551290468156,5.654003532378798,388.3443080029679,5.69410817462137,64.59533085464678,6.9401529482314706
PLGA,321.83709801044995,89.5836740939167,electrospinning,176.3269113373147,0.1442798615200887,0.16678064281444466,3.070642859508395,169.22037571216674,5.563404754405484,66.49266850487253,7.046721481893017
PLA,320.1778916088764,46.601418621711574,salt leaching,183.73618908300617,0.2432563335457288,0.9102426827329269,52.89864866433001,7765.437940351083,22.1904825418625,78.88057071778611,4.701212160248815
PLA,158.21445114206125,94.16508412777246,SLA,319.72425655061437,0.4187403962284895,0.11902027301568398,2.1633032344351237,127.0260201551284,19.077362832738086,62.133547638604504,7.08380179026749
Chitosan,398.6835270718676,42.39273240612225,freeze drying,223.7764432476314,0.19165750564829254,0.9997168875637742,40.50033180881985,7049.552546971153,7.581135216781829,79.96208392100189,4.634008449691341
PCL,516.2049481903115,36.52513400458506,SLA,113.35416959452431,0.023996437775838365,0.7573267876248837,25.382795490678447,1115.2832150039576,24.0,49.33124671856863,4.338891661578008
PLGA,288.7703098583601,88.3989084244347,freeze drying,165.72865712099048,0.1711732500853729,0.19139754465902378,3.1989759695591244,200.35739619538586,5.748842137370427,74.6269084961542,7.848100936854965
PLGA,245.80284663314214,82.0109798577512,FDM,172.93868342099458,0.38161556502956234,0.36530738046114936,11.501106267397457,1193.712572548673,6.943104491910775,72.68177305938704,8.039696637109866
PLGA,464.33804422615265,32.6224743176039,SLA,313.2742094399591,0.0438886707997469,0.9563825359400766,37.52644271373268,2961.5846271706823,6.228399615189702,51.94543202408968,3.787493987539102
Gelatin,54.6326221232239,91.37791292991827,electrospinning,252.479615199719,0.4152076174707265,0.18083738758599163,3.452734476550344,291.19497609664325,2.44735583892818,68.32415315511626,6.269691997744746
Gelatin,592.523260608039,63.65278308985693,freeze drying,187.99616457654682,0.19694628998057537,0.6195395196752258,16.780069332401215,2689.956187544614,3.057460515797069,73.62286739860771,4.620414182148236
Gelatin,330.65055668535865,63.80631738349871,salt leaching,62.19948006268077,0.4737426008857728,0.7972515234135265,31.065332279966032,5416.594535234015,2.763880021596147,86.43104204411294,4.786018978850108
PCL,260.26718466455736,68.70118765498835,freeze drying,328.97275692788804,0.2492608642151982,0.5147928600816231,18.858402800934044,2288.477553817445,24.0,91.40665171923042,6.461626376118983
PCL,710.6718525592122,41.35797600310312,SLS,370.667273085795,0.15305467530673428,0.8514086654050735,36.52163115203486,4946.796902692163,24.0,43.40801899688559,3.1281076130281615
PLA,215.9579650823379,51.638464691870155,SLS,255.62004850256196,0.20910963885116518,0.7928387246079143,35.23352944102391,4634.229024958461,16.73924404128408,60.78276045486842,4.498950388232544
Chitosan,626.6513294242799,86.77552443654346,freeze drying,119.72490787456746,0.4316973656921373,0.2850496549979656,7.1826068186240954,709.0784831881294,6.459171590993587,66.48863055107446,6.540144003257836
Gelatin,405.57838268210674,44.68281550303019,SLS,245.44024112426365,0.23685331397885304,0.9826190431346572,28.95150370130657,5864.66945783493,3.4997051064848566,65.32011894369704,4.171956045284541
PGA,526.2783874198641,71.67833704193778,SLS,305.367504338066,0.5721988840046709,0.695852551050058,32.73062221199481,4304.71946220948,2.5927079043757524,60.15684975763133,4.318922694359121
PLA,619.3315580752279,36.77643627209993,SLS,283.726645214657,0.20059770951545072,1.0262079797862798,59.14243998800266,8744.1558771948,19.43549362901217,44.725886850909625,2.8903364612999516
PLGA,677.7098672456905,39.51778142952516,salt leaching,216.65647595059357,0.36656781839451497,1.211753840770372,65.26432137921647,12276.070435999778,8.001207165746955,51.32264052144601,3.0303335358654624
Chitosan,677.0437928135261,65.17517412069866,FDM,359.9312019524079,0.29307864094490926,0.6661597835075718,24.425694048720985,3645.9533032488007,8.184817537562415,68.39075928244033,5.429549155669803
PLA,364.48067104838583,89.10337427563628,SLA,224.03670884684078,0.5533977630418463,0.2502943735229421,6.230747331120075,541.6813966123489,17.145062527891817,77.77228912147248,9.05732131963911
PGA,437.51424202783295,87.58712621746919,electrospinning,353.4298772210176,0.5381703160264053,0.2981368602154372,8.853689285227412,751.9361370292727,2.3251642661482186,74.39354300962795,6.485762730820956
Chitosan,65.4658073951781,90.53848245752567,SLA,138.22660302545913,0.13931285632841697,0.15552818869040225,2.125654740157336,137.46563824397816,6.244750632887495,55.23353035584624,6.096499425155081
PGA,559.0026500843272,63.08008179636302,SLA,127.81434192154497,0.31969842903130335,0.7560872340802506,33.78026153773873,3900.51446324446,2.839240200125747,56.23041038171262,3.649243805583847
Gelatin,372.45954421757966,86.84811699573098,electrospinning,271.26747343423295,0.11100570544085238,0.20382923347139179,2.160390321596591,187.99481800877965,3.02349502360882,75.16780938057217,7.250828478012719
Chitosan,192.7470975311764,64.91727457178914,SLS,197.2585543402052,0.2127931263532105,0.6218020054300066,20.169680004947082,2812.2062060793237,6.72093137713925,74.87939538805341,5.925210374941019
PLGA,292.7236229306721,68.42888784386423,FDM,384.6511640958821,0.19677438600069738,0.5354970932910974,19.384147886824245,2120.940556349387,6.150742563888402,72.02455717148477,6.419871372510384
PGA,182.3229027043372,66.07303067058284,electrospinning,66.93319382530863,0.1617392959077302,0.6079772816723767,26.107610161801478,2009.6651086506085,2.4143729931539823,67.5062124451942,4.464303509418254
PLA,271.34585735426555,90.62555308340896,SLA,268.3868368483293,0.1349056681148417,0.14039826283348467,2.640904926722907,126.83908339076089,17.791405272989547,69.40204567789273,7.193083412888106
PLA,134.39509273459916,77.31441627717615,SLS,396.838917872683,0.177224311767137,0.35809158414319836,12.311857569118668,1035.368853721145,15.08660759650773,59.31716679112438,7.009743619947674
PGA,359.88519353603596,85.60005744364008,SLS,134.32328133163904,0.4086043597261092,0.3156379659073206,9.860411104484314,799.829896941637,2.3724875660403772,67.4010996186662,7.121177681185166
Gelatin,634.9938797025225,60.97397814124307,FDM,228.77722916278074,0.2396621705881161,0.6952063950388198,20.199380475502082,3441.6704679308527,3.339326868194253,62.24146961467343,3.900983986399571
Chitosan,623.8976792941152,86.44727499804134,freeze drying,175.1258400575603,0.2787947810028702,0.25586065750840215,5.35415982699163,493.40390583954473,6.821611057608972,77.44540002211836,7.280913289197247
PLA,614.8548043488324,72.97728061611136,electrospinning,389.0404375619867,0.4568988990591505,0.570902749419406,20.658652449162137,2680.339621938264,22.731056393719943,67.490766719637,5.6600332374786575
PLGA,689.3950022716241,66.52921643269488,FDM,281.9838276874177,0.5690514969011014,0.793251950596731,34.881434570872145,5466.053773781078,7.733277842487248,63.738216719231794,4.47681137552069
Chitosan,534.1195192710782,75.9344215043137,FDM,337.8183470774749,0.1783620050159849,0.41203483350591114,8.897708253541376,982.5134824369464,6.448182479767746,69.15759380889288,6.762974901082161
PCL,128.3400910365372,33.07468629022891,SLA,65.75623649359663,0.27870702985943696,1.140278577876429,53.97824285817694,9962.271149964414,24.0,54.71109558191446,3.331979532154563
PGA,632.7605097963648,92.98763538691966,electrospinning,359.48328121691117,0.522168500972895,0.16660768045638716,3.562050003410872,224.5533181862902,2.683329803721226,66.09746139314895,6.176968562010957
PGA,764.7158194379127,93.79503724614253,salt leaching,130.90843579539532,0.28665600968501315,0.12375070591891084,2.7334810156161184,122.45934198032519,2.4196444380877624,57.28829767862536,5.288708820017549
PLGA,96.67724584535205,89.98512449463347,SLS,78.9689867326611,0.2969207942484356,0.1880219404591941,3.3928808813983258,243.11903610967852,5.256931777322989,66.2028223592528,5.781013275329309
Gelatin,676.7344533184026,71.6822739594876,freeze drying,173.07961954581285,0.3051983475819765,0.5378547190541001,16.324410844899916,2431.4576618999363,2.7569873562680463,76.37681320895179,4.771551251393304
PCL,693.4995733853161,60.57628768509667,SLS,345.9598369505682,0.12530608277585328,0.5504491267268303,17.84946263176216,1795.4486639070278,24.0,54.16058295626487,5.361370908834908
Gelatin,218.5363121615032,38.417229617078924,FDM,353.9269873306173,0.033752144349309954,0.8687813101665405,9.6076986491156,1212.6363514293685,3.0154494985666656,65.89757988624336,5.3736875091501055
PLA,212.1114462814911,85.06246637466641,FDM,169.5841990155459,0.0028574591493338132,0.18604066974374672,4.306559701260034,94.97217549365885,17.94697284078267,63.50873002300342,7.831206530798017
Chitosan,764.9816474504128,67.22994130189464,SLS,135.8201910748579,0.30876491798492356,0.6358501002834036,21.91406500061558,3206.720900867595,6.878836453271394,54.61009731177711,4.752616111927882
Gelatin,474.5854643835234,34.723936713416194,electrospinning,380.3969100010412,0.13607605168144232,1.0411120156731146,25.584315245894572,5172.185862815222,3.589235597511655,58.49033613575492,3.5979493808408898
PLA,526.7302169808347,49.412630052988575,salt leaching,112.04986211702096,0.1016512818155965,0.7255007634198976,36.594709549097466,3599.548697798307,18.956720169178308,56.6550902225295,4.29165007576608
Gelatin,413.3644122016158,46.94945068492074,electrospinning,120.52971223281726,0.1364476094969212,0.84647758721131,16.3319834609339,2978.0504483207005,2.873915047312915,62.48073954052746,4.627884987458638
PCL,79.43869336273231,73.50979061484576,SLA,367.3944513050096,0.23127819922595805,0.4261513863305428,12.689242074637402,1377.6849529401486,24.0,65.51817147405325,5.630988187343249
Chitosan,60.412744768490576,70.38842184703024,freeze drying,278.3861671758997,0.23811095859402218,0.5379518161825716,15.384433808452435,2023.8625773225253,7.343132518627512,70.8780173632037,5.4050980656585805
PCL,755.2125103116788,92.30987433668837,freeze drying,334.3817692016967,0.1701288730253168,0.11428360271598978,1.755678383466426,90.41948512803187,24.0,65.82630645493221,5.741417478058192
PLGA,69.1073197020926,74.22628383802652,SLA,132.47188496766793,0.07072619271235915,0.3783618669434001,7.960359182963506,491.0536948633546,5.213379660001216,59.79724452480633,6.245346279485859
PCL,366.5349317903228,82.75382043525502,salt leaching,201.0456749098793,0.13996664955036542,0.24586724993931774,5.302151743918661,373.0119736267371,24.0,78.12825531656839,9.519092137395882
PLA,649.3374637591703,65.2944652325259,SLS,233.9458933108507,0.046292948688964386,0.4610351025347616,14.349603120355848,836.047718608728,18.512728592443338,56.801823463413264,6.584787607923554
Chitosan,491.33247351393476,76.01062377657155,freeze drying,261.3642678993563,0.41330964102809087,0.5093644754473764,14.48454295420959,1912.322309337426,6.692472444070315,79.94578195242485,6.441912909174041
Chitosan,578.220086519545,90.34670031248795,FDM,338.5945386752521,0.01132611694230584,0.1370595476451167,1.2263657734120257,39.96013654528745,7.4130488429358605,52.394958043862175,4.977071166594601
PLGA,771.1769536622642,69.46734241950962,freeze drying,262.87953968235473,0.11079242587697677,0.4703660599313971,12.38203128541689,1034.6459951869376,5.627648040211296,68.67066402097649,5.706651503586328
Chitosan,283.14693929946634,34.94379447246217,electrospinning,244.64547670650083,0.12189370787191402,1.0495608643425351,33.20543630940362,5413.988311253723,8.758647589953485,65.02798856747017,4.936893194892422
Gelatin,301.904646852341,83.28419468532542,SLS,161.56478302086947,0.5115616170745142,0.3795843309027052,9.800525086662233,1166.8581900027311,2.4551988587442435,79.83806016693549,6.566764219943124
PGA,675.427963146669,79.55583604049964,salt leaching,289.31545765118886,0.33430505763660184,0.4235160246355246,14.584289502401667,1281.1296852865382,2.2628302088380643,64.69956688143655,4.409537182122333
PLGA,183.84521739018908,53.937422851365284,freeze drying,286.2619261697412,0.18720756100706815,0.7733195890543996,31.35370800458812,4061.125078581737,5.464136279095274,68.40038332020401,4.410148896549839
PLA,133.30218287657888,90.77202475419955,SLA,289.75972995690887,0.486839754653201,0.20023450645600135,5.716873108183326,441.51679305749406,18.901059996782152,66.11074969439001,8.14113749396554
Chitosan,192.4892758895339,49.09528367772136,salt leaching,117.04842350009669,0.31119396995204696,0.9898877418401224,45.900492641343625,8384.401881662132,9.004819599912762,74.4240534633534,5.364095225389111
PGA,607.7913109855617,42.49952753829867,salt leaching,343.1031679875997,0.05498493855266931,0.9309761197739393,45.56821817183111,2570.1982138188764,2.592889208860154,47.92754526413015,2.1061026222459955
PLA,383.74610892643904,60.89141159912774,electrospinning,72.67373308364064,0.07643621274632874,0.5420423626902736,19.282842670407746,1469.7748547283813,16.47668128058073,68.60078100911767,6.371537102964943
PGA,423.1823551040485,84.3821000556544,freeze drying,238.5888909296176,0.19321802901173607,0.2878399586301807,8.267572378166278,476.3519848657589,2.425331870154706,75.19719101437921,8.008208344170537
PGA,80.14923387386972,53.04585873775003,FDM,305.84259517936704,0.3643209652007487,0.9955216859627549,58.55184733035373,8126.645278520108,3.058789398520455,66.10819054181991,2.9716994873251537
PLGA,477.3250596623721,53.40619823238613,FDM,386.73932495057477,0.0755127364609114,0.6880404447580007,22.0810198600554,1891.7884941806692,5.739297048523184,66.15833899711178,5.38252234976881
PLGA,374.8651965870771,34.62078163587411,SLS,289.0770612741975,0.4506108857817596,1.409318159807166,88.60844591252311,18347.962191296323,7.8353754585801605,60.97280667272496,4.321721543485066
Gelatin,226.93013331588827,79.92052901176605,electrospinning,56.541424947245005,0.2088893341844733,0.3465718302003138,6.6617977859672335,800.1847096654593,2.7143752824177527,78.57545229702411,6.4763374935807105
PLGA,484.0725449766013,82.35718136782904,FDM,141.61828120522463,0.1512688159569459,0.2847191996229235,5.994070080676869,438.9836583669344,6.466758800099356,59.46406158964846,7.910980412940049
PLGA,337.44082522442295,60.430704135462676,salt leaching,349.22128301819646,0.2120123716247248,0.6820727272864737,26.210246223171435,3306.5044432462983,7.101191508334594,82.62972385071426,5.9685055604622255
PCL,187.73258921386875,76.680675974944,SLA,262.7642844423413,0.016090118813321338,0.2745292345057916,4.7616764584788935,95.84541331230473,24.0,72.85224738939472,7.292481996212467
PCL,532.5533970042967,65.62300002061326,freeze drying,104.36866768119991,0.24288756615759788,0.5610290541926785,22.833868169287392,2876.4987502207464,24.0,74.1689595232055,5.783016869682721
PLGA,740.7293519083643,49.02342697103393,salt leaching,69.77630225536687,0.28789317766922673,0.948718196075681,50.73145430023738,8117.281245438161,6.781547363866343,58.405136036617975,3.2664443360185036
PLA,176.72610223394156,82.21190096877359,FDM,344.384670931361,0.07346057287291022,0.245530855339648,6.611500623594014,334.03083038740823,14.844350003082274,64.71290619425703,7.7557651265235235
PGA,560.0019436488258,59.300605072386475,SLS,339.11951267096384,0.3245603892480679,0.8366932080423336,40.59811653137926,4958.879079032291,2.67900873915489,62.21016146684716,3.4581299298830444
Gelatin,373.16571391410895,44.8582908042605,freeze drying,373.07503746446764,0.3248387131466471,1.0668319875477952,47.836760246735274,10000.755903617335,3.6127358696906917,77.27950961278911,3.6574719860866765
PGA,295.4313262902646,71.89307162835065,SLA,223.6548535730961,0.3392598612218356,0.5845119565097878,27.619094597978762,2865.311745629019,2.7310817462754704,79.59981592778297,5.684327297706815
Gelatin,202.56353200147555,92.72347247717374,freeze drying,60.86008220167581,0.3325753329182785,0.1417930056992278,2.227706706871488,169.5391564384572,3.0705782973745506,81.47222628669053,5.920537257337093
Chitosan,503.4048355642025,65.9764955039533,SLS,116.00113155670397,0.06311792695726186,0.5139101916978559,8.90858474882517,853.0202858357954,7.011795855626005,56.140580309299686,6.440265051757952
PGA,657.6831390230813,73.15923479815038,electrospinning,287.794780047378,0.003260269937298996,0.4120813394543827,15.87425411583446,309.02327461858994,2.030265937281145,59.55215391635049,5.569770313734578
PLGA,360.7115560425546,66.58458810556786,SLA,152.90324233957253,0.1887728109681662,0.5619398937021666,19.24415962646759,2130.24562667346,5.535794727899057,68.65307335959709,5.835478510838888
PCL,687.7592461001498,71.16456779424243,SLS,239.87672503568785,0.07567356543032248,0.3739164020688914,10.44640870303706,674.9670871838663,24.0,59.04001830802425,5.948686261715531
PLA,652.8005565811171,88.63688119915993,FDM,234.78045868093304,0.023238321799127312,0.14594621552692746,2.3117987075808983,60.941144063092,16.227229659184687,59.261332870043454,6.320103789377074
PLA,339.73192558655256,55.21388975547657,SLA,306.9625855667552,0.22439751341842587,0.7473006999260823,30.806738921991975,4011.899473579206,20.989012285442737,71.3501164154768,5.742106231489032
Chitosan,194.58065283533264,33.40860978802111,salt leaching,268.73544018514474,0.12707958132896788,1.080371567762118,41.2963406803731,6897.2257810187975,8.14719560405649,61.935313783211804,3.895763391674923
PGA,397.3026630797973,76.49697206534123,electrospinning,277.6052759527252,0.3048659914782528,0.47567376480774043,16.037548622633036,1442.762180836693,2.3931002725097863,79.05456333507425,5.854532729120432
PLA,433.8573363381392,78.75072640532191,FDM,143.09339530984062,0.13933965986205846,0.3200435437744751,10.315861680455056,756.6493098262795,16.20479777843257,68.35641707212274,7.681811594299507
PLA,580.8262269684672,82.20906349168467,SLA,372.7427968893493,0.45563442303411905,0.3754353277450854,14.412891834402378,1516.0643302491994,19.683532487046822,62.1526981710455,5.610633919622732
PLGA,771.2707568870264,40.088851832998344,SLA,159.12452455563613,0.4504089452026794,1.291229144075052,67.0638691000521,13291.83001844557,8.325647489540238,47.349621479949754,3.062600426287005
Gelatin,160.53364383529518,30.45475205597164,SLA,347.845749428038,0.039378989771565676,0.9881560361784629,13.347202165497041,1916.5542334596955,2.876440731116127,52.936214895713995,3.95981178087137
Gelatin,622.9835732554694,74.83090865212763,freeze drying,169.51423001528585,0.08421913964813561,0.3779376791390535,4.676624381983465,525.9738395619431,2.8833810433449685,70.05392826552267,6.65518732639295
PGA,232.8798041418505,82.55100712695392,SLS,267.27972985372776,0.18239729859182516,0.3185285074013091,11.261038884012114,664.4220647530965,2.5242086535137007,65.46357378678108,6.709398584850181
PCL,366.2730057020463,66.55992232476906,FDM,296.1370355363774,0.2730755692071827,0.5659788377035908,22.317844645367032,2891.3299438040794,24.0,76.53714430564322,7.109783842253821
PCL,171.2872159056728,81.17318926005916,freeze drying,230.84712853878463,0.17792275063259969,0.2827288279197399,6.666169155832907,547.9711040583634,24.0,77.69181979593948,7.802945814133676
PLA,413.10923783239383,51.00457968507232,freeze drying,373.41031095448045,0.024110238088797302,0.630105874762027,26.101585216059437,1444.1074899607897,19.57774448853088,70.17476614088815,6.442629815375984
PGA,661.9155194592402,33.76059910706199,FDM,276.8816844274842,0.1352531914457057,1.158600097659538,70.74581917736575,6888.245244640383,2.7270257567072766,48.91127924097967,1.6966097414318184
PLA,665.0418098403816,91.84966838857066,electrospinning,193.59620770995303,0.11876961019190277,0.11955313561262614,1.9438421727414952,82.26758113299088,17.34645486931308,57.87609402474935,5.160541104349345
PLGA,608.6446491074004,38.244346503931894,SLA,121.67093537043813,0.15726952187352886,1.0033180628267953,40.74245276898818,5678.021041148276,6.10546036643631,49.05456796527064,2.8299755042802164
Gelatin,353.1156186702429,32.387474760866496,SLS,343.884476668264,0.2677012285576687,1.238568300031546,55.52369515550932,12609.297589684626,3.5870528174145884,68.6916862640036,3.465253634752453
PLGA,691.3200428381683,69.67790402416145,freeze drying,375.21103040298675,0.4580558646478264,0.6577108574878991,23.5661537673773,3337.316862246019,5.904753280042205,76.24661473716114,5.1451712621779855
Chitosan,743.259026029737,72.78325935611734,SLS,305.4602772780063,0.18786704891684794,0.470514122067633,10.735296157344639,1277.8217082944298,6.91600510274397,60.41817768322794,5.610300071678902
PLA,86.47277293592575,60.04029920055831,electrospinning,318.07544475922305,0.18605856684443844,0.6375058229625615,29.966399636011687,3413.8605120270777,18.643826786136177,69.00967269256014,4.491651717684704
PLGA,630.0184112077311,44.5540486772706,FDM,82.38543963251053,0.1983274247828074,0.9420115423270777,41.11598390216758,5980.642052810834,6.569495906773007,58.55851841460929,3.3551664085574258
Chitosan,223.66987022250817,48.71466187077706,FDM,61.34222742191975,0.23077486328691846,0.9251136544785302,39.80539391971834,6841.5146268958515,7.187979523419384,69.11621820763455,4.924408925187012
Gelatin,422.39305592387643,93.47467493424135,salt leaching,72.45549653729783,0.28779291072755914,0.12189484968186902,1.712326414381641,121.72290110339341,2.441335819725676,78.5767872387834,6.071594011953746
PLA,132.30312253326613,83.26709634067161,SLA,384.7258836853868,0.1372327812963226,0.2513473909248333,7.46989177008509,482.9514835618946,15.147456739794809,66.9693355282543,7.467799841543086
Chitosan,155.63348396578291,72.01195888454214,salt leaching,328.24802642108426,0.156435622945336,0.4684532919374458,11.51698658232988,1323.6821634146706,6.821234594161312,77.20057602484789,7.333359140494912
PGA,412.54199570421775,45.32352025401961,freeze drying,342.83764092613194,0.5368766829364143,1.3120934788202243,75.14240059782449,13380.59176089262,2.956352189025344,66.91107846909246,3.5199224611971327
PCL,470.21243422431905,34.57155533446877,electrospinning,375.6320899647032,0.2235523063818476,1.0424206195648624,51.943748121641846,8748.177182114612,24.0,63.39082953009503,3.924034561569094
PLA,136.14046887130698,46.009839587557146,SLA,156.99015336142793,0.201691968862126,0.8774651805921528,47.37347303790394,6487.000223075907,19.028915450144858,57.45041547239941,4.012749941580277
PLGA,720.147076249195,70.04207325543214,freeze drying,61.34363609313317,0.09196864450300121,0.4513051558354171,12.381946090448935,937.1286054791092,5.462708363903973,63.38655534818873,5.853835183799064
PGA,685.3979971017034,76.34678333997225,salt leaching,77.07585030659119,0.30535259330452735,0.47889986586198446,16.099200680623326,1454.0968140980958,2.541883238498284,62.426916817646266,5.083281613875211
PLGA,395.04605792576245,79.04977874042254,SLS,322.5693731570342,0.09721817812759191,0.31759800127262977,7.868039123862878,511.5780412576677,5.406994769182024,66.19248437328716,8.109011944666369
PLGA,338.4607293838988,69.26929551996062,salt leaching,346.85048655392933,0.25937570049095926,0.5560628838522725,20.817659062847152,2494.5973579396623,6.0497238029501075,78.81159642115428,6.592875974937674
Chitosan,645.9964437907275,72.22359596867382,salt leaching,149.57634662973499,0.046756816410032855,0.41159754035547985,6.913994955897884,543.4532084185187,8.093430665004979,67.86389576479182,7.199967393468134
Gelatin,402.80031473339614,51.07456548420466,electrospinning,310.18542326881663,0.33224724369937847,0.9530894997272511,32.73557145495499,6459.502119266685,2.971394229273319,73.49671839718148,4.239394878002726
PCL,236.78682937683408,73.01939444558448,freeze drying,280.4306667638885,0.3300394235218656,0.487466436842233,20.067572974886048,2483.2109758515717,24.0,80.06035191321699,5.938920374033364
PGA,416.4031957907177,77.58974292562064,SLA,281.36693313044555,0.508510120255949,0.5274895820597261,22.61148327261877,2520.048796269588,2.7472609979786866,70.21715816397993,5.889700422251497
Chitosan,616.780498345748,51.75397550077869,SLS,166.1490873868361,0.19787990830724408,0.8425154238107604,24.908263612907326,3999.9884467443853,9.291659243629073,50.88217030650414,4.184773910432749
PGA,312.6384504653794,89.6577758725034,FDM,240.57729912606612,0.11822795309932291,0.17804441697392934,3.5900938400093803,128.1742691114696,2.424640692601578,74.31681945198972,6.949619661658189
Gelatin,117.47014273288146,44.504439371830124,electrospinning,149.74028742944202,0.5809444708536665,1.329507172349768,83.31499057149055,18204.405620299098,3.516226913423061,65.58720260637457,2.5431189697044045
Gelatin,607.257937650027,85.85414111660026,SLA,175.21321761457452,0.31538586723890977,0.2712743664179413,5.38957182522217,569.1399202560065,3.01249681340231,67.90546385438051,6.089523282644317
PLA,663.5062764956393,84.99220814683615,freeze drying,189.94773127490836,0.14817783848683252,0.22857162218293817,6.409778182157315,405.90700406544414,18.092555199007116,71.29197264228519,7.356652023979099
PLGA,409.45884819718833,31.321313509463337,freeze drying,171.92646983591388,0.22092688559535723,1.19492512544092,66.54527441551998,11236.680582989418,7.124365128719728,64.83939899982252,3.968949630070704
Chitosan,236.0688545013451,30.282225304461505,FDM,59.29510686274212,0.10222610527497285,1.1007709358098905,33.694937107212965,5389.286224471607,8.567863721108255,58.26010547348271,4.035055044501636
PGA,143.71764098508757,31.671598656237812,FDM,255.53061489219343,0.2157086252660377,1.2841967539914836,68.8151876112919,8805.719401299373,3.264142390172332,57.301160008939085,2.1666784693134677
PCL,505.93183723188184,79.54287685706508,electrospinning,207.05735302700646,0.42987979092938744,0.4105558415716218,14.222372299476723,1649.5059667417793,24.0,67.1330800002846,7.18897538504844
PGA,183.68206106776526,47.188254847102776,SLA,92.35042583842082,0.3761614021142103,1.1298446905372845,62.09706990795646,9280.73707523585,2.504185116530833,65.43229854249331,2.962638285967742
Chitosan,656.272114455027,30.79527648722579,SLS,322.22836651642,0.4024741415389831,1.456295583688152,72.58445805085724,16204.493776662328,8.68761862271937,44.29102125931657,2.564303897997431
Gelatin,371.5486022311798,50.269905183427966,freeze drying,381.2060797181335,0.10613699491021164,0.7663639307914778,14.643554039763364,2452.870443189143,3.0237326915518654,70.07988665638973,4.888089161618725
PCL,435.0475183961335,94.17428449695551,SLA,330.7931672268842,0.3075425085899462,0.10262712847061921,1.6008500501982954,90.04447796471796,24.0,67.71757596445222,6.245172289221039
Chitosan,458.3281372171438,67.6950838074682,SLS,236.11233257328345,0.48531067945995265,0.7266324411730979,30.833654244183798,4844.027447930938,8.272154242250126,73.62141926060173,5.718832923102313
PLGA,751.7859095214,89.91239507429616,SLA,336.4067654702669,0.2645642526102967,0.18347954181055326,3.1905816385576142,220.5888639977002,6.579284084687199,54.85288091734466,5.7205075351829064
PCL,689.1194629361852,62.89760206502354,SLS,393.9862032233328,0.24677780973839739,0.6084012287491208,24.482720164943295,3222.929483857451,24.0,51.66712615251442,4.129721190424129
PCL,698.449359798708,50.36399645537762,SLS,178.4722046567275,0.4051371690873907,0.9715255093015703,53.6470421490107,9544.242965258267,24.0,55.93075791724659,3.1746003388094857
PLGA,257.6746962670789,48.87698172985014,electrospinning,208.47460764794752,0.10112464663133947,0.7786217733670734,30.241159554924543,3130.4428828931473,7.0746274508484905,61.59277487502494,4.559305053506412
PLA,141.5903595245657,59.54106241883208,salt leaching,317.4119250407162,0.15527820784773866,0.6216845001999033,25.281438406196,2682.7564334316235,19.802716106589966,71.96405936242198,5.640868667068408
PGA,645.7488678650292,46.36767277950216,FDM,114.75593015282709,0.46784647108381533,1.2270600658967994,83.8920956304719,13955.381654567282,2.7596834313555183,55.55080150512765,2.147297719124412
PGA,562.0170343221235,88.34627569837022,freeze drying,346.1392178454807,0.3256586997476224,0.2397831964081691,7.123164858350435,466.3540010961199,2.226440397516214,66.79715688049893,6.485013599766874
PLA,62.69687875270506,91.001872253923,FDM,191.48860826098667,0.3214665544014924,0.16682538909293534,3.33850097983752,223.07595757877263,19.946557206238403,70.49626831090718,6.686745247024347
PGA,693.4065006593221,61.67764157146666,salt leaching,218.691099996284,0.35168608207148555,0.8046666134383751,38.85418554020503,4789.840530484677,2.8591635687741936,58.28082051726806,2.983571847502946
Chitosan,453.1758813120351,47.03293720424273,FDM,227.0771876404131,0.08825464703356603,0.8233441941908768,25.2507083069721,3360.879639103924,8.828616880938936,57.86042130453027,5.796056541297244
PCL,539.7067889165412,65.8477003025343,salt leaching,66.33549674244729,0.4421631551160075,0.6938166477393952,32.76500257179726,4944.782620923585,24.0,77.48058384725383,4.840061976723225
Gelatin,622.3004492215173,89.27188486030617,electrospinning,316.12030032021124,0.04381163512056083,0.15328984717443603,0.807613576101436,47.60861538073915,2.3650526033601733,63.78773347978301,3.721524977711607
Chitosan,524.1642261853309,59.20142745336612,SLA,326.8304830090923,0.19692281545252172,0.7117779866685986,24.73405164078017,3648.1383936853144,7.908122920084801,61.29671724833095,4.865546832176666
PCL,406.7271479819574,52.37598346556559,electrospinning,252.32547579036972,0.2309318790830691,0.7658029570562648,29.414891019564898,4279.608370153878,24.0,77.28956073152516,5.828660806510142
PCL,735.963942027845,38.65225485945332,salt leaching,354.5129388692051,0.3758528094898612,1.1647390153164559,65.99074731830858,12788.916003963643,24.0,55.16580633954327,2.821421363563291
Chitosan,522.555447272174,53.54294415653468,FDM,396.7936945115577,0.07052923180564571,0.7077389398688673,18.031417058668886,2091.310152956943,7.41243632231895,57.85963900897459,5.2119366424378075
PLGA,210.31584234777688,37.6067402526989,electrospinning,177.45341158006366,0.17664869381370485,1.0355622304660679,40.47653331739345,5957.323046450929,6.8547404762251345,64.79272795271588,4.329587003522363
PLA,209.15833768909218,85.40137430066144,FDM,118.03864063188627,0.3772358678425632,0.2862090506602737,8.247258431790064,740.9870602402913,18.37783494765048,73.50022241004406,8.376712149470169
PGA,644.8860659668371,72.59642295291216,salt leaching,171.91213207051513,0.0682797861418707,0.4495867169812623,17.02725093749935,737.6837868226078,2.7148144405238104,60.611627762584135,5.426711295924337
PCL,399.84778447764586,60.70821824030616,electrospinning,137.4992115467538,0.07332873541034715,0.5076592953510713,15.68555779906884,1160.2880074584382,24.0,77.00360858279092,7.426440476617976
PLA,693.8654704410758,42.17275074300884,SLA,171.61483267588397,0.06174754522128149,0.7852580829373915,37.821009728870756,3198.035917729893,18.906882582141503,42.03597972442851,3.253172312123623
PLGA,303.9480156550045,30.72521009528639,SLA,120.24553976103039,0.034277034524036076,0.9712612567334493,37.376943298992806,2664.4771981408167,6.717672456405456,57.39946604210542,4.362876967731597
PLGA,245.75042680993116,47.30681423332929,SLS,94.21677449765087,0.054200500861558434,0.7577822360692464,27.644898171425375,2137.674849901163,7.03946450545811,61.83030761914957,4.931675530600666
PLA,706.5918514307302,89.1628297517759,SLS,274.00876687532457,0.14197027562229758,0.16376733157770598,3.005939256950602,158.75416144479888,18.83658530580344,48.62559931693412,5.765004435269382
PLGA,233.01507202963285,86.73310149070501,SLS,368.95546713541495,0.10168070141729385,0.20219311460818756,3.6341849047787633,192.14764940285673,5.167846942283423,64.54744011696162,6.601356727969118
Gelatin,63.304055681438804,90.95966836123493,SLS,145.02599585390826,0.5182260555321244,0.20637331442879908,4.302253633588504,376.9883649443652,3.063826654314149,59.35302957196647,5.356646162821506
PLGA,294.74454874462526,56.771461990032826,FDM,327.79774144079755,0.5221664668434451,0.9878245319000057,46.394200776525125,8101.513029261543,8.018843077233615,69.60816238055368,5.818350385117348
Gelatin,783.6310729517355,87.53746408522775,SLS,191.62004066704046,0.22084305801529325,0.2177849966062123,3.6097159997279884,344.0773041279255,2.392377674952521,55.391402059990185,5.489025032306643
PCL,213.87295554322282,34.16839440895392,electrospinning,363.24715706269455,0.11921940474758223,0.9111324009019272,35.1867283631452,4456.319108926633,24.0,58.56640812163383,3.8157032608241517
PCL,626.4681724162234,66.91273976828288,electrospinning,305.771376414102,0.5054069684427126,0.7141358940032958,34.10291726854089,5228.353327652655,24.0,67.42707213018734,4.708383317285483
PLGA,332.32950259827686,33.8628478662945,freeze drying,105.27092410936872,0.17191358756842953,1.0920325778086981,56.829512409851624,8513.954182153006,6.405965522882524,75.77879098405727,4.499478174185336
Chitosan,577.3678886952497,66.95796240639197,SLS,228.17897436788812,0.12008107063123623,0.5320236831868775,11.271306410756907,1303.82310669982,7.425087472271971,63.29261594251606,6.996542858926075
PCL,242.607350414825,45.622716104032506,FDM,147.27511651525546,0.2679860793623997,0.9147956207178404,46.38283947565568,7612.869429362842,24.0,77.96849320361714,4.586337134086374
PCL,498.0165727480815,30.265163123798615,freeze drying,158.88924833486968,0.20905502901978754,1.0907611700867368,56.926277789082064,9638.759125180957,24.0,62.553769157569555,3.449326381601651
Chitosan,192.61000004366957,52.848805377498394,electrospinning,231.99689082034857,0.29955402962154953,0.9072925058512274,33.32210794395683,5813.469183224556,9.24248569644757,83.63137139706052,5.977799198496185
PLGA,108.18057843819105,85.56675252536047,SLS,383.6294146523409,0.40814364176793927,0.30002968734192476,8.555550349031355,810.6131635667798,6.963128178710472,63.07473143707538,6.887644089538101
PCL,261.80365797817086,71.8381020498142,FDM,228.31451275876117,0.27705387809544263,0.47889111051425026,17.35792436930491,2073.926249880137,24.0,79.74255121696399,6.758102092242269
PLGA,138.2024584218502,49.63212138058255,salt leaching,284.61629228302775,0.2205189236716942,0.8759675473923205,32.93067860576236,4758.616296377089,6.22199591667322,72.04417409952762,4.262717590923358
Gelatin,432.17989311953096,50.07714852821314,freeze drying,367.5537469722549,0.40045595181874494,1.033812748934647,43.528616569985225,8810.044136606895,3.05691130838239,76.58953551625665,3.6006710955806334
PLGA,133.6694911654271,94.70623886491433,freeze drying,320.53547216891354,0.05675723584466919,0.07637471162156217,0.723732298249094,18.14523471931201,5.838495746490384,65.13442455210638,3.721978915693373
Chitosan,115.84296928913191,68.65016045091822,SLA,252.37548848056323,0.4263124973711495,0.672782250518338,25.632057328468765,3888.180809358514,7.8792394032605255,74.48519153458474,5.7772865643574125
PLA,439.0788924838647,68.91072420008133,FDM,50.337289821422395,0.3116177186706577,0.5705472316369581,21.932447220193584,2694.307849827846,20.69837218073177,75.06658496038247,6.124478713945807
PGA,318.1966952297567,53.23552346715717,electrospinning,307.2938230253685,0.13085535776355,0.8146304843312459,39.40590790960672,3165.0322872286724,2.266020357902629,69.36055833007725,4.142116740325168
Chitosan,710.8901198268892,60.129184091463735,SLS,380.07205248882286,0.29088605859107636,0.7611540513372863,32.156484590736,5127.959244015287,7.584080098975893,57.797193040284625,4.537688574312581
PGA,361.2849205764406,77.17027924406327,SLA,126.26714640178601,0.5079269533133343,0.5371471818044576,21.004091208873927,2361.567071610182,2.3602413169414134,72.48625499731692,5.444562237441162
PLGA,368.5287548690814,90.24653125908615,SLS,373.1904079817433,0.24924654081767705,0.17469791316634042,3.6201129843802335,240.92767297932897,6.323758030860363,71.2798376469274,8.68564138260213
PCL,70.5375680882009,93.57616903817713,SLA,182.82570756456818,0.12428024594304643,0.08955988811410157,1.0192727343767456,41.21057730156875,24.0,62.71529762693209,4.258320324688369
PGA,210.392774738652,43.80079002671413,FDM,152.59746123117145,0.19286284749717855,1.0354354951244178,55.16383324941682,6023.101287121522,3.15182895020913,61.30603412884556,3.1422975692888175
PLGA,601.1311181390481,93.20056786274519,electrospinning,362.60192705544404,0.3920917616171234,0.1393670146161455,2.704407258346045,173.9084706691248,6.868105828446958,67.86259403623235,5.982993942881144
PCL,413.1552854890187,87.1670791214997,electrospinning,335.0557998036197,0.18644808679392408,0.1949100486516008,3.7293036735569416,258.2882470657569,24.0,79.52236705840751,8.114188324642887
PLGA,281.20343702641276,63.07487578237818,SLA,204.79572234336533,0.13917546125929578,0.5878138531464344,21.872756822207236,2233.24787189031,6.356083818728638,65.80114150886122,5.652229631281666
Chitosan,107.96977888556366,89.47390118687956,SLS,83.77048746734269,0.5194139738029406,0.24304493261407906,5.785902257730955,523.9617833171264,6.86582286509813,62.016703041811866,6.652249962498988
Chitosan,62.43310376419116,56.56980861050931,electrospinning,115.39054733147739,0.18016478156087512,0.7449530209874748,25.884776094792134,3849.910986504114,7.779512440069056,62.866760817986794,4.940191529723461
PLGA,635.7029463486231,39.44237111526331,SLS,162.89065962500487,0.07541176252724209,0.8941305383243734,36.77342134858398,3589.3882128217324,6.547606896396149,43.77704016457389,2.6943482899080484
Chitosan,745.9687848492291,51.66248345863517,salt leaching,274.69221666198234,0.2949099731743412,0.9261915064433505,43.20383822794619,7607.444940520818,8.22527304808277,58.194862417760746,3.4556265916744704
PCL,370.94254014820183,47.760357230335416,SLA,363.32662037134287,0.20420248409916467,0.8120265793941299,34.37014517855272,4989.159574081311,24.0,61.47619404809523,5.445461994678204
PGA,149.41429995311734,43.39383218249885,freeze drying,207.7634196313175,0.25286344197816885,1.0979551805985082,60.51335125940367,7671.907400231182,3.1617841415069075,73.35569723090848,2.899124075377698
Gelatin,394.1227766356836,37.29266425560576,salt leaching,378.3833418495188,0.46162862810785554,1.3676040572450237,66.55300428826062,15248.538679907113,2.8121013468718505,65.71342441291222,3.0634458116337506
PLGA,794.6635527347747,84.84201509477923,salt leaching,80.05346858256466,0.14371308888347387,0.24254605278876637,4.911986084167652,325.97410852395086,6.336442555805584,57.56180900893212,6.100419003176931
PCL,733.2708232883075,77.67684727220399,electrospinning,345.266994572398,0.254432100283957,0.3694786177347926,9.75234561271203,1006.9113814479739,24.0,63.20985893245391,6.4129372608358555
PCL,760.217277705397,47.627011934020395,SLS,283.0945710164877,0.22717185628251346,0.8382189751615773,36.380557827052264,5515.9270042963,24.0,52.09463505254169,3.423811092522289
Chitosan,559.2296840042798,69.90662368507873,FDM,290.9102490537527,0.3340801981302728,0.5972452880386085,23.13887417899712,3294.8206078059047,8.89124911819742,72.5391568044917,6.526683483143385
PLGA,286.319641974906,66.33113834235246,freeze drying,261.76264222931945,0.37482216479636593,0.6795817708032307,23.930778967070786,3380.4253742977066,7.487837220259825,89.65602857578939,6.898699044837737
PLGA,657.7169226882079,90.57030071467864,freeze drying,185.12368917613122,0.08083440273157237,0.1401545888082841,2.2093109743624604,88.06375392504928,5.365248651347166,60.54793975319176,5.08462592795708
PLA,445.84355416157496,33.473929517536845,electrospinning,397.16047167800895,0.3301953845387952,1.2444853611964506,70.92220425110287,13006.49687367076,24.0,68.04073470239159,3.838789630922018
PCL,572.687408976034,49.696069692719966,SLA,127.46578441970108,0.23922617015265185,0.8172620346686383,38.4277182467112,5822.993060673009,24.0,54.68980737279775,3.7602126665272513
PGA,281.4720785530935,60.27156835485738,SLA,309.3911190788092,0.11644240124522838,0.6827874026218528,27.811989132211895,1929.8016775722754,2.736490668121699,64.107985302897,4.896841404461508
PLGA,590.2462259971246,57.473863362504616,SLA,173.67175072186393,0.12500857568021168,0.6660722159836983,21.64237964613028,2258.222393797741,6.822063519233591,55.3721016148829,4.526955159611461
PLGA,380.67689359461025,62.77485996949977,SLS,271.99735518242466,0.4986556573870907,0.8347986091942673,39.91320905352872,6396.922786725231,6.566787316313702,70.7575849393706,4.986110159812122
PLGA,567.0402107411318,79.97296928992895,SLA,313.41419735533754,0.0858468894787256,0.2994807865993287,6.368570829708019,381.0534911061838,5.258764158113023,59.75065212410926,7.298155705546181
PGA,635.9553158700868,89.12965129316466,salt leaching,135.26009227979574,0.046310883482254366,0.17447166554303511,4.161436254524717,94.25348430681956,2.1819980516102233,51.40969607215945,5.029207422890434
PGA,449.729878697579,73.67367432894277,SLA,94.35494063899135,0.27671800532562135,0.5208092696685879,22.589634358028057,2047.0735783501386,2.205552468208036,63.050320303675726,5.705504598755055
PGA,398.0977094144418,70.93709178595564,SLA,346.1773397094661,0.09550602723911532,0.4896285587122013,16.26397038290856,865.8331767694135,2.757796241145208,64.69407609319086,6.088864314820287
PGA,138.7149865648285,32.551951830162054,SLA,289.7508443050959,0.4881491541957606,1.5653354011919538,100.78047472975535,19149.673597781162,3.3705984920667746,53.25983111097654,1.9497977076981654
PGA,699.0931087875464,42.285132685147836,SLS,244.6217793329915,0.05571033187290379,0.9351255633934367,52.52866997450607,2986.963900463677,2.5655816046611655,42.077154548306545,1.802648703732365
PLA,358.7150240828831,53.357731160380126,freeze drying,109.14357195305426,0.26511083089671406,0.8145427129685956,46.09256339786984,6536.122437593744,21.49227932429356,82.55351435726949,5.657571191308825
PLA,530.9894736657707,77.12665251150189,FDM,61.10584179464736,0.20199293288320752,0.3718763706488935,12.984405046655887,1157.989268605375,17.192968707625692,70.59978323915242,6.828193246672963
PLA,656.2925211211306,46.96321508474154,SLS,100.76183871765886,0.052927626762016476,0.7112719560412608,30.156694922829626,2291.0522237326572,19.26187651405264,45.24508437277511,3.5336207712231302
Gelatin,418.591869084934,84.12769607586324,salt leaching,306.1805874992835,0.572266747671324,0.3777735543807438,10.779423584528018,1258.6059802777747,3.267709041230077,81.42778481439807,6.410915520529778
Gelatin,207.1112015755672,56.106691582738485,SLA,117.64299171266335,0.22101723187035807,0.767180859065301,18.60157005996562,3327.914792649347,2.5898854829833082,67.82560967104295,4.387531872858153
Chitosan,132.2800602285188,36.94429527357432,SLS,186.64796782084886,0.3673505952516729,1.2881420028121178,62.28528844622743,13064.591254909878,8.12533596598514,56.51226032901104,3.708356971954038
PGA,447.01792062046474,45.09269960368305,electrospinning,90.22526954029051,0.30140519009626415,1.1081810901443676,63.99700081033839,8749.164740710254,2.6669516393619164,71.18015653616564,3.3938591620893694
PLA,110.93718625216465,68.66880464851208,electrospinning,196.59434126334244,0.3033509994487681,0.5700398963530007,25.916672261574718,3165.560973026694,16.412430801377486,75.76836672046633,6.1738745651089655
PLA,199.38703128414798,56.67385212538413,SLA,235.52484562346478,0.44283230244355687,0.9037009939943665,41.665957057783224,6781.555817316849,19.837359937857123,71.63626533461564,5.0263386393774825
PLGA,268.9944924196537,68.64134617369261,salt leaching,333.43945011029865,0.07626227160354632,0.4634917886440633,11.460562450153027,809.459356703723,5.8668213661474535,72.15877284088346,7.055340419708426
Chitosan,551.5178235850225,43.85898290396564,freeze drying,216.47625531657184,0.3150158131243666,1.0954671319718652,44.37451772304056,8532.89426250138,9.09752134547323,67.40337762787476,3.9228619396482958
Chitosan,83.67877147045049,51.302697314592784,SLA,360.45899776330333,0.21471018175699233,0.8647388550322345,27.96130274890416,4603.1788171757,7.246988003824161,57.405221049032995,4.0637254321423315
PLA,238.97160772342195,45.8744091344969,SLA,286.5610650972146,0.21964942475493024,0.8982306352864922,46.63944564506879,6620.13430183542,20.694931500963605,60.91227036482753,4.854600143539076
PLGA,431.4866462120019,62.989791817700606,freeze drying,91.03729824545817,0.40434454668291175,0.7668010425298397,35.725305790725564,5406.244586094184,6.5399516002702915,80.41316258735039,5.243870506047402
Chitosan,338.63458863081087,89.508929674544,SLS,178.64915873780495,0.05312266939663068,0.156627973615414,1.6376134778585834,82.37379496945043,8.04031120242723,71.01350065988532,7.398707723101203
PLGA,473.58634619980444,83.75091486149235,SLA,193.3110574648152,0.17305730829042082,0.2686353560021641,5.722666212537184,426.1460523786449,5.940646609238467,69.57692520197313,7.013308472135971
PGA,145.9939433048649,31.289276601094016,FDM,273.5018870404932,0.1684727628467955,1.238803411616355,85.43284624693148,9573.067579721368,2.6241047326292732,55.24720205727059,2.193525806489492
PCL,749.6373505765293,90.21927695205754,SLS,211.56035696280233,0.33915707602347217,0.17849916757716897,3.4548864331345586,259.5280529715715,24.0,52.25698894502118,5.911029870875198
PCL,93.11094155954265,43.178432323671856,FDM,102.27198210672735,0.5385857743207694,1.264202874796715,77.15286270976173,15718.318815666004,24.0,69.74228212256384,3.266875718794387
Chitosan,293.98912093072886,51.09607592561641,freeze drying,271.14557732486657,0.13152625798249892,0.7972175643892386,21.863972094401756,3161.241820150439,7.3839420963330635,72.39409649448599,5.42228292265529
PLGA,64.37967878981533,47.30530148907198,SLA,157.24064023678605,0.3023905129643163,0.994521182175709,48.10140851231229,7953.956616182882,6.575464111082193,56.590204974997654,3.4916838840227844
Gelatin,790.9171002377949,44.50072741530285,FDM,360.8971240003112,0.026168353748417878,0.7753820226533836,7.767058857715587,822.8421102036415,2.9179081570647916,49.49136518484467,4.33655501523814
PCL,168.9416555619665,82.96379798771612,FDM,315.01762805620723,0.16397811343563817,0.2510754765756093,5.125165882248205,386.3610545755523,24.0,64.64569852555027,8.378003509161644
Chitosan,407.7744552364134,82.85990035126342,SLA,190.01850255436102,0.17472214659371102,0.2923696076428161,6.541029590207006,606.2420312996741,8.297127551365977,71.46767944381453,8.449769442561694
PLA,329.7409159032445,89.84224537379868,electrospinning,185.6819531568923,0.0413069993939611,0.1339702569208968,2.3140569821325574,69.82610730681999,14.422507220172873,67.83291294986022,6.752918387008449
PGA,252.42368688060412,60.96939311812727,salt leaching,151.0063637676918,0.39981005792198815,0.8499665183030374,41.723987015938114,5516.266857992922,2.563742181045889,70.18259579284123,4.494620726220893
PCL,403.00593249980824,59.05346709322981,SLA,50.64888476853234,0.6931493350489212,1.0378981460230934,50.13427414805608,9105.668065130305,24.0,73.627335521278,5.34075522651797
Chitosan,274.45738076023383,49.513036247096146,salt leaching,397.18978096782945,0.1230709970887078,0.8155534094990519,23.84669093607054,3435.0283563147927,8.22923907443137,75.36530647590479,5.997004092263708
PGA,664.1318246734646,42.66543323986447,electrospinning,152.3197447243513,0.1103444473984884,0.9797089990229317,55.43315356740462,4485.4922292205265,2.350976180758617,49.03450615720282,1.9186696969153734
PLA,205.47792830458735,86.53777798932899,electrospinning,311.72428632538157,0.36506869920879365,0.26080109820012753,7.180644164145756,612.8952352570532,17.212880577779604,71.8547001107269,7.560128252101038
PLA,414.73780099365297,85.10106668456777,SLS,124.9760032535439,0.4107815361984557,0.30164272136846315,8.071791293893458,752.8561272940348,21.093261860999295,67.50759098560009,7.437282420994709
Chitosan,647.6770124706927,33.07935729279102,electrospinning,395.51859104654017,0.4650629694633766,1.4815294721776402,79.36645501736315,17831.613087934882,8.781601511594378,59.93307899740071,3.2930293525721996
Chitosan,139.20794343503715,92.21519995392045,SLA,144.62968390767034,0.08656954888465128,0.12078091663767435,1.4356443328880168,72.80772347455675,7.922090753397537,61.45860333770642,5.354494746985127
PGA,62.94237916007604,42.75617453470058,freeze drying,50.885288878167614,0.6357036208052954,1.465350264915084,108.14305169561182,21068.68388258196,3.372045510446632,71.49851258404755,2.2443399476729997
Gelatin,142.01340352501666,73.68178071953449,electrospinning,344.60938096507994,0.11950155154746821,0.41190718496996265,6.2875986752849675,786.4214859107777,2.837133056975039,66.24540008378278,6.052131351834867
PCL,246.16059185214965,41.0186695706972,electrospinning,262.4917945505877,0.5506441803680062,1.3265146467582398,76.72505522542285,16000.44147952786,24.0,67.48644218235297,4.0125212847712035
Gelatin,211.71416872183121,91.56235914766866,freeze drying,222.5226228227648,0.37478942887313205,0.17083024623594678,2.6342577304286565,218.06912217536254,2.5881184702244315,85.37285177809677,6.087031025693443
PCL,797.1469342811217,74.37497742058684,FDM,267.0539395490039,0.5715048385541808,0.5870352375977854,23.042984329160372,3191.9531472383965,24.0,68.50945683225024,4.611827630127232
PGA,272.0866735973164,73.37620061409741,salt leaching,242.3080230601274,0.339405350042338,0.5537315417947836,23.3170045627198,2354.8031539904805,2.920346557295429,85.6176440663855,5.547157074498735
PGA,260.3810560441291,30.409821510746742,FDM,349.3336701330391,0.16686543429127926,1.2528472956530485,75.23369938561169,8439.019036258105,2.815063043038698,57.41568989856732,2.7344093217262793
PCL,220.51232962233715,92.88222639066767,freeze drying,275.13343838238603,0.2952227859065929,0.12363015336256554,2.11169881828983,129.5667944342598,24.0,76.37098380676929,7.321359874062462
PLA,682.9997730702472,88.84460823686712,freeze drying,240.29292361322598,0.14531017174701383,0.16928780301926355,3.746824451807782,202.8243285581997,16.721681258253124,69.69399996330026,6.978331171110917
Gelatin,210.36828340212062,64.62506837521587,electrospinning,83.53053081019974,0.3631813064441506,0.7088168268260943,27.693212308331898,4682.093966956005,2.8005153510466503,79.81876088186766,4.753310286469469
PCL,101.6685505393874,75.28733913831205,freeze drying,176.67580649245755,0.21100919594601522,0.38751267076345935,10.746293908479068,1087.2420508675925,24.0,81.9630295489442,6.865102285085296
Gelatin,778.904401197166,85.03742671100433,freeze drying,205.69752137385748,0.28304075677691476,0.27822506460829455,5.860979969349496,629.8260324011363,2.4345185415673876,76.05422298667838,5.944297260787728
PGA,555.7015172107375,85.67403153517928,SLS,89.31471629667254,0.3612534576896476,0.3030272689230002,8.942410427775734,682.795630511724,2.905008724647382,64.46305627448588,5.842335596183439
PLA,633.0483841490158,58.2717076638608,SLA,399.3204095072875,0.06741693838086213,0.5711628248895603,22.532680034365992,1680.1201197113344,19.348628322023224,52.57055379244844,4.4813949351333155
PLGA,213.5207801711438,77.61168333385095,electrospinning,127.54334465668494,0.044448034967743556,0.3180150552714283,7.412912013016233,339.28553405400567,5.902430477779376,68.57580563851108,7.409625294728752
PLA,288.5737069065621,32.88367576596191,salt leaching,147.53054945943046,0.1858250006792649,1.070455538532928,63.53088384930898,9374.979827246707,19.31741954211951,61.96392676247674,3.9398237284653996
PLGA,379.3333955004413,68.68197958037933,electrospinning,164.68551373065722,0.028909701701334063,0.4360491163934731,11.080787923937367,492.3875305801565,5.584385719125855,69.93203581276185,7.8423487629749
PCL,334.1566807976239,30.824102891774626,electrospinning,165.02533398303333,0.03672905235733798,0.8430063630815949,29.705360550893868,1840.3798833711612,24.0,57.24246138198777,4.307801718019032
PLGA,370.2743063813165,55.67333396416176,salt leaching,62.25434375380555,0.6097785945063084,1.0832104081523921,66.99513191275878,12263.564224324702,7.534288423424449,79.98945580730444,5.370093497467953
PLGA,101.2628748376516,77.70826249602769,freeze drying,84.69109121114404,0.3134942095892265,0.4251980669413564,13.39587692617918,1457.725263068126,5.4950476566721225,82.79148956690301,5.9500538403652286
PLGA,266.9564473777781,55.297867607714466,FDM,371.97485695417447,0.08977088644465277,0.6716429699764989,19.950164222061783,1822.8205892073534,5.411604361289073,64.49841277445583,4.935927585318972
PCL,797.9731330530984,56.13599724068987,FDM,352.3609369672536,0.0466743811862363,0.5432917015562013,15.193335296870616,884.366864027693,24.0,48.917552284752674,5.176049693713256
PGA,598.9263606939547,66.21595422481751,SLS,309.8457731193766,0.3112961525078761,0.6872687645089134,29.96554818979042,3266.0997972298997,2.9876801784678255,57.78038524668543,3.7808014766213938
Gelatin,149.83120827998818,32.41224112740275,freeze drying,199.38010060405722,0.6099784545422332,1.6545221254355025,109.01261099293787,26353.333333541792,2.8689009333062696,65.72595322232746,2.349164580867371
PCL,261.44972586569634,41.71599849315146,FDM,274.7993055789483,0.5380778216380829,1.2961464550248896,70.88910354824338,14623.92317963725,24.0,72.8658184193908,4.354672294040677
PGA,222.57414037038507,54.26381354840245,FDM,67.72023850257199,0.004815993321336038,0.7033319484390497,30.63665528819205,803.7400416737777,2.2359422991917146,64.80598007032292,4.974280607700326
PCL,758.1484794731654,93.16217582113342,electrospinning,320.2118536536967,0.18332265218170574,0.10342632452364375,1.526397274007053,76.60889541063925,24.0,62.84275697437009,4.957612434121504
Chitosan,641.11473396094,84.80513363386972,SLS,337.44813549297663,0.06207132552292859,0.22923352531438979,3.3551872154985887,213.53988164444266,6.886126678164709,51.44912324336041,6.438629026415805
PGA,430.0545957247836,55.449872826296925,FDM,296.4467344372026,0.2620093815061446,0.87071227627985,51.68938795541952,5922.929475887767,2.9231894459168313,63.88253014597454,3.8613183302988867
Chitosan,181.74045059776003,90.62592673438748,SLA,76.95885308127474,0.27846949315068037,0.17691891076164346,2.8309186209235615,216.91135446304006,7.882987471575766,77.01753812923512,7.792872099472152
PLGA,104.06929388366943,45.255969453429515,freeze drying,221.88418212150697,0.27858389058569,1.0096095801137435,44.727748611521605,7334.073073441185,7.638390920475434,66.03917734786359,4.1926943581911695
Chitosan,678.8074945745075,62.13016334024725,FDM,348.68088231437014,0.08225135039327182,0.5846875043141911,14.451356657250285,1590.1934579439458,8.54981245426872,60.44978590318323,6.239701777384654
Gelatin,93.03275851541372,73.0721314047834,freeze drying,317.5581321803842,0.08929971380566418,0.4068099432965128,5.07613221002515,599.7759446493609,2.486600762246469,71.83719057766498,6.5443956831708805
PLA,394.5408583280317,69.3713451353881,salt leaching,379.1790067659606,0.7091430789826219,0.7946492038827182,44.37283983802642,6873.854545877482,22.325888545044734,87.46882378008414,5.727859126966275
Chitosan,643.6988491058861,50.934508464012055,salt leaching,398.52995193200036,0.22029932421648243,0.8760760374890657,28.330921495229543,4710.708194234103,9.262722435087563,60.12361259931164,4.297951666834562
PLA,234.51313840518063,57.23365811895545,freeze drying,179.36223657847728,0.11151347832733027,0.6213909889101317,24.014112397050894,2263.5318708948093,18.695267269220047,74.1093910630756,6.1294437751168624
PCL,80.88229831535425,40.96788912032896,SLS,112.68764085115842,0.43677896391469295,1.192886553338019,59.44366752706286,11758.463533732624,24.0,60.03117568202058,3.0083704642347504
Chitosan,523.0839029469789,30.646809088218,salt leaching,330.6196719094005,0.0641719849486053,1.0488289814231988,26.464035893034943,3637.2789934944058,7.689803880258033,59.954233136072446,4.427247444320154
PCL,587.0905978482459,76.06018106356464,SLS,399.2037843370862,0.23942925131344625,0.3890353799590148,10.509661490104907,1098.9737655213023,24.0,65.37652188885349,7.122050137588694
Chitosan,337.02479157652704,30.670627704728886,freeze drying,59.13644429849445,0.5795728925289342,1.6737861468055442,123.27182472485349,29076.231266684797,7.937185012056432,77.97442839488326,4.9261261997588495
Gelatin,112.17510015040745,80.19408429450664,freeze drying,221.6213724192947,0.4763858638716228,0.4372145107605003,13.875979786674268,1790.4002311059123,3.0818851101621614,86.6701241079202,5.677527690022247
Gelatin,690.6692271981779,88.48986486281629,electrospinning,323.61368261703547,0.25439435051917175,0.20809286469899155,2.8675070496131014,267.17747749545725,2.8941539576017274,67.75614624631517,6.086799420773721
Chitosan,335.0708341516841,40.82209593359972,SLA,393.6167242287871,0.046181689403773804,0.8763170296699183,23.21808131293233,2653.4730241418374,7.256632483690397,59.13849506611549,5.6230459472915415
PCL,794.0165202658873,71.85893079366923,salt leaching,156.07632444344688,0.11555035333731253,0.3874120377386171,8.959610833502701,729.6865945433156,24.0,67.22225757790336,6.035033980959619
Gelatin,309.8971394514628,72.00327225626532,salt leaching,106.7779756261759,0.322251304600533,0.5403515012597782,14.892903443512475,2216.9060475668116,2.9484095297547346,80.5223436254817,6.0282196455279005
PLA,731.3561495478068,45.28787970668393,electrospinning,287.11037238501075,0.1834420854855582,0.8701275456928235,45.040481460403896,5968.460769346515,17.268587059913116,58.657845714567664,3.1448656592798914
PCL,213.50948594960346,36.61691814280884,freeze drying,229.17139298023275,0.04376634225866117,0.7813559026269487,29.495261353643883,1975.068211208134,24.0,69.19123355491502,4.411779038663685
PLGA,740.0890468926779,78.23938766082608,SLA,155.67352407191973,0.09609405470533192,0.3294404903979424,6.527033868861325,430.0894588117937,6.065243720208709,55.48636381522526,6.137717308509689
PGA,273.8553832878378,54.18554727802921,electrospinning,333.10083323820476,0.25587132910306737,0.890867326189778,53.67917313390158,6160.648566289874,3.067029003808212,80.31500647134692,4.102311418018197
PGA,703.4129430057512,32.87711788957293,FDM,143.13071717399336,0.5181521693443538,1.5904139413357767,107.7963694585443,20956.80792765409,2.929454131424919,45.06544635151386,1.2280740073455911
Chitosan,413.32999052379944,71.97024517193442,salt leaching,69.04308973555632,0.06581024374976871,0.42469785504884,8.506915132963671,749.3959048982263,7.832630302282699,78.28826923046284,9.124307968139982
Chitosan,429.1337515713798,72.56899062225555,electrospinning,154.1582648795745,0.06476925074109365,0.41512613496661954,8.420491681885972,730.0410087068672,7.201335907596631,74.67482439307099,8.460599840853922
Gelatin,198.49513046676716,67.04859332207457,salt leaching,309.1271893139749,0.4510796470429565,0.7123907502412488,28.850902481671046,4784.416764431156,2.73571249517384,77.34625246876571,4.86712024665938
PGA,358.3852927915233,83.67510605281541,SLA,77.79722884903573,0.01046919524482204,0.2525395951256865,6.52700116019318,113.80018350249583,2.589925937011477,57.28847604786916,7.339743544374524
PLGA,229.84338034655735,66.31598182092986,SLA,127.02009251025022,0.19060634092793588,0.5675748564963535,17.388552049752654,1940.162161796576,7.046953789738624,76.25956332107829,6.08916715562856
PLA,473.4334472379236,87.13216648532892,electrospinning,380.9723258504225,0.07955967071748642,0.1791149629898675,3.708575354565975,165.01739735558954,15.269605382249884,65.16503648344474,8.642930824482574
Chitosan,768.5041393158316,48.89008240888211,salt leaching,277.63912689140676,0.07251678535748796,0.7803995674385452,22.698200180247778,2786.186118575588,9.196620458955982,59.41728559518292,4.432915918053986
Chitosan,736.973181865371,47.42283413550104,SLS,232.6800563555879,0.049902070311595645,0.7819952370886919,21.028648678570327,2321.292721993554,7.667856817219832,50.82826527773643,4.2915300155879565
Gelatin,320.4477748644314,82.2771946791602,freeze drying,308.3357749593851,0.19984732933192498,0.3030112674408476,5.304669351214483,595.0148324273806,2.4576345873115053,89.86360771174414,7.398005077015822
PLA,424.29793620006353,63.7562219816025,electrospinning,308.30215117047146,0.4638943507685631,0.7705565694070975,42.35400772555756,6392.608321144528,18.40010806708949,73.54813577220463,5.519847083589545
PLA,761.3939439870746,53.09476850047339,FDM,53.506390045987146,0.10523766134436018,0.6759062307696064,28.940074572684583,2783.8410128727046,16.291114849072414,54.14800486387327,4.096097204359907
PLGA,336.34210776814217,75.48811007897544,salt leaching,326.7389337680408,0.21867236458307515,0.42547664496442106,14.119044030995191,1418.7264739201576,6.497003253571742,70.56972000487467,7.030376979486086
PLA,77.03826037844864,61.10631747919352,salt leaching,176.00194033394064,0.11576536157020059,0.5682802005565194,21.853135660811706,1997.4406152846004,17.399604756598535,62.763958415337115,5.088894423690454
PGA,100.31559287612325,65.82782093349577,FDM,199.7016595752277,0.1278710711084516,0.5936223965748827,21.503404367654014,1457.5710948497563,2.216409721426392,61.28280211792382,4.401461577728847
PGA,602.1613616405198,53.240223722689336,freeze drying,63.488416688928154,0.23227386966557606,0.8913739787690195,41.50585028123787,4571.94547641154,2.518062450658755,62.923276756044515,3.286747746320786
Gelatin,55.56016911047,54.71207848655621,SLA,52.712710302951756,0.5410757263581079,1.0524624509379317,45.0148274059863,8850.613551625345,3.165212858192845,66.86545149266026,2.863974682144809
PLA,172.49966638635777,37.93376660749959,SLA,343.8088005801465,0.10306009820456426,0.8917954393416183,37.12740512282249,4070.057252757237,21.972156194384084,51.24635970175826,3.890570980908711
Chitosan,402.79306742015376,65.57353590025197,freeze drying,192.96102005344397,0.21140182284568781,0.6093322995307938,20.900047994636324,2882.0408670863467,7.762452225406069,77.28616837966968,6.852532499048538
PGA,398.23176260599564,70.60287360219417,electrospinning,354.24444010449815,0.25590683515750245,0.5716474282692678,27.319104626707745,2511.712348205047,2.9238246633806404,78.5684881971208,5.558537865081647
PGA,141.397278678524,74.09112256476536,salt leaching,79.49527942666656,0.17882985600665344,0.47146497405989013,18.370552007047024,1306.4567342842015,2.6648012539116475,76.85630288418979,4.815107317191515
Gelatin,149.43628017768114,81.3881145199052,salt leaching,361.04860005540473,0.23046726751482083,0.32847020099941177,6.204763088434452,726.6417445821928,2.5216765904560337,83.14782079226069,6.40461327327311
PLA,199.3593559956427,37.18507633945147,SLS,242.86345757657375,0.7145379062482875,1.63618265443169,126.22349434342762,28050.123936443095,23.00868414391407,66.2151625726262,3.4298824485423536
PLGA,567.1610041535395,52.382810156681664,SLS,52.39932814671423,0.10487178252455794,0.7284563062564567,23.61449603972829,2400.6754698024665,5.466596304032359,52.19662716280199,4.077280661918966
PLGA,88.26030842421518,47.90082643607832,electrospinning,174.32122579546115,0.20046447415929325,0.8871659308870686,36.79887538667174,5210.828300291846,6.5741851742363195,59.810937322646566,3.6207115669561625
Chitosan,582.1628370097292,54.033130579501076,SLS,239.84584252675725,0.19451440199083248,0.800007488929568,26.523300706176233,4139.527708899978,7.054025162521106,60.354426495046425,4.160521476290058
PCL,303.6196385233706,68.05774008270501,FDM,248.68423249794793,0.18898900132345936,0.4867754288787957,14.173617680270658,1557.718434264747,24.0,80.27812438270006,6.769898462123306
PLA,157.9925119357754,90.62187601057146,electrospinning,149.6356520266243,0.011067248511312312,0.11827112701824724,1.8225798757505451,36.801559261451544,17.06211183728861,65.88300008538994,5.233002055896389
Chitosan,303.3153257259022,34.744713949763415,salt leaching,300.14896706509217,0.3418199142306028,1.3039212396170552,66.167302537976,13934.117885307283,8.928195346807875,68.07527203589031,4.334887754157203
PLGA,683.5702728480721,89.09475138130563,FDM,274.61308876509025,0.09420115306762243,0.16472422608860354,2.883482643708999,133.21512080888863,5.91022397033113,58.05171965880493,5.986821727596816
PLA,69.85877309433631,46.49153031500279,electrospinning,331.5590864370984,0.2902124394641964,0.9601055533121949,51.45182532759727,8082.121453399088,20.09752494346017,68.00484706475264,3.938469762708358
PLGA,81.06540731652518,54.42161780395606,SLS,245.060787974556,0.059417201157677714,0.6597676536782368,19.301125225934427,1452.393604350362,6.164081257243424,56.00680967569545,4.720672916916261
Chitosan,471.7109805995699,76.14512434849287,freeze drying,356.16669824044016,0.25513606820911106,0.44047744479459844,13.460055839604628,1614.3114117356097,7.832813972375618,78.59546157846238,7.660359968223253
PGA,785.20235799949,36.18042292455022,electrospinning,205.2052945929805,0.5775170255766215,1.5735211849383632,115.57641686538236,22902.463185596338,3.3070201658782787,51.69392707890472,1.3983643870887097
PCL,505.7389559706101,36.50020900240536,freeze drying,215.0192334819417,0.1341221783568309,0.8978330493131662,43.17148433566416,5705.502153901137,24.0,65.56711460120752,3.7156184729498207
Chitosan,444.0563735872515,90.16147157874735,FDM,69.5107900778025,0.12255246717692211,0.15883977669729568,1.8306951423802895,116.2640664733086,7.370932560396249,74.58863731536805,7.221763574827523
PCL,792.2316869841736,66.64803018480082,SLA,181.1444401256988,0.10809356892447412,0.4541629800161541,11.383966150363841,973.5616212255521,24.0,57.58064062873402,5.499407921075264
PCL,740.1974442714981,35.13723245107628,salt leaching,243.03242515024837,0.3849182658136778,1.2432643116513653,75.56585938722125,15157.780185892345,24.0,56.35985253072044,2.5853160502293853
PLA,235.61406110530814,57.26240900603048,freeze drying,373.44006919080516,0.08758250256139179,0.6014386731237357,27.250784023747386,2305.5824248075955,16.534717083065466,69.16368473148776,5.610273870477847
PLA,461.35178928762963,88.42063859126519,SLS,290.87939154039,0.0879890054582637,0.1630442405074624,3.8755815507192404,171.0282629576563,18.32177981421161,58.378779090422675,8.366727452825465
Gelatin,224.80421982433595,45.666901819163364,FDM,189.06275056163474,0.19630723563618527,0.9254844709750253,27.429453733555082,5373.615007145182,3.013594492525696,66.37389663813254,3.5733125141231996
PLGA,349.1419448293727,65.79283801426338,freeze drying,297.35436643716366,0.028925918491499492,0.47628544239646214,9.915864818414613,460.6106505876228,5.327092820890405,79.05985968018337,7.513824355901609
Gelatin,192.76027197008378,48.28534370328628,SLA,373.85144218353093,0.09793869965432131,0.7893154514395007,15.796134788968706,2647.367531781777,2.9535762740819838,70.38524024493292,4.853418512949651
Gelatin,230.69246286267582,33.92840844653436,freeze drying,149.09578969282458,0.4665493741568278,1.446828360370455,86.39072897785064,20331.896772765027,3.368393877280197,82.60893374674387,3.206736815167149
PGA,116.87540316386442,91.8592231558756,SLS,269.8197717607966,0.08114904856544325,0.13525586970194872,2.3042212761366287,59.501819845676515,2.5946811972053134,57.53644851505,4.924566326759696
PLGA,413.0795315671815,35.73281748751336,SLA,75.29416448969859,0.17142064846297045,1.0605829156986526,43.50741520286069,6417.5206845363955,7.25804063310114,59.4736201249816,4.754807022015999
PGA,133.53742384007086,74.29861009345954,FDM,125.8384300770698,0.745063572577847,0.7034478095905975,30.785719719521754,4258.75606952127,2.947143331721892,64.56914087706264,4.457251100281912
PLGA,535.2066628930088,57.50549311929445,freeze drying,372.55049199310196,0.06589155105800364,0.6201069165551005,16.40628451041618,1254.7024414414689,5.697722025289262,62.829880855883815,5.257476955191526
PCL,614.3773618354858,84.94427412268193,freeze drying,220.78339366537006,0.17005503476887268,0.2237221161454276,5.430514802434596,391.2528233789494,24.0,71.4690994655822,8.105095094700483
Chitosan,87.65458963622991,69.50504231941188,salt leaching,342.40686618896405,0.23056985530361834,0.549975722176539,16.881121946377768,2236.8595152260377,7.56016331777243,69.72037781220357,5.67013040574501
PLA,702.2981238045589,69.54897219007916,SLA,341.8529749129902,0.21665817544665236,0.5036043096452776,22.10011688019333,2339.9691214805252,20.40647171197201,63.60750917529167,5.423028478925064
PGA,184.99726067440176,39.419556145205156,salt leaching,127.21337492453121,0.5315566280559889,1.4485521616561174,92.64673022022252,17294.175289454062,3.312174395730384,73.51972418759011,2.9125709192672735
Chitosan,456.68120469018675,91.81909693198837,SLS,69.17008772147393,0.31098058094909076,0.15905442775578588,2.4492287882182806,179.32739954010265,6.749900765765969,66.65703836748906,7.944297420354671
Gelatin,407.03057142197997,79.17963359625722,freeze drying,333.0705553150802,0.05743827774803029,0.3026008942401785,2.6020515728327727,236.54267999755663,2.607516470196033,80.32442357679156,7.3336510795436745
PCL,539.8410376871686,85.29530833616505,SLS,95.1353620908951,0.33884356121299686,0.2682696508536638,6.962417689528025,641.1105602069891,24.0,58.36466579046365,7.4441679448390765
PCL,654.5295875286641,72.14267052370656,SLA,158.6758454814933,0.19751328598741552,0.4292853858116809,15.422598690215688,1612.5510803686423,24.0,60.58907719719742,5.987326892798152
PGA,709.4598747889753,68.76604141558597,electrospinning,214.6245076955338,0.13977205490782812,0.5486028464443772,23.250926804561253,1583.2609991373965,2.789013648338394,56.38329535418862,4.155950612384036
Chitosan,743.4536864081389,71.32063312673293,SLS,197.23161366818553,0.17255968307462036,0.48811692924829436,12.411502086589133,1483.0707328744784,6.609703588612521,56.801774983267585,5.0765474954933545
PLGA,492.6238455882759,69.93377958993004,SLA,86.7469615988823,0.33310566508003286,0.584162986560057,23.7057000363069,3053.9907353258463,6.0448781040724695,65.59514440616562,5.374255749241943
PGA,182.80607877504102,93.89766307710687,SLS,222.6836523875917,0.08244480445996435,0.10151607170484409,1.8331727970017362,41.3295113056983,2.022161189367685,55.660823355447974,4.043870604725677
PGA,353.8564144216817,80.85751446752968,salt leaching,98.80153704893372,0.3549460085409161,0.40295171974629757,14.959977641382642,1309.2526510617276,2.9759252767368216,83.70094808300547,7.02843439351183
PGA,252.95622224538897,54.96556788184065,SLS,137.54274559328462,0.05180750234397217,0.7268233788576782,38.20421566765956,1854.1392004867596,2.2836439311758854,60.78003626162912,4.325213701945373
PLGA,316.29078437678436,83.03264291371808,SLS,200.60781511850539,0.14789954727762183,0.2727838911673928,5.6950058851327805,404.98354149378514,5.588794473451013,67.20841509215781,7.800846338372236
Chitosan,712.0360183149398,75.02590647525186,electrospinning,268.18366796419366,0.10192014572732278,0.39418116624685107,6.591242430232032,630.3785476187003,6.531171554868208,64.36196753752196,6.325427505649371
PCL,550.5597988371911,53.938931585316354,SLS,195.34884097280056,0.12007056211667369,0.6382873297918528,21.805482846544734,2318.6742100697024,24.0,51.0578540894122,4.772198138571024
PLGA,244.91701080593245,35.846502766220226,salt leaching,121.95493898504867,0.08613782321863543,0.9596782340574566,36.53661039050762,3919.1733782839956,6.147126670218399,65.15444075608234,4.068270949830192
Chitosan,767.9728775618795,67.06607875578908,FDM,356.07212708718424,0.18306280424715915,0.5665819770308087,15.45137570324312,2009.6078918313965,8.518870693931902,58.70822362179943,5.839822846889061
PCL,699.3258015602339,77.41312335161305,freeze drying,103.39874094134571,0.08958260361810039,0.29918873154018616,7.758659431535188,490.9327375848607,24.0,67.01217775645569,6.84220596025291
PCL,410.46134015353107,94.15185960962599,SLS,370.13585648586513,0.11503326970672655,0.08044945822149678,0.9329273213605418,34.553561771788466,24.0,56.27270662720365,4.886239137512489
Gelatin,84.73770435998793,61.2973063196052,electrospinning,166.83107912915077,0.0644662645934405,0.5673966903283556,7.586476718260154,977.3617585445396,2.53325413914216,72.88919017042451,5.094048294019615
Gelatin,398.1385445505425,79.143762626804,salt leaching,382.8894511401792,0.07421844472671173,0.309421719550561,3.1744943885764396,313.58174718503795,2.3758178793627485,74.60406937863907,7.651161794047435
PLGA,705.1284381702113,84.18646197670617,SLA,352.206110560328,0.5213892385098391,0.3611360642329564,10.528773905397362,1111.6222533958578,5.723202190024355,56.43152120691016,6.0427384966587505
PLGA,580.175592355911,59.45643566393159,freeze drying,333.9564037413067,0.10725404659092898,0.6219909123258771,18.910647840839427,1793.0539762534024,6.399322818682618,67.16659129056625,4.852067171192621
PLA,766.5829390411554,79.63901398288245,SLS,304.3234644883577,0.3167802584204105,0.3756704322852178,12.824853739863357,1282.429312966674,17.395521891979808,53.277361738590784,6.188412920418186
PLGA,518.4912006267285,50.96833326296746,SLS,227.18271571347267,0.15574177583270085,0.7952409814551294,30.614546926364774,3785.6186975434284,6.5654668270369125,59.1647082336139,4.099586690234496
PCL,319.4277156911799,50.089438241264574,SLA,395.23079369694915,0.04756449218834847,0.6190740411615543,17.04419234548939,1071.9351687091407,24.0,62.03688269415822,6.704742449504943
Gelatin,768.072288960766,59.04343389003017,FDM,105.52786820964089,0.35169448838387446,0.8121892166367038,27.71105934214722,5027.713523931126,2.9775223699493734,66.902284089293,3.0916923673942605
PCL,314.6001639136604,42.71810532937028,FDM,168.45346450250682,0.24322287353071187,0.9352196477913466,39.50393181660553,6427.190197471145,24.0,65.0403193695093,4.374901051085246
PCL,389.4614372214669,30.324487663368384,FDM,172.87332848652727,0.3093521452091862,1.2299477139126485,73.0718177059243,14240.76700080444,24.0,68.3036782911771,4.531116213935009
PLA,337.19226609050526,63.923294841015995,SLS,261.2434433650825,0.29681311703874486,0.6518746948062645,33.46426053687459,4351.744243943432,21.346530357260594,76.44343359627109,5.704818350053377
Gelatin,759.4892253759389,92.86658774397137,electrospinning,339.4378190252946,0.15521142584574465,0.11623043302965347,0.9995434381018443,68.40477263940622,2.503652964389327,62.162271249183156,3.805611442236768
Chitosan,548.3603703983426,93.99431677236058,salt leaching,189.13729752228008,0.0234430684919452,0.08654341894376529,0.6950394595336341,20.828314351194667,6.5525998517594575,56.12095034940733,3.7598449154639297
PLGA,305.82533804788375,82.30706069214702,freeze drying,384.531671901879,0.23686399414066267,0.3129392336583196,7.158837262697283,629.8381650013602,5.964775050613145,85.33552989246546,7.877378201942875
Chitosan,478.10779943069144,91.14867601154351,salt leaching,123.34492602393436,0.7314273110183327,0.23721528765539457,5.654467128079925,489.87267930515867,7.587759735681971,74.21749841632003,8.552096643199206
PLGA,276.8864209953765,90.53614356630314,FDM,353.9234706275465,0.1362046421432947,0.15014695954867222,2.3797189592240597,121.817537500864,5.077159372582687,74.59535856659804,7.291399870002577
PLA,153.04512581530636,53.324030196886476,freeze drying,95.05898774189316,0.5221441632368292,1.0442793028043893,53.0128665665802,9390.217259074916,20.55769445996851,69.93179410700144,4.44153675236931
PCL,704.0029349217805,55.51591902244314,freeze drying,245.2212918183596,0.35480979365752463,0.825799648426492,43.01595598867274,6983.42238121863,24.0,62.946368296777806,3.6247957425775974
PCL,83.79682498272044,76.6901562650196,SLS,129.72784555929985,0.5551428698495063,0.5263505963784758,21.32993052679285,2801.157516820848,24.0,70.18767082854549,5.205011976907046
PCL,569.6754204042728,92.71886808368096,SLA,326.3325671672823,0.03574896086621595,0.08858783308561481,0.8960593154466158,17.673105286493495,24.0,50.580571011752,3.8329763748246815
PLGA,649.6517312405723,48.655541313788056,SLA,185.14411511078737,0.16675285590422453,0.8429849620813997,36.26550762546566,4725.778701112727,7.2111467722348195,48.26555727311395,3.620822659803228
Gelatin,367.0175302758566,51.11428390238429,SLA,353.21185720213043,0.13942019566650476,0.7826389771830943,14.905059018694958,2619.5877703694227,3.3408532756478744,67.90411049652049,5.603155272901894
Gelatin,673.1153636572623,54.80864279794498,electrospinning,194.09432160767767,0.30781437944047024,0.8604732145457604,32.17041533327657,6058.137641352927,2.756581862959354,59.31627794864449,3.1598011912188686
PLGA,314.0293435503841,52.942135692196956,SLS,186.59656757898688,0.19906011138701157,0.8001243028890661,27.468928384368265,3686.3707063492807,6.825808807049729,69.2118099261346,5.888077675935383
Gelatin,108.84425040565489,62.884181056070226,salt leaching,238.05086517206317,0.25268663242831124,0.6698796391207417,19.22699195484866,3214.5111052187394,2.6818502224361236,81.74515912610691,5.017832668755179
Gelatin,232.2934188554858,44.47352505721531,salt leaching,332.10714950818965,0.16695279396150953,0.9164728140771631,25.656270148266522,4958.409522678558,3.291722687974625,69.80561642061424,3.932629708571734
Gelatin,442.364955100434,70.18021156402344,FDM,194.46937767019728,0.4157356282424198,0.6257158165164451,22.624306660783432,3548.805040117542,3.041951547560584,72.74883904192937,5.65593530435645
Chitosan,408.4163686087504,50.68289689604593,freeze drying,339.2330448910847,0.2547193126666332,0.9102747690489585,33.845873276895304,5834.433196269149,8.263217596892748,86.042616537487,5.348164009255593
PGA,795.6408247426007,93.1404252021179,SLA,320.0955620429977,0.65759683351514,0.17802701600242624,4.073759197379829,278.26912794096796,2.3663588823812156,52.20915909982657,5.291782657730484
PLA,540.4061548133358,58.5855275682473,FDM,79.22171982676652,0.21236762393555605,0.6815257364950634,26.823312532075327,3285.40633765131,18.204169199894995,59.73768830247791,5.615016295821005
PCL,780.5370295314792,72.67599181694862,SLA,192.52970337750202,0.4565370010329581,0.5629720297753482,20.082980287242336,2732.339276443835,24.0,55.615685517508005,4.752192383209614
PLA,157.71458320597378,77.00851970771332,electrospinning,293.95878979920775,0.012621047775045535,0.29063672813404506,6.501864705249441,210.62284981031846,18.71288476302165,72.06188754674115,8.48543189723906
PLA,769.9247735312681,80.3763373272511,SLA,237.24757355039276,0.16406795449325048,0.3048280482548107,8.443464553571662,639.0127429272742,18.687148278456437,51.32862756856427,6.991104843736907
Chitosan,338.42982828260136,49.52574712358977,electrospinning,229.62021159136432,0.06335269600055683,0.762598940240596,19.952703339697734,2329.802897091903,8.577243210767403,75.62256289451784,6.013449484281579
PLGA,406.82783740367444,76.68514097525659,FDM,287.2125570504626,0.20693549643673487,0.3997456728037053,12.184597340141273,1168.7867102163796,5.088753244723469,77.79552409265207,7.143773008122333
PGA,731.3317607430513,66.63677749261969,electrospinning,74.46856772704086,0.13993661359159354,0.5860908336571262,26.06222148297368,1835.3918778373247,2.5381142202877687,59.38453307580669,3.5093771256066857
PGA,582.9652279730904,34.40715273171414,freeze drying,180.43707631314882,0.3718103450737295,1.3986577698752485,88.96964911219182,14737.331997557985,2.6508355277297686,56.38419830201602,1.9864156664442487
PLA,717.3752541079226,84.2220695330487,freeze drying,172.16122415210538,0.05394793478498553,0.2119040049801729,4.260523297206569,177.92092045239866,15.582067130857318,55.802796473626955,6.915404979585995
PGA,522.6564700843136,42.93781317719573,salt leaching,60.53184535472742,0.40899733310392455,1.251131630540904,77.63561711645615,12541.501496050621,3.195020340373373,62.30746006541305,2.4652595756674387
PLGA,190.92302524443133,63.01111569628182,salt leaching,60.47531277282882,0.5127740258922537,0.8389526476998382,38.77838525695824,6237.01320444621,7.9474457987735265,83.94004257668422,5.947592409201186
PCL,203.58368121324725,78.81000577676211,FDM,162.58052166180994,0.05605936554714578,0.2664427813797269,4.86013007967314,222.30500258226297,24.0,73.3373398945813,7.995421857496368
PLA,476.1871534653488,88.0248022297605,SLA,117.48793465168816,0.19591357181513755,0.19330303432665133,4.2379695970316265,270.04766822674696,17.544214606791236,58.07910351542042,8.548298319765248
PLA,262.14282958798503,47.840507978964744,FDM,365.9821068220761,0.22290640892597322,0.8688473856650447,40.860975967995145,5727.309829974431,16.915718788282227,69.32109817268253,5.495198639151537
PLA,222.07681302502405,72.30338467557968,salt leaching,310.74498972481786,0.37236825502319704,0.5404228301043119,24.293743854223365,2993.693987348267,17.249970166045195,86.61883394797503,6.620745715279992
PCL,779.0711838691448,58.076304333255386,salt leaching,210.90264539224037,0.24139083058593205,0.6829322295346836,31.8803006284306,4424.951582635628,24.0,67.27659395149583,4.5364770869015585
PLA,745.8331386255215,86.32374714547548,salt leaching,65.86992257421768,0.16729228046838704,0.21328502758655177,5.181091547851952,330.0885939646003,17.17109615829397,57.266349278919535,7.0661896205310635
Gelatin,106.17304917357166,54.26879318310645,electrospinning,68.50610960940102,0.049552219311568065,0.6581607822403838,8.277619658083195,1057.1229757944182,3.226224907184347,63.83527608753476,5.5670725079008
Chitosan,660.4525289097771,65.48060323448146,FDM,165.3530239045592,0.17396629471289005,0.5883627568601337,14.513185731769575,1906.720157467018,6.827139009784128,67.77335224733093,5.602682123736151
Chitosan,761.8038699831956,55.93504410946604,SLA,167.68474481875313,0.4792164365501174,0.9864507773929718,49.57434760903109,9078.984914802031,8.94629146202372,60.119393490919485,4.283425240251812
PLGA,246.81314768611313,64.88470168602721,electrospinning,151.86671079610812,0.10760145325464326,0.5389350714612091,17.190460952124052,1519.2531087986833,5.09867775897294,80.3956466177095,6.57003079025614
PLA,565.8755439498113,45.69138132541966,salt leaching,99.99355091208767,0.29819259132607406,0.9827404412825294,60.13335125839556,9610.535813969931,20.779438260583145,60.1835410647249,3.8146480496096853
PLGA,672.2472411220238,56.1376687171404,SLA,92.66767289580885,0.023895196239170243,0.6067258313348756,18.389419321249214,892.7030683056685,5.176775255542016,46.66533999351509,4.41800464731369
Chitosan,738.4569889024932,66.31504022347046,electrospinning,62.09642659203883,0.32865612558930457,0.6653278833601645,22.21696398390246,3336.5747858127575,6.738675933244229,67.85135060415573,5.187647739175294
Chitosan,684.9703308791545,66.00963355087315,FDM,263.05465608018824,0.16463495415190657,0.5737951726720497,13.956378785524766,1792.6732502466054,6.963768676293656,60.144907094127994,5.303119685940224
PCL,409.4751531439619,63.31169630339248,salt leaching,292.1420625706841,0.09963336536844539,0.4933714296235553,16.14395923418554,1383.905978111401,24.0,76.17294773090315,6.9582799063812795
PCL,473.6494563421841,74.47187777694089,salt leaching,347.82460607717195,0.15338872258384167,0.3708073069120991,10.514451092719698,940.6174926998987,24.0,70.06169118344357,7.2389358340707854
PLA,667.4769075831433,90.56512850062582,SLA,290.31460108903656,0.20320587912837215,0.1536113345203668,3.2770673547578157,188.16504117750713,15.499462873701198,51.0693778295296,7.007593985559549
PCL,448.0803207210751,62.59201837305356,FDM,113.01345599110165,0.3871911097436666,0.7187263499126688,36.9866675815264,5643.375387663502,24.0,68.88728711162626,5.346728076442703
PLA,399.56721232190233,80.46488360841408,freeze drying,104.52604847506582,0.16073965045412766,0.3022107378606219,7.792483933879224,583.2436198514664,18.03757761172075,84.24020873584425,9.445736294840595
PLGA,414.05320760806114,59.40749583608343,freeze drying,222.94031895423223,0.3902108539775287,0.83063696223596,32.78434550269454,5144.105829638979,7.175900881807027,73.10560862208028,6.249348870873831
PLA,631.5613586334852,70.42075026368573,salt leaching,383.1777731363014,0.4169435258724233,0.6023406412747456,26.323858325980204,3475.5386525951803,21.972883489162637,69.95352167474408,4.877537790799562
Gelatin,782.0188142606787,33.43517704324572,salt leaching,398.01841496254144,0.14164303930416064,1.0683370989342675,31.421903633062584,6463.027885604877,2.9183043307744527,52.032332205992574,1.9445766834972489
PLA,721.2474417458286,61.67482452100317,SLS,278.283766861609,0.2434126132767545,0.6534128502863473,26.883773783629977,3344.2400186445957,20.5814610433213,60.21503981948179,4.174368672499404
PGA,339.9519524405438,47.969200922280464,FDM,115.93084666554465,0.3302645980878149,1.074450907207681,68.94893676408884,9604.65257429412,2.6014866251874524,74.46334571950791,3.723629188865297
PGA,315.83754763482693,60.665231827417685,salt leaching,243.12037965655966,0.24671422723400208,0.759033993357171,34.95860353846343,3646.8944307052016,2.9482812997004837,74.00200866747518,4.767542438271695
PCL,529.9502042229224,92.43895068794755,freeze drying,279.2686947037707,0.39641211366709633,0.14666970998660422,2.8642341021176905,197.73252884212016,24.0,78.02490771739056,7.498224296404617
Chitosan,370.32487380014686,71.33342951197503,salt leaching,332.1186710060215,0.015771734221803935,0.4092441136211351,6.532830488034046,390.3232406802408,7.6325307081728635,80.64588354979549,8.469191864460068
Gelatin,335.22424839010483,45.51835722486696,SLA,307.88709260668895,0.22720307743100276,0.958313321700418,30.463175671577414,6093.036821602272,2.7798340738151164,70.74699161820186,4.059979846540373
PCL,481.215279380929,42.893971427610175,electrospinning,360.2769727376433,0.34852507836284935,1.0529168329716883,54.22478228366094,9922.25343582195,24.0,65.72450877867848,4.395562063923602
Gelatin,437.9810695956748,77.95113770441468,SLS,357.6898979871462,0.039781239421966125,0.31344800024972946,2.5312124327883514,205.53945174275924,2.5157187431554675,62.76314836728972,6.713751398963161
PGA,157.80770992494294,31.70347481980101,electrospinning,231.61693968651178,0.36597810646223017,1.4498563692641127,84.63043107008436,14197.179389370307,3.215195558407331,58.52016814235456,2.315343353474087
PLA,650.9717782503974,78.7761490225916,salt leaching,190.420089465769,0.06975852045737904,0.2914541509733696,7.154841902021912,386.10371782635406,17.508123605503346,61.66573096490775,8.09355591411651
PLA,640.8506002645256,33.16658939915539,electrospinning,153.07213577603153,0.1706240758943966,1.0465390198728945,52.82720408509278,7503.123704538669,18.225153763448866,55.63112873015327,2.879708751319521
PGA,144.81744178223622,30.427414501387652,SLA,281.66982302351425,0.4927261762291063,1.6198003493030508,115.33498625590953,22346.918061570526,3.0422174075314077,56.018561370532815,1.968305333401997
PLGA,375.29923059808164,51.46016956012317,salt leaching,204.60347311663458,0.05789545109707854,0.7012989882631616,23.804787409099852,1825.029475478225,6.412008826456487,63.96678321765999,5.49158530407202
PLGA,297.9627988111926,42.564642336051286,freeze drying,238.95132303865327,0.232469880638545,1.0113048251012353,44.85754587417243,7061.350967729295,7.52369916463107,71.29396203432971,4.971913918336224
Gelatin,750.9713046264893,47.48038669050736,electrospinning,262.5951801117961,0.35064672622098814,1.0404997281267356,45.04621548312665,9252.62513653813,3.4701143041364313,65.01286634424046,2.468546838144987
PLA,423.23137296885284,62.94610437512866,electrospinning,80.24214539313449,0.029227920856691424,0.4801537648276412,13.835886920145459,706.4374815109754,15.889057363052336,68.94864360323437,7.007070027332931
PLA,402.96419322087144,47.885052847174336,freeze drying,389.63409901646384,0.008996581412533943,0.655180501264061,23.095551823547655,1062.812411148625,20.830504531916247,72.81726188444595,6.492619099731876
PLA,407.23400713208764,91.46460778108877,SLA,144.52312504313227,0.014505111217208776,0.10820357365077934,1.6571703382260496,33.650378095554615,16.567008367772647,66.5150959516282,5.698314152445135
PGA,149.5657325331953,35.546643849445765,electrospinning,155.73712822693855,0.41636494821629777,1.420881465498552,107.4058065416127,18591.750977466854,2.728485492499691,61.43841487263985,2.130852533511943
PGA,602.2521699099832,83.10421177216122,electrospinning,230.35384308107797,0.3394940429754817,0.35142907505250326,12.261151294511803,986.5584441856665,2.921781606410965,62.87740386297361,5.074332991668884
Gelatin,199.70896965716193,75.331537813241,electrospinning,61.987174624552594,0.13895934034575647,0.3947266777119393,6.650485930546078,829.782399052922,2.4975010785260143,77.17580918370223,6.440341195381081
PGA,582.5603116271528,30.960608553285123,SLA,293.2032723905551,0.07079470380674326,1.1354821860839188,59.30609059705157,4154.146513416128,2.983711015350478,45.75473175811238,1.9431089283343994
PCL,392.2765886605582,52.37086593849632,freeze drying,224.67186234958405,0.4098240658594222,0.9367208707619182,47.61270366954858,8322.838742006186,24.0,81.29012989645493,5.636549211561076
PLA,169.36825208343558,76.32431970021105,electrospinning,217.68788606565153,0.2707851890985133,0.416028985847356,15.982439776997198,1627.642135172918,16.120391173651246,77.6299316892824,7.081958714879483
PLA,539.1475566919048,32.09923978577382,SLA,85.62625902651939,0.2311387913802297,1.1417343699659617,65.18241376562904,10575.746011787864,18.09218581684892,54.760569672847666,3.1523027297580923
PLGA,546.9566481271709,57.07806241817841,SLS,353.2702902146721,0.08054408668293053,0.6377276231239405,22.60228182061435,1918.7278677513098,5.445361127912904,57.491788899536566,4.652831915585941
PLA,758.6676447032751,93.12093223962401,electrospinning,373.71524565154016,0.17554606773427878,0.10836547216338491,1.8473817626740234,85.20515130732913,17.819325567893607,59.89929000861323,5.175891450108005
PCL,278.31410363194055,81.37926110862145,SLS,332.22143960243545,0.04216856224545442,0.2289509165355833,4.452170249893282,157.51000370861163,24.0,73.08609796537765,8.8800886505834
PCL,718.1079133614113,82.62130331087091,SLA,165.53298393727778,0.17108052829698975,0.25859786713484945,5.849758008254776,454.02920788124226,24.0,59.46467073214994,6.206258895012293
Gelatin,124.25565575058893,50.67500837358231,SLS,131.3678246460453,0.18368063595167253,0.8289682119011627,22.464349338746967,4152.965706286611,3.4621108228106943,62.83679417888254,3.8104228965406124
PLGA,394.8574790666544,67.8200782397253,SLS,162.7394893189615,0.08214588375155099,0.4790573624158499,11.49540465754259,853.1984152355213,5.283179966471983,60.858044716786665,6.565474550212251
PLA,418.75173795761174,73.60668750621075,freeze drying,393.0629468431304,0.37754369570571283,0.5176014838726671,19.813984440718574,2394.304167817902,16.586358589721524,79.0505691437935,6.602020982380091
Gelatin,395.6185729240485,79.73993902972273,electrospinning,225.80207676221013,0.35294677585993917,0.40222384066607575,11.728413635471593,1497.082070712954,2.8084740725135298,75.44765777883529,6.323925684376915
PLGA,174.8920094436776,51.79708825532402,SLS,244.04534756319558,0.1001443195372018,0.7332922024931791,23.581868538591365,2359.276662632758,5.501731389785224,53.365004663604594,4.438087505275787
PLGA,407.2125545265304,36.629710894308964,salt leaching,122.45881344238816,0.27375289807895214,1.1631570593518499,55.41320973071758,9717.232342064077,6.365495238475153,63.48173018828028,4.433726257865867
PCL,579.8350577335167,92.33615113773845,electrospinning,336.858651369017,0.053020256525549696,0.0958981710875302,1.295844051452395,34.35357715296391,24.0,54.889498660601106,4.440528538008791
Gelatin,761.0859087819017,35.343818023837855,salt leaching,250.54495620839316,0.49314216831383517,1.4467828726213219,87.80261125839333,20513.84765489438,3.0138316629517683,61.8406612153129,1.7996614969310838
PLGA,687.6958990265688,93.86292101214802,SLS,283.714591383195,0.06305768198949828,0.08924137698761973,0.9990299168002083,28.40940585729389,4.682509271446574,48.43861566492498,2.7666708599353615
PLA,105.95680834970985,70.91383835380749,SLS,274.16563760963584,0.06177834712680203,0.394989098736394,11.169100095270707,669.9411648842997,18.126904525099206,64.46874421145837,6.838603032236328
PGA,204.29362716153796,93.84734772349435,freeze drying,119.5635401787689,0.1336361551711274,0.10745549189879734,1.6509424262682921,48.663631158420344,2.204294123315259,73.60485698696517,4.974894261443903
PCL,269.7436070832856,35.431599303701496,electrospinning,220.73677349608434,0.27083813814463353,1.0899342757952388,50.72883983736917,9106.331245430414,24.0,72.49653112051868,4.673855376407366
PLGA,99.3780103844442,55.0378315728796,FDM,98.60114225095198,0.08503114059513033,0.6716926957397036,21.570176765127783,1924.7701239743728,6.21051960239329,61.80739569148607,4.584591070938479
PLA,527.7688541034711,33.478045733121256,SLS,109.8245363443812,0.1472161691613444,1.0119205818101507,51.130177759688195,6797.506544333658,21.827000268221326,44.88049978718742,3.548971517813806
PCL,745.3042376888491,88.20817601617884,electrospinning,183.0917124490563,0.15627643105532124,0.17196420717962568,3.6645155461159877,224.7678697081251,24.0,64.11033725833514,6.889899762292552
Chitosan,388.7815382149947,40.90107753617163,SLS,206.18447659564157,0.3856266724643385,1.2262120287727936,62.870338869164364,12876.31014102679,8.72835753249264,71.06039206141075,4.792156735129023
PCL,765.5200999930167,78.75768471695346,salt leaching,74.90931767469594,0.23830153945965493,0.34471914248531166,10.584045223420514,1040.6990517731917,24.0,64.9222935446552,5.806493792574363
Chitosan,749.9959045335316,91.21028207268795,salt leaching,257.6862921596982,0.011382621056844597,0.12480692647872385,0.8828106998713615,27.47187972214609,6.572415083554235,58.65033517557322,3.931579073740888
PCL,628.7483111506928,38.28994896316389,FDM,389.4407238768436,0.29624824669408234,1.0731240475542274,54.719244023189994,9896.932793946098,24.0,61.53842181550664,3.1407931013566457
PLA,791.0147904389748,51.11681882702743,SLA,310.7501564006618,0.12052531163844489,0.7186821648596055,32.03275256617295,3341.8897757171108,19.792008767070033,53.7504168188586,3.9567660442172086
PCL,267.514127364339,82.03142862418778,electrospinning,176.00327149658892,0.05727533623962957,0.2263747193973232,4.483883214356301,191.54783702111575,24.0,77.3076827347706,9.389844201884713
PGA,730.0937358023024,49.32217659115546,electrospinning,281.20589067845964,0.1799229330994913,0.923083960774563,55.93097237252834,5581.751679336697,2.6133773156947266,59.78488425147995,2.1545717006809717
PLGA,620.5291696576066,93.05998191489857,SLA,68.52947643571349,0.1883653004963432,0.11665762285646754,1.5889879386215406,80.08959535148932,5.444682078717923,48.5203612180661,4.37165276454701
Chitosan,195.49447776953423,68.66361694424069,electrospinning,333.3385121067193,0.07747722771687948,0.4811968442827328,9.658576641986127,948.3759231491653,7.065082221648885,81.3470073584609,7.8835969441789295
Gelatin,693.763524373626,63.67010828920762,salt leaching,314.9270506384662,0.02774102037417707,0.5085944468862306,3.6311791703188963,320.51280670851804,2.9276406581361467,59.35500938306588,5.8712849590076805
PCL,336.00134570668456,51.23744576425647,FDM,369.6349736887955,0.21630007064888215,0.7698054917197994,34.26309267277868,4917.677872442556,24.0,76.00031500901316,5.653147091320699
PCL,401.8838479349749,59.94649290664696,FDM,100.90661214962111,0.014848126252083527,0.4705367827986169,12.585550908139753,314.2413462793677,24.0,70.49263981646418,8.25132401484567
PLGA,250.2311440796364,46.72118138720911,electrospinning,245.88728468017644,0.21297529488789782,0.919318174518015,43.274874676979195,6345.9408105609555,7.4159818256676795,66.05066128922292,4.997140867100788
PLGA,624.0347819889889,31.299609480542312,freeze drying,231.04719603576385,0.3937353668730672,1.4101861326863132,73.52701499338718,15047.083454565332,7.7603585738743615,59.399092664521554,2.9733764815917576
PCL,139.8186598328568,49.18426231855935,freeze drying,210.47136879385255,0.6686439316591752,1.2630917708537652,77.3682718655453,15554.315228340129,24.0,68.93296545895188,3.9678557762061235
PGA,715.6976882061654,79.58855411830385,SLS,353.5919668573494,0.20559587159779702,0.3802785678971723,12.812966259010793,873.0812592016423,2.670658801056831,51.821794989364555,4.664164851025204
PLGA,186.85229461311076,42.863024964588504,FDM,125.89362040072801,0.1603340094736766,0.9314495708434245,39.037650091372484,5276.8676087790645,7.473813000141488,63.25274354344284,4.643620401234284
PGA,267.4511095395257,75.49805716168449,SLS,395.3875659498063,0.14983686627278364,0.43435469361253415,13.807129260246736,865.6106574294909,2.3085935240344555,63.67255585302679,6.191890156666727
PLGA,162.7825034827851,49.89415667548449,freeze drying,141.39103551256264,0.15415182106957656,0.8112210171525951,30.64964492249796,3814.163662648742,5.63432744497885,70.69574329208298,3.8663239916559626
PLA,396.6414238778494,57.391629642790036,freeze drying,312.0354762463366,0.0034305856955345357,0.5311356712472814,18.822930998349932,708.8910385261527,19.348988213365157,76.72637401033914,7.515326919133572
Gelatin,345.88755700720617,38.91914186388318,SLS,85.68218611205185,0.17798471683752787,1.0202778511494761,28.517904353109373,5838.954503300126,2.871212523099692,67.14538261450599,3.6155254498101734
PLA,203.7595841596164,30.619517985003885,FDM,86.36399029516163,0.0736223572392946,0.9578799104636937,54.67280414062681,5460.436852453081,21.683919277651775,54.30571054697241,3.8624244302104644
PGA,254.93791003330398,71.61988173854486,FDM,125.84318578850825,0.18010564129416673,0.5170208036718991,20.62893476123671,1541.4742651871968,2.484812853946164,70.66031987653652,5.531927827556758
PLGA,763.2386150837442,35.487584977484985,electrospinning,201.6860995387316,0.3241034252504951,1.2429137350093142,62.209437937669804,11639.146185346719,7.849919851855884,53.162924008052194,2.8456281366554106
PLGA,797.8481494659002,74.41326597882723,freeze drying,168.69588172180477,0.19030178519819593,0.4309947769090479,13.567081407848516,1318.4838994534014,5.899153909792093,65.04274294770688,6.001955467051239
PLGA,120.56050842230704,65.00649881285648,FDM,359.698917697126,0.37378926588809436,0.7056644475724206,25.945664942336553,3733.4475480123365,6.697950042438257,70.42005576705803,5.560353440380622
PCL,153.01606524348483,41.09589920019819,FDM,137.8190136352026,0.08819293889765269,0.7786102156990257,31.526847460147543,3192.138628302131,24.0,65.84700496594307,4.365656286423349
PLGA,487.33162581743727,70.17161058534995,freeze drying,187.5316473096533,0.1864438149499847,0.5003602869209984,14.872534226871164,1547.5968482507992,6.487279704211649,70.55317567174039,6.692382905849072
PLGA,464.37548443623206,40.7098016900439,freeze drying,389.949184576256,0.5542284007180762,1.389260300708692,86.12931484400406,17857.665091785908,6.51656617415942,75.18941650966175,4.390984814418154
PLGA,84.45035529183865,87.50219133084487,freeze drying,73.723819249534,0.06762433930763376,0.1827679607448902,2.692446699925248,113.11416956058136,5.18404941425926,62.675520249498675,6.27726788266883
PLA,106.60780916360777,42.83034864049859,SLA,107.65746683931613,0.10899488473371194,0.8279195884575488,40.31952328817638,4349.477645639357,21.661469014297953,50.27388437627792,3.4151965565661597
PLGA,308.15658040449284,69.02024525177482,SLS,141.73608341171783,0.10349922304824044,0.4731642015208781,11.23006985227094,915.075759357259,5.092060689500477,70.73363468403429,6.950456054868868
Gelatin,665.1102992258318,39.015944190813194,salt leaching,155.26146719074137,0.16882781590412113,1.0086092424743425,31.671187132589353,6426.137695005967,2.9789555067775697,51.295691051353764,2.364077297071338
PCL,514.1200959817357,67.6720632055191,electrospinning,370.21785973669944,0.39217393502336856,0.6243522686835667,25.60344434341412,3644.248545910353,24.0,76.70024834085143,6.339701272866447
PCL,336.0141641196762,40.321402102385456,SLA,62.936449417325605,0.12555178866298422,0.833549677882124,33.375854773379544,4134.759081584113,24.0,65.99470331916504,5.214736092439817
Gelatin,342.21975233047556,76.08246735935928,salt leaching,313.98968379804916,0.29681379699374943,0.45066965684887883,11.72141743187024,1600.1527501808287,2.99832555318783,84.73352256021708,6.376021814672809
PLA,350.09558768413035,93.35459479985518,electrospinning,338.6374521645783,0.08814340526315008,0.09359082357635527,1.4651120285212822,49.018283329927755,13.926290778790008,70.82206523692882,6.4501280573086
Gelatin,56.733788192530206,50.89315403483904,FDM,319.03311960454613,0.43550127459218285,1.0478921126922054,39.97169357166726,8072.566292773711,2.898700624651485,66.53105473836794,3.0865812906033625
Gelatin,443.77046262924364,75.4764906842932,electrospinning,165.5907329498264,0.49298933909670817,0.5486842914599225,21.01696120091429,3024.0401499930977,2.6017285208298984,73.12485034501255,5.75693940543628
PCL,80.00511018035223,62.254112130683,FDM,351.69016296369284,0.7826566597175237,1.0245089299870103,49.86148879435115,8872.931095220107,24.0,65.46335763543495,4.511420459642957
PGA,761.092836331558,82.66106082488088,SLA,289.5892338695384,0.2946390062177921,0.3480471598596537,9.930643054956187,754.1906643847459,2.5735529915167974,51.943092884701045,5.15555445489805
PLA,466.0153162965426,66.18189103091724,SLA,84.43224916136684,0.13814231981536856,0.5085742508895043,21.935097846066395,2022.0020104977186,17.753612982626702,60.28260220029913,5.704721889450412
PLA,627.7986098399651,75.11006481586747,electrospinning,254.48375142591019,0.5481244302983773,0.5692123237538973,26.59995370574456,3486.1410197651785,20.74841850224892,62.12277083177392,4.992170135937984
PGA,754.9985892914324,69.93782836693453,salt leaching,187.97479828134956,0.25786992587820906,0.5855357315121584,23.249831196911416,2170.3100011878237,2.7263298416207613,64.8691898220358,4.085482861917872
PGA,252.29603808639402,82.75482504426606,salt leaching,186.28207008618188,0.4328798938949153,0.3847856268043346,14.135824898755782,1288.221890284215,3.0381695061446408,79.5523509018339,5.936729529302531
PGA,321.47572382810995,31.255194560970263,salt leaching,212.6641573176751,0.10949691244053988,1.173738495075925,68.69609145579558,6060.94153024665,2.598867811895997,66.43264036166158,3.4059901148042218
Gelatin,785.317719562971,76.2773294375423,SLA,246.9285157455887,0.34704795574112135,0.4684483304147572,12.640170148202843,1743.4075030762933,3.196039133555365,64.29459426040997,4.462555950733947
PLGA,660.6991407764864,57.670071556430514,SLA,137.15453132538207,0.06832675824670181,0.6195710699951189,17.661218870239036,1372.5314237782459,6.124999671537507,55.533123768223724,5.024213238708374
PLA,615.0139598443362,58.18766280016039,SLS,69.12857902137297,0.3267766522752083,0.779441926740757,36.494896296007944,5286.838618518362,18.07195081353379,52.81727507529112,3.998098179430164
Gelatin,581.6065332322398,66.43313451837727,FDM,318.257995303595,0.13389455624042482,0.5340522540466973,9.605078905242936,1388.152651330526,2.9983061963492212,63.868815520448365,5.049691040574286
Chitosan,542.7832055545258,90.83465726574849,electrospinning,171.85227167643723,0.5056074463437894,0.20941094513730513,5.130357068565252,431.8737859559792,8.240058971376078,70.08000878217165,7.214519174273883
PCL,428.27799661110066,58.093478212205866,SLS,141.8511576028845,0.004138575996527525,0.48330701263987974,12.431406828143304,151.01621427543105,24.0,59.84779525428016,7.593342401598488
PGA,506.0894262523016,69.03889105653926,SLA,93.43903462319983,0.30426008001936716,0.626312684485886,27.785879096895922,2866.1019523271602,2.7916378312070833,59.947761928395245,4.765169481560605
PCL,693.2672501054319,31.797364131241583,SLS,103.7331565145745,0.23277229889385684,1.0992276517502035,57.067695583427366,9966.086721680042,24.0,42.516227873836144,2.30615679818993
Chitosan,144.7666385107699,70.90715479580105,salt leaching,269.01147259709944,0.33961546335095966,0.5802064846826662,21.102549986852296,2963.6678468554155,7.180263658358802,73.139844911904,5.9256111236260995
PGA,673.2792588644184,78.42435342008885,SLS,146.76390366069407,0.0927461717316265,0.3625245423639661,10.702410963944212,483.1846729134115,2.440184851016372,52.049643546584875,5.619933727501493
Chitosan,131.1223852238747,56.4306684656898,SLA,359.02227028860636,0.1392198982405867,0.7161207047761412,17.71637387563395,2458.118091425844,7.849164563907106,62.8210196405007,5.659314401536291
PLGA,538.1462203352734,72.49488012289025,electrospinning,139.20515145767178,0.19710700847263038,0.46669688568278384,14.76275711524395,1508.7065468216235,5.522639364244224,72.33847957644299,5.93053838424496
Gelatin,209.72419106868654,65.09028660347245,salt leaching,168.44840575945824,0.12921812595786902,0.5524785502239828,10.287189174878241,1505.6961742483957,3.236969376286323,74.14753892533622,5.57895269245728
Gelatin,525.0964441274904,71.85850311696555,FDM,285.025439085706,0.2346872652263799,0.4987903248923739,12.777505631411609,1844.0853294406215,3.003567217022939,77.34065635990262,5.375509910660137
PLA,211.76870179506807,39.99192001139313,salt leaching,199.66439494783913,0.23645428258858456,1.0151132911703118,62.56882194392411,9629.429050639194,18.21107480246682,71.90546357153444,4.091425183891026
Gelatin,706.0286833261902,49.008147662617844,salt leaching,170.87798456678354,0.09530560841019739,0.7758665777522478,13.330013676891916,2203.5623848069467,3.4169676691077915,55.36609382027072,3.3715685625395326
Gelatin,591.1228074301052,68.40580941044323,electrospinning,383.10718130941495,0.06257625582726847,0.46210840371279294,5.246380487934808,604.7720420329442,2.565994368922722,65.690161139175,6.50007308241587
PLGA,641.9982908824434,36.76537608849251,FDM,121.34100953391805,0.18197945841719151,1.05562794770282,50.112435999654046,7517.228692393261,6.800571611294371,50.15549834740063,2.7840710112387024
PCL,57.13577065785898,33.4768256917495,salt leaching,222.37936292592698,0.029221255238032477,0.8006653534763638,27.90148097981027,1443.0483766226816,24.0,54.43782496302657,3.976804960191544
PLGA,403.2655088234826,44.47333340574759,SLS,230.9895874679598,0.2639930202518611,1.0093789411420824,43.87679823456329,7111.731925970098,6.922527091940653,59.32469184150174,4.863028105306586
PGA,514.1801930946245,51.04256329869744,FDM,205.18495476010432,0.031103422288412567,0.7737172315415664,41.80297166093102,1704.6268984131532,2.6712445006403893,51.83050336621022,3.410690069351417
Gelatin,738.043068143672,74.85975430856365,SLA,231.46751058313058,0.08337264668085272,0.37712147562142584,3.7632807536246955,421.8479183244464,2.896270066043969,51.72375283578808,5.85110863130487
PLGA,722.8180705645963,54.831248904344264,freeze drying,159.58152544859726,0.2484804620636231,0.8084075584716311,32.96351943707021,4715.783106945882,6.934866631209046,62.6866115976403,3.8011608429085557
PLA,791.5365582705514,80.65790430546818,SLS,346.22015085567864,0.2996823445679024,0.3505548422161405,12.422804652368571,1187.0017471208384,16.74430966323309,61.40973368270194,6.108126062740832
PLA,126.32129742271715,33.225039740326444,FDM,183.43527102643355,0.2569217331137844,1.155687932923673,58.66989956156892,9836.477239093156,20.569629594087324,55.35397803333335,3.3003812224822524
PLA,55.392847448859456,73.43437071252242,electrospinning,327.32240142109896,0.27019928060283377,0.466513869079468,16.85933362666891,1817.2382753170002,16.412868302409528,72.99056899439267,6.283435022884901
PGA,174.08200824030192,88.03880186794291,SLS,260.9855377017954,0.39058553561175063,0.2586906412797518,7.493409357153756,542.503909758975,2.402047123788742,59.26645556277541,6.159771294542378
PLGA,394.0102091662077,56.34248552131022,electrospinning,178.10251609379742,0.01962927578743574,0.6005217676077637,17.299257462485436,775.9432568322629,5.350412215609593,68.86401613661356,6.226305687659402
PLGA,669.6049901157925,43.27302419206836,SLA,287.01270160321445,0.17825811233931732,0.9431694654612283,37.107636854677615,5227.294931325528,5.830289426030488,48.62604340832478,3.0019195403048915
PLA,456.3890980619673,56.74481791102972,FDM,167.60329379416694,0.2752888753570299,0.7638007631283823,31.94971626117382,4425.182470955502,17.141723301636837,76.95964208106858,6.009294012749169
PLA,502.02580635409794,57.29092769171989,SLA,270.22940755630765,0.2592506023247557,0.7410744335871489,36.59655981324677,4923.953314435929,17.401566285084193,63.96103010731523,4.641435026025787
PGA,426.37364117623815,54.027469036504016,electrospinning,388.99228358521367,0.415546710264326,1.0128602146128596,52.18217669893712,7621.67716150744,3.1549403560730007,76.39259048365098,4.2450637390737365
PGA,193.02042399083956,70.57753707778663,freeze drying,218.98018368085678,0.08944001898313327,0.4927947221150159,17.452676538496664,902.329958208378,2.51657020546376,73.02062743586853,5.977328641986034
Gelatin,739.8678765612957,81.16538961862706,SLS,269.37328075399637,0.14079729708686595,0.3020007603494024,4.100328083309957,448.12380457577365,2.7630970626672355,56.124226086634344,5.059484460133512
PLGA,795.1799820501355,60.08129789919586,electrospinning,160.80656822068764,0.053595609336583,0.5736349638014037,17.76511733620475,1189.082483463597,5.638477372816307,59.21694071003418,4.624433356973173
PCL,195.62695054088675,44.14719574379306,FDM,318.79684170696714,0.3990895367178414,1.0864345177223578,65.11946889798487,12240.37843102606,24.0,65.69316506482913,4.032651766719694
Chitosan,631.3231683416625,78.62603270688395,electrospinning,130.37664833606564,0.12011531217602948,0.34416400529605,6.300838070956405,586.2584643303658,8.080779679955407,68.61499283886523,6.950457012651807
PCL,330.7687474014078,59.04877032299854,SLS,228.48906111646116,0.04988265159160221,0.5098488360422888,13.779126408576634,810.6109305035232,24.0,61.18777335258594,7.888364500574967
PGA,560.5929306004075,89.03418119110705,freeze drying,61.13817742499236,0.1750286448015778,0.19887021274127709,4.491801324239059,205.36870459773147,2.5048157114747065,64.17504392795918,6.774530910035746
PGA,695.3844634642566,61.367282099022056,electrospinning,128.84551643426695,0.4033804293847123,0.8435362377151207,39.130528971317794,5168.184618683522,2.6914200121481326,62.0901635489927,3.3655020885450924
Gelatin,168.20291027718363,74.17869735766529,freeze drying,370.2203346330993,0.22750442269343596,0.4543278755865819,11.328190837737758,1560.1083948268736,2.9037859064230793,75.43416525341294,6.1166233824089
PLA,479.4410378893666,94.61677588115522,freeze drying,103.37999915483954,0.05959507147197501,0.07287951933241851,1.0365696947959526,26.34703704371102,17.669494941141753,72.31441041080286,5.424460429729437
PLGA,708.8077895940621,58.953050232324,SLA,59.09755327013851,0.2062782805847031,0.7032835322928026,22.766019702875997,2893.9606657477666,6.981570940149574,59.9829263857003,4.416502315255581
PCL,268.55878926766036,81.93537541706985,FDM,239.79051261665373,0.05727872948170317,0.22758606230526762,4.176803959472531,178.912891882378,24.0,68.84595599369526,9.064175681064889
PLGA,353.87094513332613,68.60699330867463,SLS,108.66831124850702,0.21430192757677421,0.5424355210832668,19.15548401279351,2161.409953967134,6.726618775278325,70.59604058840218,6.928176176103892
PGA,221.14698134352585,73.94306478852387,FDM,119.0320353411034,0.13610283494441563,0.45612315732195163,19.417590257758114,1189.928988355163,2.7876359315172543,65.14445476181778,5.942002747611048
Chitosan,289.58862628456194,52.971518682511324,electrospinning,150.38771579263752,0.10005166154197356,0.7407410981180236,21.86677994376181,2853.291835472942,7.638384590615331,77.02366759181812,6.1819509158995904
PLGA,404.1034551605652,41.90401770389333,freeze drying,241.45650764130775,0.29755476573755585,1.0913760916514723,47.121203128125366,8138.114150090617,7.904758512192957,76.15927923542316,4.919832327641888
PLGA,111.7455196788129,40.06842926428941,freeze drying,129.9585499551486,0.4291229338240749,1.2685790553350789,65.29580802749157,12779.52648037244,8.263261379974011,73.82258595249236,4.197204576876988
Chitosan,173.93492524878144,69.02311080090581,SLS,131.45868943165243,0.2049521335249159,0.544780090585406,15.399393732819705,1999.0233532228954,7.166542028877841,71.83769264130473,7.0150215562900184
Chitosan,522.214586779573,90.75879428187817,FDM,230.3462851077107,0.036263336010009896,0.13524142664534855,1.14888903798223,48.18745693114324,6.435832782960663,58.74471535642013,4.651723533764881
PCL,270.2028972091283,35.42014499041225,freeze drying,263.99553147486256,0.06900456385677338,0.8287882496736287,26.181768075272434,2390.404337934403,24.0,70.23090881735908,5.279759035979669
PLA,266.5487379201699,50.866727039174485,SLS,85.30682990149863,0.07171858843306186,0.6765565722675089,30.32352432575852,2519.7867728406177,15.990186370902986,56.38648012864344,5.63560919210111
Chitosan,668.6627363235615,43.7251972905033,SLA,95.61952963965936,0.13939098362870678,0.9251207397387465,27.023325213826872,4262.721763886361,7.955677638514671,55.41739513502192,3.5306465726548786
PLA,717.1469262371608,82.70937467226759,FDM,247.13349350494968,0.11524904873457405,0.25246486117588135,5.693922338877218,346.31529844516956,16.04785219462569,53.28352889245801,7.177910883097293
PLGA,153.4458023767068,87.00363396675021,salt leaching,372.45314546424316,0.19812950741438637,0.22075814601178873,4.885674486320483,343.92561986231266,5.463488778269603,65.61612064207071,6.598678003426035
Chitosan,572.072928715131,59.626724629199856,electrospinning,60.29177701315845,0.45564412504948243,0.8871531554961278,37.72044232036005,6561.98902766799,8.3835271099757,76.2028199200535,5.486793496260246
PLGA,410.71536693758435,51.4155043730516,salt leaching,228.71163181893033,0.04413111543883846,0.6898402339305245,23.719248159993697,1593.7683515637218,5.21382020051356,62.0530361635552,5.194522171335137
PLA,486.6411683127087,93.17740186489087,electrospinning,195.3602530519767,0.34811688715271755,0.12996389391453655,2.788047834985984,166.73345601069266,18.491040211973974,66.13591773031364,7.1196769922790395
PLA,103.71504924514522,91.27009866169654,SLS,114.05701406883277,0.41208614240656727,0.17696247968730866,4.018013762471946,287.1513544628784,20.42862487483604,62.54838272023088,7.0411073033424385
PGA,695.1390825766393,65.02391064672028,freeze drying,365.02035518559774,0.22417673257042273,0.6621555390599919,29.455246170454664,2753.239148561696,2.600256262969973,69.67787791163575,3.5347065343619475
Chitosan,631.473265715915,38.35768629735701,freeze drying,338.0375821025582,0.15613761566184056,1.0314243598316748,40.345593547437865,6878.038043568569,8.365657393786563,58.876570512451664,3.4099085296342166
Gelatin,529.5889423450296,43.431016908845756,SLS,328.06382788971524,0.2473973364582996,1.015591555102893,33.4340772486405,6884.145129771736,3.5732278087425273,52.45423767084415,2.955281318379481
PCL,298.09446113471756,90.18467576366643,SLS,144.5214413356755,0.08970270865589398,0.13003870897123537,2.2139352460833974,92.41968938338331,24.0,67.0918382481762,7.583571025762998
PGA,585.3232008475841,40.73410894220083,electrospinning,309.1683797767596,0.2493321043604289,1.1461537403989668,65.48148610844515,8431.85045024239,2.5281600371777646,61.046316204107086,2.1319513252803004
PLA,797.2456310142695,68.07986334871538,electrospinning,102.35457618685449,0.036273095691833394,0.4179244799467747,12.17850846606526,621.1677015881405,17.548508443818083,60.369365206439,7.034882880700058
Chitosan,144.09890102931325,80.27489252584803,SLS,253.56159115103196,0.7039102863631989,0.5191338605249434,19.55819124319779,2518.839381231601,7.023084941678899,70.82615214535336,5.687549687156327
PLGA,749.042711293981,68.12586745940871,SLA,197.09285046951322,0.7391269798425442,0.8535318429328138,45.820701369202894,7387.0520956632745,7.819286242571591,64.5310481744684,4.38233971869849
PLA,442.7765074489879,44.12892157421226,SLA,374.3410760025616,0.07197733440580162,0.7696110922231627,32.284180942662886,2865.217668156231,20.89699154101092,61.77651028676459,4.751030919659616
PCL,189.9242160499939,89.10426133459632,FDM,364.56226796927024,0.023555729560350146,0.12990218203979031,1.5716619419105713,28.23789239664174,24.0,69.45357087380239,5.171641119211447
PGA,318.5464198213451,72.52452030758035,salt leaching,336.12172790121474,0.06429424879260823,0.4489923875920798,14.246234530991272,599.5631476958916,2.4552982877400713,79.61290172237369,7.5184339711989745
Chitosan,595.2919743990003,88.31331071382034,SLS,313.49227944997216,0.02313129400845506,0.16834439430913659,1.8526158976537892,77.18311286395677,7.273783860744979,49.63614195500071,5.78876938658892
PLA,748.5350664372248,40.46109415403017,salt leaching,299.2041119773669,0.3473952008688159,1.133337858467147,64.25343516705773,11343.29093258635,21.84283391378749,56.217513639465956,2.720081192633135
Gelatin,475.0242945060221,64.08908610385517,salt leaching,81.69463923874434,0.17346534252665782,0.5969247192278767,12.268615648122385,1918.4317101309819,2.928173473578902,71.42398979047977,6.2079332070325215
PGA,501.99360897901806,41.20149995577307,electrospinning,255.23786139848227,0.23162475304536204,1.1202478971220167,62.574229305071015,7717.638553170365,2.836433362124013,57.50922758486038,2.509072079687932
PCL,537.13627323932,56.90931054748334,FDM,55.486329966564135,0.2937879293013982,0.7472118589811264,29.5885929051132,4459.757318997495,24.0,71.10280455692721,5.1655644111672965
PLA,726.0963003762148,94.06823974888471,FDM,332.72532528451785,0.1509485283553433,0.0906557852906648,1.616452852986484,64.87670449570196,17.841160729575677,55.92076254315846,5.531884899304912
PCL,54.743055840572,57.887137020633155,freeze drying,83.80017974125288,0.18855570120002807,0.6414017203064857,21.919486644549213,2763.3671911190495,24.0,68.1783552065508,4.763000332089523
Gelatin,348.00571740107654,66.03278167205458,SLA,83.9318430879549,0.4437483968752755,0.7298696236553517,27.179140212571358,4571.045418384647,3.315960903231412,85.27147249920436,4.9856533597762605
Chitosan,184.1234732464155,74.08303411429178,FDM,104.42554310500411,0.3916129456958557,0.540452361094936,18.947698780966377,2576.6540727312395,7.090161479376208,72.55997488806746,6.687319715444632
PCL,95.49747045109973,92.46835724355331,salt leaching,292.57397579394313,0.38517195027958356,0.14440190902397343,2.737297813026202,187.1360918061654,24.0,67.62878649919163,6.299620049880609
PLGA,680.5214984676298,63.35024932675635,freeze drying,96.17013426100479,0.3147758507682056,0.6999165207413581,28.544848793382116,3988.0955411441932,7.415649721583246,72.20624296723705,5.147159466326124
Chitosan,150.51558472253433,74.83026150358708,electrospinning,192.47492029996528,0.3185917796005439,0.49270659509369974,13.16517688042802,1698.8296348298436,7.839194236978482,82.7301277583686,6.573165553696972
PLGA,109.92320892106522,50.7499005809821,SLA,128.1100960932341,0.11559406803117138,0.7629949823192287,30.053414856150898,3253.871544931505,6.4733088785605615,61.23529911550303,4.242943453466272
PLA,233.51866597260567,71.8565055155421,SLS,326.173962410335,0.3272676160517063,0.5248990096405719,22.057711493114553,2622.9387044325226,20.901102550008282,73.4381398288405,5.767350516938131
PLA,660.1868247634511,47.97533581323832,freeze drying,68.9693801087936,0.2565772147983119,0.9000591955789097,43.13713062968885,6380.4372173822685,19.301913701882494,59.0818242283721,3.382354698768283
PLA,81.06790006804962,74.78280616378697,SLA,335.06871727227303,0.10393513251455794,0.3627533940845725,11.243983135561628,788.6544575441221,19.103764094009588,57.291454982657626,6.869042644329197
PLA,404.32204078886707,72.95750000371228,FDM,357.3240398319552,0.03760507314345751,0.35475046208950656,9.584608741938869,455.8364179452241,18.26230788854457,67.33303485880027,7.835486165701281
PGA,237.5395951162953,75.60751605651811,SLA,365.0612051079582,0.029428182803710193,0.3848337932549836,11.767771947599227,331.8334385462903,2.266139239918832,70.11149878327333,7.478121891746217
PLA,674.4742051503439,45.52357368957999,SLS,271.96277344235875,0.3787969692263635,1.0696458352000133,70.63612912064906,12276.10624019223,17.99547008976168,46.99395828291674,3.1572506079019567
Chitosan,414.2623044847591,84.5856716562959,SLA,318.7677135916476,0.15177994434565656,0.25674335002918636,4.36072229195116,368.82710299720736,6.244814195157448,64.78099351783992,8.511239405397214
PLGA,604.0802530099677,41.88289107694904,SLS,224.6265137283145,0.3535623020119037,1.1506884001585818,58.846350774616646,10734.204876360865,6.732219347459218,46.75602923934186,2.739653760247561
PLA,269.24020973634816,58.73449480795412,salt leaching,317.073751472461,0.13422564987372435,0.6174850490901741,26.35685498879377,2649.9985031310816,18.027176016899272,69.48147020750517,5.697042852166886
PLA,645.8989449153538,86.93278917224896,freeze drying,200.0050811496508,0.0240025509453301,0.16802406038199635,3.1338695777738867,89.42479275600392,16.321183554814173,61.01316572655636,6.933278277571388
PLA,174.4648960910784,88.62407484834158,FDM,129.58942769047513,0.2328174942724569,0.1916480967074109,4.596338762532012,306.1195989017745,19.847046323140038,64.81223488593331,7.768101094603946
PGA,66.8696887856295,56.779507612282,salt leaching,323.9807438860244,0.3458873580709942,0.9034541687416332,52.46126719585015,6812.992095361627,2.946504566527716,70.60519122022278,3.155702501900983
Chitosan,474.8997241965747,42.342510871392086,freeze drying,339.6037316826699,0.5496158156734525,1.3617705363498143,90.36342455026553,19301.556198471444,9.415620153618505,74.93439385082229,4.6767203273855
PLA,707.1630929485525,61.18029479992102,electrospinning,157.77741134613137,0.19182458201462227,0.6235939026081571,27.356490613800144,3111.1713882381086,16.81742088313383,67.03787530556038,4.597819731403849
PLGA,542.0338023283812,74.93784474433046,SLA,200.49821971077884,0.4992158664673502,0.5622896829080914,22.32606464587382,2936.810796135119,6.486723558608208,70.53854727531706,5.986497084685389
Chitosan,530.5224228140465,44.22952101245808,electrospinning,231.47479983522697,0.16258023531615468,0.9394623137816482,35.91415543714003,5888.862898415332,7.247346859949805,60.58056644652916,4.147631913638064
PLGA,756.9163717374724,32.76014961669388,SLA,353.2376831317981,0.5812442644474921,1.6084122656709376,112.41798969459538,25085.425850064545,7.05250127960302,48.89760257214876,2.2533222880265646
PGA,129.9194910733018,50.09824825934145,freeze drying,273.25663748435846,0.2868563679057634,0.9953938927867346,50.266138334811636,6388.442794464799,2.3957821974978324,78.42757069255838,2.8966245852056476
PLGA,292.5054266211498,44.45945597041193,salt leaching,250.75522673437382,0.03544183727059669,0.7798723965103291,22.09326394966232,1431.9122030073524,6.164510671747506,67.93446861850951,5.189380976338823
Gelatin,578.9862314163687,57.371128469842276,SLA,80.7838136985615,0.24112109567789242,0.7605067294526766,21.13969578146616,3767.1873359456513,3.1541040984482267,60.1758034290183,4.164060943612481
PCL,678.135611947055,61.490781658690466,electrospinning,79.38306380443717,0.13867646461400054,0.548004011213154,18.943201185724803,1982.3220976748264,24.0,62.21031454733027,5.193524212461112
Gelatin,94.1499556709567,76.89008214208731,freeze drying,347.0396440740491,0.38922325675474007,0.4738924059376647,12.458694568355806,1711.925102448163,3.0887355731930306,79.73207818285283,5.513500446503844
PLA,143.349346160828,72.48924113750944,salt leaching,82.90740061141916,0.34272305064521663,0.5212191198706109,18.808524387939823,2246.720441758443,17.20260778879129,76.85737129442165,6.876113306759773
PCL,659.4633603103919,57.11439721931584,freeze drying,272.5461168457176,0.4626895709654421,0.8888867109201756,47.04517907517462,8044.651576528191,24.0,64.9816914823867,3.924296974595719
PLA,637.2337600656448,38.958566290197425,electrospinning,238.71685256578152,0.06895250795695136,0.8373049129239085,42.806574878876575,3897.974519750728,21.587713098799053,55.56864659091398,3.106571369667605
PGA,243.70261149414225,71.45230502845885,electrospinning,285.5139973726669,0.32056757632285,0.5850334723280011,22.617356152468933,2299.547666842279,2.438952098910471,71.1127915489567,5.6622156889153175
PCL,540.5902740035133,44.80585500217424,SLA,346.96633694952027,0.5397754182261648,1.2293114363568363,64.25826354030166,12908.559542325684,24.0,64.5546025865992,3.8958276024671528
PLA,333.0156719674018,71.08275353352728,electrospinning,342.7120598062895,0.11436660409514056,0.4217407511969781,15.367034107142517,1204.5760710860543,17.64016827654957,73.4738703752321,7.909502988486748
Gelatin,242.46802081473123,87.87709996966467,electrospinning,89.56674685356809,0.10161409404933273,0.18583258547852366,1.7283316394344106,141.4925168395574,2.6447152696918588,69.89287497215874,5.555843011033324
PLGA,474.11231571485905,49.75748916072581,SLS,127.15398156934096,0.23361406284127553,0.8856958084758991,38.70017318857612,5708.296505053463,6.6364861714928685,58.34784005756197,4.0613693964489475
PLA,184.8129123154793,37.423677442617695,FDM,389.58230431808,0.5206918932876734,1.398281391578566,90.83299467088976,18615.048735338813,24.0,62.045754755710334,3.7255861280607716
PLGA,69.53518578515992,83.7950674486689,FDM,297.94484818262237,0.07023961093564353,0.23774802584119023,4.040804938621732,196.97605258820437,5.0472499078192286,66.44852385871062,6.162875103300006
PGA,85.94425160428736,93.91309937059496,SLA,136.36395771961048,0.28209539352545554,0.12094638301001519,2.2046187078095834,97.020957229167,2.310265549842066,62.682029433941835,4.458124045555261
PLA,443.753879046827,73.08519817995472,FDM,190.35968334893343,0.299159191245485,0.4875331201583912,20.250091359095215,2281.0167970616117,18.48552260288428,67.79432595852886,6.125672111160511
Chitosan,759.0868203777504,32.03776199089635,SLS,368.63899294089657,0.12879199036033165,1.1046486904218142,38.37052004336475,6499.860136703852,9.391317207638723,40.59547242418836,3.0908243358026053
Gelatin,150.04988777131362,82.57858453641997,FDM,279.466907401424,0.10760635069640964,0.26893289771436374,3.374959265386949,335.6553236784062,3.076215512506688,70.57306209618007,6.5317395164178995
PCL,243.85134331630675,53.74589026705915,salt leaching,97.57938867145964,0.29308723153548477,0.8014171602659341,34.841620211787074,5436.601984422374,24.0,73.0543616431656,5.256447279143768
PLGA,173.6663167718846,70.25184455086963,salt leaching,273.5244200053815,0.2811708567302014,0.550019372821678,21.439922939889925,2599.708272960039,6.3609596064467295,76.6164110010605,6.311500630505902
Gelatin,334.74415328360556,36.64390073485572,SLS,222.79643671690405,0.3372048729065187,1.2398590772894513,46.24431301597168,10397.601848226454,3.5281364010508662,69.5590187829858,3.8386887207207163
Chitosan,169.3785821370415,53.0016586869853,FDM,347.97573194029945,0.28446312176530775,0.8919394389168087,38.64289262882772,6659.567469257363,8.757973375596217,76.44975308357132,4.949545874877704
PCL,775.8400154908758,75.13707979694232,electrospinning,66.3155176959862,0.2832237301233425,0.4258679048084741,12.310075530374517,1392.3304962008622,24.0,67.01263143230913,5.5268217104278445
Chitosan,512.8431179410069,91.09330383073207,salt leaching,344.23642204679453,0.23509546036236478,0.16133741350363184,2.4169195584758847,173.86429403282014,7.196811021008646,64.76952217724798,7.256855538402909
Gelatin,226.72081721416234,43.524660382435485,FDM,378.2611749977189,0.4331788072628676,1.2027676494325563,66.16371405972124,14324.366978534903,2.9285170472215842,67.6404127065781,3.1973833880910707
Gelatin,576.0603306780956,66.52161930627662,electrospinning,193.19610121533069,0.5499452284490551,0.7833611023021201,29.91919961030884,5062.40731254872,2.9990465039412832,67.7096939042655,3.8505106131515863
Chitosan,492.44515157510415,67.03163056440874,freeze drying,369.48806575721085,0.2447479886380589,0.6027636589889324,17.143189699021313,2394.6334725701595,7.569978515190344,76.95971676798912,6.8836871464106695
PCL,407.8683628987936,82.55607044190346,salt leaching,289.17023800942906,0.20188463297290754,0.2703423028348589,6.7565121766664245,564.1052376012162,24.0,78.37617451430349,9.087789037388562
PLA,475.901848399848,61.456747629180434,SLA,212.77681110498636,0.060534963493620406,0.5225007239643482,17.754232524175134,1215.4474064511185,20.402408028254833,60.63687283061928,5.830708531166718
Gelatin,466.31833240156607,71.53943706076653,freeze drying,60.36919551037828,0.22618699266121656,0.5000909642117207,10.049864947464672,1452.0204257821895,2.6879811122906365,73.72126762308272,6.53991371711565
PLGA,743.0211718309209,86.25955691702524,salt leaching,240.69162348419252,0.07126357186183249,0.20184533157219336,3.598419079826417,162.6855010318961,6.303111798582997,58.779906712515434,5.8690244806911105
PCL,276.84915687233513,65.01358282921419,freeze drying,256.3520916304125,0.23879872818671316,0.5681064506855759,19.749208783568914,2494.0791976388036,24.0,88.21554785867356,6.2428566170129685
Chitosan,121.56944048193253,65.28325634171546,FDM,359.6123385167995,0.13072350678128816,0.5654545645291486,12.711432027508058,1545.7533292312633,8.829715888270266,67.62832796010139,6.404139715495442
PLGA,714.3726309539059,41.9258355540751,electrospinning,308.92740177511405,0.09596640106066806,0.8790681544476966,34.47260528515469,3708.4584364781044,6.554870975969491,47.90314184123138,3.077060974494324
PLGA,465.3533092726503,60.29049067037483,SLS,399.62485575959226,0.2289658797660796,0.6966748465881164,28.890064097328846,3759.993378814197,7.004676251057373,69.13804792430625,5.602706112343597
Gelatin,384.54412375209455,69.59335317194684,SLA,172.06216058404578,0.23817006084618997,0.5408448848317061,14.545839186812191,2186.0186630448197,2.7709447297662435,69.1927236336287,6.5459909850716915
PLGA,381.38041667905924,44.116027704649895,SLA,362.32403396949616,0.04503897256791687,0.7944021449407481,23.82283119028975,1733.6360598268225,6.781603878302574,58.55353020437768,5.054212229505156
Gelatin,87.0440571356567,76.66399181332747,electrospinning,89.51879297488992,0.40495683496217505,0.4851374788067528,15.973806598096752,2212.26960797836,3.1861255943309743,80.14772950567728,5.144371398691443
PLGA,664.2229608630329,57.016237751903965,salt leaching,270.34429967901343,0.3229085815118527,0.827207259214402,32.703648335095785,4988.662213403568,6.350233153054573,63.31713857296076,4.045984135579129
Gelatin,644.1861757325686,63.86239750424167,freeze drying,273.31823813450575,0.39887790164987713,0.7473184726677154,24.51634917533238,4220.461367830582,2.8828829530544953,67.47773804877103,3.656815275571667
PGA,720.9364307445306,66.20764348967376,SLA,165.6324157499904,0.625427467177127,0.8594046752716288,40.38872214270261,6008.144618943178,2.8281284370226882,62.78912344441164,3.48935732701842
PLGA,533.3777775565658,45.684290643898876,electrospinning,178.98503344080007,0.12001339558904116,0.8458173954888771,33.264162666722434,3849.120921967152,5.478766574596139,61.22545054652414,3.991637146391465
PLGA,285.51958227703904,53.36272931738333,electrospinning,313.2232553751713,0.1350691640639285,0.7389559818394313,23.809981716085094,2695.4483770135794,6.029686304986628,71.40907098977617,5.466138764987253
PGA,89.41387646216724,66.49156795840328,electrospinning,139.246136662124,0.39123781370917027,0.725057214459411,36.00203800987573,4365.951812502923,2.8659878296186205,63.48183705105933,3.293979609363349
PCL,766.5660969829361,49.953444221333704,salt leaching,140.3751136590024,0.6425833578020123,1.217822695032285,66.68275727008711,13207.609611752894,24.0,61.693602612131876,3.0094900604636243
PLA,315.23012007054155,68.89863454233057,salt leaching,91.37649609295474,0.6745343336058811,0.7863546631986414,34.49928112291006,5323.682881429521,23.588700652091497,84.26960762635763,6.610375062757947
PLA,422.114233017058,48.741473561473704,SLS,322.82907374712585,0.2046209121073727,0.8359373467105305,47.19658157725699,6334.538590628624,19.96126971173291,60.51073722788446,4.949420155134317
PCL,622.6300316307721,42.458995662500335,electrospinning,80.61841607199968,0.2956163156572752,0.9998961966788635,45.54419715562682,7948.788094136731,24.0,63.6277607251382,3.7839632684093636
PGA,435.8493609840564,70.24683283189916,salt leaching,380.1383766304906,0.033773478214651036,0.4715023183512763,17.67379433380959,579.8818713543967,2.3817976726764667,71.27039654263262,6.635847134213778
PLGA,593.9833556730731,56.4907129555955,SLA,379.31439801075794,0.16240238729158757,0.710919265140149,27.42656271633862,3253.044339894594,5.46661488525818,51.88423190089364,4.09185411317861
PCL,449.45839397730856,52.08527275154949,SLA,207.85837611738268,0.13387625992115593,0.6772372488020135,28.051248288050992,3217.3414437938304,24.0,66.97717675155454,5.431366554431209
PLA,616.862897498576,77.31454422495631,SLS,99.710434042294,0.4567908131101612,0.4792235503853469,16.503070836739706,1961.694797711089,18.411815639124534,56.92773585388849,5.8189724064855115
PLGA,702.7001202581239,90.9085811189799,freeze drying,134.60456985894157,0.21333608997871611,0.15693046539715208,2.471812874904201,149.83019680328735,6.108487228636737,62.68796833949724,5.862628445439178
PLA,438.98331422596306,78.2520604743701,SLS,66.6482901628828,0.34347309229956285,0.41234824208203974,13.802026293151675,1466.9609105927018,20.78341099645993,73.8145388821714,7.502924830020435
Chitosan,377.2241699233726,35.390685780622235,FDM,243.96972342443763,0.3153518018845134,1.2610870130793497,67.97134720238674,14024.490098685226,9.339501846481523,73.7761046734135,4.91980656311579
PLA,372.86484283109,76.61924118081596,electrospinning,121.7133565973286,0.512888747593997,0.5189634162315423,18.971031610597805,2366.604723469504,18.694174040249173,86.02760450783695,6.7560055266139285
PCL,796.1094544808543,80.92388016850252,FDM,316.1478914118004,0.1907904439970506,0.29139437658711276,6.728667444779236,573.7846363129339,24.0,56.140866811527914,6.568601241323564
Gelatin,382.54576975069165,69.27999368878727,electrospinning,376.1322671610696,0.14280977054379718,0.4936881921447212,8.32415882545374,1164.8930215219716,2.4745469052599063,73.95651959474785,6.924267695357254
PCL,630.6672932493965,69.47265317468258,SLS,245.8100224421525,0.5361778048813867,0.6777182416333964,32.401372054044124,4833.795538516464,24.0,64.23881540470768,4.434998048493044
PLA,70.16243406416982,40.33277647439824,freeze drying,361.8923135543527,0.755286572618144,1.6006313593244479,116.94718742566424,25641.99864210897,22.106056198903612,61.59668022778879,3.0141828557145374
PLGA,385.12798276206775,40.92977366084979,freeze drying,240.78431017124055,0.24078003690472818,1.0489760890748063,49.684439992522975,8035.596669568573,7.490654460069851,72.74664144670056,5.182047705213405
PLGA,574.4954636261344,72.8920275642527,FDM,240.73733515081895,0.6121339026219643,0.6635929628016675,25.25682028575554,3618.436732221146,6.7196239763000785,66.37962720179803,5.249388721174333
PLA,312.8705564074208,47.27994342370038,SLS,252.96789311645372,0.40839617100316356,1.0649644840459858,64.04132328903525,11215.550097187248,20.518915707922808,73.58711759911431,5.274997940218459
PCL,117.49222393987,57.108692347387034,SLA,52.92990826891496,0.212456902455585,0.6738121876635992,28.56307082456384,3817.5579144517933,24.0,69.7560232137474,4.5804711865244885
Gelatin,689.4885530460954,65.68544685484225,SLA,194.82483364667402,0.3010010360994984,0.6491633563593378,22.299521829625192,3651.3489061930627,2.8956748044612985,68.43563240936078,4.299620079185498
PGA,170.75647955875814,35.8394316160625,salt leaching,236.01623328108292,0.09050988559766547,1.075732780684088,59.98337544542328,4608.965319904407,2.784709486559757,61.55705740817578,2.446942302994356
PLGA,577.1488141620724,74.69095985833137,freeze drying,102.31923291754669,0.6861299625267299,0.6534529007265897,25.000204053916935,3541.485020941593,6.336563962235632,71.7502193832988,4.837755608003334
PGA,358.55144721237826,72.1558890922603,SLS,223.2984048279528,0.45113242761012196,0.6295092747333737,29.17455348351918,3441.3064446476865,3.088399265144356,64.34811025098281,4.669236346604437
PLA,418.8396308830055,89.0098451779458,SLA,315.92362791647247,0.20230192867237687,0.17874351356644516,4.021288243142146,248.74682711778382,19.20453354003805,68.58920919430518,8.121015321484736
PLA,663.0421164477306,49.47761394239136,electrospinning,265.2621714140333,0.3540066520567132,0.9680860672898094,46.0062242826131,7529.464915897289,18.879165990907886,58.73315138827442,3.7728671185972322
PLA,110.33828171408248,32.82525658251137,freeze drying,329.64646032027207,0.28064103603837093,1.1930398195133078,69.48062387865409,12078.699548924345,21.62173474409081,70.3850817376541,3.146059519781853
PGA,605.367326359896,64.62137716473705,electrospinning,288.58010852416004,0.17630123391720579,0.6423371061139254,30.592924622160524,2522.457565743374,2.237263777250227,64.34685544621277,3.8249401322288867
Chitosan,604.6515728697368,35.59296173632317,electrospinning,112.00273303047952,0.05424035578196935,0.9628340974214585,28.821442043650574,3616.1195337474737,8.886940188640999,53.050939936669245,4.130564512675323
PLA,715.3319562578617,83.89492290483744,SLS,119.24067676427258,0.1876617595099345,0.2574290216801935,7.625757219154552,553.5094322325896,19.158265887921676,48.35141009298729,6.013444949874659
PLA,704.4327955503422,60.503073323603,electrospinning,394.0157266587933,0.28800159715699586,0.7070277899301891,33.66799688500663,4531.021850723229,18.532896826844425,62.14275213377682,4.743026869756461
PLA,619.082292041604,73.76023583719066,SLA,235.15549169948932,0.05551676319216186,0.3531969389878125,9.987694310081663,544.233540130619,15.190617158923423,52.98728452957504,6.5624312807392915
Gelatin,144.73864338016028,78.27996094499206,SLA,166.42742235042894,0.287837616626718,0.40575372418599615,9.874144898022896,1280.6229721095963,2.446049478149116,69.60091666106861,6.280305765126244
PLGA,265.4167754336863,91.13214798590342,FDM,325.53839964273766,0.2540353100683092,0.1596039473912347,3.0729211199692594,196.34553976413494,6.389042479434465,67.32229332496996,7.026491729704455
Chitosan,195.6914559968906,36.71000301485915,salt leaching,343.1701569874582,0.13246699408063503,1.032777081771868,32.927560333131524,5427.387788825735,7.739742268367955,63.15188046699499,4.516681615967286
PLGA,258.46945821310504,31.461271491462178,freeze drying,367.88277282178257,0.09716273074091518,1.0389542834379422,44.36331642169568,5215.8287289697555,6.195232050204861,64.27452500513675,4.119377295475273
PLGA,270.5805729930116,35.2903185183286,SLA,175.1544488569195,0.13529703986753483,1.025575745084262,39.43489163265935,5262.621513139949,7.321395692713524,53.845434714359854,4.386583883732207
PLA,202.79652111013513,90.10741742872787,salt leaching,56.989104011109085,0.0077300827207442465,0.12412861008229091,2.1006447119813236,41.22103869664443,14.470941556664776,70.41240884287568,5.817844649915107
PLA,408.86550595873246,65.22368721756793,SLA,146.21131859509114,0.14772816044972573,0.5293513961505015,23.259302854081714,2239.1702004687345,18.1427880163035,72.37248020429307,6.227037991432166
PLA,529.7733349462278,88.04729712874479,electrospinning,131.6725892332881,0.11803552077146877,0.17516062660703774,3.724029477683639,190.33846924638752,15.98107304551062,65.52927643451149,7.133144968396126
Gelatin,637.9355698000096,74.55634445679932,SLA,355.1523348170381,0.3989156051762189,0.5261870323136099,16.090208880131062,2324.229417855514,2.7166657911052865,64.94764342016272,4.824033824860315
PLGA,250.8544616147452,68.72259705809542,SLS,231.79738827664607,0.10158676464971562,0.4766275995259174,14.075854469785762,1142.1960846779311,6.636798842715077,63.02723849935833,6.280443355432931
Chitosan,794.0620859328891,31.382419760168805,FDM,156.1220670511485,0.19929795314391138,1.1999646309586498,56.84188946852521,10905.625604597231,9.081903942806987,51.63902719109626,3.052783496894148
PGA,561.9391657117516,37.00700915822226,FDM,188.9367180186776,0.4632503568862984,1.436533472797579,106.52553060549965,19121.842088719943,2.6438134322181632,58.51557802831962,2.3216552151653316
PLA,469.2222133304792,52.65825153869099,FDM,67.76694808473995,0.6175916051505885,1.1454809295967665,75.77386478276593,14122.866833656673,19.739638647850825,64.54744015129567,5.03468888631698
PGA,515.7304113481846,53.57112930435461,SLS,214.00947805509236,0.21345322089605506,0.8709100719227163,42.29382928636048,4435.893839208833,2.9104048565110556,56.60546903973232,3.6304838485380575
PLGA,556.6662586439929,51.479680671506806,salt leaching,109.77174221574174,0.05480163451992778,0.6983000488018167,19.05871534559061,1421.8689336545501,5.8927726330595505,54.064523025492385,4.656398695545691
PCL,287.37331058332484,80.93289532244897,SLS,90.15667626210403,0.18415604831535143,0.2887203676951299,6.620732972449431,555.970936280865,24.0,74.2252844869218,8.185071658217849
Chitosan,135.7574314547576,84.64683448850805,SLA,210.70701118383144,0.3786107147806943,0.3166695941088021,7.105301172302239,739.3482654161088,7.6050303355743685,73.29634570231438,6.805027620809427
Chitosan,346.8608438874215,87.62412911015915,FDM,347.72168959703055,0.3267255659424222,0.24402367731676003,5.849439745520881,531.8741637841683,7.310611845153919,77.83136668867057,8.670007674974332
PCL,200.9755891059816,92.52087078577826,electrospinning,82.21871821914152,0.20431703466963852,0.11627470523720407,2.152004803100674,118.22630278811928,24.0,71.48545878408373,6.976245444075091
Gelatin,408.71053753508295,75.0386098966218,salt leaching,53.60460874456394,0.3147493590448348,0.4783972340419206,13.392984477935414,1878.3648201186531,2.776600959996146,85.66721033857675,6.9586165848801915
PLGA,751.6051577427866,34.43015251544145,salt leaching,313.6894303750265,0.24000396731132248,1.1634760822275767,65.98559765358968,11230.498342905224,7.486276808004165,55.167959145815324,2.901829497597118
Gelatin,763.5725340285046,84.05632223863115,SLS,204.10083405150107,0.29121737008030907,0.29881501610580685,5.835054512242026,649.1441574640185,2.706384632591061,53.92759242056324,4.952433372692647
PCL,502.0816399197707,53.848273597940995,SLA,262.3132918199388,0.21636377573774285,0.7286477810159291,32.11423182922677,4484.6894250549885,24.0,58.65058939746044,5.131734517049224
PLGA,541.4602814212184,79.2667643300035,freeze drying,366.403224594512,0.3235561887195029,0.39924679548700565,13.432272263195864,1423.9480467273936,6.70496949688364,77.32510704655782,6.3340270539661985
Gelatin,312.5132069734276,52.52084509586792,electrospinning,246.04624959781216,0.043449874284049686,0.6781019308163374,6.839292658106227,845.3294332575996,3.1374773118368253,76.39522115264269,6.496329907277363
Chitosan,451.52246136727706,33.83476850491166,SLA,198.07963154744766,0.024848182446714297,0.9550847414480701,22.664263318285112,2288.351467070413,9.413894469260342,52.34577261899824,5.559280688535688
PLA,638.9823818423664,82.8969985582321,SLS,193.6908760699448,0.5461651439776843,0.3904915258553919,12.250845527606655,1329.6560309118634,21.015600894159842,57.11456162410635,5.702212151514246
PGA,538.9988595674254,83.51990886037579,salt leaching,262.8712335039971,0.3039067060230884,0.33328163989014675,11.342934944762225,853.1196089945269,2.30561433368118,68.05835504990539,6.515867419651806
PLA,193.85254817690455,41.686083346810406,electrospinning,339.93808107955647,0.02226162716939458,0.7478874735217715,34.7966505914748,2052.777820840236,20.171185375909687,61.71292611509022,4.14732576592879
PGA,319.5254569483943,73.02669547502497,salt leaching,160.84305529139644,0.09740844559719654,0.45525588742776,16.45448863359853,852.979803505847,2.2243282198681245,68.70605002031667,6.186543742741503
Gelatin,129.9507836672661,87.90802960602899,electrospinning,177.31945597950195,0.2001876132715437,0.20681352879115467,3.0387202419069754,281.60802517176074,2.419162129929839,73.96710168335352,5.6158090979187705
PLGA,292.85371579008404,60.28009763696232,electrospinning,108.19106333846952,0.25844934001326253,0.7180537358399464,25.926742606964535,3527.626112486388,7.093665117923311,80.48889064372287,6.271488206043288
PLA,565.3322708001845,31.176459185819194,SLA,331.53853053688033,0.02822541817278482,0.8905150545904308,44.84402314889341,3085.717054542679,18.54864872830702,44.270828391501865,3.359679079459233
Chitosan,701.9469920343237,38.653030370634006,salt leaching,173.8313671074769,0.21285199351361497,1.0873695084896444,44.224693154871346,8154.402216640044,9.197487260714302,55.086432334491526,3.5636307562828544
PCL,210.89153529192654,59.0033771947784,electrospinning,238.31907878621658,0.48043029897183687,0.8643165271303094,40.658687629251176,6858.526238368136,24.0,75.64664459898623,5.63512999725798
PGA,668.8222600552045,67.79577955868452,salt leaching,239.72356303575992,0.10262930615275463,0.5462671408972646,21.438272300302195,1249.385865708762,2.5682056603904284,57.84255067788529,3.8069579200133523
PGA,493.7398702500013,56.462196505672495,electrospinning,272.72554503810386,0.25194489934448827,0.8438282592719578,43.27684167617518,4802.6082330612935,2.7231703620056877,68.07571238007755,4.006064448783211
PGA,370.6910552354915,48.741674690238646,SLS,94.81377275115696,0.3210373126078173,1.050836904340162,60.118915738837785,8196.426579411485,2.7574170689760766,67.92749782002274,3.704032020417849
PLGA,324.393564689411,90.70615841346749,salt leaching,54.10536781440758,0.28814862509558603,0.17300941617731647,3.841388684706902,262.5206864479661,6.644770697802742,81.45389578178104,8.155736266683004
Gelatin,601.2772374681438,53.11458088086024,electrospinning,82.79248741957828,0.03562534448365524,0.6630187238412251,7.480927276848388,844.2564916199966,2.8270836885287745,56.74775418447562,5.511988088873137
PCL,446.4021547482557,45.29494263533224,salt leaching,294.1485939863448,0.41675149570110837,1.0834811171322072,57.603246719373615,10838.520888637764,24.0,74.91661840582114,4.421027056127975
Gelatin,717.1159299907094,39.57948085472313,electrospinning,313.98123204539615,0.0695882332581867,0.8913590376987583,13.336661446933473,2199.1833333581662,2.8342138595660114,51.24579467547403,3.0515128742014683
PGA,689.741096038654,52.0516580414335,SLA,386.84469069639994,0.03802840454261142,0.7631486948774624,39.90849332192084,1743.6205171929585,2.7627132712493054,44.02879624079544,2.7538797869825586
PGA,376.75358149813945,74.30640693059144,freeze drying,397.36044969221643,0.1611084975624513,0.46017116401952446,14.789514578935206,988.5703996968418,2.460939510024017,81.52394772114168,6.05860456540134
PCL,553.8763581389384,43.0981105731985,freeze drying,306.62709935460026,0.19754517660838855,0.8769025445500555,35.08959951815947,5243.932433741279,24.0,63.5212546232075,3.9048762358955713
PLA,180.0578962526102,58.744050025834895,freeze drying,395.5503714541542,0.42274529039517744,0.8446922680296726,37.73779811144433,5909.556279950195,23.29522575838752,80.51768949611987,5.379795925272119
PCL,627.6476570369838,64.71587669851202,SLS,295.54063809111653,0.31506494678927716,0.6268948599333539,28.421794202335157,3964.568261883077,24.0,61.45555228932883,4.730088359434314
PCL,494.09053970481193,39.783010217400815,SLS,105.50709251626415,0.19321415107357964,0.9227617629598396,41.78056860789192,6363.893201009583,24.0,56.644397207948735,4.146894702716357
Gelatin,218.66525725966633,92.59130743467414,salt leaching,167.29979291120262,0.5530066131109589,0.17376435732826084,3.1346575206832985,249.58609052874624,2.8774927038115035,73.59057750646117,6.726883601893593
PLGA,81.40726219435683,86.00189937284749,electrospinning,316.00916843959254,0.13413486932183744,0.22155971291446794,4.485426581712406,277.31752343677584,6.045759719399019,65.95128715096452,6.808005964548405
PGA,554.5468839431353,82.44933731731813,SLS,65.65642265665161,0.189050728734054,0.32227618127784313,11.450114747356627,691.0334972199499,2.462601343703764,61.455188029047605,6.274942161711232
PGA,466.79359894944486,59.40465483700122,SLA,349.4418606676903,0.018408870927850873,0.633215275397792,27.285324729394592,853.8558328721463,2.5894156103479213,55.92074585887186,5.090804921635562
Gelatin,633.8504569829091,56.00676224750059,salt leaching,282.570908382596,0.20575328913031396,0.7568402702659779,23.308619473465015,4135.688182614561,3.229517956544759,59.69482625467962,3.7136893844131547
PLA,449.2464562899595,69.86094024026524,SLA,362.28065932677606,0.229379257796554,0.5057678965456535,19.03771107556993,2051.6714084010396,19.16248108382768,69.8009868004476,6.3069001872437385
Chitosan,84.58624175544873,43.201170210279564,salt leaching,380.6323128268806,0.28887461612178095,1.0823190697103438,53.15303094516503,10102.370054985024,7.3162066693221615,61.909275183389255,3.7580001132173453
Chitosan,112.59395385678218,39.0485900163088,SLS,358.85686228627776,0.3415414755231717,1.217624843540011,55.769088089852055,11348.733596421138,8.073040307710246,60.35796168648233,3.6141083148492044
PLA,130.67597887176169,93.01255340767503,salt leaching,111.11194266451793,0.2524509287048674,0.12033649673163442,2.110014329987244,113.66796585521786,18.021531982782186,66.56346726470431,6.535480123919199
Gelatin,201.8004044496522,77.69543403655007,electrospinning,62.298601098781475,0.14127142272618048,0.3578296003116113,5.958721253710768,709.1217433886909,2.426456881465883,82.04858181821176,7.337693571811733
Gelatin,68.89348570393359,33.24948096819541,FDM,256.6323226008149,0.09697478679257412,1.0176481192546145,22.91710977676033,4353.047902287046,3.0167287351866636,59.4796643955228,2.652289666390801
PLGA,720.6881103363031,66.88192060741716,salt leaching,302.6476540611589,0.7286198697184156,0.8805441453921063,50.280256043527274,8240.914009938657,7.626473508243267,70.85041480953679,4.2778539172580325
PLA,134.42512431244552,53.32423723094934,FDM,223.06493207169046,0.12445757597242231,0.6897342670924158,32.75324322603811,3387.0334581866814,16.543338058628684,58.873392946722966,4.611681930711948
PGA,465.95059619157087,60.30479076736122,FDM,157.20607343387823,0.2227785238096494,0.7505971911250048,39.351933665215206,3905.43531689298,2.7732715385960858,63.73676019845343,4.021458548784415
PLA,680.8638807160688,58.62669184321358,FDM,274.1024965966877,0.21558816310467363,0.6833932953294789,31.35999629562972,3862.6267524649684,19.002459311014924,64.92695695464933,4.249452018958929
Gelatin,580.1378289123987,56.8899504164076,SLS,143.22420145122274,0.32660608636517474,0.8354257517736008,29.57115141664948,5468.925736533534,3.0052783242642978,64.20429533744378,3.912942715926495
PGA,598.7894664205121,52.78767752660385,electrospinning,259.8511600654324,0.4330877434721689,1.053591200749114,69.448474210176,10474.179590580536,3.2591455737578556,58.21376027163848,2.5590630537842927
PLGA,647.246545868914,88.91679435039265,SLA,246.8924224551889,0.3543153768929634,0.2195927540880421,5.315076608467168,423.6609545325577,5.205413588393027,57.996101864607034,6.274946414116255
PGA,568.3071302949635,49.07839959660047,FDM,100.31785802353927,0.038146960712755064,0.8105690556703221,43.01382158665777,1939.1825270637648,2.226083511101517,49.570251421504025,2.8177182530076696
PLA,303.3707218757814,32.960663164033036,electrospinning,347.58706820846766,0.11206691266762153,0.9747840045399795,50.1279250781647,5928.890164975181,18.960588969736715,61.15216540579469,4.1660098800086995
Chitosan,175.10661986775926,41.36147195124213,freeze drying,53.637669114461076,0.1492837477039626,0.9741305291544539,31.45163332576554,5164.322094049903,8.001554810293738,65.63866058735789,4.603544455974406
PLGA,622.1586583700289,42.34847004714783,SLA,129.8434088435678,0.3092436177096475,1.0952239565412205,48.880938407838855,8516.517152631526,7.173172314039669,54.4597953613709,3.08441397728549
PLGA,576.640246762233,49.5396878866257,freeze drying,136.93529530312486,0.10702257873762344,0.7739152906648593,25.17432432525407,2660.1860209463034,5.878557983740843,59.820152140042794,4.432154691356135
PCL,635.0390367019063,48.03250574226538,electrospinning,50.184479766228954,0.4891485483143192,1.1046952879839187,54.1677038748139,10330.468669632162,24.0,63.13113361393056,3.2569114891404434
PGA,191.3201686675583,82.90882194905946,electrospinning,165.34765642789748,0.26713703628881297,0.33545914792903536,11.400320827685979,817.3382216103611,2.865954862926255,71.92857981742607,5.745532217186837
PLA,624.3207680779409,45.09375802299673,FDM,383.7595517778639,0.10661641110541738,0.7926470140321283,40.1526609854918,4203.241591432544,18.153534859835126,56.85562215305545,3.9460088249843914
PCL,243.95541675963005,93.07142245818557,SLS,242.03337310575378,0.06696074342698723,0.08863426405075822,0.9329838058908716,27.375912195551788,24.0,68.85029894824503,5.410011068555756
Chitosan,97.88945469855183,77.2154228683832,FDM,225.4666874149984,0.04144310148747219,0.33550869183489307,5.671113948377047,388.87138881424227,7.579819467888996,63.29400353824179,7.619874030805606
PCL,595.0712027640402,88.64315100584304,SLS,386.907767543129,0.18378516048069674,0.1718846882977681,3.3484183905972915,216.81748063611423,24.0,53.36178628165005,7.463634056656647
PGA,411.5050272261745,44.69211670833283,salt leaching,250.70668242886603,0.196257973998515,1.022055346922204,52.129609461596864,5700.718670693969,2.6497350675852718,66.21957103048581,3.739746576691655
Chitosan,513.275802638097,75.2536794013884,FDM,207.84402706156536,0.009502631449276813,0.3505637037571119,5.24675032569849,266.214344336663,8.355487291433175,69.68703465557307,8.337261777857353
PLA,521.0439192714549,43.350658055588134,salt leaching,321.2090568435234,0.21695882041863074,0.9372018112605561,54.85914567812565,7926.910201924605,22.104328545372006,63.32952125796114,4.039667154674463
PCL,790.7587662689092,62.22028534268888,electrospinning,118.47037704618745,0.13624681118190093,0.5357824140970986,15.13591980093268,1555.1202189890414,24.0,59.82659552097783,4.870208658435171
Gelatin,547.1421161749653,52.43345697183688,salt leaching,172.61131747622844,0.09679992286542058,0.7250282094100184,13.826071251071365,2215.9675589169415,3.1443560067870915,66.96707990798066,4.451331538313115
PLGA,158.0904588798582,80.72817467177492,salt leaching,195.62664906238618,0.31600289217405003,0.3684706003937955,12.336323096696738,1251.3867777753592,6.542791709445216,82.03814961536824,7.324909778873513
PCL,572.7253303099087,86.30056191366629,SLS,289.45246387700934,0.02827508762358995,0.1646249899748359,2.40815556512954,55.217957419702955,23.291897621414716,51.18240848985293,6.3154904326782235
PLGA,92.6479240902278,31.530190203507278,salt leaching,217.85825097968507,0.3231927448483972,1.318029369662511,83.40389426641651,16061.73789718775,6.5470391106155335,63.26386187658983,2.928794901266408
PCL,196.83424739835988,51.38971129293673,SLS,314.9257285320046,0.22371228661771955,0.7746259184339573,29.47120234186013,4279.405933073523,24.0,62.88882014802845,4.94124261090683
Chitosan,370.24107632625794,71.81418376534802,FDM,281.5576317340337,0.2413204265409316,0.513633158217762,12.813729292986615,1649.6581840115234,6.590745233380772,72.70058474482985,7.99188755987953
Gelatin,399.6508769572711,77.92978735265939,salt leaching,230.04022449579074,0.08359259756508335,0.33115618601118757,3.458881920782975,363.54281662108923,2.9814438158329555,77.00030732780473,7.689018984446433
Chitosan,614.0065651477446,81.34793905945261,freeze drying,86.49802900065657,0.32773404698060016,0.368104872957715,10.541428289820816,1177.407746856833,7.304446085624024,70.49954614216813,6.865908085148614
PLA,479.5958767914545,86.59079397423284,electrospinning,57.82458577080195,0.08390593146703809,0.18776379242637822,3.878386175695094,180.34472483385312,14.913102656623549,70.96272207226905,8.99986497099806
PLGA,425.0908581387354,43.23912402503807,freeze drying,352.1930778813778,0.15082227425808492,0.9155462977664797,33.3124365204211,4370.286731060061,6.487866419154106,75.4972050317397,5.147721364617091
PLGA,96.44027515476887,82.2600481469148,salt leaching,71.62600430838587,0.20662762731209608,0.30406206612795383,6.8328202405822696,571.3865561552453,5.184514127122331,73.86901549559873,6.4725990702524285
PGA,381.22040351940353,40.23346173776892,SLS,208.82593532630318,0.17846156286534684,1.0872177185824703,71.24123664427532,7686.253783265291,3.0082241661099425,53.160585738071475,3.1170742096917037
PLA,75.73159119532586,32.76557901617492,SLA,300.8564558992047,0.1183917604553816,0.9857428481517712,51.0488529730207,6196.484675691551,19.516046706471485,52.08346153338405,3.018049247552678
PGA,416.25065986466024,69.6966544345951,salt leaching,331.8151456106146,0.22812326729419946,0.5756301379959656,26.742104556032913,2348.577806105959,2.2144533163239504,69.97462281143132,5.2215844780254255
PLA,793.6095511245577,90.55883588522161,salt leaching,173.31070606023093,0.09385498719980642,0.13399495146269852,2.40506551857619,98.62563178692999,17.608202553125388,53.18563172055578,6.127326111162929
PLGA,494.54658848566936,71.49795626565752,electrospinning,285.1234989251165,0.17677208085811405,0.47312180303146845,12.508625936933734,1244.666638490882,6.0428440496345335,63.26850390818381,6.316734601541697
Gelatin,260.25637953667086,70.03071643343723,freeze drying,309.0941893687391,0.14467959804689484,0.4826323183515442,7.792596952331094,1079.6515460954024,2.9928876961219966,90.87498179179988,7.012613463603334
Chitosan,73.57385486058969,53.41043578466931,SLS,140.29090938598975,0.14579591677834286,0.7711238429884879,22.607055704052065,3286.7164197178595,6.946896782813966,61.262935257796,4.550744018345047
Chitosan,535.9281231491798,88.85333876262598,FDM,99.1540674544211,0.20372845970312528,0.1957938695058843,3.716004771604346,288.9338848572441,8.016032698176828,61.7634624886678,7.895182033391018
PCL,748.3871956558103,43.944829364606214,SLA,99.44028362138579,0.2138276716117107,0.8821539434814647,44.751226272619895,6855.236825055057,24.0,52.316852586423124,3.09791152275286
PLA,361.7062354104677,38.63338098565587,FDM,238.7427032729688,0.09390913449656611,0.8710171998794628,38.96376515224857,4074.6348500876225,17.400670054100303,67.47126683936119,4.613350945110144
PCL,389.0812285773827,34.933223862090294,salt leaching,171.61597065171952,0.23858755081498956,1.056273248080396,57.28761168449956,9862.968135287967,24.0,68.21303327440596,4.2066916186805186
PLGA,137.77092487020238,61.47496101086401,FDM,221.88119618477356,0.46611505722812163,0.8412590460861975,38.64435763067199,6196.120485076445,6.3394332002613645,73.20678141656053,4.302193008894479
PLGA,762.6663768030818,53.48850775744052,electrospinning,250.35851680127502,0.1470529054398438,0.7470516623283585,31.14061847692024,3657.1378806606267,6.853624493465162,52.687246148900805,3.563766271771772
PLA,452.9596968558688,66.1617286293822,freeze drying,276.8505686829828,0.10690494752272162,0.488688406735749,15.339086719601966,1262.0804188163156,19.17439950392193,68.79181793293692,7.655678671331806
Chitosan,645.6832381956738,33.87937231739269,freeze drying,237.6975396281552,0.1735508816992367,1.1265064191309127,37.15404644841001,6751.351993862057,7.944829707609925,61.06532593065224,3.7345182018401437
PGA,164.1943168377954,37.798705913040166,SLA,387.9960643124659,0.14016770882731272,1.0929213281583465,65.6136692754359,6315.047094278746,2.9278301180257853,58.31263050390385,2.403941454838646
Chitosan,525.1139387556112,39.16793386688702,electrospinning,395.7080242474568,0.388196149506821,1.2649074680534098,62.4365964789867,12988.509689533983,7.343530513887209,69.06782353201282,4.07156737326453
PGA,620.291076889922,90.67244259124026,SLS,147.96209242780404,0.21322117629089854,0.17493071910841365,4.338849228119046,203.8509810008419,2.6584426570851667,48.81592253781082,6.012527007092276
PLA,140.97175175051242,71.27889870411519,SLA,120.83442247027818,0.0664502066743274,0.3925944476041651,12.658924630681124,778.2557474148759,17.421015296883432,66.72445822945004,7.662569944388513
PLGA,496.3751103751697,67.29481461713723,SLS,160.30086170982258,0.10330317245479594,0.4994012283748333,15.73073029466225,1315.8257273543218,5.671035104020933,55.9389107892343,5.877325508359757
Gelatin,322.44912933649715,78.33911784886138,SLA,138.9616612900742,0.10018351602524538,0.3314830490543434,3.6755897066201477,400.8667271751493,3.0315279967910995,77.20231094459355,7.659574873142927
Gelatin,167.14527000880045,47.50588581385176,SLA,152.90493031703562,0.05632333647551779,0.7618901273262336,9.372406534612061,1343.6478974598772,3.1036773716850683,57.513583552514675,4.714522464773506
Chitosan,287.9807578236772,85.25273868277058,salt leaching,235.4809579244994,0.055113709322950837,0.22068524322829103,2.542168356093361,153.40641476883738,6.363437905611533,74.08656411761496,7.487643100251815
PLA,641.6202008016464,83.560773650238,FDM,116.31259049464838,0.05611661221776872,0.22146641822043633,5.874705226658126,254.500691121379,16.19280674965102,58.635642298386024,8.109879448764463
PLGA,285.0419057294592,48.38658341218088,electrospinning,228.6055074287764,0.09459840493009741,0.7799938808446021,30.500895034253855,3071.8445295626652,6.980861133850383,71.1586265801562,5.621432061674458
PCL,260.9516149679554,53.16839417145346,SLS,228.3396101628164,0.1823694046145819,0.707461960782399,27.47240305184506,3600.2961115965195,24.0,65.22624939570886,5.021011917955768
PCL,788.2319239008356,53.34940878489699,SLS,127.18146394078857,0.46840235278657716,0.9722667654279129,44.97443717171622,8044.587628642765,24.0,53.378651684883984,3.4399282340366932
PGA,228.04686212065744,38.724553729968754,FDM,209.54759369138262,0.10402769410458113,1.0407786906988266,49.89610650455458,4040.8926908418343,2.40259127885007,55.44227300497334,2.737784187116282
PCL,287.45136988187045,78.50979884748756,SLA,64.8203107427415,0.022332717288235073,0.25568549166173504,4.585172826508211,111.41483307252967,24.0,70.36620809314596,8.38445424103433
PLA,781.0783354799369,45.55668714414266,FDM,354.2052699763869,0.6595160634703793,1.3609062515129748,91.40192948817209,18562.34553696542,23.30144681785968,52.581112482986214,2.742277251539163
PLGA,195.18772151328304,51.829145616630484,SLA,390.24245836258996,0.39117887087019687,0.9865553584575103,50.23750726627283,8593.021315829226,7.077745677745868,64.72220431663675,4.515860388036476
Gelatin,410.09354707354606,57.423513249984346,SLA,89.75457490888516,0.21666980611794392,0.7408332754527751,20.090531756697434,3530.942404114568,3.207184429362522,69.57177121740527,5.519599117971455
Chitosan,245.1704438663806,38.67043041642791,freeze drying,239.45173527070102,0.2490821153141168,1.125945705325667,54.43263691857089,10411.55443888731,8.8130523406275,71.60832438690245,4.86847723254653
PCL,569.1111689754068,85.98198591532355,FDM,382.63160703310325,0.18121509085150106,0.21143878897258633,4.870325489101159,348.2373634190037,24.0,67.00813622941226,6.7925405054634
PGA,388.60480919923117,65.64253777909502,electrospinning,213.43280028153714,0.26318776038420705,0.6721570812372069,29.905297899226902,3016.3861730845124,2.367959972959704,78.10517760361503,4.889419945107952
PCL,363.2469370541831,34.53604209387361,SLS,152.84247356527447,0.26609362369656114,1.0988241307293916,55.90276481564137,10042.51061318145,24.0,57.6015708216048,4.015646182280918
Gelatin,177.33471243078276,71.10678071902335,electrospinning,160.30315771603992,0.6461767190377806,0.7261207217667565,29.229038058748454,4633.130908859344,3.0156881404625415,83.09831672282282,4.575170648073865
PCL,770.7356126747454,31.59621524960653,SLA,107.34296023785757,0.1947662238238628,1.0503444097564494,51.309376274285825,8357.656268877507,24.0,49.04213943283679,2.53732404122553
PGA,176.15366176551365,84.3252201675894,electrospinning,301.55856576129145,0.1251413775832352,0.2716014608088588,8.378026856214017,380.0324235526971,2.085064519860135,74.44657364626782,6.329614621931587
PLGA,758.7592491821893,83.44668735838394,electrospinning,288.29014814192107,0.1984467462415825,0.28127200309945055,6.5620154694992925,521.6583905014608,5.907506972554571,56.3126065098722,6.7565026881772905
PLA,543.195248323134,86.97948322551217,electrospinning,306.484570344898,0.35363140139747956,0.24939966264678623,7.958802503303643,661.0169752518223,16.28983129307228,65.53990864420231,7.48152443419361
PCL,59.1681825736333,49.080374875820105,freeze drying,99.56603994051626,0.1893134517801555,0.7763070960838407,32.56100163577314,4521.502106084044,24.0,72.74707203822142,3.7697816112443716
PGA,309.02473606195,59.14655246563781,FDM,329.2432542484809,0.15708605750329635,0.7290213608149111,33.813319116940136,2810.216132943445,2.912607969813673,68.96783804204156,4.373037004182897
Gelatin,435.9459594763801,68.90802698897211,SLA,201.35045787405923,0.1698687484037257,0.5148096173830194,11.401353822618637,1653.421746930262,2.621915864354181,72.40060901024206,6.5144785161111445
PGA,682.0773777941888,41.73054103073653,SLS,329.7477981462,0.35087868212276985,1.2227399999622308,67.59852904712935,10264.355372013437,2.720640423055771,53.08457060084187,1.698317710539961
PCL,557.6895056641422,36.14890707582358,FDM,88.16154559683669,0.35990519688698003,1.191850834396828,78.02839418101648,15239.142069253374,24.0,63.648967310284746,3.230154565074272
PLGA,347.03102597459724,33.07823621812878,freeze drying,340.3968439891954,0.14681429551483255,1.074585430713917,48.08705223761695,6769.143387550189,5.928020818341036,66.93269235236185,3.6443865282156533
PGA,154.8330921368805,44.50237200007177,freeze drying,136.51585898010578,0.6414258675640575,1.425795058238043,85.37516042255425,16433.13339328111,2.768271194319545,69.18793590526424,2.4879984466641436
Chitosan,678.19909131591,53.85050480813189,FDM,117.64161794598604,0.18476806987145916,0.7953146128486676,23.95716346183454,3697.333589715813,7.565496668745599,62.76521462457375,4.198149930471369
Gelatin,531.471592959019,40.5647641221038,SLA,68.40389663765642,0.17509022723136744,0.9896932055489925,24.76264232875241,4988.695086013734,3.5416019086027717,58.01258118552428,3.241722405888066
PGA,711.6172573059337,70.12623138515669,FDM,117.4820932275561,0.11246932771250928,0.5114987590991805,19.008988153538105,1122.0273616821194,2.7591255121522678,53.328322959276946,4.6835633885209536
PCL,464.7559412342846,52.55672074459299,SLS,207.49384417264554,0.4022961426891197,0.9259048247059185,45.72127929246463,7937.672112292812,24.0,64.63863586927066,4.760562647206638
PGA,226.31994405301933,93.26186352339529,salt leaching,307.9563950937631,0.04789759735787103,0.1083218849680125,2.0639148393751423,37.36837577567391,2.5429467531492445,67.56469287024979,4.839189224635569
Chitosan,477.46682110715057,81.19206537415214,salt leaching,197.573146718555,0.20530854046433494,0.3308861028875455,8.139622291077993,823.6773173015216,6.875009645682432,71.43869540297713,7.679610972067885
PLGA,676.015924860324,60.44897175172757,freeze drying,250.59161071801392,0.5207162597373098,0.902750807844363,38.734442573968266,6465.602005175852,7.380324633947242,66.12194420225856,4.513668479348928
PLGA,585.7355347626807,88.35931199949343,SLS,346.96944560856934,0.16634526449996234,0.1910335763785331,3.2364064196336124,200.60091615960857,5.888043475791748,55.33269380772297,5.990670818078377
Gelatin,586.7998352645393,94.18721734084035,salt leaching,308.967154398762,0.06937806893709811,0.0857315993474392,0.3912776595058502,19.99375242735639,2.5325560710734583,62.675351911196316,3.1943173405240164
PGA,771.2041798217463,63.793729339110264,SLA,92.87865696209921,0.18379173575554741,0.6617574370576143,30.222704858369518,2579.4552978894076,2.608279074910137,51.47860639120388,2.9922801645635557
PLGA,380.6284181928599,82.6233571959354,FDM,340.14688755635115,0.6726850907376778,0.44441806817323387,16.50312746797118,1929.6418329069854,6.415050035966953,80.87202083579012,7.545618362317665
Gelatin,577.2638608371642,32.160084010171644,SLA,66.29732926754953,0.5513040788620976,1.5890464689700619,104.76988767438854,25238.523529128022,3.7058690789244437,48.81250743301038,1.9106327256538806
PLA,624.4809944922318,65.08384464096225,FDM,216.85394781727226,0.5832052803851334,0.8218990924163132,42.92439014317806,6772.06139613519,18.39501959978087,69.34044828170207,5.105989307947311
PGA,183.78828483110968,41.19094141173946,FDM,304.13925780492946,0.056665596643605085,0.953764292766217,50.89027251561879,2945.053411020911,2.780925865269209,58.40488883651471,2.5845749435349266
Chitosan,287.8136228637567,89.89489145014998,salt leaching,367.40640972002967,0.606262515199561,0.24868261889934176,6.948655872598078,629.3248380062436,7.801965951421828,76.80294122337816,7.583590745532029
Chitosan,789.4552023336026,41.278780402191586,freeze drying,170.9444892087516,0.18025659002340863,1.00733259348686,42.66539391094761,7379.751453892091,8.483164979443021,54.85758131337616,3.2227969459891463
PLA,686.9757102021857,31.16265120444852,salt leaching,257.2647465454794,0.45524160774389855,1.452131769030463,103.292372090292,21366.650524482375,24.0,58.882310396518434,2.6756317050802587
PCL,726.4217563160928,47.43321148237373,freeze drying,224.33841977025432,0.2764782598222673,0.8932878915134798,41.87881065433975,6831.345507810502,24.0,58.803187928822155,3.18479953695246
Gelatin,724.1753148466127,57.160129516592484,salt leaching,278.55884816314534,0.257393554987685,0.776818969586854,21.128995645187626,3803.028293908739,2.791853104187587,69.27305123755119,3.5006985897735627
Chitosan,385.75525906914714,79.38368146610067,electrospinning,131.32328576371566,0.3305779053765331,0.40789619893104784,10.867291766780793,1278.2316492392958,8.565452345363044,81.54577337949168,8.124241742579704
PLGA,797.098232055064,72.48329181793149,salt leaching,296.22032451232576,0.1744886367475045,0.4556283771019896,12.883236903340885,1252.7638068657725,6.431690691055727,57.78013351434597,5.486864846949158
Chitosan,174.89401532765072,34.5234211386812,freeze drying,160.97369406146527,0.2602176287329194,1.2148399056130998,55.79263920469363,11134.310056127648,8.619969068467839,66.14945504696635,3.925531009097262
Chitosan,450.3019807173157,79.27495639828172,SLS,252.82020475694014,0.7105538353316163,0.5478601467498343,22.738339829037375,3004.83689030804,7.549757384065817,73.1151182493104,6.616759488555188
Gelatin,750.3817205273925,45.52322264330405,SLA,148.22287487051804,0.015611372867225828,0.7507447254259594,5.954437080608606,469.7253972785928,3.371194632885167,43.07753206812284,4.927262082482237
PCL,321.9160217675907,50.79263125932562,FDM,168.04853469950848,0.03391436567913823,0.5968845478671893,17.04862311023507,842.4118640379088,24.0,73.70685097488705,7.365954225347448
Gelatin,346.1496996690238,55.20408206445529,salt leaching,184.56783246464516,0.3351485860500238,0.8749840861542463,33.78961965952901,6384.8272724477465,2.594413271524577,84.83989822328732,5.158932016321183
PLGA,150.35835621017384,89.13058810010642,electrospinning,93.40231410250695,0.2143462676581016,0.18781982294866542,3.1846753003696175,211.46110665060613,5.317194928702147,64.14437320646182,5.871486630672834
Chitosan,335.83075318694983,69.86321575203023,salt leaching,125.72748084672406,0.09483430345436308,0.47192999596551294,8.951881823649392,919.4726116491048,7.053155170241504,73.34183887387817,8.461710085767315
Gelatin,630.2725824029847,31.84368996369837,electrospinning,140.40955023680743,0.12173024929280545,1.0694505084988133,29.056407028676233,5870.997997940196,3.5734931270915773,54.097809108176676,2.3168604290238988
PCL,317.72496992482957,52.50343815766071,electrospinning,372.72869326905396,0.21819726134293813,0.7516262084247236,26.95393574835666,3831.2415763312074,24.0,75.53257867120774,6.047142742647362
PCL,338.64650343846347,73.23415699841563,salt leaching,283.06262275621845,0.15731316610709645,0.3908918234655405,10.115674033394441,937.6810254452377,24.0,83.32312212467173,8.44783088952714
PLGA,398.710561136068,33.39213094170486,FDM,295.1480035979213,0.15644627761250293,1.0811574578282253,53.23024923096742,7686.767559476418,6.847155439782752,55.296039020005274,4.074211611177062
PLA,713.617768469652,85.8769538338455,freeze drying,72.0062906839257,0.3297415749394869,0.26407362223853925,8.520385319034942,719.6121385283277,17.59136804230667,61.27445513613182,6.893506728951566
PCL,782.1951354207837,53.65302747053807,salt leaching,337.7532659550832,0.18254840772933761,0.7003071845308281,27.154682016865117,3541.7033938029354,24.0,63.08221599654706,4.164140612782779
PLGA,164.62063163301215,42.66975889313088,salt leaching,123.1026770449282,0.23235258784290283,1.009332251711425,50.12925982935179,7882.499428519224,6.829893513495496,67.95428020631748,4.127252366760562
PLA,176.0131152487886,47.30917394538031,electrospinning,363.17154959660576,0.14714926507425108,0.8014564949820507,37.781466881187626,4469.406638583516,21.131387362624334,67.39657358142043,4.397123256674786
Chitosan,520.6935500933461,34.77210050504955,SLS,307.9308580576921,0.08728660678087984,1.0128272281805797,26.185167849478187,3854.0906722207887,7.68790642720427,50.232636312032774,4.203668911210605
PCL,355.57214424980947,63.78600926910177,SLS,198.04149458362065,0.03616680670482213,0.4409105691444158,11.429725092399773,506.8552088439464,24.0,71.50812870298627,8.095330547872926
Chitosan,361.02034313022415,60.34699314638311,SLS,206.23353980719267,0.6887107840839314,1.0330575311758363,62.102706780112555,11312.183333781062,8.711711218135873,80.64987686447756,6.17102754420171
PGA,398.05321059517337,53.09109211870511,SLS,147.17301362886423,0.11213329782923717,0.8029191093042312,34.440715513209405,2543.2104686778443,2.8382055756125824,56.60816144480735,4.288508718407349
Chitosan,681.2680922702125,66.78529788305218,electrospinning,95.37813523027593,0.07509154522008554,0.5086533374920323,9.690819036769017,969.811101043732,7.127392330557811,61.56969015221884,6.193716770351825
PGA,672.0935927487224,62.76121701277469,SLS,226.07406475366537,0.534274764709536,0.8920644004053697,41.430884686455194,6076.331121557304,3.1022151146347503,58.24918398060264,2.8238196219882865
Gelatin,75.7354085272605,53.70484777427354,electrospinning,198.6695878624708,0.2775421432900188,0.856263958955292,29.123696220621234,5493.871843404753,3.182856805753441,62.97108470049661,2.964699421084011
PCL,689.208083650785,90.23336626735706,salt leaching,203.20293538681932,0.39643146469105767,0.18945756459920313,4.74705584243855,372.4612156804162,24.0,61.36087930764744,7.2344654250212
PGA,706.5743053607735,92.58585177827858,SLS,324.85236999515837,0.07947885351698956,0.1229826093999103,2.101930381631083,51.23493187367052,2.3731487417732686,45.22651231771959,3.836286113725072
Gelatin,539.427911550428,91.01707853645821,electrospinning,353.22938634242655,0.22841247729722752,0.15820204396518633,2.037831536198743,165.6139641282627,2.8895921117993972,62.53613898249765,5.231368568206926
Chitosan,331.0578101666148,75.48846824289824,FDM,277.02427708639186,0.35087039764701816,0.49366793525408137,15.897892536421386,2061.8574016499538,8.49794868600711,83.36655460570333,8.353581454486816
PLA,503.0135694042582,66.27004010111636,SLA,192.27379895356935,0.4902742915407127,0.7341069076347838,33.72795320632313,4990.034070258546,21.107816242023052,69.5371213739061,5.229148163623309
PCL,246.4694224382029,76.28858716158929,electrospinning,78.5180199143,0.05373210258449286,0.2970406615442903,6.107283673774696,287.32647422380273,24.0,78.74925134781488,8.279533638271081
PLA,52.860166544076115,35.84754133198144,freeze drying,94.3556234270642,0.04540984581320888,0.8511317146855019,41.85562720222109,3290.7758525667255,19.604499485305574,57.93604024319031,3.5986864481932725
Chitosan,412.11798846178215,86.49285262008934,SLA,75.00355016330703,0.45549826769461704,0.2967685023970402,8.361713242132693,841.3318946771558,7.411367096113568,78.73232230093309,7.993524506617851
Gelatin,487.05803663630775,57.70581215607014,SLS,51.43413700941088,0.457068138704014,0.9189353987778665,39.08459939409794,7349.5699334590045,2.8681305712167684,66.53307425373396,3.8117864753492765
PCL,472.9750783974156,84.21981299425761,SLA,290.4059334517192,0.5706832166991559,0.3612431732208038,11.100237912659924,1206.2748259443042,24.0,74.98206657180133,7.584897783409362
PLA,721.0832634299588,50.141111184297834,freeze drying,390.443905006138,0.08568891892244714,0.6998521880873841,33.14947972611046,3000.117061679074,18.71017603080635,65.04900417839708,3.732885464388536
PLGA,284.43757476971143,52.38758114379866,SLS,332.8667653993634,0.19008206410605413,0.8018162427172625,28.357711709708006,3757.5837208227126,5.4731023327030135,64.32742927726055,4.620636378048029
PGA,782.4990741405561,43.44087027505001,salt leaching,135.0626491308781,0.258509064120335,1.1022156574127853,56.86551629266931,7290.468891361176,3.0071600697136622,58.00122576285863,1.850520033909744
PCL,206.2357256535099,54.320623167660855,electrospinning,322.07642704509766,0.12324589309728955,0.6359062663865602,22.41838495641592,2406.5812093251425,24.0,67.29893118219799,5.063459503076268
PLA,733.6992211550595,35.069906670991706,freeze drying,333.073591618422,0.3791622161644816,1.2753567846534168,71.48282542662481,13567.204866542437,21.391618766746742,57.25597866737424,2.6841391779037695
PCL,587.9459556627859,66.54639451838,salt leaching,378.19277203586313,0.14891225170966477,0.482925899752049,13.121545409290164,1324.9632560139546,24.0,62.412267688177955,6.245455176545183
PLA,468.52027932652334,90.60836076512099,electrospinning,220.0302066550402,0.44511481742675457,0.19630116017488808,4.837347378000002,367.1313637944989,19.96995588603482,76.62739472946812,7.956178632181763
PLA,418.70492050758565,51.509963439851205,electrospinning,295.0984789026516,0.5463794103054507,1.1073110431510405,72.61922687655407,13272.736307835774,22.12255902335258,69.50306376306956,4.869560649318451
Chitosan,100.72985560918072,69.70685128776738,SLA,262.0423889200636,0.48413974399772597,0.6807611340637003,24.46145391217451,3720.03299954929,7.637408446123417,64.40346764171075,5.686702904408319
Gelatin,778.2869017727662,91.25122907001027,SLS,399.4963976811481,0.48560032092871686,0.19457971503888863,3.6790242025408957,315.8806298701455,2.382680945549013,57.71091289261158,5.849468804377939
Gelatin,297.18496284642146,90.98808616757825,SLA,177.6332853161996,0.45904399188020517,0.19612440493976954,4.104678276908072,356.39196721760703,2.86836713344379,69.2372656202143,7.292525782804438
PGA,582.5276137844472,66.06434875063805,salt leaching,140.91614774999346,0.4285771545682324,0.754828990699355,35.627161944649444,4534.056560304838,2.5092782129799693,64.29623140883733,3.5491232147253635
PGA,395.37090893571343,63.96850685344277,SLA,249.87192003846087,0.3254036777582109,0.7412232873794795,36.65783377709271,4218.419997718789,2.4559878851520813,66.85614173117382,4.918212546096618
Chitosan,286.8340229315472,79.70908944802257,electrospinning,311.350450971486,0.4202980285744134,0.433316767529762,13.897040590990805,1692.0599516162042,7.026204276660788,79.35977750583393,7.063152952171003
Gelatin,675.2541065807372,66.73578841329592,electrospinning,247.3552732940387,0.2678263498060435,0.6094294390524764,18.536353854348565,2952.798279928666,2.526772195184324,68.45883178015023,4.342230451628217
PLGA,585.7843798855425,63.44155356195425,SLS,293.23381698665395,0.2303181658637929,0.6422865276507843,20.46119673738188,2560.804318799129,6.841208091246355,53.02770902300571,5.152303938953204
Gelatin,63.240642706120134,36.3110738866358,electrospinning,173.80417493462988,0.027095297308925955,0.8908625695203175,10.052188647647528,1161.0401878815358,2.669409724098473,60.54660905559741,3.7429125451711642
Chitosan,573.0499924489385,65.73896304849164,FDM,155.27081569226584,0.1118975057094534,0.546744697434248,11.587978879275719,1336.0481993777153,7.0254583350600255,60.94979191397226,6.220890145867332
Chitosan,793.8317390813521,69.00981193687147,freeze drying,389.7518040737593,0.13831027035752813,0.5088722054490336,13.599182625332217,1588.329936749425,7.862534548739174,63.52996055809672,6.4445623007687605
PLGA,250.24542198297428,50.369285986442286,SLS,283.792594573712,0.36078113565958225,0.9891470068955456,43.37638917728945,7356.187940549531,6.991249775501507,66.84910997281412,4.66606807576176
Gelatin,468.7851922462533,66.87133930051556,SLS,178.25026101872297,0.3358631058708019,0.6475174272086789,19.402990414798925,3153.5437432193203,2.807925110684619,70.91046939208238,4.8624191310950025
PCL,125.43288171569246,62.27447525266275,SLS,381.59854935428444,0.15287457419314418,0.5475910926728519,18.36535758832711,1994.0891373570873,24.0,68.62166705699636,6.151921153733397
PGA,425.9187308998604,34.39060063651208,FDM,155.36335372813903,0.17340006537879477,1.1881259313146597,80.42794594948857,8948.239331015857,3.001608150328861,60.83483540931492,2.9042554132600764
PCL,432.60092432916537,31.926672067882283,electrospinning,254.71862977541034,0.6007950476428641,1.5994468767013563,97.25890830733152,22179.5906148756,24.0,63.724602000943854,3.725769841116052
PCL,752.8214180906768,83.23402749767291,salt leaching,54.6798017141495,0.1736801201509471,0.2503543033306106,6.138296046551943,471.11063831291347,24.0,57.9035208193168,6.770429362800054
Chitosan,66.63219242311975,79.6984962789795,electrospinning,219.7700877823388,0.09710719533586219,0.3187209386246422,5.7422391745832595,487.7078273850499,7.071472886846271,61.78597818127767,7.755603828077388
Gelatin,283.91882986623045,92.31569081035636,freeze drying,155.1710559952906,0.49180519874946454,0.17176347180895976,3.163388405093589,254.75131283498294,2.721910842287703,77.37477461561686,6.276406782116914
PLA,314.89147401724483,36.60975910084993,SLA,315.70999074901533,0.11214983202434642,0.9218248001439714,40.653642969181966,4677.167009063661,21.906352432717025,65.00001612854825,4.734031371491229
PGA,679.2343779730662,72.89363119314602,freeze drying,172.28006636861738,0.5718647487980034,0.6658465067194987,26.548914685705178,3415.1682313141623,3.0511498581429315,68.78858866970116,4.1390190063091135
PCL,346.33276674646163,64.15759453049509,electrospinning,92.25695415536751,0.0370063175341554,0.4369897711575798,11.825348262026735,530.1389828387798,24.0,77.83586359102182,7.772527795221886
PCL,400.05891523919007,73.00923604560577,salt leaching,182.93267249036577,0.38215019561326785,0.5158504880625259,20.19608753431424,2608.10925374746,24.0,84.51846762946718,6.649082825122701
PCL,160.87749861067206,60.8581416377287,freeze drying,292.5658428530656,0.6822634577611605,0.9836107238182946,57.91346900086711,10255.488197585557,24.0,79.65976334495144,4.622319789215582
Gelatin,588.4273675999016,93.94745683028268,salt leaching,294.065082816157,0.12799587072632068,0.09565394238728299,0.657024932220224,39.966716537695014,2.9742013919504093,60.63515613884312,3.6216711377574407
Chitosan,673.6179440652992,59.54344598166852,salt leaching,61.325369577749015,0.03534338204840188,0.5914145065446954,11.517567594676832,1003.0954656320387,8.707591824146098,65.4462119092451,6.5765658403299145
PGA,196.305794018611,35.15284106801391,salt leaching,166.53918793684053,0.5456942105015945,1.5654263826453048,106.74748176117909,20840.023836344222,2.8043208838367275,64.89896269178276,2.420417866139198
PGA,249.76044488713927,82.5674197609374,salt leaching,51.42194069195058,0.2296444392197925,0.33157185849074555,11.768163620073404,786.6834156514814,2.3608705976397677,68.87689592108619,6.398438851931774
Chitosan,389.79222056444274,74.98591753585457,SLS,110.48708940061177,0.28879908115830427,0.47661792505214273,15.26429987858683,1925.1793638131662,6.475617592404009,67.1283604411734,6.621522406986438
PLGA,128.10760192633182,54.88548683582766,salt leaching,96.0138590553234,0.39407107514779327,0.9263221536033907,43.56625327087599,7226.676171809121,7.256774421443839,65.63273377038249,4.3059134358543965
PLGA,364.93121844654064,65.07992714965677,salt leaching,235.29507730187674,0.2873787154909646,0.6495676470131434,25.12609594788174,3325.437895161809,6.938245680043379,81.68000389511954,5.952432115985118
PCL,302.6646444973506,66.84856715077798,freeze drying,386.44434124231253,0.21718707704724477,0.5239451652726256,17.475157948238063,2071.402619386195,24.0,81.6375529232311,7.223940860447191
Gelatin,782.7596684648821,79.48747039190977,SLS,222.290532955731,0.04404079316661364,0.2931801350375091,2.0980756258301048,171.38168952698402,2.5341532459431155,52.76704343155904,5.322096911924881
Chitosan,81.76711569614012,90.8749425260539,freeze drying,389.4760389554646,0.4753381686851098,0.2036568465394538,4.572804563957384,380.6334415041852,7.632786785809005,72.76676175840161,7.092903472379574
PCL,754.8443071844018,39.72768121286721,FDM,243.03473394375462,0.4763006679822656,1.2657083513806562,68.93624131823178,14071.23652017538,24.0,50.28793577749898,2.5507546834815726
PLGA,184.45472084186477,70.8476424466939,electrospinning,116.48781814159751,0.10698494066048651,0.44709301591176454,10.373823928006246,833.0713053810888,6.245730760371687,68.60196877626724,7.2876728966513
PCL,99.58449396738996,50.28225927801671,SLS,248.4011866578447,0.12342831593533046,0.6923065003056559,27.572144034967334,3090.2700397581307,24.0,57.1662117163448,3.9586429343611096
Gelatin,581.2486798596138,73.29484373952336,SLS,137.8809637736504,0.23969925825361216,0.4757413201657297,9.902283966082527,1395.7094514261019,2.620977050855079,62.188641240551284,5.522047396586342
Chitosan,372.79774197981607,61.671290541330364,SLS,162.05823365874357,0.24205603189968977,0.6989616005109042,26.602606383787013,3996.607005948171,9.028516516521071,78.68645427567344,6.782322268220064
PGA,491.81495295179417,89.03528541933464,electrospinning,159.08401064785826,0.16188919985659334,0.19651624878012133,5.256798983693311,230.15878425919766,2.2571796384969556,59.978805851798974,6.617218312969085
PCL,548.3645283461952,65.73691338137148,SLA,139.8556021007367,0.1354110073409238,0.4853363032097348,16.75019084223087,1633.8965398752434,24.0,57.87758827400739,6.274145042515973
Chitosan,207.04533627065265,94.40732779153582,salt leaching,110.21899111490634,0.14017884713138862,0.09201696191340814,1.0037749473470852,49.99678570567425,7.308227245703662,76.43705411328479,5.91679676070925
PGA,341.30047021318154,50.963999305001636,freeze drying,390.50984225347514,0.23292485737387222,0.9352824068161699,43.03793620837039,4861.988548732693,2.5030181461465277,79.22309963903793,4.3103577561662885
PLA,362.2587045794818,40.81978825096157,FDM,108.17751894851038,0.3421566655978378,1.1205886905872933,74.09877310052337,12974.697890370586,18.633275835781944,65.74839167779923,4.203376935564705
PLGA,130.5232215431564,38.62245602596283,freeze drying,191.43769790521037,0.40008180135817667,1.2669233834970284,66.03019610403912,12829.916999389086,7.4055358148164006,71.03278074555942,3.824045434244101
PLA,401.02536680907025,54.00577269108815,SLA,348.2723363038398,0.03806503000191889,0.6037681570008971,22.01722274525833,1371.643896128322,19.18087567737534,59.521383261129685,5.861732696937386
PLGA,219.58143964732528,76.69366667301475,FDM,288.0959694875173,0.14928940827863801,0.37528180226030133,10.82488316875817,905.9161570645051,6.022613063212175,70.82759392605458,7.65028074246526
PCL,473.98208890296,48.9585154946451,salt leaching,399.19936865099345,0.11766195485482005,0.7048380965404346,26.12849253777345,2893.589023060642,24.0,67.3475645087614,5.287453167356895
PLGA,512.0335117094777,64.24835906339584,freeze drying,208.32659755334655,0.28604634643696464,0.664173924020153,28.14042612432277,3762.5634147469514,6.566659981911059,71.1907272875021,4.969395885063012
PCL,619.3145734888933,46.28327183767362,FDM,289.1283015099745,0.3258672364926638,0.9660221987403201,49.648015681919055,8634.943708307399,24.0,55.62586875162357,3.7251384862155543
PLGA,676.5138300541711,65.12644235829234,freeze drying,89.90430892067154,0.02071704074585265,0.48038250455343406,11.780096192162496,481.98852783779233,6.1795817306176035,56.594505723445124,5.739523865953809
PCL,317.2197202483032,77.54797902831345,SLS,242.52076029300866,0.06819139670825991,0.2877728852389091,6.362462598362138,339.96231835437936,24.0,66.19997107709922,8.935233439786751
PGA,702.7087949725967,55.700395646322846,freeze drying,61.89479991863625,0.013713679477292424,0.6876256179275112,32.1172573454812,975.0146755306843,2.1205425699329092,60.83659827785926,3.485100244765366
PLA,273.4956388923894,57.35419609003776,salt leaching,298.6312968927661,0.07622316366936968,0.590894392026233,25.390519647626814,2018.4749647409733,18.737167082567463,77.20378713871499,6.165697520756814
Gelatin,336.11404585874055,51.62657532361034,SLS,124.26081170951743,0.15249627646671948,0.7858230417069301,20.869536290520212,3707.9273588309575,3.4750338213840903,66.06175210687157,5.26368942496539
Chitosan,111.82270770999921,91.57635663586018,electrospinning,64.88003506660797,0.38921393550819244,0.17530649633675824,3.8368183236787057,297.1466069176483,8.354313573099283,75.8700929261654,7.566872542003433
Chitosan,757.1689019337566,52.85094028460309,SLA,351.5212869316181,0.23243313822704378,0.8518694045123767,32.50863268981227,5366.303721685924,8.92710132891787,58.68249119751922,3.8751894518421692
PLGA,161.13165989011898,86.51464792255945,SLS,73.08242976898896,0.1849181295764276,0.2258394359371055,4.115555108904975,286.98300732942647,5.68646438360346,66.06837474831804,6.804147695392471
Chitosan,763.9823157509907,36.67567155261695,SLA,105.02934630022192,0.17412544494496923,1.079502193431347,37.396654389738806,6656.046119475908,8.898440953568606,43.42646475934594,3.2314235267731406
PGA,318.39044855001123,56.360709298488516,electrospinning,172.35564652210022,0.21816469294084853,0.8219140975211628,36.071232772832936,3711.3845291775656,2.8368261832659925,74.39160185692312,4.155245549303026
PLGA,201.45756529442207,41.11291687631835,freeze drying,280.526084117972,0.31644457217181093,1.1263713244992335,56.35634072666271,9997.50309880837,7.150469339299651,71.41046735838555,3.90413872661436
Chitosan,60.59362185787538,31.445022381840346,FDM,145.94781390404643,0.4682756555425136,1.5215656606390413,79.37100944537761,18067.946518200926,10.030672039521436,56.42786308108234,2.893459398073924
PLGA,444.11746235980905,57.560819081670495,SLS,309.02345694296594,0.15738566475762542,0.689580692786483,25.00424025736501,2889.6657089559726,6.870396883136018,67.21072650957228,5.553110150570893
PCL,673.6460248875497,90.82321627174868,SLS,186.4514983852753,0.15764683934447807,0.13408032723811614,2.1286302102564294,115.6497423076867,24.0,50.30487579637385,5.247470924206297
PCL,258.4587996540599,45.2356675791806,freeze drying,369.18550638751185,0.09946413642388167,0.7362657011912792,22.959015100121015,2402.2506279517033,24.0,76.9374042248665,5.257102215159544
PLGA,266.11092495793775,35.85850308182833,salt leaching,126.79465702731312,0.25972813118145616,1.1610303140793556,61.893792222695865,10720.32891451332,7.109466596262622,74.04532329102479,3.975333694777508
PCL,698.8838217829821,83.43854466507005,freeze drying,117.23694501371774,0.11999486471718164,0.22947381991326085,5.462474970216226,348.17830052088874,24.0,69.67001813455694,7.130027814443627
PGA,102.7966990502877,76.32519271988818,freeze drying,102.74102396625267,0.3243155165145891,0.48660989047892256,21.056629334172328,1960.890248693352,2.461642410920633,81.0507622066506,4.535540311993672
PGA,486.52572323608115,70.2121501771958,electrospinning,104.22248891329805,0.34376865775377385,0.6216441945343978,29.268911416596186,3146.1640799227566,2.7224555472171006,70.04341476612038,4.86501213905357
Chitosan,656.8264588494842,82.76246302964344,salt leaching,74.34850709883968,0.041939710442510075,0.2539769204973711,3.2891592136694863,196.89278619723768,7.36081206427533,56.7000195383851,6.965018989411725
PGA,615.8190915362869,71.21995757674924,SLA,384.26051179235253,0.12284856657930888,0.4976111577919031,20.37873617421017,1239.7725813822974,2.5732604420961787,53.56491306632774,4.6353328815757076
Gelatin,228.82195290224226,77.67387207283556,salt leaching,324.71037244144526,0.26528508453219984,0.40801292423654145,9.885721339540845,1288.8055864983596,3.186517510383498,81.7684752850352,7.203510825874704
Gelatin,409.80243175357026,73.80333840828625,SLS,115.01955047852033,0.4445331386605626,0.5632700470844118,20.77017538149519,3068.0708194040235,3.066701404769014,73.77219769847495,6.059704439385605
Gelatin,425.42739161890546,41.02034250373873,salt leaching,381.68065345063616,0.2479685131711916,1.0594771397800196,34.58200146434384,7272.578635314786,3.3852704379646275,67.40393248195267,3.8494648352221814
PLGA,222.4743825500624,82.40132042869784,SLS,179.88274317366736,0.22035468304902786,0.3060132276636328,6.956902026552734,594.066994801309,6.50682734660974,63.21916721882823,7.013402083381575
Chitosan,486.13807287838966,32.69787959193472,SLA,199.5838941203441,0.08153645970744385,1.0382622767182745,27.81068951435163,4068.2153783247722,8.314822336263934,50.2410060266444,4.359584949407687
PLA,594.0932433057906,35.28914765621077,freeze drying,176.54319103758738,0.21445597066623864,1.0674772763167013,51.32331886266319,7889.064134449576,17.989949360351012,58.088111428849864,3.477073346362668
PLA,88.36330569566204,35.90514099998678,salt leaching,199.37823314439325,0.49260468883406355,1.3978287278052495,89.77049155545797,18333.096282687224,24.0,61.41888404254324,2.967573840050568
PCL,69.12689750708927,57.16533818841258,SLA,340.0478050226348,0.2898015772692767,0.7393486064662974,29.03464504827122,4343.606484809898,24.0,67.84731506313373,4.62414622389233
PLA,166.0870383957438,69.42823685411021,freeze drying,335.8689807903907,0.08297141616268874,0.4275385884306045,12.281121772029874,858.0266137935631,18.02001198927767,82.10095137425824,7.189252363190435
PGA,236.6476915256053,62.8603981515082,electrospinning,133.27999613827095,0.34497448075524095,0.7757937890647899,33.64259131190209,4044.863588757512,2.9399658896149563,77.84809255801268,4.747323339230326
PGA,513.6012587962083,62.11793154865701,FDM,220.05187581093034,0.46996267413794546,0.8680068100041193,44.1834577965592,6189.273249838262,2.9581510886066753,64.12007926692468,3.6216543458856965
PCL,593.7342966012383,59.6190089904272,salt leaching,212.79257140457943,0.19929852187686017,0.6237221770532279,20.669232331693188,2611.6787069996767,24.0,71.0903379263919,4.949864887455241
Chitosan,83.33319901047896,37.58969973147661,freeze drying,397.0984378822937,0.18734970400093737,1.0783638511928832,42.92729883168774,7731.985563837063,7.5769005649046,64.30814506009878,3.428869418307694
PLA,109.7698315821199,36.72503454491066,SLA,263.47617347421215,0.4364492822422801,1.312081154847583,73.02855846446046,14301.380529546574,23.41809317045125,53.90609024279772,3.137408207935697
PLA,203.74406089088922,32.947827513640895,FDM,205.619791774953,0.15468941180493737,1.0295571262640726,47.38736025555254,6462.8686091643585,20.960755188244388,66.06877471084394,3.926772435251338
PCL,123.5147583306672,81.89049879487872,electrospinning,222.4079118104887,0.27431853537173223,0.30695761432901353,7.342367865482356,701.0987713305852,24.0,72.75190910345545,6.821125161743307
Chitosan,67.46407730827332,83.68523484573038,salt leaching,106.94274020027454,0.21770533426542418,0.29056341168378746,5.677315336903057,542.7944674265663,6.617324466641711,65.17265341829878,6.410151495015461
PCL,742.0125298620144,92.91725749436213,SLA,342.15615956737633,0.12263538859172092,0.09851272902300717,1.3892397340814677,58.57211124284086,24.0,52.117972516882205,4.762715584808551
PLA,115.39571294365804,48.55895936358285,electrospinning,361.45106559533974,0.3035537591915437,0.9361177199940418,48.93032403397299,7659.848190511632,18.91206566208707,73.05383945916091,4.365239781389372
Gelatin,460.19172180878803,48.848862210282135,electrospinning,199.33239528684146,0.11235257216326157,0.7939856743567312,13.925518057546741,2396.1679945274223,3.29789926409219,73.43447078092342,4.713670931124342
Gelatin,160.30482009775727,91.76665645445844,salt leaching,193.84495571548376,0.022155478818115252,0.11443358389827027,0.43493621976593194,16.265058995880782,2.4317312434288945,73.91840985546919,3.559707602416187
Gelatin,89.84848453910209,79.73644841271674,SLA,350.4405712222886,0.2280465284672027,0.3567365331184524,7.836068353259503,956.2898057087586,2.9879173102877346,71.51212924907922,5.632966820324715
Chitosan,101.95285701887184,67.65166586464184,salt leaching,324.018140799426,0.3099853347508311,0.6283580886426771,20.028038948303198,2914.102045803873,7.272792533643595,77.26059227674372,5.214466788848256
Gelatin,358.78112458626777,41.61757144421139,salt leaching,278.6712028786266,0.4132967994211989,1.2224896610649427,62.150342702352624,13634.939044749153,3.063385441360965,75.14923823955316,3.3252980776079295
PGA,212.13654690991345,73.5095352286016,freeze drying,124.02221551358588,0.3715109069239449,0.5647363557937517,26.95781735939523,2836.6901954794353,2.9173615600969818,87.6085608999107,4.684821260492854
PLA,335.0771279531271,31.044021396428946,electrospinning,164.05489857235122,0.2212119109249242,1.146403315199229,60.53680488711334,9726.425568019273,23.73253868034328,71.05527854768768,4.727332501876939
PCL,71.22315901017174,65.27889805373472,SLS,394.8105159681193,0.1999402006907322,0.5367466063160974,16.3008451257092,1912.4534735665281,24.0,58.413720468386444,5.957953059718277
PCL,288.28541266892,84.3445049090513,salt leaching,124.11344102684698,0.372907706460749,0.2963084168872202,9.043506375331813,883.419235777786,24.0,82.39049652580954,7.684797735016609
PGA,536.4871689491118,75.58967479123949,electrospinning,360.2162780136184,0.05092791956962722,0.39361728237221894,12.164481516709753,431.1933389913038,2.360432527910285,58.417476800160216,6.812199391962807
Chitosan,654.0694917943365,54.519759215771906,SLA,317.3076495462671,0.39465166369853955,0.9508282930700447,37.849592372900936,6827.3728796377045,8.271620260410293,63.82170611529753,4.496805988080282
PLGA,419.13317850520053,85.39464517653727,salt leaching,277.53622161116397,0.20715660270076508,0.25047503655946735,5.991655148287827,455.08503771522624,6.042207408004679,68.32417621054856,7.992247271099195
PGA,331.1200248328861,46.05412737502439,FDM,295.42720070856683,0.643508528749919,1.38774884298759,77.7770228535434,14777.970349703382,3.0705714273116103,74.63222182369263,3.7243281873239624
PLA,480.8879452806911,33.540981537471225,salt leaching,246.30104380144763,0.28018464123091913,1.1797490372049755,79.39762958123248,13720.694357666795,20.78050666950055,63.270302274715746,4.038956359426953
PLGA,536.2711002485471,38.21425882311589,FDM,166.18323295704027,0.3795721996649393,1.2524128410947843,65.28335317975638,12538.083695998523,7.322893142400612,60.54864490461239,3.861595381811908
PGA,766.4667839586425,82.42532166949661,salt leaching,125.32482422347478,0.36160482895215207,0.37184501299247236,11.82386591893877,1000.4142814014325,2.4856641052213706,57.624009560879855,4.741652370961002
PCL,407.9290908751806,57.36981740848007,SLA,201.17874059650273,0.3816663345788439,0.814339226592155,37.82788425770698,6137.195374970483,24.0,75.2388505127964,5.758787498084247
Gelatin,647.1028515097452,36.84327859060994,electrospinning,238.30848403829745,0.2560344898830297,1.1436811201040464,46.71187470074711,10202.492958195178,3.455373356415414,52.91583059190883,2.1061269731945087
Gelatin,78.77370977305688,89.51493107736322,SLS,92.96804984615522,0.5441837876571253,0.24425291181859363,5.820801475211777,550.8533943738088,2.483242456164192,67.25353631436117,5.398411303937122
PLA,643.7766962099676,63.18133397245319,SLS,184.6686798558295,0.3850943880990156,0.7273638965335333,30.76791133323609,4419.602164542519,17.776944497306577,57.060174644687756,4.674055606717609
PLGA,192.4492336248741,41.417251312417015,freeze drying,138.67139707598088,0.01882038308989211,0.8049649833005533,25.763062878695006,1317.9040135525452,6.580461008949059,67.42519330012323,4.91343547202739
Chitosan,256.0475268697019,36.06180567321793,salt leaching,343.0635620374952,0.2980727019086119,1.2286537514924307,57.37507873638049,11644.553938014687,8.872602489692131,76.75798224269501,4.579749324225417
PLGA,202.97557756770107,66.01306179259423,SLA,241.304714945288,0.33537890209165977,0.661737858567606,29.2615295614248,4016.486070667211,5.507515713786787,71.59910022299015,4.531530750258781
PGA,679.6002413717547,46.31623392291095,electrospinning,73.09546937238686,0.5514551807457457,1.3009495139669487,80.87022831536267,14426.69210321409,3.2521392326962335,56.8476961942211,1.9947066452303528
PLGA,386.6924986795804,51.765477999621076,electrospinning,374.6514913910801,0.23464506073723415,0.8511982562389053,41.744582152978005,6042.948355577354,6.917005402424453,74.15708849995697,5.326143056363827
PLA,497.36105839748484,49.74361464904396,salt leaching,114.4369971412624,0.04970417646945091,0.6708900662542873,25.388431080509548,1830.6633144709256,16.816553542821204,64.72860319916524,4.9919567652380605
Chitosan,717.2798821987263,66.23906717338268,freeze drying,369.9249305861853,0.0677626044113742,0.5126883124472007,11.157474824372917,1088.9599173566749,7.277896762703124,63.08690306490602,6.362832895091622
PLGA,360.6850898944686,50.869455388110104,freeze drying,338.9378249888875,0.052607281952228205,0.7051309996721669,23.377933148254286,1720.1761602923948,5.6000663386950436,69.18839124768489,5.115680044370786
Chitosan,531.064422042935,91.09983028427864,SLS,81.82695985663847,0.0193116258458612,0.1276102191016059,1.1366147746950201,39.55796116875443,6.614966471796371,59.83235091221094,5.156437964932538
PCL,586.9035876307107,49.76238865705794,SLA,153.38131266134,0.4359448232276816,1.0143322231320977,56.95338968450125,10387.879382454692,24.0,64.40684260043199,3.6490798431430185
PLA,240.15439805786434,63.396230848287345,freeze drying,293.3100886277232,0.020884125933717818,0.46848749802134715,14.706724985394924,675.3979006134709,18.563353620572116,83.36005292363039,7.855780503842352
Gelatin,622.1066046736581,79.525110964031,SLA,143.4024438575539,0.25119034352186637,0.36898670137489026,7.113749146519008,882.7542862829096,2.445415928885423,68.72665224091261,5.701700315706365
PGA,370.3230223979047,56.24262547545398,electrospinning,143.707479193994,0.5860110418945449,1.0848931653238785,66.64988862704689,10999.66885386229,3.436822991166923,79.77441012759188,3.9675801351594555
PLA,524.8188330131234,60.18298328012064,FDM,221.88956832034157,0.38984285370896277,0.7902084543297795,42.14049115566382,6319.73301316869,22.167079809429506,62.11737326776368,4.580029869907085
PLGA,398.59791972613556,60.10565793253874,SLA,202.00736703260137,0.29996274325450434,0.7511835584966764,34.43702247102287,4941.647891376128,7.132829560929062,67.87767705044331,5.189955554742723
PCL,402.66080879359873,90.1228533407479,freeze drying,173.71962462305788,0.0448507731458467,0.12197543241449114,1.8163084204351718,48.82344437569768,24.0,75.37188084684725,6.636902090551468
PLGA,437.6107664243942,64.9507895086131,freeze drying,345.2328299003875,0.3273768856908662,0.6773442755009338,30.84424484176001,4267.092949362007,6.942411800290052,72.62321762858097,6.230347149053924
PLA,645.2525361678163,57.70459911008847,electrospinning,398.0319149012249,0.43231766868928306,0.8737074090169018,51.70081338703548,8253.88065356341,22.44540645770389,67.91629289340176,3.9558230953849
PLA,326.1956979904947,32.59827332179594,SLA,273.2304418613375,0.18261865826253826,1.0708797370192726,51.902607566021594,7619.389632408136,17.45725734222432,65.61092410604563,4.13322154633711
Chitosan,705.4097906928032,34.62203505267916,freeze drying,222.57005619278368,0.14140755315391887,1.0770779251966998,34.04191307338838,5811.852450267104,9.142003666717565,60.02072650224384,3.317999360703
PLA,758.921978456002,36.10615496549031,electrospinning,107.61236991937618,0.04998370852842663,0.8532824187729592,38.99877085334116,3177.823981922061,18.193737854214827,44.98607903510276,3.066580203202074
PLGA,532.3315716410618,75.854284163693,FDM,52.61473947035954,0.3668781557671107,0.4838920882987025,15.072273341760557,1791.7472436493836,6.010972277389848,70.92397209872959,6.5548992710163425
Gelatin,67.68666326298862,64.4011068220724,salt leaching,112.1481375881278,0.13612371358679468,0.5678104216032867,10.603790364118883,1583.1848669201336,2.8486650584402913,68.93749666475334,5.530087642916266
PLGA,713.2768005490221,87.49235633939116,freeze drying,211.33989365365076,0.15847968939344592,0.20348038048318556,4.150571382888041,261.185237099019,5.611142126179612,62.695947056058664,6.088399109064882
PLA,737.7693192630429,30.79505552798257,freeze drying,148.46354999646445,0.03889989926567502,0.909559759994195,39.552988695323236,3046.6119324913434,16.943805977481258,47.042645215994746,2.967166510868048
PLA,557.9047889026331,81.4859244799646,FDM,146.87029741015485,0.010779544212611243,0.23338638639485437,5.216077587175936,147.30575588809126,15.11129582266871,59.73980506044354,7.26985439845116
Gelatin,712.4188450353785,64.58374141587385,FDM,202.83635648385734,0.4604362283071994,0.7716442043037984,34.65241793197137,5965.710249033653,3.032161095584243,59.38648583516382,3.369569759679555
Gelatin,319.8558846233897,53.75127056946794,salt leaching,332.3609602986616,0.09405725899376781,0.7026583643114271,12.804109208836989,2009.1581596620613,2.665898514310251,67.74249267342618,5.1030007690413335
PLGA,517.0456307659173,77.30663408139674,electrospinning,170.0106319711078,0.19328123297077943,0.3834813548938688,11.955740979095326,1101.1240511241012,6.192141145114799,63.27008745062303,7.185902367219177
PLA,127.5475215365116,59.26934933768973,salt leaching,241.8894473461618,0.19238740022776143,0.6547288904313314,24.59053541171238,2868.108593378039,21.178011127546895,76.41760950862013,5.728862892062597
PLGA,59.73619187396743,64.0143754824482,electrospinning,59.3316307848149,0.03774529652865672,0.5067923825693225,13.81831538415488,742.179189997655,6.230886007589323,55.854401165993465,6.140122481638371
Gelatin,740.9213094054564,58.955984550386134,FDM,289.0793989307212,0.08044493993408727,0.6135263090047501,8.606851211621853,1220.6294835781978,3.0747295301089546,54.21018758407373,4.664070424979521
PLA,450.0653681775054,41.99800335676011,SLS,236.89443094239869,0.08408721116762036,0.8123797776479534,41.94232818700659,4060.1221900960277,21.537523458010597,56.313598997969436,4.174831508468292
Gelatin,501.14259989611077,55.43131380590687,electrospinning,150.53653658065835,0.02256645056042045,0.6197808905840114,4.752681624671618,417.6218750550876,2.62227660848973,58.31702346960067,6.037317988257434
PCL,291.91667525663036,45.70854184287671,electrospinning,282.4516712261666,0.05488543402981649,0.6813823913126216,23.348578634321164,1685.7429728469185,24.0,69.28695202843679,5.1413477292713115
PLA,709.6072657312279,36.12047944168246,electrospinning,386.26133478128673,0.35779781195204774,1.228654751193494,70.61865908215182,13042.376213616324,23.42910029112411,51.28082915853292,2.6870557318486488
PLGA,680.5595508203926,66.53669489007001,freeze drying,258.29388652242926,0.2629880426040056,0.6076964173626338,20.614232600520562,2590.347312986025,6.436304850141093,73.4702569316032,4.692140161980793
Chitosan,543.5666002182404,84.34013204737703,SLA,393.3780661610158,0.12023080372459168,0.25218712526460624,4.46564393817288,355.75568781376467,7.398594686905646,60.96915167602226,8.046965889698676
PLA,324.82311794826234,62.391577877239996,FDM,272.2467645599923,0.39523949722268925,0.750253210878966,34.57233648910582,5061.115285176512,20.34260916747519,82.77822295375874,5.856362207581575
Chitosan,578.5122020256222,41.508494769209186,salt leaching,336.8990439044309,0.11594656140827453,0.9375641290353964,31.110208337224975,4737.671301883326,8.026714124882442,53.35198020348376,3.6813239299164615
PGA,331.3761496989663,30.349708567631005,SLS,318.39908444163433,0.22534375432909046,1.3199126411313076,89.25413634061073,11805.846557678375,2.464531298818178,51.35571548786261,2.828228987519503
Chitosan,558.3154869241279,76.06870227453665,SLA,63.741196386829145,0.04374247166928666,0.3533574151298804,6.191988724051156,442.45623060285453,8.289868701177673,61.010106508065,8.581751140689283
Chitosan,235.7283121412592,94.71811468215486,salt leaching,111.65230433896764,0.1259117099899334,0.08558479066579248,0.833224415619533,39.08598928629411,6.510504331776484,74.97486800035793,5.353127437918426
PLA,733.0160754508075,59.93414724463205,salt leaching,118.30394622877832,0.37793837664639574,0.7860368601385226,44.247865110553406,6590.0389470911205,21.01862992505934,66.60088274113262,3.89787860816116
PLA,345.352058144376,89.2177614989788,FDM,95.33859676870199,0.373987792286409,0.2107190858550995,5.973428128608781,459.9341533859024,20.586296883126106,77.42593922169492,7.886952191243747
PLGA,399.0207333283567,69.2251147417114,SLA,257.11404847745086,0.08544306179953406,0.4599774201173225,10.525177793688405,778.8592947793383,5.941217654257822,60.36086936141671,7.896425953467408
Gelatin,190.76255738812907,40.554130622957445,freeze drying,367.9134500294644,0.3474739571654902,1.174325283042583,54.54591829081862,11910.579072898418,3.3212777041509276,81.81030055105705,3.0578691421541775
PLGA,629.0331769801784,91.05552598874658,FDM,240.84086740054002,0.2599086930251159,0.16193386430691795,3.27835247656591,212.09553173535508,6.350857929571478,58.466623032250325,6.967021424142204
PLA,295.05799365076496,32.27143589760363,FDM,239.27412922490836,0.1433202347410485,1.0252354826510603,53.784592575886315,7130.733405103988,20.7285928680764,64.87745732735536,4.170845343144029
PGA,668.226533197475,89.99200648141364,freeze drying,207.2722849337665,0.15651235960559592,0.1784975706586569,4.4545720653983745,182.86615883804583,2.502554988083269,58.106698027842945,5.386897318807781
PLGA,481.53444507909484,55.969019053421135,FDM,137.23604269434537,0.1159438714450451,0.6824178600240525,26.269272808889898,2693.060178285788,5.738480575339372,60.00247165063621,4.8130371999299655
PCL,259.7158835835288,38.17864061977416,freeze drying,143.14555846835628,0.04885349047323359,0.7684093581936463,24.68320996417444,1759.238071881322,24.0,63.901321448860074,5.101971633512462
PGA,363.96743344726235,39.32319932688005,SLA,149.43152574668153,0.12372135225776697,1.0499687067439802,59.77603785031686,5301.078216190932,3.0102311944529254,59.18275363549889,2.986430037792462
PLGA,730.0772731830455,55.29728178702327,freeze drying,158.54790639799418,0.3582252998188681,0.8888633919394596,42.41104817251528,6811.61401604328,7.5949969513590245,67.85171973609295,4.295467240835387
PLGA,579.8910976994682,46.72138889194265,salt leaching,109.11576894363485,0.3036632402591502,1.0067688667569636,45.21797366285071,7528.829796964152,6.255693666456345,60.03473749225974,3.5601415172877235
PCL,776.2888412157354,31.029862904524027,electrospinning,125.5661959441199,0.5796460387933322,1.5912723183298352,123.93716156178098,28246.597345721035,24.0,54.18249571862146,2.6023072992618537
PLA,496.248322443062,76.82429213858316,SLS,347.49715427637096,0.31517115504099846,0.4268911866390607,16.586325049011492,1766.3103627784185,17.258474174198515,59.61871233222281,6.824841365889483
PCL,648.1377838275794,70.46029669907024,FDM,392.14965419306014,0.016390947668322355,0.347937486601059,7.283872185259014,167.13248881096996,24.0,52.947803667607346,7.093009633201953
PLA,293.2513534986038,91.8445700644541,FDM,103.99357748063875,0.16571245834733708,0.12694014736159576,2.2045733934173737,108.02070485964676,18.627815077116818,74.86016205030877,8.217003982565299
PLGA,392.8377103978095,94.98968453236492,SLA,333.91577094013354,0.06765655262550728,0.07327377743143682,0.6586486005087264,17.524345657343346,5.63861936497308,64.46858072147887,4.078405653007818
PLGA,747.0528691331803,61.42235119434327,freeze drying,243.66702869346375,0.3645824550270389,0.7715121777801442,36.474398120939384,5470.533757032795,6.648966701830025,71.85910023912334,4.295311466818919
Gelatin,184.3629519298191,94.52978811498198,salt leaching,144.52557379321848,0.10704284214826895,0.08438770693960346,0.5558801239925891,30.941897676209393,2.899520599195603,69.59908596380517,3.5146863282908036
PCL,309.0524248646386,45.012562958300194,salt leaching,63.60188411052804,0.2792101119593555,0.9374347756055216,46.966328591816776,7861.923751136168,24.0,79.17117679019965,4.515553215348152
PLGA,355.93723095452856,50.0591392370377,SLA,94.42723123776254,0.13090172095002836,0.7875334718384098,33.22354720378272,3836.991475797195,5.874502565913251,67.72266247439063,5.120792465956253
PCL,174.13078326924963,38.35045934095862,FDM,202.55722628986666,0.34238932248281356,1.129105536921422,71.54036583072738,13530.353658046157,24.0,68.56889211369774,3.6017538200149968
PLGA,782.1410150839515,80.36147483312892,salt leaching,53.545722923738396,0.11183594436436646,0.3029091406801558,7.16874396111094,482.54781749775765,5.2479074467010705,61.32110285735155,6.336925428054746
PGA,166.19527560063156,88.37988274645305,electrospinning,269.7421906968824,0.32195747303351,0.23839496809361035,6.839440773391561,444.6053137333956,2.7004330382378847,73.46284546964644,6.107767943050573
PGA,754.940654767041,44.522637262648054,SLA,215.2911403509135,0.12011365986934737,0.9567537929496647,50.68382009543937,4227.882708539081,2.9623936416973926,45.84188766393739,1.8798824745875484
Chitosan,122.98152518992192,35.981864563308406,freeze drying,282.5516512030767,0.2834444335236526,1.2138016184603189,49.382309684250316,9925.036876778537,9.198580903285235,75.60516530872106,3.7938163288858946
Chitosan,641.5219635589659,66.65091781717656,SLA,258.63511802606394,0.1261014388535952,0.5404810773942927,13.362159558660426,1575.7139545937564,6.626673245463885,55.30539011492848,6.031962247331156
PLA,696.0276020835581,84.34872411048444,SLA,261.28421563660396,0.15123001690018223,0.23928442693005722,6.916094937493541,451.2551056823807,17.465473888181847,54.68120179133425,7.369849379820241
Chitosan,519.0429725940733,31.50490818462669,freeze drying,338.50939626270224,0.5652711888016356,1.6365015700224081,103.41668429239743,24166.74189873479,9.582467291106598,60.31210708558185,3.7009818997155253
PCL,69.82907994731531,66.06514692360386,FDM,220.06417753721396,0.14457558161881723,0.4869223976941509,15.693484393616725,1573.4358160798442,24.0,71.00712705603736,6.259662507605002
Gelatin,509.2797676729982,52.193752416770224,SLS,212.38889759933716,0.10817177729057789,0.7384675041736865,13.33128682325296,2198.944519263764,3.353688030886064,55.88599293447241,4.183684733684122
PGA,604.2492462332275,75.2548241693183,FDM,181.13698961811403,0.049963003234252845,0.39862995167041015,15.073451584999146,533.2135862292869,2.5074928297614036,60.217924425016015,5.8021956746144125
Gelatin,413.83791495612354,33.671841866016635,freeze drying,206.64220355806472,0.06385420875019537,0.9716661118078356,13.407398525188022,2254.212708383102,3.4336467184002744,70.93515250083333,5.093894669153862
Gelatin,74.20198166361095,88.72420831263582,salt leaching,93.28935809849547,0.3097074541387297,0.2150827290434762,3.4702526414214376,326.61985172156,3.0809864181966473,68.72034056336831,5.534871294500478
PLGA,565.0187220334045,63.48250422869625,FDM,101.73155890384439,0.19797657668020907,0.6201903626469051,19.50610668234464,2300.9975085070723,5.84584990003101,63.65454831110389,5.361661818347516
PLGA,359.0661564807824,36.87926293750972,SLA,124.73044017675466,0.4287002900119393,1.3356016735860405,86.83104207946465,17436.05052690869,8.092702597347703,68.26427028988557,4.373480682040854
PLA,127.9680552352036,56.005703973580054,electrospinning,200.26368359788623,0.11338931751984503,0.6408092998705613,24.89095219633445,2397.410467114834,17.1865903902276,68.87341070275619,5.459294136146382
PCL,612.8515583763908,77.23079502582867,salt leaching,108.35752182804286,0.22805923613333826,0.3648215832044087,10.511884529679998,1052.4471130685345,24.0,69.38796639223622,6.482129551743695
PLGA,617.4796763178846,37.769201821389316,FDM,373.2842838182825,0.32706856793283345,1.2022953541462595,63.02178182858196,11614.046234097956,7.650146200019642,59.98337487759237,3.2511172092665017
PLA,306.35397694253743,86.06259627798306,salt leaching,62.93342590574541,0.05001122114713643,0.1861370138264014,3.7633414753772927,143.25489652678354,16.17237181533601,70.01316649961365,8.475981449256857
PLGA,652.6634691588185,66.25882663898382,SLS,106.50166708256825,0.03340930755250704,0.47253529624542867,12.511221251867754,615.248043133113,5.02603998677502,47.04334533513858,5.293262475673465
PLGA,346.42258829809913,71.51137946830725,salt leaching,80.52535648281977,0.42192252280095593,0.5993093458145842,21.077449774594708,2831.250191668864,7.007731512933508,84.85771266016908,6.496064632074383
PLGA,747.8860499767492,76.72472249671155,SLA,195.44880154974413,0.10071053380962629,0.3543163063008781,9.653520478831703,672.9384968539995,5.56784413560212,52.69334382268102,5.342155108163324
PLA,701.1622317298817,66.91379443632756,salt leaching,224.1562427435733,0.12712599365967073,0.4906057790808989,16.086590635138137,1413.8313677353522,19.67607783156236,61.199901095233336,5.795768560397495
Chitosan,719.6141686673393,57.09963484754218,electrospinning,312.36205862301847,0.3515112411256956,0.8645044226254142,40.237147317536476,6906.169771673924,8.848219257897759,70.48390528983703,4.298369393938914
PLGA,732.8078173085826,62.055035162108624,FDM,361.29027688170396,0.2607401960009938,0.6875399028281398,23.85670563886117,3182.565390874101,7.283335245664892,56.01731307398237,4.151721917815271
PGA,583.9341971118307,76.56719822628169,FDM,168.73149580461856,0.25792549535600434,0.4564333226199489,17.780492090313942,1465.5367817972844,2.813929097789226,68.38626814254009,4.524525719414511
PCL,53.38553594590585,62.008741853388365,salt leaching,202.73682461809213,0.4482645183010627,0.7764540730851842,35.50182246378366,5670.076902939724,24.0,76.19592972419274,4.522623531101342
PLGA,293.54421687982585,69.96280527459878,SLA,239.15238775604965,0.42730914482474747,0.6348149499583018,27.52028853608266,3808.8280922580966,6.702008111998103,78.27492757026585,5.929749814634967
Gelatin,91.97778322728476,47.4671565461498,SLS,192.6834822511318,0.42823985702735734,1.11413321928549,50.52949908428785,10542.331074347572,2.9295254468452003,60.5028367691633,2.4317225678547425
PGA,663.6551453711809,63.682268332722366,salt leaching,66.04381613074095,0.1591395712147947,0.6492906240787452,28.100662392668795,2217.9386447861702,2.2108700479874104,66.01297203341883,3.856975490237964
PLGA,73.14897050356777,39.07500944832605,FDM,371.77910493864994,0.3717660172931542,1.2263569971398727,73.61282224509698,13954.527896410127,6.411545333812423,57.54111998038934,2.9197508257285003
PCL,289.8469498220812,66.64877925344743,salt leaching,291.9240844485269,0.10733595579216194,0.45364616991914225,13.51968709709034,1151.74539814645,24.0,73.2868807659955,7.35103311874766
Chitosan,766.4636670403619,65.2873845266511,freeze drying,285.27527785732445,0.15953514856119574,0.5828895562904313,14.483302164765183,1863.902186871148,6.781538650995653,73.77488759613698,5.855613971208446
PGA,607.5106121056323,69.744781199344,electrospinning,112.31140785809944,0.32330585677284,0.6213682165164092,26.44323286499588,2779.485658067638,2.7377804785534905,60.850238255934464,4.194582814638259
PGA,280.83416521300035,57.28571598635504,electrospinning,306.4528607439502,0.5936311730552806,1.0643043399175989,57.23555193938421,9380.393173119954,3.034820644343095,70.11634256893042,4.269560226166139
Gelatin,638.7194174564138,83.660137416576,SLS,56.67183108792237,0.1931465786755072,0.2773959388485169,4.511158781389977,483.53603710612475,2.6673841106822254,61.9794686385966,5.309293289271626
Chitosan,157.79456433164543,65.9125227367111,salt leaching,83.5796673046376,0.07156995551860258,0.5199183682368564,11.394416046877117,1137.391575649668,7.441195475737047,75.82947551778949,6.832958695034937
Chitosan,691.1855167798221,85.56249693592692,FDM,371.9239898950913,0.1643046851676141,0.2436376573191306,4.929270447246582,412.4220680096478,7.2664302458735035,55.315409724508754,6.867978369723132
PGA,289.50818002077176,64.27329035258714,freeze drying,65.95603258461384,0.1263280706347241,0.6197338956635481,28.755798006359495,1979.6001426431785,2.2349834470662233,80.99692799567082,5.210109215425326
PLGA,303.0104378231096,45.955316411282155,electrospinning,74.86657532007222,0.27591002099897094,0.9940963631764297,52.51282419444078,8527.146417140439,6.94096413377784,66.03607269814191,5.030425262112419
Gelatin,437.85950701892676,85.69562297725686,electrospinning,215.34280501316232,0.2805600803205025,0.2653473588028726,4.76033169408807,499.71756127060655,2.4176697487857535,76.45841986715487,6.410074276949759
Gelatin,699.7125519756586,43.848773504817196,salt leaching,72.69520037713187,0.03823594695108546,0.7966874734001155,7.543795543545528,961.114439392298,3.0414194691692464,51.10263290048227,4.0966910516906365
PLA,186.24267937840824,79.93443153845556,FDM,67.11576210345308,0.35999402095989813,0.3867816061835154,13.339395191122636,1383.5847216854306,18.2557946584351,68.17298739783746,7.384147891382007
Gelatin,258.3937790508539,69.90968389823695,FDM,176.93435330827245,0.07143512706112187,0.4449103673464989,4.58240147698098,537.5289452609262,2.5632106391749896,78.5483342018018,6.700831766056095
PCL,182.60656867439096,52.039744552658306,SLA,150.18888270203976,0.3094346306675813,0.8466982316900366,41.69250503307261,6741.847497798273,24.0,68.35006240286862,4.713709182961268
PLGA,498.45282435333405,45.28962047138047,SLA,284.43755914436645,0.5537871282404173,1.2815111474336667,85.36675479951354,16999.170991672898,8.26846593101989,65.32645895917982,4.36868667785254
PGA,268.8937493774519,55.00926640642855,SLS,213.4381005014933,0.20673777762072568,0.8390390292635528,38.03384834545282,3859.29911859911,2.361360978201897,68.57282523561507,4.092204038482038
PLGA,663.3151907065858,70.28038542666158,electrospinning,345.57997062667084,0.1702652539488392,0.4898327760616335,12.867146802449744,1286.9866395560668,6.754002505279531,65.50898449343934,5.5544281275593805
PLA,626.8735727890086,88.68714006966688,FDM,162.73680104238824,0.015742338814905662,0.14368099882931817,2.8121550234631107,66.93626279797097,14.156924898069267,54.638385605775824,6.2765981070009875
PLA,738.6887740444215,78.7709416562377,freeze drying,356.9201528427149,0.3143362182716902,0.3906958060820764,15.278613754644258,1555.7579722097314,19.903612889800087,70.98527264913014,5.647266848088298
Gelatin,542.0757248917624,71.5650355484921,freeze drying,362.13022571974676,0.5639605442438892,0.6725235845926611,23.489370899942916,3667.9823158681133,2.9756366407482737,78.57709365323723,5.250878708640313
PLGA,649.410603710665,60.74601970606268,SLS,241.52902649117425,0.28460070103072704,0.7282112925479665,26.56568813524309,3715.5545183074973,6.2709151124991145,57.05734473337054,3.9224414255219524
PCL,769.130920456198,78.83211642244157,SLA,267.26184234466666,0.4132327443039425,0.4177548825313536,15.740005541516704,1838.2143926686883,24.0,55.501399787608314,5.07517702801091
PGA,720.4848790770104,78.94580189034195,electrospinning,233.73164255981314,0.16831997894736012,0.37953947443542146,12.169047924837548,754.4344666425171,2.3337047396491117,57.09314337479715,5.482899433243433
PGA,112.38789032172548,59.19667744569613,FDM,244.5281821277146,0.19823134326443514,0.7553244936022344,40.91276515218317,3863.9763051454315,2.5857925894690896,61.50112501711029,3.290948105061343
Chitosan,607.4722891869496,93.34731340057094,SLA,115.15011040209967,0.017007522280926304,0.09511766241444349,0.5924635360381009,17.327291932337868,6.807897221609648,53.97790161249638,3.567906481594145
Gelatin,218.52019109804144,53.69215500612429,salt leaching,370.75138686172664,0.22432302355291164,0.8121383918757459,23.121571625019175,4256.814434843982,2.756790038689978,72.19072474879682,4.514955891553548
Gelatin,496.4043819165111,51.466611225145456,SLS,130.52608077776546,0.15477413125044434,0.7904115839773637,16.28745835913286,2906.027754568243,3.0685910350293426,60.46052870569564,4.6113193215447605
Chitosan,737.109837085499,37.65033582951303,FDM,298.23663494621053,0.23001141910043332,1.1238651562718776,53.51782535523188,10134.263933346123,9.119986938374984,52.315182557305334,2.850359301951571
PLGA,240.70895788282823,48.762590149430864,SLS,56.924390483846025,0.257361588951054,0.9252576879507338,44.63986179749494,6888.033314932425,6.152451329511881,64.1398552144235,3.9835137657073565
PLA,123.78898221604469,57.764609927100864,salt leaching,374.3740038656913,0.6411658206424605,1.040944707946225,64.02022994607984,11374.2152829387,21.659110798147495,75.15049500880222,4.839839051125881
Gelatin,348.24177507628053,75.23409174969981,FDM,293.0169316631402,0.10721332956516745,0.3821340000770149,5.684541985340156,673.5099660035863,3.0749136500290875,68.69552409410534,7.029088462474422
Chitosan,622.6742655440657,89.09044939150655,SLA,325.50003326463036,0.7893874032884345,0.30344129047185026,9.842024535111076,954.206090968216,7.132015346864805,60.925045917909316,6.624331889029406
Chitosan,303.3519014714134,43.3351929506646,SLA,379.5800847748493,0.12284806182261312,0.9151276287830518,29.721593518042507,4533.2122524943225,7.831746691088606,69.69013349101874,4.907305219954244
PLGA,781.007592589647,92.89742250673132,salt leaching,101.69379719552839,0.08689310313320654,0.10634522488507911,1.4173218285585059,50.803111099364585,5.131979816977447,52.15924765042166,3.3937315199130222
PCL,81.48086234619352,87.30217908632478,freeze drying,103.51119800290601,0.16435286345567818,0.1872328601591201,4.227685895292883,275.4353649896157,24.0,72.85597464647354,7.144215328677138
PLGA,108.56604419534284,62.36798427424151,salt leaching,233.40497727187295,0.47151822384552006,0.8254386907118914,34.52042512849199,5486.336705442814,6.021298999951794,70.76440996215926,4.024517402466661
PCL,786.566427649951,56.80837908756877,SLA,297.98833759381193,0.14925252776475406,0.6237955543660569,19.92179779204426,2288.233115391617,24.0,50.67638970282337,4.783940227800688
PCL,472.48329511397174,72.25546394028021,FDM,369.9541760301031,0.1415112843171153,0.39639454474219055,11.93759407661394,1070.9580749825357,24.0,73.9004408601656,7.287064867193883
Chitosan,296.5654456913615,74.71096584346873,freeze drying,184.0036128407095,0.36256866050354275,0.5145041748837708,17.724640402208085,2348.934054043137,8.489093687424237,87.40568745992387,7.522354620880389
PCL,361.2543043539785,82.74470601768856,FDM,363.0690752255444,0.2512356026727655,0.2844927569654484,6.483147766116089,585.8273149846126,24.0,70.52881217832292,7.903138915062143
Chitosan,488.7738590940844,94.88948885073758,FDM,224.36338307337533,0.026607418321438158,0.07392676247940785,0.5307420152981008,15.164576959194456,7.965643189375021,59.44460130417266,4.226965469714181
PCL,327.933516485897,38.110286227435395,SLA,257.5866809032125,0.04053081236373171,0.7589314522378904,22.6330081898726,1420.3866529544418,24.0,64.28299063242166,5.606941192143681
PLA,644.4392182040358,45.80283417432995,FDM,154.7259765912211,0.14911509342562634,0.8264037112473385,40.4069093029549,4876.006765261082,19.099414167082557,58.60538483247069,3.4904750209582733
PLA,455.73610594191615,41.99377261370479,freeze drying,194.7693450965621,0.37821525759250624,1.138309068038014,77.13141071594085,13825.494593785246,24.0,72.35685249890157,4.694519207771978
Chitosan,167.87781056972372,88.81603081125617,FDM,108.17275832178443,0.5027356284079758,0.25497071476088845,6.41939331571066,596.4467848042361,7.390142645436886,68.00011561567737,7.111570030675472
PLGA,616.8876781489525,68.91437758188357,electrospinning,88.67051283043119,0.34555080292409174,0.6109714187289128,22.445636147840563,2973.6854761326986,6.399987689985999,60.20611957814875,4.609394356766656
PGA,326.370753233186,78.88971160832995,salt leaching,180.0555745782771,0.05479426599993227,0.3417263210635407,11.460578084878154,391.02386057878124,2.2787828857542287,76.26215140277846,7.64435414002792
Gelatin,718.0637773253655,84.39355726541362,salt leaching,387.3692732104874,0.22936411116008185,0.2751190185083203,5.3007983962885685,568.1152624102112,2.5632284607462132,58.87423485210185,5.2883143236590255
Chitosan,397.0481187147913,42.88668056248555,SLA,174.54348138485526,0.2468499570453153,1.046308829997854,47.13996198227913,8683.559720190666,7.676314132346476,64.24252354394505,4.359413825284326
Chitosan,767.2665684860305,85.73515009031526,FDM,203.01310995996008,0.08388598930034191,0.2206487670562453,3.0108491626598446,204.62409782516724,7.05326822465124,59.53876156425204,6.862590955359864
PLGA,232.24045551970298,40.23780919110135,freeze drying,170.79477059048017,0.0811639414805486,0.8886080395711292,31.287880557905563,3145.9459920332533,6.189751288542386,69.08571078419587,4.636017765200209
PLGA,754.1950262046714,51.92847058318016,SLA,182.13662107042035,0.27134531808419754,0.8802546125566413,36.41545204221866,5544.82302055318,7.094939568816285,55.43740115699407,3.618668520455707
PLGA,352.0970537840197,54.353099434574716,freeze drying,274.4797980032191,0.016785537958566604,0.6255368284332855,15.304287014963055,663.39016638905,5.28887183899172,67.46203069184526,5.862384079801229
Gelatin,148.32948453050335,86.27039216117113,FDM,394.0141336338042,0.4496304130843087,0.29646819221723714,7.373666830383625,789.1343759476969,2.6625114676601163,71.41945320540229,6.329978554655626
PLGA,588.9165708037762,91.19050271777043,freeze drying,322.85704634988355,0.12574662113414506,0.1380978013419438,2.3762912810109307,113.15873394414643,5.108739221813691,60.40961308468563,5.465150069292178
PCL,564.26445445768,78.73057017226846,SLA,170.90050185566182,0.5386077896173921,0.47322537727555736,17.80176522657082,2218.9230108760935,24.0,68.26147448751573,6.157037686995268
PLA,636.944057086846,69.65302781919286,freeze drying,300.20829470246764,0.18077059779184065,0.4810820048158786,18.374376377992846,1802.2054286571201,18.444693738433894,69.99638800789168,5.346110998929105
PCL,410.12073145149066,88.63641422645429,SLA,186.21166415999767,0.09763947293806757,0.15235922434568958,2.3959303928208335,113.00433825903616,24.0,65.69972711233106,7.169310444551209
PCL,378.5902502331345,68.56093317156703,freeze drying,360.2865555069849,0.13621831656488445,0.4458429791782453,12.151776108917305,1138.8200416478749,24.0,87.37828449356016,7.1459220945476245
PCL,540.0991020284824,48.734939151051854,FDM,160.48742982233327,0.30034255858908465,0.8956963915295002,39.435525025090804,6530.123656212206,24.0,62.96359862818232,4.369446577388596
PLA,646.671362127809,45.35063339781042,freeze drying,301.40220247497206,0.03350049686105928,0.7126200617125774,31.548665675045168,2047.5729351613552,19.94023071661014,58.117524731474084,4.074891697647893
PCL,779.8010759021769,82.7338245661587,electrospinning,335.23068816304976,0.08031226197411169,0.22550075509239229,4.022465238596821,208.54077914599904,24.0,58.95822646200265,7.115489845185241
PCL,788.0213109732229,35.569967688387706,freeze drying,289.88415128279576,0.4666707914239049,1.3405795340830347,80.98288317239275,17008.415812065945,24.0,55.56454116051845,2.430924708100671
Chitosan,739.0213303202758,82.39089037024277,SLS,206.8705759446721,0.039305365493250276,0.2586398533917468,3.7452559929877416,222.15075548407336,6.258069343846459,55.32391107465858,5.983212704922136
Gelatin,264.2375094812898,80.26992116849033,FDM,53.012183921698835,0.29446633687415646,0.3709332569409343,7.725473867344258,957.1319575085179,2.640253335551143,76.06229248048994,6.535363569754848
PLA,760.9990973754935,68.72719081412298,SLA,105.10070656361744,0.3604756846984273,0.6030988014059708,27.736890704937434,3593.177574671955,16.549361487518052,59.06295959269763,4.935864976349763
Chitosan,461.7592026713047,52.450855605741545,salt leaching,56.53646516380916,0.11907659975772932,0.7647728541471261,24.578288644962175,3402.012433678429,8.484265751426074,63.435155930929824,6.091313813124387
PGA,386.0176754209013,89.99526141838756,FDM,339.97846030282165,0.1896674232795491,0.18381318269390104,5.015670106863092,228.95555894478287,2.5970348937784276,72.77852627648605,8.227741894562882
Gelatin,488.91986669825263,59.53887410338414,FDM,93.90891517750896,0.08244127941029526,0.6062672053396788,7.743746147160251,1097.8367430191927,2.9399370029110656,68.48810812245227,5.487795117733231
PCL,588.311905905258,37.0336013423893,salt leaching,267.1045132021003,0.24044498227316058,1.0245213545407739,51.19864569291452,8696.325131178644,24.0,63.16348369572202,3.5154573624006558
PLA,464.2579652842246,41.36544896546716,electrospinning,136.20177545428527,0.08356010084371841,0.8206490546780069,37.72268260124292,3661.3203567586406,18.306926900728733,61.17209152568624,4.488595365492771
PCL,417.9658879824483,94.21188998772,electrospinning,244.79195690846151,0.02890313776822767,0.06962811518971289,0.7097669536269912,10.74448975677251,24.0,63.95613587091776,4.6385770612925405
PLGA,706.1153495742931,87.2681083209801,freeze drying,310.7448423149388,0.09714511155614973,0.1929941712772401,3.470998342627384,175.87094250171762,5.559564283455743,60.380832873489446,6.440102573271591
PCL,592.1834278101904,90.96528992696938,salt leaching,322.955722094765,0.031033580864771204,0.10906903741930592,1.4603316313904369,29.043985261000724,24.0,53.485687064467456,4.789425080981969
Gelatin,794.3571560769885,47.340391670019315,electrospinning,121.3187158489994,0.7661008488214729,1.4370709839784204,78.17037449543334,16854.881440091292,3.387886860106327,59.51270464019399,1.8887194443138402
Gelatin,480.166499970823,71.4947056758182,SLS,325.89625473090763,0.022635334785750624,0.3964355572199502,2.585591491970512,181.9955710948657,2.4832928543471584,61.083223280493016,6.9397316037157175
PGA,567.2127768248652,44.688071476269734,electrospinning,372.96282212881084,0.16742457718123616,0.9962938416009346,53.5363607849692,5363.762079589279,2.636415620451727,53.60007140392016,2.262669562080112
PLA,499.39152367037195,55.79427835658475,freeze drying,365.85938577067634,0.2422583576869749,0.7526967739192447,35.85824217589113,4781.773130610259,18.604614441600056,76.51757695852054,5.151398273970232
PGA,446.5586457244146,83.7567744455109,freeze drying,194.80655746994464,0.15679235572520417,0.28977973129176304,8.104980815850029,424.3006477708814,2.719390543354997,70.83662449222759,7.9473084067125805
PLA,799.7371507553995,34.933867244059,freeze drying,299.63395860397816,0.14826295935481204,0.9910757864404941,45.3920913971602,5986.758512485869,19.078849698341916,55.97456853506547,3.0504471016357484
PCL,239.75390473241,61.635378962359106,SLS,305.0136829492768,0.13896975791776772,0.5461719289500556,18.719405796203137,1957.265523311622,24.0,65.8328315498452,5.694065456753195
PLA,434.7528597771945,80.34051708080747,FDM,101.12497427479121,0.14534635666248807,0.29835458172689255,7.6967047654092955,553.1622052292096,19.42463366466787,72.81027494750809,7.636165399560852
PCL,499.88447535310354,37.477486528314785,SLA,360.41783099469103,0.37552905230310973,1.1866371348949845,61.44134416598073,12017.827618434192,24.0,56.113529975429245,3.4885837937369844
Chitosan,78.83486434113733,62.29599914927163,SLA,270.2360314925149,0.1633176690560246,0.6356162787381753,19.512921802088695,2634.002730918596,8.591147577437484,64.82420908458289,5.729253735112266
PGA,51.92055840073008,32.013676825423744,electrospinning,288.48934672195594,0.14294255608702125,1.1976245933502387,63.081802148477564,6417.116760683903,3.0028626517629915,56.80691722559902,1.6838816446783382
PGA,715.015169876296,48.67759473805052,freeze drying,185.74592978493416,0.09286662718812864,0.862444247056751,49.66436745240188,3460.60728375479,2.5374563643321424,61.98527431112007,2.193200652025742
PLGA,120.00754796086345,42.837222105258554,salt leaching,265.6357844707906,0.10606666724693463,0.875722706477418,32.72792866729936,3665.196310744325,6.859458443219981,57.16808257111957,3.393894802511005
Chitosan,659.9335032445421,58.17383005972118,FDM,249.2370696570638,0.17079771379996225,0.7105831277130491,18.502998916681257,2662.725295870088,8.651095686077133,62.120796130307575,5.535837849543929
Chitosan,431.0818055816176,85.7434159827339,electrospinning,102.7029031581201,0.125577244340384,0.23092247059714563,4.128224333931558,317.901445556574,7.44805731281554,75.2537862453752,8.679410062814448
PLGA,105.32329641369088,69.2501960220803,SLS,324.18979922312667,0.2698317433470365,0.5622280184945689,18.724582653180143,2275.8682484708597,6.491991224196129,61.79851113599079,5.237579389183283
PLGA,143.47433886329515,67.27566179686247,electrospinning,317.3970859233503,0.05181278025735524,0.46919538681543943,10.736206298523957,639.9423866889559,6.4502441596621765,62.528581655334975,6.3016121448600035
PGA,714.8994447189751,75.20361096284866,salt leaching,188.1515038929322,0.08786647099646744,0.41468084567844526,15.67406030883769,736.8984151809311,2.1066565197500835,61.19320516346302,4.7950307760260165
PLGA,64.45521310565806,45.49278837066769,electrospinning,224.6494317791387,0.45500196973560336,1.1792927205092159,65.1174934847802,12342.596786414826,8.005214190111147,62.993329853856594,3.90368763983032
Gelatin,542.3868313954504,48.4029678236483,FDM,171.54662429491805,0.37117748995348887,1.0412897584415652,37.87774976343667,7747.913165354359,3.5029897213050667,59.03082394454744,3.0869537687725703
Gelatin,337.69147527292074,62.08765200418898,SLA,207.52104944932134,0.2435210298928701,0.678000870476191,21.044221563724268,3540.757452278011,3.387010884526516,74.44178276776816,5.357793803674208
PLGA,406.6425875719888,49.7177003387633,SLA,398.03302363764766,0.17770313555908226,0.8355121493244806,33.40935812874939,4425.184497741781,7.3455542024217495,63.34746047018533,5.589355513765487
Chitosan,718.4202995775915,50.632307703551064,SLS,166.79161755586355,0.017129865862719033,0.7059467762226129,14.36161071561384,1145.9601783810028,7.676345236189289,49.25325898216842,4.803445546113481
PLGA,393.15691229789707,41.93593229896103,SLS,167.75618042043703,0.04172408585634714,0.8219088368351994,23.46514070931015,1678.1535839508392,6.0353438326981586,59.209703319852125,5.439416604107511
PGA,611.5882228884162,48.24826893381511,SLA,206.24915532414224,0.06928121959838773,0.8498853386350363,42.799481758260534,2567.0811393314534,2.8423618568881572,45.29323649775437,2.5112953758064225
PLA,661.7221411264052,54.659556814094515,electrospinning,110.6666372495537,0.060332400230086625,0.6144695028148477,26.4961278851973,1964.6016030783696,16.703420947405668,51.92765127880863,4.376492955628326
Chitosan,354.7208610309808,45.379146539907694,electrospinning,360.2191795838669,0.32667137854668665,1.0769456646423783,48.947319642444,9349.772274597415,8.45355694597483,71.62931037754073,4.792506697753484
PLGA,371.81241434158807,33.41521563522764,electrospinning,247.6239440795921,0.30960816973354993,1.265371107756922,68.9281850829767,12911.220073186421,7.792151743429721,63.73878345500424,4.142095932847934
PCL,143.63890778774748,68.08559482683901,salt leaching,264.14620800946454,0.30494720235710593,0.5605507211102474,22.848050633132882,2999.8290443502237,24.0,70.897785467141,5.4959527460443605
Chitosan,245.78865412505627,47.2416743492619,freeze drying,109.46024513079078,0.21705867019425654,0.9390204692402664,34.495872401344144,5926.56724447738,7.968415504833986,71.3827504100082,4.6145915013425585
PGA,417.6204968860645,32.158611847155605,electrospinning,150.10946567662734,0.23924216836171175,1.3009076758014708,85.9295136480802,11582.137032778455,2.481667058262161,67.67661072906061,2.8445810938555276
Chitosan,656.9705213909938,42.339591165684894,electrospinning,190.38072429754826,0.6096887738477791,1.422456543011128,94.13719186917912,20380.231324658456,8.432456619804892,60.740223963172895,3.6738712948669003
Gelatin,431.7779839529583,36.24918167320198,FDM,295.2387310847263,0.5007509062978843,1.4352550883905393,75.86305103281694,17616.39644237092,3.7143397488588223,61.524706903285356,2.730502493005287
PLGA,350.9944700940621,60.26241334932586,salt leaching,376.83604107668197,0.5445185978238877,0.9241288359661722,50.93372748690947,8610.82295734045,7.132438115814873,85.88446873994285,6.11775069345163
PGA,491.51499287302795,56.80578692119564,salt leaching,68.50531677602052,0.3326448433754862,0.8936384424637919,48.29104972156752,6150.9111940191915,2.840773790009602,66.71027476532943,4.001221087630792
PLGA,450.93388704927196,65.63004321529542,freeze drying,334.92717620087365,0.03808192435398762,0.4842480420223229,13.373935843512738,704.9109175701965,6.511982643776471,73.66749445000494,7.435275401496905
Gelatin,594.1344627687408,77.26596631237436,SLS,267.24727467147966,0.1521113937786304,0.36915535469077754,6.544261896978281,796.7520907958739,2.487626859716919,53.539186661226054,5.188237871841424
Gelatin,135.33096804874629,66.00433210966466,FDM,206.94494719622847,0.12464596966096746,0.5352151303118624,8.381992544317454,1201.9514253100585,2.8038800859500865,73.50958522817042,6.057196578600148
PLA,784.2634381266907,38.568468775568256,SLS,220.89766915483588,0.10301310020140646,0.8826206095805246,48.39435359693274,5276.915227657507,19.421552599477042,46.30218173848641,2.956691020775305
PLA,789.9218975639367,80.12614190130152,freeze drying,268.10531720436586,0.25074653654859097,0.34161689116850125,11.503254193563336,1042.370712250525,15.990094777943922,69.59339543347964,6.760818846428261
PLGA,761.4970093144859,80.63256288182868,FDM,223.85677926126849,0.2043021666629071,0.331141906907191,9.556829513695735,831.3208775376328,6.086417406236985,58.889520027551065,6.547851384440463
Gelatin,59.034788700197666,88.03333380901414,FDM,63.48802525882906,0.31029861342124826,0.22838831225239037,4.334005981093496,420.30302944300144,2.5902613927179723,68.41233422206028,6.06086355084363
Chitosan,646.5229368530946,50.91364331975858,freeze drying,75.0054537251857,0.24868704853666732,0.9008339639323588,30.43068368447657,5205.449530852828,7.431902622116786,67.97081274238678,3.9868041281885302
Gelatin,586.1213490337175,80.98258069420713,SLS,347.72163232363215,0.09908891697233788,0.29065463931536095,2.7531208479909384,280.60014549426654,2.6669943482462095,52.49254061412954,5.213846478142189
Chitosan,683.1507431005753,58.54179103751171,SLA,136.79911371760184,0.24384922513627552,0.7573320877680461,23.015144166697887,3602.090361241554,7.788333132881993,64.88847584165968,4.487156049405952
PLA,256.2914927117714,38.712558101410124,SLS,343.63099088434547,0.053940276644269675,0.8231062355453587,32.693387816875564,2690.6645655595944,16.996822661717573,61.679615640435024,5.120033589496226
PCL,517.9819432278615,49.00925335227015,SLA,377.17531184114637,0.021559466020831912,0.6058856811745648,15.385857283520565,561.7310759181659,24.0,50.965445236275,5.489052325465938
PCL,127.63903855280351,32.934124583910965,FDM,98.06279068443779,0.2562444745748782,1.112468736672614,52.25818946175889,9375.95683949189,24.0,60.89723728031212,3.4703659522441597
Gelatin,263.672567845777,66.39102514980586,SLS,260.7574405482151,0.5625925310035235,0.7940680085349017,28.827644499268366,4893.375741779884,2.8767758090951823,70.05630201506085,4.514131221013474
Chitosan,205.71582365758508,90.76778197014924,SLS,278.4810228181248,0.16014298711268107,0.155124364444988,2.100412271968066,139.547993267276,6.161280778272619,70.67601305961091,6.390854897633177
Gelatin,780.7768029807714,31.00832816724135,FDM,302.4635376009284,0.11269191811321756,1.0713340387303236,27.999821564480666,5599.1219928722585,3.348119994530198,48.242494695225325,2.068505097883619
PLA,244.0022240812802,47.09046252674066,freeze drying,165.711312789337,0.33499216546454647,0.9946120228276051,60.18914757442754,9893.089782398121,19.290883158137763,81.55038660113561,4.491922775137609
PGA,112.06288570670107,40.078325656775604,SLA,268.5291700061268,0.045556953582822794,0.961025170225214,43.21683345227696,2281.325439142697,2.6664020245667444,46.20371396672785,2.163286342847165
Chitosan,550.96291138199,55.01177512604637,FDM,196.6429705962877,0.4463800977302077,0.9812674920143705,46.53101668173878,8517.586918923645,7.194089985664566,66.92976161833693,4.773913861428856
Chitosan,636.6895039076057,67.72692418407883,electrospinning,363.7256430165294,0.09191558158204516,0.5037350357514784,10.25589998829777,1079.3891146526366,6.5001361438990255,69.48178236143096,5.713367808451829
PCL,386.96622306315123,65.64324963271831,freeze drying,364.8214772845527,0.22550459199290515,0.5487242714295832,22.32413602257683,2733.6536229403064,24.0,89.41481163513804,6.892163861941219
Gelatin,270.8824761395728,79.33715408291829,salt leaching,168.35368142729953,0.3837746655045434,0.42168620192420225,11.553499692512514,1499.4999979631023,2.897482943431407,84.31991979046538,6.63812763990968
Chitosan,415.71309337510655,74.059892338959,electrospinning,145.18381600645216,0.23764380307185923,0.47104035939618094,12.35753992081012,1520.8631242284605,6.89381561371037,83.43779498108796,8.322938232411197
PGA,531.6266056586014,66.77204060261268,SLA,218.05070801660358,0.17919277814753398,0.6048459865568049,26.092037841022,2103.7512560519936,2.6936683550280724,56.78864935030564,4.181562080724841
Chitosan,189.892479183734,88.92017388868827,freeze drying,288.529010094521,0.2883105836643737,0.21102011038677512,4.712297227065534,395.4110426603973,7.527416658698969,88.21962458728834,8.85535511515878
PCL,89.16453999616334,72.45013751092198,FDM,168.94719741097526,0.4178469224932284,0.5462540118862098,18.66729010758612,2494.2807301779158,24.0,68.30890423761699,5.501241550178116
PLGA,209.8846598682848,47.983765823104626,FDM,297.9701950107688,0.35536136664978707,1.0315880751482902,51.71369811235702,8937.903801023249,7.476599947283261,62.66634126666806,4.707149513387767
PLA,230.17279868916194,52.58639853830753,FDM,120.23313042593108,0.030624508061534418,0.6156622061306153,26.98094739730026,1582.3292825238084,16.73109191570134,60.95889932272951,5.437908900810987
Gelatin,447.5171754199539,80.41689012421335,salt leaching,194.32452881868477,0.15823707711264912,0.3201499165384857,5.2008071599269865,591.6589476743983,2.5537258462184895,74.65235732003278,7.401657890912166
PLGA,393.5765990831412,82.6929727047976,FDM,106.82215724828248,0.4216598586094104,0.3640021499043332,12.365362693580543,1294.4027021342074,5.39867588036626,79.34347419814216,6.65991762922333
PCL,57.22197735489416,77.54702491983582,SLA,201.04653895526056,0.15223038804884717,0.3256179681094349,9.091212840069078,760.0070533860899,24.0,59.47038141105526,6.799304032941938
Gelatin,470.5502311775888,46.78237331001547,SLA,127.969042054479,0.16924684145660096,0.8805624344025261,21.44984917860265,4067.255018387634,2.8890395516425667,59.66640945585098,4.153931596947237
Gelatin,507.85698569066307,82.86246855391587,electrospinning,399.8462314691467,0.3206837264224937,0.3302797685467682,7.46774032415162,869.3274621843594,3.1125095255262227,72.7443997120083,6.70408835960417
PLA,530.8662198169269,89.07535516333188,freeze drying,191.62198428823524,0.27327504324603524,0.19248736226727653,4.631443627396692,321.4948601432428,17.266628263767224,76.70500324839797,7.48566290085685
PLA,181.66496421679162,40.830940944665606,SLS,140.22545629344413,0.4638186289648651,1.2578712285865052,86.13923902989097,16610.948071352694,22.092369018384602,62.66532562991171,3.7365050530242447
PLA,187.6113972673379,93.78136996282028,salt leaching,357.7999022116691,0.09115358079513744,0.08793785501563486,1.3434580570378636,44.13433109454275,17.401789117337223,66.52579038774671,5.550880917910795
PCL,149.88507208324876,59.8128612170611,salt leaching,65.9825707084266,0.267729599526499,0.6758664348427155,23.871892654473644,3367.1913556684235,24.0,70.09319230119014,5.493493087516743
PGA,64.20280824384731,33.837261880093294,SLS,371.2242270915697,0.3017509163520282,1.3357174963024385,73.99323613312843,11110.723600888123,2.9870854784021916,50.39148494152593,1.7575457185194874
Gelatin,764.2000688069824,39.62957200821874,freeze drying,170.6259700507859,0.14997216160137625,0.977970682378145,21.468185254807057,4248.696311193476,2.7444404046526287,53.341552409234254,2.4298363604824953
PCL,129.95286326908803,71.39788869975774,SLA,91.42151386576637,0.10739571932753986,0.38908264795116015,8.928101562046411,704.571180921661,24.0,69.34945286637908,7.848106441401514
PLA,669.6342697869039,37.00205218643597,SLS,342.44115802884124,0.01051370320930457,0.7938252798568389,35.18044098423185,1824.8707542377435,20.05398481313112,40.09700895639091,2.978103053101725
PGA,176.17833540550163,33.6535399217433,freeze drying,175.8767753393271,0.03547004868268699,1.053224496333503,54.17786459001264,2706.5076155964703,2.741740566246801,58.445710661186965,2.5851954141758244
Gelatin,711.6033347686608,70.12931964363189,SLA,391.96706470832936,0.3478718508945355,0.5902952243458481,20.611100453849158,3190.6266444836783,2.6562542177485158,68.21872303136801,4.473429618007405
PLA,440.99870601682727,64.3745383473087,electrospinning,69.94069941493956,0.40816136150083665,0.7194876198995063,32.308517969393414,4650.410428336635,20.793339702647366,73.10388757750835,5.746544325073125
Chitosan,308.6669047092016,74.1616898080233,salt leaching,372.8313152491647,0.24337584629557754,0.4717837033595233,13.302742854650887,1642.9216259021582,7.229145878058682,77.31098768496632,7.321380349066694
PLGA,658.4362816800098,51.493844491788785,SLA,241.68637320378699,0.12976723051729092,0.7639131050965134,25.186146470018553,2855.28529156179,5.847800834324293,51.83237699591058,3.776734492281432
PLA,515.1578992558963,81.30950185240619,FDM,240.88717067282164,0.1608924656482953,0.2891989393553434,8.386273140677178,614.2193884345222,17.12928042032161,63.79236637006122,8.484341500806156
Gelatin,711.7405142862456,87.96464314911846,electrospinning,126.34766169342042,0.1413206597983253,0.19309251976624853,2.07342722045206,181.26629019204861,2.878846856840176,57.368465102054635,5.251898882643371
PLA,82.41006642694694,65.84610675468464,FDM,342.59074344528364,0.3856442172746389,0.6750791785066107,26.804316849534267,3710.018022846562,16.995415341035216,68.39357132905103,5.606222169755894
Chitosan,248.01273582354403,31.01205245471916,freeze drying,111.38293174572321,0.050151039720587494,1.0263780683416726,25.74325436958842,3260.286083519085,8.261185747755837,65.41476882123746,4.779256142558947
PLA,50.635263021065505,61.95558499219952,freeze drying,221.19974447111386,0.2731079394080318,0.6702041732621258,27.496601619713175,3561.0583415613305,17.9870275330179,70.1084044686005,4.715130272471034
PLGA,247.59602275294193,61.522704824088436,salt leaching,307.3108897253374,0.06645082851584873,0.5618747067543512,16.49216766765804,1205.2130307586801,6.751058437636539,77.68891228074996,7.137794174002778
PGA,377.9548744170702,59.20227271397828,electrospinning,320.1582033977698,0.12177897438955591,0.7046917747344601,29.332299176588503,2114.345042689875,2.2122302533504183,68.49871983837444,4.928823357259483
Chitosan,616.8934739606984,76.59889300670915,freeze drying,75.39692800403142,0.3221038124351528,0.45952324901655517,13.13448678841302,1637.7301719663828,8.50630514354287,75.33406859890235,6.912705148954065
PGA,532.6855616742871,63.62336195273001,SLA,236.70475168899534,0.063483553341013,0.5939735176410484,21.541323559184598,1036.564266447155,2.756146779817399,55.82168597616264,4.915426517867082
Gelatin,523.1992607544519,69.32911122306264,salt leaching,266.0562237060473,0.19528216880556237,0.5218675967206354,11.681132093190016,1718.0825052940831,2.489665808253299,66.03179360444007,5.326745562764769
Gelatin,437.76157258798634,87.38699099120203,SLS,321.27561558988725,0.45364959943273525,0.27326957833946086,7.178631111239704,736.7994536446014,2.7636550566955282,74.10005689167113,7.174536987520672
PCL,559.5819511632525,76.97523800278933,SLA,243.41608978234197,0.14808608010924135,0.3319969421978461,8.58946313837897,717.632386301929,24.0,63.94579855185399,7.280399782233641
PGA,325.50772826430347,94.28858253411967,SLA,367.1425183669519,0.12912042972059204,0.09933155020360131,1.764288022083998,49.155906615647574,2.5422046139310384,62.04791330826529,5.163818120431747
Chitosan,447.40527406358115,72.69531133975791,freeze drying,292.01534873520455,0.09393475149621172,0.42715067626306147,9.607873383717546,936.5164823877163,7.641883036269943,71.53480289586606,7.201047847432555
PLGA,594.2748172060253,55.16162209792844,SLA,84.41205430896335,0.08697425683619317,0.6714203650712514,23.609431345422756,2127.271295025422,5.246463894994988,58.33798568663363,3.7481854679805453
PLGA,504.90783744881037,54.5349034237123,FDM,302.4601399917755,0.16912005308120043,0.7484042719107138,27.108457861307944,3344.064495926955,6.042183518033885,62.24663233887606,4.29168319515637
Chitosan,56.85169469481889,49.235135508427945,salt leaching,196.17532455617092,0.3161722805019537,0.9915908549562858,40.99440592435792,7501.386722130693,8.977715824021036,65.51845699680732,3.7861243399687665
Gelatin,52.055369579593986,84.102768215894,SLS,269.48797356835223,0.09323168949691372,0.24129089308144336,2.5887298222328834,237.6287346438611,2.6700280286342717,62.00285648339247,5.85787407747964
Gelatin,390.3225347111192,84.27059455752095,FDM,340.799317151869,0.45421986934133357,0.3409499262016617,8.206288771343747,940.6710417921327,2.609790576495461,73.14236383390323,6.753992430833769
Chitosan,233.08523093043425,67.83437527943228,electrospinning,245.15232109903712,0.08012660825119182,0.49542188828289424,11.28315171477055,1134.6718451446177,7.91086505701595,70.15863589787251,6.749684738260548
Gelatin,152.18556311606332,47.04178913461071,SLA,168.26099643972643,0.16463709085326214,0.8718757906088389,23.937576055409295,4507.769281352674,2.765823789867329,58.38047389682641,3.156108334168749
Chitosan,227.21492035424657,34.74291968690936,SLS,197.63966329984902,0.262905102915374,1.2138364641574924,54.00480835385159,10783.683381459585,8.2227790916923,61.78458434638077,4.149397978954988
Chitosan,393.3197594197002,48.619453917674576,freeze drying,138.12907717071764,0.014166713491757542,0.732065780972027,15.422244410460321,1207.3294168325172,8.837771129834172,72.9434508426885,7.436603417616225
Chitosan,279.2754823692475,32.823968956057236,electrospinning,86.38380681129418,0.2116858386069407,1.1893181877670993,53.306703089074425,10271.598307324706,8.179261194137453,70.33408387364675,4.748466087914407
Gelatin,195.0546991074208,85.95071046849705,electrospinning,82.73583223707931,0.2225313964399692,0.2459407530071161,3.7577884700608024,380.67976957076996,3.0163755036494297,72.68720428385102,6.71613312968725
PCL,754.8823294413892,91.63927407365482,electrospinning,298.64583980147256,0.3943281151770226,0.1618325412424019,3.5543628960151206,257.6597907819702,24.0,65.76034935077402,6.35416115897031
Gelatin,379.5900520537107,30.156899037164322,SLS,306.179702695024,0.07824076980567589,1.0412442667273423,21.796557932503337,4000.8982091996,3.0551216088584643,57.067910512900156,4.104995136648771
Chitosan,87.76167838982536,63.011317463192,salt leaching,343.9422098340588,0.19153140402908755,0.6418202057558801,16.55617370749053,2308.796726472474,7.7312258055916265,75.10374449310622,5.362050254741552
Gelatin,695.6707428563705,78.31938081979362,SLA,250.60002687057545,0.4449066558571787,0.4663136909076013,12.571405918458112,1689.4557259326764,2.726737137495852,61.38662836229971,4.997840173899363
PGA,57.397876534916584,93.4731054221697,FDM,364.5649846135477,0.37959358811829025,0.13999807782031193,3.01881945278569,159.29483876950394,2.7492577609724855,66.58433395516988,5.587924324805389
Gelatin,688.1522065431382,67.93524633588662,freeze drying,363.50266735695624,0.11941202151062368,0.501794681442426,7.157831765651409,988.0281577848104,2.8427980242323416,63.19144132319875,5.785807623888815
Gelatin,406.090379882649,89.59965688269816,SLS,394.18515500445795,0.23867625081509117,0.1850863003272815,2.9800655748116656,261.9935291909975,3.1079658804660726,62.063450617309435,6.376884721597661
Gelatin,296.86198624493323,36.92179403259147,SLA,159.64311908358624,0.1610175373146746,1.034376333455814,26.953186119813754,5519.188861637646,3.540500369881726,65.29222532332278,3.7333319888724095
PGA,381.91551752455996,55.998432394694824,FDM,59.15985303330069,0.49543953188889056,1.0263858644805155,52.57309491048752,8119.965643036962,2.698737244926776,76.90964654722906,4.289911090473055
PGA,395.98881595789766,60.7924947949932,SLA,337.75175620841236,0.2037486162003655,0.729288123505662,33.56740796465862,3154.5416748441244,2.277407859801111,65.28116103627057,4.482255369722562
PCL,657.1383611846115,55.74102420068945,electrospinning,276.00068869896927,0.03674437396421278,0.5393719534808661,16.200166523597684,803.0489095519505,24.0,52.63204088002861,4.88119822411296
PGA,87.59553721828068,41.90995104464023,freeze drying,143.70924356070165,0.42266091558336155,1.2865265201166296,69.60630958204821,11517.02049082542,3.3961548872603404,69.69163884546649,2.51756323530618
PCL,788.404019223872,36.35129091427804,SLA,105.4019704427371,0.233991422267391,1.0273874209187688,56.6611231263903,9577.948094463864,24.0,43.92545006204782,2.465342893154753
PLA,409.13265851416935,44.25467650054504,SLA,50.4578698337839,0.28999456515922195,1.0000095715878372,60.406725441717875,9682.412099858162,22.556725250754074,71.3445966696258,4.338642996773959
Gelatin,600.6152030615032,48.70282944975363,salt leaching,187.40564453120697,0.11541903532115941,0.7990838613413855,17.359090537172882,3008.8539773308175,2.596968462718557,59.98002624397564,3.982797594178226
Chitosan,526.3421311787216,34.595982665263875,freeze drying,150.34665530606682,0.5863617486210551,1.5867884871829652,100.6640325896478,23096.380976398435,8.494637686929668,66.70569543813421,3.8624478880933757
Chitosan,185.3565610054978,84.11321463311906,freeze drying,210.91877986442915,0.24933863787037094,0.29173581004788124,6.430052408578341,626.115252101129,7.04883529247576,81.70652064520544,7.302894424291921
PCL,337.9572647244721,54.62574612520079,SLS,359.1663202336754,0.0866599357258195,0.5983744118506131,17.68575215472131,1555.5024455943098,24.0,60.46218458206319,6.366766376475073
PLA,373.6751353294618,89.77963720304393,electrospinning,121.7849655719259,0.3763563747977474,0.20020062368761601,4.915525582240336,369.2472994790116,16.58825199884877,83.07028739057786,8.74019315533688
PLA,322.7244953610715,69.87811467491714,salt leaching,229.20963746398036,0.5674323369779567,0.6999710951091287,35.23700455355954,5126.958594607796,21.705326514994987,75.06740775140207,5.905681776986572
PLA,184.94101727740562,93.22305679124705,salt leaching,206.02981867245816,0.26911076515177235,0.118867689699421,2.5243064677934917,137.21811853882488,15.596991579194992,73.67473116734693,7.826261377401592
PLA,641.2744035403506,71.4760638884896,salt leaching,302.2556499761904,0.1158355291454352,0.41680483572896815,13.791864636365545,1079.8555125034263,16.992439170654052,67.84732258440997,6.0952531641442596
PLA,780.8615049291699,48.02877635688025,FDM,355.3667511137719,0.3540828820685035,0.9959236776313724,58.71264774513846,9746.532922140563,23.564497639001395,61.00501987113718,3.533077670721317
Gelatin,75.85867873539416,66.01453900845742,salt leaching,267.8803526590199,0.32017492587736607,0.6546669875555796,19.105745530170992,3131.6066315947915,2.701329833152502,81.60059024130864,4.911432981000258
Chitosan,761.2851377506821,43.2278147775703,SLA,350.1628719916819,0.3022818341572694,1.0951315979816807,45.13493491111131,8656.319901092162,8.018229817827429,51.45818272766523,3.3506912540498415
Gelatin,401.6880229818533,58.65652581094496,freeze drying,60.2479393380505,0.27238190680377733,0.7608387595553792,21.867872655590222,3890.587396572721,2.6651957889426727,77.4935190951092,5.589375577193813
PLA,133.26010088805162,46.558442029264654,freeze drying,382.32549568053366,0.17671515426569748,0.8430544422121746,47.490216336451354,6122.246068934456,17.044145311968528,72.71653511824388,3.8836857071639517
PCL,626.3334067887606,51.75394140615825,freeze drying,242.9717180812748,0.6655431101981752,1.1962195003210323,77.52978012982547,15174.816962397555,24.0,66.35190229174562,3.9499854522820046
PLGA,167.74031222442784,45.81047161339732,SLA,293.97992007870357,0.04729413713383926,0.7725272108403626,27.92983030313371,2049.206274002655,6.51267472589008,59.7271938025848,4.418970019941068
Chitosan,757.23891439796,69.33172934991678,electrospinning,113.35235954584762,0.4450054800479281,0.6681878879015662,29.63509846067234,4476.778594917065,7.993779444879856,73.17968349227294,5.27865045675968
PLGA,304.50243737232483,59.8282986548948,SLS,255.597543947517,0.11740799808261218,0.6236690685488846,21.3644114292556,2104.3758065232378,5.894742307646169,65.52902089138634,5.354730253686424
Gelatin,218.20676601752905,83.87525838806101,FDM,243.70517986643495,0.1586126739684655,0.2637206026753404,3.9059416630129116,403.3715865431734,2.4948474917887924,70.37600407998708,6.137678232380798
PLGA,284.03052078074967,71.40702965820883,electrospinning,340.04066533979085,0.12558480925400767,0.44814005592746775,14.035870452980337,1203.4389099603532,5.436121143931031,76.68984619521389,7.5107114755758975
PLGA,51.09101338165965,34.163393356332534,SLS,350.6708612413491,0.06916211290712464,0.9646270477053581,37.833789695450534,3688.9914368895284,5.554738546719316,41.72502136284814,2.477342913216441
PCL,301.05795544594775,73.09442781403163,FDM,257.3883527554808,0.152176873815419,0.39016163909202667,11.222540622290833,1026.8304661231346,24.0,74.40928490339142,7.02847895324278
PLA,148.408568960495,90.41993013958918,electrospinning,358.22768631978244,0.4527772285123373,0.20164174214380548,5.705610213855522,439.5851391802863,18.802333350380337,76.23299331754515,7.734689455964397
PLGA,680.8871434889982,39.74470975952188,freeze drying,344.05952172292143,0.17195553406274652,0.9949591633250773,46.4836781744572,6647.790351904228,6.9188042153864835,59.62229368437505,2.9968317417155137
PLGA,446.6752954385757,68.64365345830565,salt leaching,290.67908807171045,0.1458774391710504,0.5029677656469536,17.403730252775944,1672.2269070074824,5.706750882412875,65.33121342382049,6.085239973528613
Gelatin,57.02072442543558,86.00120750779836,electrospinning,379.8897738880954,0.10292967585875855,0.21491973977017623,2.3684713788919884,208.99482374514636,2.613651352609072,58.8579002383638,4.830262726175429
PGA,614.0790484084679,81.390106168028,SLA,369.0309636804468,0.06538702983400885,0.30444427569699367,8.837128317450858,308.6825051092112,2.4116316499307,53.77991540773092,6.337412860757779
PLGA,562.4258362298996,76.15112516698102,freeze drying,118.58193453787256,0.17333912008626343,0.3943992906751677,10.792767384091118,974.3367571282608,6.183215487852117,66.8270050483219,6.23115647991598
Gelatin,72.1232565048598,74.91995698844211,electrospinning,395.0468305070827,0.12501422728228276,0.39501710020736547,4.95880052693906,611.1235761950757,2.999054681891585,71.88944291702555,5.745639041506221
Chitosan,723.5350544871231,40.22016521726408,salt leaching,342.4053538426689,0.32720818214734865,1.1792255806540406,52.67572646731589,10529.746357847465,7.874934740687129,61.51153458099782,3.103239626744943
PCL,226.34898333084453,57.94500753927858,salt leaching,131.76030612854788,0.20169080735463435,0.6515958765983143,24.370767999983375,3158.0715785806774,24.0,76.96838625693277,5.334327179806915
PLGA,108.15920955368476,41.08583526054125,freeze drying,325.6348927877198,0.139758181776127,0.9384804389704592,39.30925269487285,5079.15982775281,7.315891279596637,68.76977454087125,3.876999647227633
Gelatin,151.2270020485945,93.24582892284045,salt leaching,358.4481029209147,0.3651214511234282,0.1355709789485649,2.306876442908263,170.497864561456,3.0932417722337155,70.03265420542989,5.192039277892208
PGA,416.62644581937417,36.02396591658469,electrospinning,99.23084511833515,0.5613972727110118,1.5606720525396507,99.1716114442884,19453.575572339447,2.8648131537583934,59.53259760813773,2.9843287800039064
Chitosan,141.66634613828242,62.650439599723654,SLA,290.4738410426767,0.34058955762664844,0.7455090750537673,27.588357390657336,4392.416437321651,8.091003083071863,68.27036888292642,5.0169234060433725
PGA,191.43139406269097,58.774343516905006,freeze drying,384.06838869187214,0.08385471496493445,0.6867553881041956,33.08175072177115,1956.0710014398412,2.7592678900813845,74.85580439248261,4.542890548772177
Chitosan,600.8082731815589,47.01076456482618,SLS,357.18738763021946,0.010879791022185604,0.7519382527317348,15.508103576972289,1176.0430148456392,8.540873280058383,49.07230186099288,5.720890707057976
PLGA,297.05370609535004,82.30514505193774,SLA,361.88797986938727,0.1930005090254509,0.2989246561231806,6.407792188914274,520.8198768839538,6.397414858246244,71.48800706614794,7.548962979132763
PGA,610.6691010788713,90.46685731388115,freeze drying,158.20772314168056,0.1576257866695887,0.1702003227660116,4.376739281753905,176.04943606813063,2.2817742504958307,57.97078638167856,6.154993675290498
PLA,186.1508503089553,46.84543614743083,SLA,254.79086553844292,0.3923958445873893,1.0574973243249786,58.35557653364477,10132.71792154885,21.11947498493,61.31305899705848,4.148154658010016
PLGA,136.17586220086304,67.13500048048617,freeze drying,125.01931711213035,0.22892088023393553,0.5765660651634843,17.44266580951846,2065.0895889308763,6.45314924240671,81.12532700942108,6.317434086792728
Gelatin,98.61047477754532,33.62245652073517,SLA,137.31716496919867,0.18532101409236482,1.1175176030397485,36.460920052943564,7829.654708258157,3.063016027157384,58.398307448085205,2.1659106287420467
PLGA,774.6108968550329,64.96675665768122,freeze drying,262.46077210662384,0.2509539167601305,0.6285757671546103,21.38367702152164,2703.821443047095,6.884168112927671,67.60979983765027,5.206209710613641
PLA,397.1553869231854,77.35322571458842,salt leaching,352.97639814124574,0.13533332741302867,0.33935889053614005,9.883564352759024,738.8409464348304,17.67748777323215,72.57643938814182,7.950410333766159
PCL,638.5335340246467,49.772715932626205,SLS,232.68257692416418,0.136527472854686,0.7125933560209933,28.43391140292671,3371.923195022772,24.0,48.12138873351869,3.97505135032966
PCL,469.41378124385255,71.03283825208564,electrospinning,393.1730162298134,0.08392901373821729,0.38041926760539163,9.692876838318057,668.3334175747756,24.0,64.2216274642085,7.130079354064391
Gelatin,334.00074177961284,79.87549307444415,SLS,207.33054803489117,0.34912246889941473,0.3981473592732057,11.294179021634406,1435.4974893280692,2.7914594958737737,74.27272422772157,6.930041083171237
PLA,340.40955195446674,44.39512524321718,SLA,199.80120340528708,0.41139996567316767,1.1264290590985506,64.16936392028397,11567.856191072078,20.847351369608113,67.5026649347666,4.724372755362747
PLA,493.6461663378628,94.69861745521882,salt leaching,359.07258235461427,0.23896517512002569,0.08993389849175148,1.4878280431851423,68.3415575660066,18.047291274144527,61.4239954471162,6.501256334503764
Chitosan,116.1468387835127,38.02380681980441,SLA,198.13250129826443,0.08276008529312316,0.9574269176131193,28.281119257131788,3988.986829653674,8.333762559387152,59.65982014946835,4.451487391781273
PGA,789.0501023479866,51.57007120598548,SLA,75.78424510448976,0.10862668776727077,0.8262025911583389,41.16679031457252,3035.183696524693,2.9194644973725143,46.75981190627282,2.317607286783484
PGA,546.6042896609521,60.63351077058122,FDM,73.51365574605018,0.1595644025415603,0.704067428621733,30.786618514955485,2533.6258974487437,2.289284003896472,64.64692573880438,4.234646521148819
PLA,365.5607767709058,35.32552167072025,SLS,129.69404211788597,0.06951780273839432,0.8878376589531043,45.14269298778195,4246.178066176422,19.04526387277582,54.18698825800903,4.145590289261656
Chitosan,414.1217317137514,71.3519232110222,freeze drying,268.11716321868363,0.4315209089264984,0.6174123474077661,24.21290216960283,3517.9454530071826,8.84749585200183,86.80997923487654,6.5804620567562635
PLGA,371.6988284177158,55.93748538215674,freeze drying,369.72666879268274,0.1154752832425621,0.6825328734204369,21.984672441379463,2250.3394727899727,6.240453788875676,68.54750956037087,5.6420286645998
PLGA,112.50766858736972,30.694599033610835,SLA,297.1029735456031,0.09400114649551604,1.0466100203496285,48.28770899626999,5618.1118954304875,7.566912821114178,51.351191022546445,3.2783975262991167
PCL,232.73879646439562,70.86884688693252,SLS,100.18179900165025,0.3124703601984184,0.516059272364644,17.609295239262416,2226.098596234658,24.0,69.94501142308874,6.573390263278206
Gelatin,382.07388439574595,86.71848757537727,FDM,242.01682306833328,0.4596214616158378,0.28918084448773906,7.244982290071344,763.7258881761422,2.7984343586030773,70.77481735413693,7.072944150912978
PLGA,662.1914853758981,90.75041769081835,SLS,217.33767893700704,0.38034225287506085,0.18762032916569102,4.62087382470782,343.5766233243951,5.785706763908139,55.25202914577769,6.428200301358857
Gelatin,228.6337581690274,87.85845614488265,salt leaching,187.07960717602447,0.2767567329745844,0.22439541423506265,4.35390971912487,420.48628436234895,2.4224192590050775,80.16135614266054,7.035618054374775
Chitosan,363.5231833856132,60.921548317420395,salt leaching,84.83699181928112,0.29485930963181156,0.7487446160367113,28.566005908207472,4522.486153897207,8.623491067862624,76.14216122284735,6.511971562324219
PGA,686.8060798345082,83.21585099477511,SLA,363.8192173572764,0.12941276772048532,0.29198522724084763,8.458423244332812,404.5010085221499,2.236198955030623,49.13629194745563,5.350693746372095
Chitosan,85.31312479431764,68.6314743900509,SLA,321.1272802695823,0.2130900552046885,0.5561349734827779,17.135339389018664,2259.8971830991263,8.473126724453882,67.2359309104764,6.386326868329294
PGA,198.89572544184466,60.83561114444707,SLS,125.58272713306637,0.35317282118558085,0.8232902722643809,37.00226157531023,4620.798462040473,2.532089139254001,74.03679408879016,4.231914190236519
PCL,683.7281573167497,64.08077637178224,SLA,127.62368371920917,0.12233991939670416,0.4993819267586339,14.354588385135978,1361.1962893360446,24.0,57.52455316451747,5.329119705775535
Gelatin,783.5056915372355,74.14279496215126,SLS,389.60489361828576,0.2112270440839986,0.447383605802494,8.858589407993795,1209.26496477905,2.831797280715948,60.78538392575281,5.546008341053583
PLGA,243.8238959602054,60.71458837516345,electrospinning,293.83282334911024,0.3429155128788232,0.7702600608481656,30.75564695120551,4569.913105173589,6.343518554587826,76.23710107691981,4.907515472910744
Gelatin,198.04519440358555,48.266722799241194,FDM,215.41352488407145,0.028729901635479393,0.725152497584902,6.600722203909441,707.3865121100308,2.927977993071161,66.63533465779196,6.2077664905557794
PLA,262.85911657964255,44.533973696992035,FDM,141.69640081659742,0.08553405699211941,0.7783936004264211,37.75631167035762,3601.1855271396134,20.440835540407885,63.96434115205025,5.228132322370127
Gelatin,573.458402491258,69.20747131059272,salt leaching,240.79264101681642,0.07871296970139367,0.45932702210665316,6.001214087210218,732.6775984068277,2.542000668595142,68.24294662135306,5.562119620131946
PGA,358.95328004133205,85.56738872319711,SLA,113.13009737200413,0.24145181404904206,0.2772723913579134,7.651774749804758,478.0296449646617,2.743684893581351,70.41376418248737,7.4059135624731125
PCL,718.0178931066532,33.842765734227555,salt leaching,186.1717322318805,0.2309274085188814,1.0638145815517106,49.06160081742539,8413.001325575384,24.0,57.41013993209144,2.823376785394198
Chitosan,279.613414866472,93.78796125318611,SLA,88.88216035335013,0.20615185496833488,0.10937945039423433,1.2545861548257475,73.0365670624651,7.370978817595471,69.09519819043507,5.790001839074445
Gelatin,695.4899195484884,81.74275167195316,freeze drying,275.05413138922495,0.26398222371919183,0.33322545465599573,7.631448862911133,899.2157681563839,2.3754648359778394,71.41321091869544,5.98175094675146
Gelatin,317.879050561152,93.53653699378094,electrospinning,124.12511807982668,0.4372947273158419,0.13813263985472804,1.9536337287027759,143.1817708164703,2.4691344157300374,84.1040733725859,6.92793655926415
PLA,380.3078177165345,52.48633583782752,SLA,278.86909646314905,0.4718989922089505,1.0174229550857579,56.81988688605952,9868.372662237003,22.998688205313005,74.48454112130398,4.940208614345442
PGA,658.3490800634814,46.590731036081635,freeze drying,383.59123957768935,0.341881763470115,1.1129682271043033,57.10860357023436,8197.838605247116,3.2809041120127387,61.67394651162878,2.1674658020594215
Gelatin,711.6440602384537,47.35391698564655,SLA,249.89344685998384,0.6608178839122725,1.3369326378224395,69.5873130069725,14905.211093319822,3.1994631962065903,56.45587776701166,2.210222605475595
Chitosan,148.94237088034606,36.58675077062031,SLS,373.4481868630709,0.3512743520536755,1.2776058298180157,56.853544840651985,11862.420253904555,8.451748710984631,61.536912633503384,4.046420253062251
PLGA,785.5902453909737,54.52582736690278,freeze drying,160.8472457570622,0.09440518807910464,0.6870571738285656,20.886999582528674,1972.5723126764976,7.025877278497256,60.40630961623138,4.740159618063811
Gelatin,385.1587293859011,36.58640453629152,SLS,363.3756213909563,0.022507872071268965,0.881775030457039,8.522057195412538,891.9909195064029,3.4864444401777144,54.58428312485556,5.769930926421775
PLGA,141.93033933970082,94.73416851637624,FDM,145.2647603426596,0.4212127884122487,0.11070858556228215,1.6848202216673667,97.25538516435317,5.273439804304997,72.8052472964728,5.774257135374505
PCL,701.5100998492829,40.04684422465501,salt leaching,324.748913681937,0.23595166623811323,0.9700918760062877,44.152487755097575,7266.407323077688,24.0,58.14527560810647,2.899140252908544
PLA,534.980335570098,38.46969935955278,SLA,139.94304806820824,0.2946367396128552,1.1092412928522584,58.06499641112682,9834.847259434348,20.787781029235493,56.904454336369476,3.3271163236214836
Gelatin,671.250598322661,60.190451295748794,SLS,397.37304902612306,0.45036493738451705,0.8601477558783189,33.2649620171057,6062.711179572427,2.759604286217099,56.243713894684845,3.2090591076909205
Gelatin,499.2435369721089,31.334360168816143,SLS,186.84062317464077,0.3690273133317545,1.3830970762529204,69.1900325709207,16319.158767535724,2.839150117170333,57.361596541837244,2.2554942630145214
Chitosan,275.36993198165464,54.10459976096091,electrospinning,81.53205385160463,0.21208733149492937,0.8128776802268641,29.456583576841947,4693.715889415013,8.031412992929651,74.96653246438032,5.3787607436060725
PLGA,611.6918170845078,90.00167244385734,freeze drying,51.0548498001556,0.25474895272164166,0.18007943812981592,3.426280806537565,232.69302621760644,5.194573128845605,65.16049720243223,5.643428905063158
PLGA,685.407655338684,50.87778898988996,freeze drying,83.12405478247493,0.40516436669452366,1.0184741357487568,52.97818687390172,9241.429621704818,6.603416127683177,69.60840345822072,3.596239352282964
PLGA,142.99008701781264,50.768724380552236,electrospinning,202.4344360890066,0.12297575532609493,0.7692810781205345,29.18557734126923,3251.847358718754,5.97649873157206,59.588790168018036,4.391643590179638
PLA,69.13672834943769,54.796984673175416,electrospinning,294.6667916196394,0.10542645350071263,0.6515402276874332,31.231960423175803,2951.6495240442,20.072592118030414,63.101057418032234,4.7244382039123805
PLA,381.24007597095436,86.77444142486969,SLA,59.504374911830034,0.22339482558555515,0.22042828413882484,5.924039718229268,418.48552621843896,16.64109765786519,63.98210787043975,9.389718886036206
PLA,311.8474467107252,43.45802830315966,electrospinning,281.69691905220776,0.09848633343801252,0.8074809282663741,39.31123465620598,4030.6841654663585,19.81751854444274,70.43062938338988,5.292831382411641
Chitosan,600.7407871355667,60.983909704141524,SLS,199.4618268754002,0.22261320257326733,0.6982214583633732,23.846693000609164,3544.6335714355155,7.20309036098617,62.90285415483949,5.259534963766978
PLA,326.9925970621578,30.935777260396005,FDM,92.53636535795968,0.03529329152046984,0.9029526835346546,42.99671478417484,3194.6655695495047,20.279995329487804,61.13772916878043,4.230955786909621
PLA,212.30847391274412,63.115194463495534,electrospinning,60.77342658301216,0.6474600160393648,0.9135070312322893,52.599246437106316,8753.723334779448,21.250562788452488,82.93816038635353,5.73546703139644
Gelatin,365.9975853491179,76.8633103385873,salt leaching,224.82365378621378,0.04207806229764472,0.32986915766988706,2.190870847019701,186.56674817866445,2.8398424536110376,69.97481031791939,6.5484397514239685
PCL,475.3070679963804,84.85365459537942,SLS,96.48336334268056,0.40472832080681276,0.2963352614694456,7.3016982015951974,717.3963466939299,24.0,62.837660738970314,7.25210744479268
PCL,296.4138072083943,37.65549969641695,SLS,394.24129067902885,0.09748718427207702,0.8357042137544175,35.93051786606364,3965.889461288503,24.0,55.83617724673617,4.7108834455979425
Gelatin,620.5349078050234,55.74935038880877,SLS,105.06977569752581,0.1863547298767149,0.7458174911440103,16.24194139187823,2850.0911487317044,2.8530398361757983,52.44822783834696,4.080296207113432
PGA,231.56619714954468,30.160780329913973,SLA,203.37670231998072,0.35589374773687066,1.471196595316285,106.95464353863542,17901.986316448907,2.879879752302542,62.42113244213884,2.608966913727347
Chitosan,200.69733087314034,31.691918951127533,electrospinning,166.18962871181225,0.1510511605297886,1.1368783957141277,47.6897399245482,8479.63132823329,7.574831791050609,69.75235254355694,3.8574184669381357
PLGA,215.74076980614066,58.658979829397865,SLS,174.46351875546776,0.098775634088352,0.62788075749598,20.462557878130745,1883.3657588468323,5.815824540750154,60.18985069541652,5.4817975391262515
PGA,702.0315811783419,35.64430051378191,SLA,209.04482586569569,0.032351365850848315,1.0183705175535243,52.36687309158607,2485.1439347120204,2.8560587071238293,37.46390402940221,1.6216392704916873
Chitosan,440.7255942521126,83.36717555066048,FDM,283.31820583921376,0.4616613959311699,0.3672373689780563,11.09517377374191,1241.3788768046868,6.48024083711497,81.90584891596622,7.072972668207636
PLGA,659.9237786503668,46.98481737570408,salt leaching,198.7228818329085,0.14885399370718494,0.8532399892249993,37.244205042214986,4694.914342959778,6.0415569862582,57.91326234795967,3.042659350828688
Gelatin,87.6006982356231,63.382137547872986,SLS,368.6796468551914,0.1959402492551959,0.6234895788328352,16.282424902962855,2617.9905560088278,2.6392921639147184,64.88740065622594,4.181798102015266
PLGA,263.47781541618866,47.47317139301456,salt leaching,319.43064138143586,0.09991027347189985,0.7988477569079178,30.642614875910706,3196.6212785297166,6.796561737026276,67.14327202962482,5.009756140737612
Chitosan,576.0619125931165,54.41091934017295,electrospinning,186.36432244143825,0.004224535413212616,0.6416175012373855,11.610428967482337,730.8849087843352,8.254544762339085,63.240335264950005,6.595299867174626
PGA,437.7482231844479,81.82059492173201,FDM,144.0117436813731,0.1635749429462604,0.32631875910278935,10.065685864080686,570.7409815020422,2.371193133964853,71.17671289688644,7.377487506979838
PLA,178.59298171515212,31.92962931852509,salt leaching,103.14230626141094,0.0978525227031256,0.9712949745574053,49.02306586445834,5499.270358892335,16.864726469791837,57.03576299983433,3.755968314856462
PLA,442.49220920528654,37.026505514245706,salt leaching,330.985349215456,0.3401182896380557,1.1899634828505552,76.39357979582638,13770.412573354663,23.040882079427774,71.01718968550858,4.075697866513403
PCL,684.3865711673637,58.57889914892447,electrospinning,366.6721246817613,0.5579781225265398,0.9376685698664198,46.89865928736838,8218.85221794641,24.0,65.57688331272226,3.667216769398182
PGA,360.81897673740013,77.98254267331616,freeze drying,377.1629888700086,0.3768049943465407,0.471266960811065,19.277426905297276,1861.787981047165,2.52043685931001,88.08018598531551,6.764465498159998
PLA,790.6584406191046,91.26968922360221,electrospinning,179.53201874739594,0.2614023542584754,0.1518444180231803,3.3623304274308445,205.18007982202437,18.20054249851722,60.24778280722096,6.518763653468163
Gelatin,674.7320428347401,82.87766322654093,electrospinning,371.90375920338676,0.3028467841829111,0.3244895497733973,7.293460204213524,844.0949266398975,2.4874953801158597,67.95999307757322,5.933328673473805
PLGA,118.06385604114438,39.65505963922045,SLS,121.18089557856229,0.07750808260102153,0.8932798940933162,30.67363876996697,3029.519072539872,7.272321961708289,53.72790931879525,3.733457703321931
PLGA,683.4061952912376,30.259285000328546,electrospinning,100.56821294396738,0.054885574535226515,1.0038080227193031,32.6409183026075,2921.7065141512685,7.010583895153351,46.66055727046457,2.6763410115052926
PLA,573.2923506706612,88.4885768060754,FDM,267.55510747059185,0.035991949446048443,0.15065513213213808,3.2607071328834,99.59901118520337,16.7806149400612,56.04580464253918,7.309624846841507
PLGA,99.77484996950507,76.8627210707266,salt leaching,225.0787191595824,0.08864806432780381,0.34716399498741923,8.459168779083504,552.64580359835,5.270378196692302,72.26006040620625,6.226499863834517
Chitosan,791.1759585234307,34.39376504756497,electrospinning,361.2145440673915,0.24838725560857428,1.2036629607204068,61.30760287832818,12120.905555059318,9.521914685226948,49.26885648444425,3.136609478413454
PLGA,146.5815844657121,47.01425422102002,SLS,291.22844602437016,0.13937105495259197,0.8436716885269916,34.53138308244326,4226.101257743897,6.923726679070758,52.998248262726214,4.115333548936768
PCL,108.28472365685144,68.24734954743747,SLA,82.6970341371257,0.30989217724777973,0.5608578022235937,20.269688108310664,2668.216822705004,24.0,71.48419497516493,5.469546690026691
PLGA,795.1907380575581,79.01710684671588,SLA,219.88812155435318,0.08540883854692216,0.31360822231173574,6.852468048065025,418.62551680004674,4.857138078405469,56.92700729009334,6.150764886035413
PCL,576.0013956316589,34.63784827463654,SLA,302.40964870633076,0.05636073544128132,0.822258009027797,32.38015597133794,2610.4302391682904,24.0,50.14595777690143,3.3956104020666
PLA,578.3858957874066,88.23207206521391,electrospinning,317.4441137841507,0.18917798860068305,0.18844335548232927,3.897844485213188,242.6588221688473,19.214810204381937,64.28802264364775,7.54702527937097
PLA,550.6499385460033,49.77555178548827,SLA,172.3302927408893,0.19478739765346445,0.8096401685760066,35.51631788969257,4623.693414046201,21.5353127054909,59.42774430811413,4.607796383603173
Gelatin,648.8820008766517,87.25230712684228,freeze drying,65.59943311781807,0.273000913982803,0.2347362262874233,3.4602541172886734,341.927172767998,3.0543994472675737,66.96525786203696,5.805988347650387
Chitosan,643.3188468497219,46.26339735935453,electrospinning,301.0012285916994,0.09091707302032366,0.8378099929265509,20.60108606679005,2788.079851466484,8.3033757816674,51.19779061264669,4.140187040140041
PLA,410.93559704847695,46.15165690518037,freeze drying,216.43299944935916,0.5203484876745026,1.2028996187352556,76.99339508854942,14634.450305532535,24.0,80.06424274991093,4.5005477371031235
Gelatin,601.63498106318,38.31641598036328,freeze drying,299.4808454526368,0.42943874627708245,1.3095361620359534,70.42905284285598,15925.699088719073,3.5578321843374536,61.59048222834175,2.043331891784594
PLGA,313.82207913660295,35.00862186823962,FDM,206.5327724289375,0.24791316686806847,1.1625156194945327,58.39479551883126,10012.523297372212,7.45749509768374,71.04988471106122,4.256692497325448
PGA,685.5955873096789,32.78500766492516,SLS,172.4633643211015,0.5195668858541387,1.594136867580608,96.31988122573709,18759.8847084263,2.7734111791267275,42.56170150340805,1.2797092849964804
Gelatin,711.9242513641756,79.3083410764397,electrospinning,143.80360744338378,0.009951282409148403,0.28304374921438225,1.2559367844541462,46.29170472123061,2.7782925876100597,64.534854848399,4.1791450159744254
PLA,578.2152462880284,36.96248265841541,freeze drying,163.08071949618324,0.07524275311554367,0.8722587374037272,45.47102041722952,4370.10572226137,16.714092790199594,59.31187087115214,4.005902800009688
PGA,234.91511046070414,50.85554445429767,freeze drying,201.28951617221165,0.2207170572711111,0.9276318875189069,56.59380387568599,6218.226278809275,2.762460444428248,79.97839789222813,3.994693962863078
PLA,728.3070639732664,88.6549412902507,freeze drying,94.72014038268608,0.11154606394745926,0.16484971390750597,3.25642675751077,158.1140118245545,16.51794645079256,65.77919754930114,6.236157262255631
PCL,767.4370063421459,58.93139427290151,freeze drying,156.16348556640824,0.1771510937888147,0.6161062714952662,23.181165217117602,2809.009082891434,24.0,68.54886785529605,4.346588497114337
PLGA,50.006324158478236,46.41664410814334,FDM,106.75782402874654,0.13642533809916818,0.8503302756879053,30.759798110080567,3749.437933605095,6.030689390729317,59.33434782735858,3.252628997275663
PLA,647.3476409426746,94.98165199475284,freeze drying,210.71249718902152,0.359528542061787,0.09668848669507195,1.4437826893559904,74.85807810602466,16.684429544728967,63.07905383587129,5.909308986257226
Gelatin,701.905370547737,60.474035448872996,freeze drying,284.2449893855513,0.02144197083718299,0.5488557838661168,4.0352219243260645,324.82652280715376,2.8270045415584724,67.44697675090933,5.903143154262903
PLA,714.5937168320255,72.21452444738854,salt leaching,274.5520963694015,0.13386848099602397,0.41558424550660494,15.837263145463393,1305.0777253205347,16.84815278481466,56.33416884938794,5.761141498760494
PLGA,166.1127825573453,42.388479874912214,SLA,236.84236073474213,0.362429259856109,1.1499241905021647,60.148654666474556,11005.064966271568,7.312692591224282,61.35888412403197,4.091331729071834
PCL,786.3794958200137,74.44747863626988,salt leaching,323.0388556808409,0.3731478245455135,0.4837504681732093,19.66679195227471,2454.8520690749383,24.0,60.368542733057886,4.737364463625013
PLA,743.2107780390993,30.160367598571984,SLA,331.3292635044061,0.18081833334599773,1.1072117030850834,53.92355066934293,8024.386310563658,22.743198120107763,45.55491247249715,2.5561961949090564
PGA,591.4522889858756,66.08406169958168,SLS,236.5617036867331,0.14218597340469666,0.5970362613554937,27.764466931956328,1988.9892186825116,2.165700308912292,51.05892128570589,4.178984449108315
PCL,357.7516209480781,89.70102012584692,SLS,165.13121828966376,0.18101263125371386,0.15530144075635507,2.4839581337064254,152.16129971512288,24.0,70.92610358378967,8.260229956237175
PGA,652.1383664402009,57.42299740187683,electrospinning,100.23330552889838,0.31659723921913274,0.869800275675309,38.997009436717796,4812.135477379981,3.0582551612854525,66.74040721061586,3.1002344216820297
Gelatin,740.8713899852517,45.6781431540392,SLA,103.82342318150977,0.4714179848000292,1.194294472549004,64.1987527979008,13709.135621162803,2.779092703946683,49.39648173010791,1.9667764818630844
PLA,157.54916250360225,49.351431745697084,salt leaching,347.70868498042927,0.20563519727519664,0.8269711973547411,42.0102295765061,5616.156949019047,20.001748478113704,64.82876639817611,4.090467349431886
PGA,455.9668545418649,46.4687903492229,freeze drying,212.3379284668275,0.3723991801369861,1.1419741607450757,68.56606202343049,10268.052924327574,3.25013093940637,75.45726689961644,3.3698999355683186
Gelatin,120.0732421937722,49.67424870918671,electrospinning,59.02379058971704,0.4647960337990331,1.100439415188658,44.658469411289616,9170.55130570149,3.1460716655443424,71.33866657070101,2.7711654816543887
PGA,258.74010307122995,77.02405544273125,SLA,191.02387140443855,0.49666135408908324,0.5363944242378904,22.58530977033259,2523.339079164924,2.924947517895714,65.58532271511939,5.569859926786398
PLGA,439.1396012535823,56.71663741760818,SLA,396.2838687955665,0.3293231032417946,0.8379982828512025,41.865662818672256,6448.297911950721,5.71708909096203,65.52893475121347,4.54503679173862
Gelatin,186.7251999418422,48.60827113559993,FDM,303.3581023351924,0.08435697097685985,0.7718228501141681,13.568578166623269,2181.5804538640564,3.0626716437445727,61.188808557109425,4.85220773341926
PGA,338.80883983356574,33.28245738244665,freeze drying,298.3862832077956,0.09969042642003983,1.1285262264750717,68.17586487436317,5628.7455867199815,2.967929808678905,65.49490260709949,3.0254292581017292
PCL,116.09864345697555,62.936996928424534,FDM,260.8072090203815,0.41052371297978063,0.7294369799537787,35.78125064814842,5519.91258771962,24.0,76.21545728966048,4.913717914980762
Chitosan,241.1098831468641,60.28784464020448,electrospinning,57.175827987317724,0.027886849286160552,0.5753504956357134,9.56324329184113,771.4284110060001,8.464577280212731,78.08976934706203,8.0590579894533
PCL,266.5180505469766,68.42337132064529,SLA,275.9661423370632,0.038509025987133155,0.38593290192731794,7.569579063757074,327.47956820439316,24.0,72.89734059094006,8.810286665881977
Gelatin,745.6013454363693,86.91891290346616,SLS,230.43919621671137,0.39624613908802014,0.2698946204305686,5.858331607958725,606.4610260681918,2.4234790410203813,54.008129391728914,5.003832925459284
Chitosan,288.8686782625213,35.00697984774453,salt leaching,228.4903373172385,0.30675069592027343,1.2587937299607093,58.93148345685952,12128.670488068821,9.0922038850999,65.94488409971116,4.751713022537272
PGA,389.65646475292453,49.25751967206213,FDM,94.54643115513609,0.06858321130957776,0.8327372814788389,39.20342954363026,2316.3825726159357,2.6545461678769424,59.19408764380588,4.086771758361411
PGA,576.450074742901,89.83821916430065,SLS,93.8198548191518,0.3025615873654116,0.20528319233595943,5.9640601808315115,351.44647968841264,2.512785447291485,53.75963337550877,5.896865269456823
Gelatin,724.9763483115822,52.748932827598466,FDM,72.25490895197831,0.11985129687142297,0.7398252370524995,16.47303553392231,2762.410320527824,3.3631085337025737,57.097148375631406,3.761743918583743
Chitosan,776.6106525185503,60.72467863665206,SLS,292.34428613234206,0.4965906653964937,0.8911702635528774,41.11925484947073,7146.822390820475,7.424098597576267,60.79317737244759,4.397412400836743
PLA,751.7200096094136,82.57702980470484,FDM,235.53855416083286,0.3441640386484913,0.330575302366063,10.75176441779631,1023.5396572677429,18.13465460151288,61.28252994790639,6.633514225779236
Chitosan,381.9732027676813,67.22570512499632,electrospinning,256.04967651179885,0.040325017128876386,0.4819685482889253,9.48459107837436,773.5117542729669,8.211491872307064,67.66989760579321,8.28805624851733
PLGA,83.32281863150673,73.84833497988163,electrospinning,134.00053314294405,0.12579431969481308,0.4099764407422593,12.135594506487747,995.8627351264703,6.31537818641806,67.68975417673072,6.524760278909114
PLGA,165.82157477798813,89.85063085133915,electrospinning,289.9755342555455,0.5080915361082837,0.22933978155109871,5.820130962043522,489.2736696715789,6.933151307293214,69.17237694239643,8.06148649285117
PCL,461.94717525894936,64.530672276639,electrospinning,279.3162602020882,0.39046831390228637,0.6838092566898207,26.057853163661303,3880.367680921353,24.0,82.94149796381566,6.1680341231396305
PGA,321.99650449746053,46.29543211015781,SLA,348.7864716369631,0.08315125352048869,0.8940226433796139,49.89258994027193,3352.0701643886796,2.331518018667375,54.94213528882536,3.263170595973753
Chitosan,358.03834832005884,37.63552311464432,salt leaching,308.65682624381765,0.12080177972265173,1.0049431228813843,37.89115645036694,6032.513933886534,8.23112346116918,65.76714543568323,4.645920966787457
Gelatin,609.5859416588127,56.06160177427207,electrospinning,238.03083252893697,0.2407300009101,0.7835596076549477,26.653394748683617,4821.229335388454,2.7589418034021653,63.004929082059924,3.213209819248971
Gelatin,513.8050279831937,33.08177838112162,freeze drying,267.78589496067536,0.09497316307640519,1.0177938249975276,22.141747141628514,4189.3910895802,3.156840722689765,59.11088411326453,3.3030309307262367
Chitosan,755.2755618116241,77.07759693930008,SLS,280.35599559318405,0.07791374124919911,0.3521681210152203,5.328424301775098,448.28896939743646,6.9374499447253,49.54225656514926,5.999135403756453
PGA,262.04675928729125,81.92965512902529,SLA,62.822194552743255,0.8827193360300349,0.5348831703126298,18.32233937269676,2249.0724012186674,3.160703635123794,69.05158054598651,4.986810775496753
PCL,280.07533710506044,67.47947774493672,FDM,375.4348860434155,0.2396673094661468,0.5286318065501393,18.535407623197596,2259.8517625127165,24.0,82.94376797172015,7.519595111073864
PCL,172.18156497989625,80.81166027818641,SLS,345.1365890324446,0.11917662796239653,0.26555686238083087,5.55169177158316,379.52643037503896,24.0,62.771982881513736,7.892806645055856
PLA,190.35491052924834,30.78006343395228,SLS,284.1917952101582,0.0602121222542114,0.937933707723215,43.35425554877463,3968.560880001082,19.83711802021976,53.02061950146286,4.047718970736278
PCL,399.8938745560815,93.00209506658362,SLA,380.14407421805413,0.34315169964116776,0.1282729380727918,2.2703431677284334,144.76227984700495,24.0,74.09944956962897,7.706104899541894
PLGA,672.3142232339914,51.06443262202099,electrospinning,150.08581446044477,0.6702840217880827,1.2494297961466607,65.84007830236355,12909.951741772687,6.971786118380524,56.63060395580352,3.611655568586042
PLA,52.56620364425775,41.08561355905189,freeze drying,361.07328008310833,0.2472117441082224,1.008717060967789,60.069188328179266,9320.51386409893,18.748600290696988,59.99671636363508,3.5100923584414048
Chitosan,544.0835142000223,83.6395801793498,electrospinning,379.45933738621784,0.42556117209392397,0.35088716759853256,10.4602925820349,1145.9414632086064,6.701604743003301,65.48317179105126,6.472441385228952
PLA,344.29240936380546,93.02192618715061,SLS,69.10554820974943,0.15426822996478542,0.10708917160666556,1.985900812062167,87.27055248806329,17.929555949209682,65.35537323426311,7.151322933720395
Gelatin,158.79471178987697,74.23366479659168,electrospinning,371.7358648650392,0.24441747815968248,0.4612048933390263,9.128999867054938,1266.8035478930021,3.0740624241839534,74.03280836623364,6.173129397296229
PLGA,796.1971137050315,71.23650032207362,FDM,222.01930396580593,0.13372662074535116,0.45505156127479096,13.910256612562788,1231.1024417921005,5.424495845923721,57.614690382231636,5.191820340378823
PCL,707.3161713230116,83.13003808708004,freeze drying,230.83152152185912,0.028142329088547396,0.2026800023012199,3.6219409687598807,91.85332644893755,24.0,68.2077547802354,6.247443598117616
PLGA,182.51833405993463,60.051004810339606,SLA,338.01796961984996,0.019680451361334145,0.5495470135888829,11.959889429457997,513.6606672811852,5.8483362799047365,58.21288411350901,6.5057070552945255
PCL,222.3497583764913,75.81941444155007,salt leaching,319.4617709398645,0.3052050130213707,0.4248374250453848,12.681561534285484,1449.6990582363958,24.0,76.04960361662349,7.180298913872453
PGA,761.3986189709021,46.01241617754071,salt leaching,213.45500845016312,0.02721427288336779,0.8498116044666485,43.43515604471871,1771.8479985101294,2.175417026641573,49.40271628600662,2.3160482855362314
PCL,419.62713206931033,84.63461053301073,SLA,330.9069741525799,0.06996529559841765,0.19748834191868356,3.966571695487726,178.19069953924327,24.0,65.28096572227767,8.20189666571236
PGA,548.717574258858,45.139008926517896,salt leaching,173.35487098117216,0.3274746981770354,1.1304156646186778,66.09179845814243,9414.221116273842,2.520942242999906,61.49131129627231,2.538864868844548
PGA,122.4795008325629,59.33895599342871,electrospinning,256.98546527046744,0.1811541654233454,0.7414418366750287,38.32569117248763,3438.921226314612,2.461057131833755,63.02418207272874,3.3051272004273162
PLGA,680.3595882689734,75.4678209161343,SLS,204.42964939810966,0.1671578677374454,0.40295471583748027,10.562164201390102,952.3613953103747,5.6069369766044925,57.28229247115942,5.677503448622767
PLA,366.7383052726765,45.752023289363564,FDM,116.09881909950465,0.21971657149902996,0.9003312387760388,44.38625855723038,6308.204192009089,19.950253130169994,74.66035744552612,4.971524188790619
PGA,321.7732875016052,83.11957868468551,SLS,169.05154330710897,0.11537553619685294,0.28982136622413956,9.387613424598339,422.4409283233486,2.4857161700899195,66.02196652169285,6.930672031553315
PGA,125.15279475027035,53.32233430269711,SLS,219.24133676032673,0.2283123381481491,0.886813094482046,44.45073209742232,4847.194196938715,2.4963497178572904,60.86589097723759,3.1342345049274645
PLA,761.1317113118761,52.974083826936386,freeze drying,138.3942434857906,0.20643886155022553,0.7685437135701493,31.712389900898135,4091.5791977206845,20.523847210737866,66.84479003641975,4.494355333521008
PGA,218.57060195429605,77.8972071580162,SLS,201.37300973026896,0.10716457663266207,0.3765446407667843,11.504016079535633,568.7462547871098,2.380979395869045,59.167928123740126,5.974578763536479
Gelatin,748.8693554756467,78.02412355168096,salt leaching,396.2328454634956,0.20666243919486102,0.3784229201968883,8.048172365904954,1009.874921499297,2.7600763240548423,69.44168507267779,5.87972179859028
Gelatin,735.267630152562,94.53088193053985,SLS,266.2110655424437,0.0005086588405413156,0.07388316841232001,0.3,1.0,2.7157682402127867,49.33594573322801,2.2250461649596716
PGA,781.3542426228755,73.18761531737347,SLA,347.97287474696395,0.17114834197456089,0.4845695876057994,20.784199297610026,1467.5955156836433,2.493917671417907,59.15125170403029,3.996250714634153
PLGA,153.54606476252022,44.10957811996362,SLA,273.98939527428934,0.22753296131915768,0.9791077821078126,39.03900094126103,6013.568963196292,6.74163819256445,62.7010052796016,4.201516100608418
Chitosan,242.74161333884686,89.89108560397015,SLS,56.30883160053482,0.5986813420731464,0.24743512420097752,5.758596866679001,520.8176868391403,7.766185495966684,74.18400420811916,7.46774462329007
PCL,156.12979191544449,74.83455446931589,salt leaching,333.4795977961646,0.4037307006451518,0.4918536135971505,16.241440754151395,2055.5330045880655,24.0,78.77511162933804,6.717039274600265
Chitosan,690.0071000098678,41.97891941425315,freeze drying,281.4362921295585,0.2894172139447249,1.1061603693312674,43.001751362132744,8263.676312582129,9.28758999135911,61.00539350352813,3.5503862619064415
PLA,215.53596987529573,42.53606791572297,SLS,197.53936031484477,0.14603889950296198,0.8728393734366197,38.07139120508214,4687.718185721075,18.88086341681213,54.5733690495225,4.4822682760641746
Gelatin,60.15451272548326,64.10137005612987,SLS,51.14377821672699,0.14987586556024976,0.5814775924770103,9.933483920566188,1515.7922039934601,2.943177018965958,56.813747760741116,4.903826895615097
PGA,773.551505146112,53.57801873335275,salt leaching,281.53165973329493,0.1305427388239284,0.8084291651138389,44.818779696526335,3581.8111039609407,2.8198328995151627,56.22164689687782,2.3451684853134704
PCL,352.7512863248033,39.7438256531464,electrospinning,57.57360279574011,0.1571555637212307,0.8797985368671226,37.38959536330144,5197.782644453776,24.0,62.145018245896615,4.536610609394528
PCL,100.70960540949496,60.50574851380633,salt leaching,260.1313501076056,0.1993427288142793,0.6100606613848092,20.41276063155535,2551.029322934564,24.0,67.0313909068604,5.46835810353012
PCL,474.6481793360045,90.84226618720152,freeze drying,311.28054239477416,0.19315780980408354,0.1403222526678242,2.854474915852442,169.53367058354127,24.0,66.54330880303186,8.085117714185328
Gelatin,797.8886021989803,57.43575673644293,FDM,294.256524026886,0.1457241381494576,0.6862647620382032,16.177265337328848,2674.57531130229,3.123735773674543,57.370397844923716,4.004299813494917
PCL,229.38153090470217,66.86930598144887,electrospinning,326.52196503834676,0.12691621783289725,0.46365313521163093,14.955509775999275,1388.1716450896142,24.0,76.25154172349788,7.44990785876014
Gelatin,161.95234396780893,57.32806819874025,FDM,162.44469425200222,0.2262468288206795,0.7498500858113786,20.50801384368232,3628.2722231113394,3.273665197606392,65.62821175570066,3.979685860288222
PLA,135.79193210987614,74.44446763681735,electrospinning,303.2508293446388,0.31211322150335336,0.46923439438579223,18.245566950175782,2033.2919363625822,18.806732784203945,75.23436188653824,6.78995280441718
Gelatin,765.9033636149901,86.18819624924193,FDM,119.69583581246701,0.530258411213157,0.3182882026668023,8.494434948172866,921.2618056611676,2.640281704529743,59.89572530218827,5.184284127535973
PGA,185.1910216745873,80.26831530101711,FDM,253.61655901008612,0.057923223625692834,0.32041012501679794,9.720867799805816,329.3294418942027,2.23686202455406,70.80150726792652,7.277407925349736
PCL,494.817836776429,45.19252378674257,electrospinning,54.0144880818387,0.2126189512127795,0.8611904202689948,41.91735043649998,6334.933329117769,24.0,69.87379938002132,4.6874553176204445
Chitosan,670.0943684652863,64.01224722460681,SLS,281.8273313447546,0.09070713452136916,0.5609545926675935,14.469272678019959,1601.3469335974755,8.516981430132683,54.5483422610298,5.449234700673271
Chitosan,337.18984189438186,60.6135509451079,SLA,189.5470970194066,0.040945542723806544,0.5796325285875212,11.643746273261028,1045.8634827058354,7.517262460634374,65.1915836731007,8.084175596817401
PLGA,234.83083609045212,39.79126106684667,freeze drying,67.25857451446032,0.38457490518890564,1.225898439912629,64.62967557628208,12299.31627112501,7.748472546124859,68.62618414717237,4.374312149393048
PLGA,686.5372835689287,55.95092451948163,FDM,315.8189916917729,0.09215680655219613,0.6637331519532342,24.399608695813416,2241.4949411009998,6.753698489183623,59.41895858224533,4.611807686244074
Gelatin,423.42880840327376,45.58659967913662,FDM,272.53212229946837,0.11805277924851779,0.8502066607839777,15.427015657028889,2767.3155955134453,3.279628200082652,64.98516213930483,5.169479536817128
PLA,144.1286077734766,94.74721417567758,SLA,389.43788008369415,0.33311408933127384,0.0985552842783364,1.7023395497238172,87.9924985890449,19.83070838549099,63.42609995627078,6.291865619234498
PCL,322.02996095404217,91.54042717905516,freeze drying,294.6890368638456,0.14644832809477235,0.12170185923508654,1.6745018485107936,84.34759398817107,24.0,71.01383934634214,7.342782282528935
Gelatin,498.7135579338129,78.70950619281119,electrospinning,272.9377364994675,0.2832175998811767,0.3959588324114763,8.168291397158262,1047.1265586589564,2.7918104260533463,69.32133782893881,6.531017250993672
Gelatin,307.68322251650454,48.64420299379365,FDM,221.94477875915004,0.16583008976869237,0.8465973152820607,19.49572816631191,3619.5875874885874,2.6317888192383365,71.40644992445682,5.047419244107242
PLGA,235.97320225105904,55.764671431763794,electrospinning,385.6953406749392,0.04144253331784762,0.625934758626438,15.213750284169283,946.6305653615436,6.098455962443927,73.1851454795684,6.007389282402181
Chitosan,483.2717157630426,63.587218432439656,FDM,387.28153111125357,0.3181053257038513,0.7124831874016544,22.331814485683104,3465.01391682031,7.9758268852520455,68.44977171993592,6.1594085004311605
PGA,448.303572371663,71.00213068166205,FDM,86.38093911553241,0.2001566641747495,0.5376940925836987,23.01120369748455,1841.8037354828812,2.318790058367844,65.73673343468998,5.243551298167646
Gelatin,770.3458408168868,67.33729808417021,salt leaching,83.58918428114615,0.06817974466290477,0.4810313000428953,5.25194033713225,632.7256911199099,2.682369392812539,67.22734296459612,5.712324628670244
PGA,256.90206925258155,82.71682736488486,SLA,360.2665388277351,0.054044416642940254,0.2795642968386869,7.16448222751348,219.73606097197026,2.553305626789372,69.39471463405435,7.349454230566284
PLGA,254.2203341808488,39.44952484449974,SLA,383.5776169542689,0.11209597398520729,0.934229474313298,33.22129650519513,3930.923875486289,6.186266732651308,63.97256262392405,4.038702429614279
PLGA,484.6191910104828,51.37919707361294,electrospinning,274.54905986789504,0.4383311206332702,1.0372661589074947,52.196171102436836,9253.420268716329,7.00893353809387,62.47724913682137,4.063752544381565
PGA,353.09930203827724,41.47392695505572,freeze drying,132.2209779837382,0.14221836529718532,1.0302893330462408,62.8772699519201,5917.8594820631915,2.945641345764137,72.51759393718085,3.5045318802802448
PLA,299.14990369988027,87.19836726589006,electrospinning,394.7001360183999,0.11184265756496965,0.1860870266624964,4.038789310311181,208.55680751267684,15.664320771020506,79.26055917175182,9.274754354853828
Gelatin,203.83613511137483,71.28365373147233,SLA,85.86183906828091,0.6263736759454995,0.7114396153200706,31.04477694592966,4898.414827923097,2.569852304951759,72.04093481567135,4.6942117701047215
PLA,335.44718773020065,85.67716081475528,SLA,380.1997965799342,0.01719302593654983,0.18230663715793616,3.422885746013414,93.57512327974268,16.104202160343217,65.08168680120988,8.895108916080332
PLA,757.602853022457,67.21864546035619,SLA,150.81853008599495,0.27252254355305355,0.5771216663885144,26.60100656501731,3195.341937399159,17.042619064515645,64.12355166673807,4.489880716763591
PLGA,234.73859930987143,30.431918273891583,FDM,356.87389274230424,0.206572711917651,1.192324993351638,64.75097437907513,10721.604547135585,7.025365429312196,65.10994730880594,4.050489491209001
Chitosan,590.2361437761973,67.02513210209395,SLS,303.42516761845144,0.152536529647508,0.5496709090784877,15.750153726770371,1951.1151384219218,7.427969196308414,57.45506344756603,5.806775468061432
Gelatin,215.36159380993462,74.34829837371458,FDM,330.8311440012218,0.5056219182661688,0.579759098450182,21.903004285684982,3228.207153144977,2.904194551304147,82.26280535441296,5.140583728171664
PGA,202.94571036414803,35.16672845330833,SLS,227.86148855955815,0.18916320985626914,1.1906269846347188,77.78030989907283,9025.121132941093,2.4151296672547,56.880815392605854,2.460511718797973
Chitosan,783.2340166728333,93.3211857371113,SLA,393.58826838330276,0.006509118030621246,0.09426418051142206,0.6376683938534858,16.002978216156748,6.052970689150412,45.56141948987284,3.1160258876689193
PGA,201.49509840708225,49.671446423924436,salt leaching,340.4331462824387,0.32840938530507297,1.0377864530739973,66.10791264123887,9031.860906861511,3.1598318985113503,77.6426828741525,3.699464557108156
PGA,146.75775994997792,41.18269735011278,salt leaching,222.8289696476329,0.11268694596706305,1.0072773942745814,48.947868654477205,4058.3457850331665,2.3460454575593133,58.48117295871118,2.597381052880354
Chitosan,194.71182351612046,61.511978795006755,salt leaching,328.7359548752742,0.20096287987333702,0.6741889095545819,20.941291065282275,3015.3381672685473,8.975910865698884,77.29103072849868,6.588112625004
Gelatin,209.20034513211925,52.62905132283573,SLS,217.90090351405988,0.1680690833380592,0.7828164617201722,20.15495888963456,3601.656472779443,2.732749367475541,68.36923198203928,4.007938225980724
Gelatin,442.2089953595259,41.54787063764112,electrospinning,90.55938201531531,0.3434912449798725,1.150504050747067,54.71705987019701,11835.930544034929,3.4472644437627458,75.32883326896227,3.2422478360785214
PCL,109.73070436855743,42.371139493368865,SLS,138.4983603068571,0.15608603353373607,0.8402014108845846,30.430888139242757,4123.953860039132,24.0,58.39288358517503,3.8947918431535165
PLA,560.7709286957959,44.750192080622604,freeze drying,163.77095132928912,0.36253005184611053,1.0676651886337207,61.50519661392881,10610.504582717333,20.580974270507802,67.02233674029186,3.9624081318588473
Gelatin,706.4940044456009,86.88321623423539,SLS,296.18185657453876,0.20082915931221756,0.22449276865587786,3.653003416168196,352.74588883208986,2.6820709988792624,52.988009510355795,5.242069831106549
PCL,282.05097714851826,66.56148513564749,freeze drying,294.86744885535876,0.22000059503751032,0.5303686832017663,17.286502265480422,2068.3311520779716,24.0,85.19775539307105,7.6553086218378965
PGA,223.59745285696147,92.43808406583614,salt leaching,262.04536927790195,0.2687419428045439,0.14861901826015086,2.8519251209357606,136.42853008682272,2.5063533037248074,79.0075230371169,5.929617645856887
Chitosan,284.76721163180184,30.977084480756034,FDM,271.13235613904857,0.4337642741929036,1.4902651271948673,91.02628781115322,20545.58182835495,8.453937072631676,68.9748833283743,4.277779078858864
Gelatin,707.4153659857208,39.66767381412797,FDM,253.76057197014902,0.13949691202366124,0.9659775210756741,20.73029008032566,4047.932048628664,3.0641791043593622,51.29761898485276,2.4089185894322367
PGA,452.4779287677034,60.1372006331403,electrospinning,323.0532681178259,0.2907359050338183,0.7976514925408621,42.419415509600164,4851.671318466594,2.932752657251316,72.79907914018786,4.4702335030823495
PGA,113.73654203542547,57.07804979282182,electrospinning,110.69014058648938,0.553641489589507,1.0416724718402042,61.98531834907063,9903.397782130409,3.0176463707760313,66.45370920988908,2.9448487481083014
PLA,426.0459702003072,47.94018020692273,electrospinning,114.41684472843649,0.06422947547903976,0.7094078663840534,30.400751691798224,2480.0775934861144,16.955404774784224,60.18348375174035,5.739881425780906
PCL,460.66977490582246,47.696506656310845,salt leaching,382.9909866321974,0.24829818038647788,0.859261586398381,40.52341259479753,6347.996094243049,24.0,65.06968895369074,4.4812465755203466
PLA,771.8421969357855,32.747656289415445,electrospinning,111.24247813396758,0.1748433842401486,1.0585188448248575,52.63178858587465,7577.163178612552,20.867192229035055,48.59823279599269,2.640724476666005
PLGA,94.92191019530503,90.06157698299621,electrospinning,325.1321423029412,0.4297866760811671,0.21048724089864657,4.82393917328368,384.62873633180595,5.953464826642062,72.12754287773879,6.395756793370254
PCL,438.09443836532824,87.57504400223219,FDM,207.88006413388769,0.24205914750477045,0.20256761001935078,4.514890418473518,341.5043149900335,24.0,77.56270047939806,8.591153905250579
Chitosan,420.5197485078769,38.70000275596279,FDM,121.08628437883256,0.19950472855636311,1.072218649353376,35.89595722413734,6511.082364655752,9.091958231827924,60.156227160872575,4.952766205037638
PGA,773.6554470406586,86.92745427533717,electrospinning,258.38927153638815,0.16079733049627556,0.23406284296346513,6.654942060914233,316.95612025962225,2.306639669684098,50.80628412659967,5.589439416805679
Gelatin,325.1940756682548,84.01856892794953,salt leaching,166.32327586415147,0.4247263227054867,0.33792853958713887,7.83172432873605,900.7156945101427,2.881419438448771,90.56497463007638,7.195376553300285
Chitosan,255.22259429492348,89.4739118738747,freeze drying,345.4681714556663,0.17360125989093383,0.17934372157307532,2.6362883571644633,191.15080725783886,6.787646744229199,81.21573038080611,7.889856859048642
Gelatin,602.9853459691491,30.196789988065003,FDM,381.4102615440039,0.35790809671320184,1.3920397478783066,56.41549923499403,13382.27354416196,2.87371582215551,58.70938213046064,2.086270794018528
PCL,496.0699100965139,64.58343532700951,SLA,234.49016045375726,0.46397775105608063,0.7349912509492236,34.46748275646177,5359.676754278898,24.0,66.22352349544907,5.407332490943935
PCL,377.1088098973584,85.15059057101226,SLS,178.39925919078652,0.26274905132114734,0.24825418617683342,7.013237852423302,597.3813834636867,24.0,65.47819560769348,8.006974325195644
PGA,609.9190111491431,42.43875942175142,SLA,331.51689270264603,0.06039305641012765,0.9370030286855248,44.0153770610058,2599.3357756668133,2.480082788239012,46.12943148356459,2.436459762170725
PCL,192.0363777154771,31.682604870744484,salt leaching,52.88030123588419,0.4859101990006764,1.4478163614323867,89.69649001988091,19583.441607273293,24.0,69.51725557690759,3.330327592111537
Gelatin,731.3022400386413,34.620281420267915,SLA,119.60547436303483,0.2051619087690801,1.1240679022812394,32.275579774202775,6978.535192889598,3.0608255213738373,49.17325890557428,1.7688671047346578
PCL,423.9256157654082,88.4885956505188,electrospinning,205.66895718113562,0.06370262110538308,0.14650837772636013,1.907581333197519,69.88739066604725,24.0,71.18088918297877,7.221087313180626
PLA,583.2955867323445,45.33441800452715,FDM,387.83686269936254,0.11354449942350435,0.7964064610822397,32.21975358275623,3461.3614472356016,20.64617951298893,50.368393819060756,4.095229559284445
PLA,131.97343190573486,32.980312718068824,SLA,128.6504135475946,0.16878257304997013,1.0470986478469169,50.06108792111694,7087.217276855982,17.395471948432977,58.60025329899591,3.632070099166006
PLA,186.40806980856217,50.94024940930586,SLA,205.32695612423953,0.11575312863706957,0.7168063620862262,31.44349637302469,3227.703364668475,20.60460670326607,63.05482082713471,4.4858760386321865
PCL,616.1064761887444,38.77450727130048,salt leaching,253.16218476973737,0.14244684611070507,0.8758955274761916,33.491226177002325,4477.804904901287,24.0,51.92638118634332,3.6415253269247483
Chitosan,722.853366160732,73.23684402275087,electrospinning,206.71130849047933,0.242341529603375,0.4881861064209424,12.864911772823636,1615.4647450920345,6.496902342087085,69.08121523927201,5.3839862675637695
PLA,230.04604966128218,53.04280693841727,SLA,246.6668052283049,0.15082098450553763,0.717537878628468,36.58215423993487,4129.470612492919,19.383592693268564,70.2135586398996,5.650556904383731
Gelatin,701.0305164855557,72.8301603079771,SLS,305.5063483266923,0.030751201572088247,0.38183192974922214,2.979848364426615,239.16948505593245,2.7632136809538577,54.016251530959224,5.397623380440583
Chitosan,532.6545788801799,66.78581991795522,FDM,392.38972966783456,0.5845788840613668,0.8047839168776896,38.616826877962396,6311.54790432335,8.785267562012114,76.59188315443893,5.466480362621213
PLGA,247.019075424507,46.43142594694186,electrospinning,398.50384045958253,0.10598219620699031,0.8205782960883194,25.60967111399235,2775.3390638144465,7.192278595528154,61.776720483763945,5.408779332015313
Gelatin,578.1718365769073,92.83487179047627,SLA,56.89148436272161,0.37733349681197964,0.14539480271187383,2.4527139559874196,187.20526942463704,2.42391485376014,65.54089956752,5.904868477830911
PGA,799.9547720342889,88.11020536854119,freeze drying,248.00111565704353,0.06270047987153593,0.19399089029057687,4.643464339282446,126.95847339541304,2.5237732805900057,52.44814804723163,5.533756119631385
PCL,693.7632221819855,93.8864624483192,FDM,210.2090540650127,0.32720189643256226,0.11010724463721913,1.9739405858530052,115.96522185289145,24.0,63.4587274290514,5.807481358742855
PLA,772.4884449435697,61.92957407323711,freeze drying,360.5530274024817,0.2874141342530224,0.6810650710020012,34.81874251938833,4597.046080909942,21.26376350119129,74.67294017509454,4.725781281322065
Gelatin,439.7162257480425,80.5260393991312,freeze drying,297.8427714391536,0.4047100617243422,0.4047620084540394,12.36117316773281,1563.8082099362446,3.2058426346507343,87.84260673777045,6.3448882179032084
Gelatin,317.9990907930055,77.20517533919096,SLA,167.31998780965804,0.21154021293254244,0.39452653004605737,8.681195018676078,1112.881559003844,2.9920881691821757,71.28039039122743,7.465907749847666
PLGA,329.4373664858582,83.74077639896939,SLS,123.02998772015569,0.05176716382468467,0.23310825569569305,4.508311728096555,189.33515310288075,5.167173282510092,58.40959929020299,8.403331184468653
Chitosan,437.62062393375857,66.69003622788243,salt leaching,295.7103424938969,0.4561411462442007,0.7322352812960599,31.112119155554566,4917.014253314848,8.07767097298214,81.14610872750868,5.660455397068687
PLA,706.2329052484629,51.61610249398757,freeze drying,205.70871263781035,0.27022585579732744,0.8496848091826666,37.22051330580625,5414.5234902002285,22.535770325185258,65.9777480143088,3.8913854961698684
PGA,193.25708456028678,43.58587382387589,freeze drying,356.04906135416695,0.24709998306573588,1.0889629903838736,56.81931880115936,7104.433552022628,3.1530352061806917,69.1524891603021,2.941776231154174
PLGA,55.21274749048903,50.328307647271195,SLA,101.91343561288846,0.2644030826658715,0.9033142868117564,38.83329551865862,5956.421249811552,5.645376100182888,58.53462475094391,3.4658784566829306
PCL,760.6840991495718,45.46132021819812,SLS,53.55426630091656,0.16903676292952452,0.8093096732911838,29.56190625459726,4042.745885153186,24.0,45.61327296526602,3.0598559719102036
Chitosan,413.8058953128198,79.58829618664076,SLS,365.6562012981059,0.13259473334362976,0.33312733081090595,5.787217282884643,541.870726213626,8.159794368200204,74.21175718126263,8.954308953183672
PLA,636.9082647749543,75.37846191273864,freeze drying,138.60489870935504,0.17392242039736378,0.3870978084946501,11.599734312690487,1008.1743832730216,19.808901898162702,71.35908194084179,6.262148191314445
PLA,705.9317133086344,81.93600151896845,SLA,316.21244038053544,0.17226318800816875,0.28342823472527,9.176179652754445,680.3415793845093,17.233466185961102,53.66506499510736,6.267516420001541
PLA,634.3888068990797,52.82801651550104,electrospinning,241.34712255050226,0.0711292737508565,0.6490189957066075,27.77560319941289,2253.459587629514,16.0129881381556,57.99154687981132,4.726037765223255
Chitosan,291.3258510574794,68.69995514123843,freeze drying,297.4897030293308,0.21444868847761592,0.5556650654845713,14.38600257405933,1898.1574615571517,8.307682443778997,82.18529155001481,7.01716905841002
Chitosan,135.87185557748052,46.06270976701019,electrospinning,323.82421421909345,0.1479369241890042,0.8947601075446245,29.471718705018755,4629.326827246379,6.988814584335822,60.77192897417322,4.354176782046812
Chitosan,162.15371587042924,57.87240226492581,SLS,65.78419251923623,0.1257152075902689,0.682467762945562,19.16735830282717,2538.1002668722613,8.53542978389245,59.3498272037864,5.496963945096756
PGA,327.06948821225257,70.81050089048917,salt leaching,221.28240432093662,0.010346653368673242,0.4514919571700349,14.519825533249655,337.782309416824,2.1224495193411195,77.61360985684027,8.016777530734869
Gelatin,129.23134789441613,48.3116827058774,salt leaching,328.7565847335433,0.1357426043574223,0.8240858059490809,16.599058258632297,2984.6972844188786,2.6433397532789873,69.1860765816253,4.325967864797298
PCL,725.2215986236338,82.88711631029372,electrospinning,150.65164294014014,0.2570041012576627,0.28412404816376446,6.581980983210878,597.1569770880345,24.0,69.46681034477967,6.340993468213851
Gelatin,190.46098118676258,74.99390343855201,salt leaching,298.92495436901055,0.24062410149325658,0.44588955488468446,10.28673616279213,1403.6572414361942,2.8773590027776383,79.1932889356821,6.56144820766042
Gelatin,572.8004541676803,52.03964294025672,SLS,325.88072322674157,0.6712538429940872,1.2269491520855171,72.61793408892763,14856.896435167922,3.637141218983831,62.36414230738488,2.5476058244688375
Chitosan,384.33390645068744,77.61723608804112,electrospinning,108.07636028220203,0.1500712725787192,0.3721413673891166,8.161082370236343,829.1373697221089,6.885949899982649,80.78771877969638,8.822893171140308
PGA,72.0897894632085,70.59885706280231,electrospinning,396.33841696425355,0.051252314315833464,0.47424888816792915,15.177181031240403,592.1722557430609,2.3437001433560485,57.613861960653104,4.937529812284566
Gelatin,464.08738999846605,60.22961389900327,FDM,213.97292759203242,0.1737616409097797,0.6612904282369002,16.350513042996287,2691.3154397507806,3.085339182246425,68.90702258210878,5.13052588418523
PCL,709.8790890674608,63.241661036912966,electrospinning,312.86048152619435,0.36699747822003886,0.6913618460727039,28.784069783565656,4289.1531901803355,24.0,64.01077922607935,4.599107187862269
PLA,555.5408723697989,61.49642133949841,FDM,105.1690743275833,0.10503020019974746,0.5546855121749967,20.55608687177936,1789.9559093754722,16.050190783369633,64.91768653264711,5.543992828900157
PLGA,736.3611478400804,68.36548875363744,SLA,351.43312885349064,0.23701483600468165,0.5596135084633806,21.654478977894737,2548.103990079076,6.309150371022774,60.68361741403868,4.979945914612484
PCL,191.80529182728998,74.98611227686396,salt leaching,72.27213336744533,0.41949601841479955,0.49679820184376233,17.711793376898864,2257.3510559285032,24.0,87.81675853848908,6.452550824192467
PGA,518.5999326425992,37.9907491684036,electrospinning,369.44078371461535,0.05628358047853245,1.0052812008088423,61.835839042021675,3662.616315433223,2.3074148808587833,56.286144043534684,2.440559398572955
PCL,375.38542923830033,30.017534748588083,freeze drying,336.04542626317084,0.36870419317503605,1.318645936286449,83.3349478570592,17156.680356993562,24.0,69.50047848217699,3.884164881855336
Chitosan,77.54259322371466,48.68541197129289,SLS,320.7947120226499,0.19130788228523432,0.8901997228088454,32.572596237352705,5348.530210024776,9.378181307820043,58.44955386464473,4.523998583232264
PGA,758.3034454675392,58.23483158515301,salt leaching,226.27269400195667,0.1945304360534384,0.7706255388092437,33.552406985487096,3173.074748567515,2.922070180059679,53.01254414013898,3.0910207061191115
PGA,104.73834987142978,76.78943961555441,FDM,242.11226734196862,0.16768688103048837,0.4181736988229849,13.410913242388816,871.1429126063452,2.3619975583176473,69.65238813314363,5.161695756099144
PLA,167.63218979568052,42.52089053090227,FDM,74.73789328922129,0.4149516157612905,1.168295999939206,70.96963157091244,13042.48368227982,23.69571681331211,62.1082187959537,3.972067401229123
PCL,67.16916252219056,76.08243222928088,SLS,87.28238654665182,0.4585070672232895,0.49373194674075105,16.287319916074367,2075.367004472198,24.0,70.73993249190951,6.1562336178911465
PCL,139.03117819126527,83.79590565908524,electrospinning,387.8843699451971,0.4012903451219625,0.3159129397430873,8.061159426735399,817.3503566621841,24.0,75.91938742473585,6.622049598627258
PGA,643.1254811745696,46.414689710182,SLS,303.65275770509527,0.24964062781962876,1.0365637895773037,58.67799323525771,7189.2473641015395,2.421909322993904,51.9999392316039,2.0959619555233244
PLA,356.1212760639941,70.8418410974014,salt leaching,341.55625434396194,0.08953935364418028,0.4114275019926485,11.79918489777802,832.6993803176088,17.463079397225613,68.86027467532537,8.494637619822559
PGA,137.99303805329242,59.57876314915407,electrospinning,258.2433304470133,0.22785300627124938,0.7676485492233556,37.87953253625217,3839.701792498951,2.3969104709089644,69.82578423686043,3.6075548611018746
PGA,488.09064744684997,93.09343023587418,SLS,67.3076383618327,0.11184885358427564,0.1181848863382653,2.4768656298624423,70.08219264958161,2.0479766035788805,53.080031362528715,5.481862759207967
Gelatin,125.96961020057851,33.27810221047499,freeze drying,245.99185930362393,0.19168391702353182,1.1309568851103056,36.76933606365501,7955.421403446096,3.0704775919588423,66.62471111443885,2.6720545559612163
PGA,121.02829196623054,81.43790288838427,FDM,116.91713454363777,0.24682705508077518,0.3582224556198929,13.068893162473353,936.7811097090112,2.342783530564622,65.52591507641534,5.879003169544794
PLGA,549.0078374021014,50.08657051269158,FDM,116.14471734692435,0.27538188594372304,0.9176290587949588,44.00572698048844,6862.672253819904,7.626381961847414,56.10329677895611,4.265105818811352
PGA,564.7669114860296,63.35781856744114,freeze drying,197.09116212437996,0.11804392935182864,0.6306966465545649,29.657315832958474,1991.2966091843114,2.6714284543237246,72.1016241500398,3.899888747359767
Gelatin,239.22445445324777,80.85526394575407,salt leaching,232.4706303821738,0.23021081634152563,0.33778579241475787,7.104434543796038,843.7128850451717,2.516045994453674,80.8823734691311,6.927733185258226
PGA,215.81591284900662,51.65260729473185,salt leaching,347.10342869787746,0.6664638626163061,1.2617081078450454,81.2151771780868,14801.736937940825,3.3461934140783454,74.56308003549827,3.484906656595717
PLA,68.49768298268611,94.24653612992617,electrospinning,146.71009657733404,0.22185688365746342,0.09572306226991786,1.53533138207772,71.3380839416639,19.242343340499833,59.628194577188665,5.77211280273465
PGA,340.72254260443907,36.779263481599216,salt leaching,259.9021980805047,0.3342444115304328,1.3096023502921692,82.82232045127495,12792.681735676046,2.804294085588354,70.08915942225725,3.1915183307440644
PGA,654.5836492563088,55.45295234874133,salt leaching,295.19506810723993,0.10418406273766032,0.7567555260621335,35.082553761525325,2424.517985969985,2.7612505975374435,53.143604804562955,2.9352671781190014
PGA,357.6786942067064,54.40019365820802,electrospinning,279.3691403703095,0.05299973151126948,0.7368288324173272,34.85797772956967,1720.6030519125177,2.5399332844218194,64.4581480911575,4.9127029954500365
PLA,402.4858187627329,58.82661433670957,SLS,82.35921722484794,0.15890078890968248,0.635511416386809,30.333819359468364,3279.774320725067,19.338940332327745,70.4159648975031,6.0991297076570365
PCL,166.23396403302604,63.09893852887715,salt leaching,324.3079227861542,0.007123028007806279,0.42778724209660735,8.030474524111312,121.01391982612165,24.0,71.81022686918386,7.490395428446013
PLGA,281.54703579344454,45.81978776915983,FDM,309.40351079822807,0.1863831618402606,0.9087936985854207,33.574313747497875,4707.904791236961,6.733586502283127,64.25238106691747,5.058116222389651
Gelatin,553.0047792060603,65.93629761068877,SLA,336.1196758404976,0.35383049919973936,0.6768099650337259,20.261335837857857,3354.21894036944,3.004395821859667,63.968610623356795,4.813385393114748
PCL,319.8914051683927,36.17980885633899,SLA,255.7937291289519,0.21750089086534374,1.0090542045952218,42.5989791584474,7009.996101745053,24.0,62.36286963655511,4.15510870216804
Gelatin,657.0181512225075,50.262390005203244,freeze drying,379.06659290699685,0.2058250770735638,0.8557281883211664,24.193214981874217,4564.517081455851,3.3445119116190276,71.14112744850375,3.0387396013816064
PLA,363.2612736917124,92.3429200143471,salt leaching,238.30408302883453,0.06635981596821083,0.10465293001930033,1.6051208527044047,50.922699793271384,18.204998006372797,69.83526614722227,6.1959328585959
Chitosan,354.0859368163771,83.77670841791556,electrospinning,82.48963984998483,0.41447743625474176,0.3447993774439033,10.148639702154433,1102.367316440403,8.533420300448006,83.01391324843735,8.819027118482994
PGA,642.6594602617323,91.14540429547988,electrospinning,299.0116733684832,0.08852113345882988,0.1481731796181155,3.483744840851384,98.26279641285961,2.4767644030341303,59.1453392711373,5.076921986807936
PCL,320.5141515508754,57.19869822649386,FDM,88.86552988085612,0.3057895829288688,0.7524931592802139,37.91687806692485,5770.3099319005905,24.0,75.31859675563268,5.895851217568587
PLA,291.08698533602256,43.6172036802454,SLA,138.753227833938,0.2649376486135921,0.9844610510179612,59.63831053668256,9295.885843305095,21.39571825934012,66.31801414552312,5.010086195701524
PLA,121.32269632898335,69.98405049767354,SLA,335.95786906557987,0.18783471940471783,0.4798842891703695,20.451692805719595,2027.3714865170282,19.722940546232447,60.465795618971896,6.003417911406454
Gelatin,317.9314680656848,50.703774489278736,salt leaching,145.33355010556826,0.46824549510347135,1.0809882837727378,44.26927861526102,9001.509112337026,3.223317363598113,85.0075413030993,3.9755739307199582
Chitosan,69.58868838068727,89.78141804444674,SLS,302.1224955973763,0.06411067474710086,0.1545247506000044,1.5702955548991318,82.81895570711748,8.15159120329724,54.13046173459979,5.811550257520478
Gelatin,299.57562028791125,74.67365098612346,salt leaching,326.2129350003298,0.17978189075996137,0.42386365209903865,8.397931023647367,1108.889663852498,3.2037587966254977,87.47798980453604,7.488385058292563
PLA,426.6905738081558,62.64832370653452,SLS,53.07677664343412,0.19130914697760057,0.5996439870398013,28.487067707867272,3174.341358543909,18.376670801966316,60.74257169592917,6.016119832321785
Gelatin,702.2588871106813,69.56110687027954,SLS,253.8685558202553,0.7664831594158571,0.8308812388046419,33.413131242742,5477.534995563416,3.061394043652586,61.26315803449387,3.1044079649924603
PLGA,144.4010537414198,62.14362584383369,electrospinning,105.58455994784725,0.3559450056527296,0.7511690640580816,30.095942124830543,4439.681281291466,6.9712420401513215,78.48377367192082,4.967433253131464
PCL,357.07636249901043,31.78531766014213,electrospinning,187.15565127615068,0.026383548500440085,0.8171430076594854,25.25536728011028,1230.341274628178,24.0,66.56296405051377,5.4833433190029375
PLGA,500.1233900276941,71.88160251415081,SLA,218.7963855939605,0.24015375811900957,0.49901109910642444,18.637818961547467,2077.7240657563393,7.003805120319318,61.69030979023478,5.64296679324407
Gelatin,595.6762700534742,49.954812090848876,freeze drying,238.18747238200174,0.22824595612067436,0.8812170485176742,30.97262410831599,5940.729497784233,2.9571906081430206,64.13996336285088,3.139929327393188
PCL,343.64288475183906,66.58638387967585,FDM,147.45188927008257,0.022121953549367884,0.3974063525755025,8.77680026049857,264.15300882119976,24.0,70.29644876011082,8.819809569947665
Chitosan,420.02610955272917,60.678630739888575,salt leaching,358.44968433188996,0.2112025188196802,0.6958326836871098,20.09788898083949,2961.2243436920903,8.462533227854856,76.98266889771656,6.213655788993166
PLGA,141.129955597361,34.36077382521995,FDM,347.44748295974983,0.20669453533358542,1.125133206046779,50.81993788762126,8175.6987532328685,6.929236695277623,54.57263069273542,3.391418662433465
PCL,341.26394868463706,56.1756258348982,SLS,151.67201318167758,0.40174115822579876,0.8547904836443713,44.858306093963314,7482.191397882941,24.0,73.65557316821393,5.63648938472435
PGA,493.2411334014777,64.69471612615489,FDM,70.26854300653156,0.17640388065924398,0.6410642664164149,24.607762491795086,2027.5150581336454,2.6442714469689754,64.85451127931807,4.632314823652156
PCL,704.6396950693311,34.5967123353161,FDM,240.43124363092332,0.1571085246264375,0.9548896950765059,41.697947235863424,6038.378201285337,24.0,50.573481562171196,2.7900048013399115
PLGA,677.5563699804088,50.51760250704368,salt leaching,275.7233779650907,0.26901450295039575,0.9040019608567588,43.036538924381624,6628.537495989544,7.625688050883401,63.753599906890365,3.9293014385256133
Gelatin,104.211136095836,42.596542585824615,salt leaching,238.47917326142604,0.5436025904677787,1.3366307018301138,72.22723617055757,15992.31631551926,3.4037014416212505,65.54866728505168,2.3165925700503838
Gelatin,85.27618560644355,65.07830911119586,electrospinning,331.5725066078994,0.2824557637607827,0.6489918186915283,18.07669183875701,2967.026431239372,2.8114045048798215,73.94440327434755,4.778120443980496
PLGA,784.2103849918443,43.67094002859002,salt leaching,123.69493265086274,0.23731467107112503,0.9967649969502748,42.42405965271094,6664.544873420323,7.194188943626981,51.9572550517737,3.3569331951149013
PGA,588.0248881278795,83.4402105541681,SLA,189.12449076341665,0.08240027078851431,0.2754701829007327,7.186341393471071,266.8208992956106,2.2094906416977267,50.791186397427055,5.865540589934495
PCL,625.0190263730226,65.27981328246223,freeze drying,302.2630306728328,0.09294728888935179,0.4622504397796082,12.554300328877838,1006.2251050847332,24.0,67.84097372094851,6.241134013947528
PCL,101.89260398660205,90.54057315090897,SLA,261.8941131036217,0.47393421230621074,0.19819751497456556,4.336223599548533,350.2360291925695,24.0,62.84221410442257,7.544856123398388
PGA,572.4986602568631,88.15743444345432,FDM,311.4861317351468,0.10746203683875001,0.20180779771601465,5.372566013277025,194.72048158036495,2.164178034478318,57.39720361538477,6.165588583821924
PLGA,166.33875705568522,41.40702524367132,SLA,88.92866816399926,0.17561023103624346,0.9713862793312841,37.25809214010564,5300.947211564744,7.437660224317504,56.03377642417978,4.201936546057584
PGA,311.25793529037264,65.78772891224565,salt leaching,270.7930508420432,0.03746032746443345,0.5442097142702793,23.413689185695564,858.746145154907,2.2024246763123294,74.67607695916291,5.663244247348161
PCL,504.03473019504804,64.67862016835828,electrospinning,153.3182788299759,0.13396123044778527,0.49930029391467196,15.239122003171293,1501.1623284586071,24.0,71.62626149896316,6.741676067908717
PLGA,147.47410286402567,55.3874508569063,SLS,365.4115855262468,0.3431528895226486,0.8748997036858259,37.83756930658024,5992.543307688392,5.9532606931220675,58.45579637413732,3.9124409666704536
PGA,216.16670335874974,62.28168113721942,SLA,306.6292079061269,0.1268989542481516,0.6546302051594428,26.537260310913137,1881.8112832488007,2.6826183104337074,62.09155955368154,4.51751946096126
PLGA,224.47865932472442,40.03920880203895,SLA,264.14719678305727,0.12051675803009203,0.9342702730228436,36.23559192511576,4414.052485922739,6.653193681694652,61.18605496800356,4.191135448023045
Chitosan,656.4193023649088,94.35291758463282,freeze drying,187.45870826032086,0.30999301444953326,0.10969388557887137,1.3667721763156293,83.09037097704008,7.328668919736341,70.80060568655841,5.650790371883508
Gelatin,72.8521288073936,45.525144528512016,electrospinning,74.0201474319385,0.10986664982720526,0.8431400065336123,18.992138131430075,3355.77187008672,2.634537817707869,57.83216927114387,3.4476001043931874
PLGA,407.26599716849466,39.03822360758765,FDM,117.74444189966401,0.1948474946118829,1.0318841177467653,51.723133939821366,7833.131954730089,7.2123695058089625,62.462346565763774,4.343506079668383
PLA,60.17357865355026,89.78225203392965,freeze drying,152.0230386546122,0.21919153994420168,0.16947727348786593,3.787843057048066,233.40889019750995,16.01136598635369,68.6897839107072,6.994789619007645
Chitosan,320.49564257304144,52.509287488793774,salt leaching,145.05018821098616,0.19770599663611535,0.8291809514966642,31.51406524565905,5019.923365212245,7.893622760492732,72.23803909478909,5.72044728196904
PGA,167.5971616729857,62.33753568046014,freeze drying,335.8988550731887,0.13369577602999694,0.6578077648782876,24.996806093165098,1823.4259210735893,2.5392577306172366,76.29761615515055,4.931958692053557
PLGA,137.49885183872897,79.76769294678212,electrospinning,270.2945755194825,0.17810408628081936,0.3363354782684204,7.804758355257271,656.364350109779,6.263551777072002,68.2198704880995,7.4000235530824146
Chitosan,727.4679870465333,57.78348769534836,salt leaching,83.5444322335551,0.20103455274811277,0.7395532814857625,25.759509082194594,3884.9664174902696,8.546154360335004,59.72345406849854,4.825592773784936
Chitosan,126.2615021201585,33.590134842946206,freeze drying,333.5694979163201,0.4957873243221441,1.5059285759079297,77.28653978878576,17463.284028654056,9.761344135260991,70.5840428410927,4.087405936151089
PCL,287.2455767796577,56.05216159334097,electrospinning,135.34744880842686,0.11793637574436149,0.6071228778650245,18.257276749769364,1878.4586878493903,24.0,73.22159336501068,5.9722717138013275
PLGA,574.945940012946,48.18967062774817,salt leaching,273.01864013659167,0.45533555442373974,1.121257052985769,69.22252755873492,12794.388613126572,7.777867385123246,63.566961401131124,3.9325290484991102
PGA,413.11431092966086,61.10166415988134,electrospinning,270.56462048863864,0.30308574063210697,0.7861349393786479,42.65338712093782,4921.878284783203,2.6136556484336526,73.92289791130617,4.324133716897987
PCL,381.79386657976534,78.76695538981308,SLA,315.41582901934885,0.18465370998643163,0.32172960804128764,9.778666268050607,867.5505321385359,24.0,66.36637334095859,7.146585097708418
PLGA,132.44686955333836,93.91563226805599,SLS,356.12509503798884,0.10181414160942555,0.09274301927738766,1.2979973871959645,46.50486815091292,4.665072262791855,54.84480463956759,4.34633053758626
PLGA,348.78749622796613,71.03454851712284,SLA,367.54408201919586,0.24257246480200323,0.5153116492520626,16.088323145736677,1827.031459273218,5.376815533807492,77.04167549363886,6.533540929793279
PGA,54.76304224641774,56.17188973035719,FDM,303.4003237861848,0.29134655225340783,0.8774306219907855,48.41049721084367,5811.971135196408,2.3985123896355276,65.4566001917163,2.9513839803335347
PGA,242.8374425958612,45.450509381045336,salt leaching,320.4820890184776,0.4606900084698135,1.2417197722533841,78.29785107438434,13047.216722244939,3.050884309057015,65.71865990188932,3.208986996185008
PGA,191.7889467715049,37.23200330574082,freeze drying,352.1676881227467,0.1477450263268773,1.11058363047224,68.06723823808059,6776.822468127791,2.768869382823348,72.40139927554912,3.0573367469089594
PLGA,188.6095944487419,43.89646459919949,electrospinning,143.96579815886824,0.1925499175101507,0.9473168075242072,47.11563872872712,6812.491717680979,7.0389391903769365,71.83984997200304,4.473954385556429
PGA,428.77010009756253,64.94372589050857,freeze drying,151.56063852876537,0.31964517340694726,0.7178912087062425,35.38088277175864,3980.558924001463,2.458488600268054,78.77895343918041,4.539274438700973
PGA,290.6014241687842,58.71043250556437,FDM,314.2084322880212,0.03727709690975056,0.6566646970482637,24.30081438393952,977.1712026604185,2.6448776152637454,73.13279773180383,5.229047254072342
Gelatin,566.0938686509706,56.4345413396941,FDM,361.24311151976644,0.06927569046450055,0.6424581820378459,9.829858176774144,1374.477568565732,2.893138425135455,65.5365798669612,4.974956762862816
Chitosan,716.793600947627,51.21914271501906,freeze drying,131.97680417009676,0.12819654728580118,0.7923689078473127,21.48610217781354,3079.3606752995574,6.8817686277666406,57.14289049138032,4.337740829569905
PLGA,759.06668586464,56.11421308717372,FDM,205.5160872941132,0.05196513525192555,0.6293471530632481,19.67174292586,1359.8263689726557,6.356129005626086,54.408514197857144,4.5109036362605
PGA,778.9975669575216,85.15269517261156,salt leaching,129.53631797325568,0.17072691203209137,0.2682280828429461,8.038875545838248,421.82419831673485,2.6501201583233343,52.38526177557092,5.76101297944616
PLGA,641.9033730833631,52.38053492715455,SLA,104.63522024388419,0.05069283598030425,0.6817936117327061,19.89787098711585,1415.5155031586858,6.724870083932927,51.22779097949242,4.49419435504388
PLA,137.329773689166,35.296698308468876,SLA,296.2681147171497,0.26206737496787147,1.1261924675126134,73.26712753628861,12183.485586416953,23.031742434440265,56.514619323265386,3.490808683048326
PLA,714.8657639594059,35.780096870808464,FDM,63.845355707886604,0.4274800425408498,1.3206738830052236,78.37606586634722,15365.248280796386,18.939876989890948,55.24982309827936,2.895478929475641
Chitosan,683.9432678325994,83.57142090386479,SLS,163.58697692658333,0.094061542394935,0.25704281340583707,3.708119140403638,280.48409100107665,7.1484044062347065,51.816551936803506,6.216536483098653
Chitosan,433.51805799284597,40.31588564982978,SLS,111.0096568815935,0.09377772083239887,0.9335258046414198,24.003462208042652,3457.3493766196775,8.07072691591065,53.74895655885325,4.604144506739338
PGA,467.8238725724943,33.70570187683613,electrospinning,213.80663184145507,0.21010798391850324,1.2399519347324002,82.07105447856232,10198.107946752472,3.1810899189992314,54.68445650915401,2.59330933049263
Chitosan,490.16825426321634,66.13998416442374,freeze drying,273.6877937885376,0.0743464396610299,0.5180942251222884,12.358761750968249,1244.748329167409,7.625528011596545,74.46438501839557,7.435034994577597
PLA,254.2327208443083,45.048565813320344,SLS,68.69179152780572,0.2097975904684501,0.9015955429812118,43.77828645528891,6146.110670591733,21.508219468074945,58.561403727180256,4.77010516180896
PLA,520.5029627413772,77.83740774457615,freeze drying,395.7281726573064,0.1592580015559991,0.34223093386853154,10.905602697114743,865.9441905464462,18.060831071837214,74.03285201086578,7.020456396939997
Gelatin,290.0391635015681,47.65317302942622,electrospinning,266.33624151431655,0.09548940751182318,0.7966563789685384,12.667739368365654,2122.7381350351293,3.350642122791389,76.40818984490835,5.479569283786347
PCL,425.57268032844945,36.88605331874238,SLS,317.15132414727685,0.11011772832935032,0.8620014764109184,37.40111062282826,4444.815867352569,24.0,53.7136619635271,3.949389121382643
Gelatin,236.8369103840715,79.80542465563796,FDM,394.2708169224155,0.20412931627286207,0.346828254583265,5.35597334832014,643.1706251789931,2.6377980149141,84.49877478689848,7.704350994060679
Gelatin,426.46882345927355,35.13564117999574,SLS,326.1609960945031,0.339458399563589,1.272006369877684,54.94105546534413,12506.450057144182,3.0148630873409523,61.46136006763654,3.0749458872599984
Chitosan,203.80788777759062,48.92757803212092,freeze drying,329.37452203329855,0.37611485952632534,1.0511731017973729,49.03065741911279,9294.464001366823,8.90758582766181,82.13223455280769,4.9702711523213425
Gelatin,282.68091633497596,62.605270702287996,freeze drying,102.89841379883975,0.06360324769852058,0.5476405176616592,7.165488708094165,903.4322725294533,2.6803001987537973,83.67443624911868,6.600110797381986
Gelatin,713.0066109815746,71.81584665029314,SLS,53.445486884008304,0.23395427715874892,0.4991745282577587,11.73592084041218,1694.4015379826553,2.5922850732889358,61.436534676474075,5.337778482839519
Gelatin,309.7813317868603,75.86745875797853,SLS,133.48479135037726,0.1302228614883506,0.38235626112668003,6.0274732353708,734.6288178567751,2.4092590840649084,68.96349658821593,6.534115147660532
PGA,785.8758260846782,45.86588556316554,salt leaching,326.8678940897723,0.020394912801754584,0.8461377316889062,39.38587361873109,1465.6897159086254,2.7911918105119775,53.97011343946584,2.308569917259775
PGA,365.71703665207195,36.25641222717496,FDM,134.0359009032203,0.22762836155853575,1.2103364377265953,76.77039659766236,9767.207688042763,3.2138307873817498,58.85169579537169,3.1333087366261463
PLGA,446.5194874769751,52.82321632448604,electrospinning,326.7005886430434,0.2513682520586007,0.8468121975216051,34.81827946610271,5111.932031713579,7.501935941244353,70.69773005593024,5.463950566848469
PLGA,348.3468790533038,76.7240733414344,SLA,69.0762264832431,0.02853412051758627,0.32391867877023456,5.783279651899137,220.2975678398384,5.177083636584126,66.62641032500319,8.900592440356464
PCL,336.80453943153236,56.39865490086352,SLS,103.773168170532,0.18298703315084133,0.6592039410457058,25.900009047826572,3279.8814539504137,24.0,63.6537939819663,6.3221380058056775
PGA,213.97459083285327,91.31325369037421,SLS,214.0146585506074,0.08198248454571334,0.14444422746759378,2.8048126623348533,75.2227784523464,2.586207306182479,57.49625585455031,5.3316031029827515
Chitosan,227.6048364012704,75.30096764875844,SLS,133.92010737739247,0.22359825093737296,0.4424330105050879,12.810575782980228,1516.6531329522877,7.762447290805245,71.13868156638321,7.172544508051973
PLA,269.9880979976106,51.74005173445261,freeze drying,106.27451769024775,0.10691828872841673,0.6969768961718658,27.99897910657501,2751.3337209446145,16.438818277918614,76.20872125745178,6.252773612304598
PGA,227.60117856510402,48.527484149882724,electrospinning,351.6605134564829,0.06545814572979755,0.8421120786930543,36.2535018836575,2107.189686034152,2.387926462530414,60.664440036184864,3.755131997164111
Chitosan,719.3704417621962,34.972761141027405,salt leaching,274.81172743571204,0.02983434341366476,0.9443321310944336,21.55403748622553,2266.746534739828,9.401425857669171,52.732002338420294,4.173737565100284
PGA,725.1677608654544,31.557118120677654,FDM,205.60101313270806,0.40249652714632544,1.493454053435509,113.4843037934271,19929.848613536575,3.041098668021007,52.12678996308954,1.2734138059625217
PLA,169.6744493133299,60.63016453606558,electrospinning,154.16295513047774,0.2995896842370138,0.7134665743372599,32.15280795816575,4382.603254302117,21.157971080118507,76.14082894397694,5.213297138381942
Gelatin,216.5140032768613,46.41629555095678,SLA,111.73289634323723,0.1497974784362925,0.8678606786734434,21.067749417226757,3927.2961220663005,3.430889011767707,70.40313098147006,4.277250170730207
PGA,219.33643929535748,75.04032881899535,SLA,348.66125356986555,0.2644751925953839,0.48882263332133236,16.764667606658676,1444.9342934155436,2.7135403713953195,66.2545578024539,5.865170925192463
PLA,567.7965806820939,71.32686512654456,freeze drying,188.83471809825568,0.03717773800381432,0.3759075162858487,11.704522025871634,570.833868946852,18.847068785141673,65.99356096370623,6.87636638994583
PLGA,720.1472419020334,30.405837478768508,salt leaching,190.40475863420858,0.1944059542948747,1.1774460821515982,64.03204500550102,10351.642530650619,7.528205629187576,45.242205502473084,2.337581482155533
PLA,678.3008192187028,80.10838295719822,salt leaching,63.17483995220617,0.19621105192876057,0.32120249382730703,8.501573018105251,698.6319842121006,16.730692235377717,67.86691521723367,6.73820181484109
PLGA,688.7575544639268,68.78057776297418,SLA,175.3481608877303,0.10478811372560418,0.4775530390337083,11.655513617330232,959.0716987727792,5.566885353537807,54.16182241215528,5.113439411571273
Chitosan,99.21229134205358,91.44525797060466,SLS,76.05191224312804,0.13159065695197433,0.13946656057633383,1.4956387221568912,90.45848570007266,6.634745408985724,64.65679290570247,5.278032549901826
Gelatin,83.11115539569478,46.46166644281627,freeze drying,140.76205393729498,0.11026952037329561,0.8290331375548314,16.994661356353596,2979.3458317062154,2.8523561005407827,63.6786108131741,3.972901534498089
Chitosan,655.5625587441565,44.65863316930504,SLA,256.05761397946134,0.27174246653364276,1.0379546272982625,49.76535557471694,9216.81321490759,8.245649740117234,52.97540302911472,3.199879697355254
PLGA,458.4280222707417,90.83779422634824,salt leaching,392.3543609457629,0.06829831904594483,0.13409987224792538,1.6253371483252432,58.75322429566393,4.988631183391978,69.27138548245897,5.155272059714629
Gelatin,255.12955197934093,33.10814323965053,SLA,246.6016938424021,0.3400177019972315,1.3124395437883942,62.12912230482005,14364.093355781579,3.64059148532716,60.90663807931104,2.7206011504286236
PCL,537.7223476985371,64.04780350437477,salt leaching,299.32897881085995,0.4755800119929447,0.75447047798818,39.73305133264053,6261.607148423079,24.0,68.59971181866057,5.168824352454132
PCL,276.5572440588675,59.391103205375195,salt leaching,260.231586897188,0.2673379977180887,0.6826407065286949,28.972319558085925,4105.911686730196,24.0,78.31905847077368,5.374621878202102
PGA,694.9003495022912,84.79079204637844,electrospinning,251.17943839956402,0.0872104331098582,0.25418858781928033,6.9742503930248505,255.7653885466511,2.3754454812571426,53.97766445304847,5.866112632331673
Chitosan,51.58963591835792,88.96685949063136,FDM,54.904803969367386,0.23472820770342132,0.19978527983048283,3.243492196005847,259.59413368523764,7.009225161225663,65.23818671825994,6.868531304750889
Chitosan,596.7752485075237,50.079449538893414,freeze drying,281.07842448488896,0.5465984955151876,1.176401417558782,70.4413360782112,13989.955101072155,8.374218385735775,74.1985305198273,4.091312415373948
PLA,224.67139876324845,89.60623505165147,electrospinning,388.5467167019133,0.1218950837242377,0.15308140836757161,3.4890772790691362,168.69388314393075,14.731375343979709,73.11451740343719,7.896359390428007
PCL,703.2275682397686,85.8883348430863,salt leaching,145.21006914882003,0.23114047907042687,0.22697719579591405,4.610558330999051,365.27145335552785,24.0,62.334172668391325,6.459770599851258
Chitosan,675.8503336869493,37.88799544231736,salt leaching,64.49290767841403,0.20704349387191417,1.0946160764202473,45.79495269077609,8439.000843263679,7.944954200387869,58.87528930089487,3.3506712589731382
Chitosan,531.6340616046609,50.709660089023224,freeze drying,288.7463766120426,0.07103308875095629,0.7513365478192462,20.41283863421724,2444.2585926639767,8.295504968452152,72.5513038577459,5.218605427426036
Chitosan,580.0517544612101,42.77967213075022,freeze drying,212.0401345871835,0.8051146026402244,1.6072907170388986,102.70625829804187,22850.13877165402,9.447557939842492,62.828377744396725,3.9114379352940687
PGA,777.6745172005498,71.63912124086164,SLA,83.48754466019835,0.04972487873156123,0.45676735337851937,15.64989876969002,591.3675781061975,2.329365713156214,48.549864634614266,4.598394148471372
PLGA,602.6748150248308,35.899348131066276,freeze drying,235.9634796862439,0.22157978698220643,1.116030434080066,54.14729763749592,8843.148341581926,6.519398916245573,55.237247228268785,2.8427342790778614
PCL,415.5127838138518,67.05287579624107,freeze drying,250.2062614405663,0.15530784245383486,0.47983935497468344,17.460110792907265,1784.9110109222606,24.0,75.43228734566037,7.065052270191203
PLGA,607.0260722973646,30.2374401673758,freeze drying,198.71180560122238,0.3600452654086492,1.3894482983636478,72.98148810552995,14665.072818853052,7.639303176590082,61.82117025459014,2.8337402324849257
PCL,115.46613593182383,74.29062510674686,freeze drying,124.23803443260222,0.16536952252525772,0.37961586089067695,11.940900737597763,1110.0880959003412,24.0,69.85215002119801,6.850960593621143
PLGA,719.0908509831476,35.435983215901054,freeze drying,150.9563525736697,0.134876861671817,1.0227760993967867,44.58407628341086,5934.719163569442,7.432223561803152,51.62690381108705,2.9948910368303734
Chitosan,376.34654324118276,72.0726411468576,electrospinning,382.9677383130822,0.18615873817275377,0.4819641569244702,13.518337773800235,1626.1175465817387,6.966077104648403,80.48538509393848,7.507349231326984
Gelatin,190.56577088735122,75.22421954729447,freeze drying,269.44992797135967,0.287103090880057,0.4625106927563989,10.197138351437792,1412.1181317848616,2.4321849225699896,79.47243562395215,6.837794609516293
Gelatin,697.1586588752255,73.36154361846283,electrospinning,271.09702602277395,0.2180246384884803,0.464160277955316,10.918521273522545,1519.0871845002475,2.594539254165769,59.40448177058847,4.955043443180794
PCL,714.8398833758182,93.83371997817281,SLA,136.28624895809156,0.14691762742628095,0.08876790762852246,1.375658446900869,59.25231944777709,24.0,54.91675411736388,4.325144040853433
PLGA,483.4002601640999,53.73212296234945,SLA,203.55026555726792,0.10755213822266516,0.7100589371307677,27.572096546029584,2796.4642771174554,5.507470562062272,53.322314737870784,4.033201748964482
Gelatin,705.9946046191338,93.50956180327289,salt leaching,251.98568972454115,0.2614681721907624,0.11816768987209222,1.2936230104429083,90.7879185093056,2.457259735331003,61.924642177717054,3.8220959179437184
Chitosan,634.2952389249122,33.59534389102975,salt leaching,162.06185552025207,0.10417375234158212,1.0507235740224998,32.83270396901611,5155.243372916392,7.88406389579133,51.30631497154748,3.6521872665254236
PLA,751.8289221512739,75.4348297802914,FDM,252.25511693598276,0.4789092357656453,0.5293098104451234,21.247288025338303,2664.725996518844,17.72754360393676,66.75423045824269,5.476383933033458
PGA,97.32509188749323,88.87249414241643,SLS,73.51881648192315,0.1207656254629951,0.1920207269377231,4.581095486036534,171.65929381965964,2.512639963406002,59.92057827851831,6.223830464780595
Chitosan,109.39300440063883,62.11842527258729,electrospinning,317.8830821859551,0.2410824337928049,0.6901622352295795,23.404311569736993,3492.327586506996,8.127815957730355,65.94245342339129,5.044065243696229
Chitosan,431.4828787091051,75.73674312682398,freeze drying,157.8653562687216,0.013688617891234505,0.34549787913680535,4.560939541507487,243.74782788418838,7.017955638204759,72.96695683641424,8.810089479160608
Chitosan,201.36952293536814,79.29390102380475,FDM,303.30955334849034,0.15665491027010314,0.346650347017029,6.734024107269965,665.9643600535717,7.757215423752655,70.01104305662756,8.142736454949954
PLA,454.95807525118624,60.60768823526791,freeze drying,397.7155235592063,0.18598066552721387,0.6283952455330911,25.440576382719325,2877.110375786667,16.314845537922757,72.56777893456149,5.921128358806408
Gelatin,345.42238573284976,63.86514455368961,electrospinning,118.62848413184398,0.20595155167032297,0.6217770803990982,15.493382949702479,2491.749258907702,2.767172090491833,74.5493647346967,6.333395712295308
Chitosan,790.5530556883408,75.29224670879424,SLA,225.70034794824304,0.23055985986735508,0.4455993284648882,10.042516169206372,1197.7829997628864,6.864353027449509,56.09462216273853,5.605549103675477
PCL,108.96457502444485,56.204610117490645,freeze drying,92.69673066162305,0.20288003466339707,0.6796056790148148,27.75259431301618,3678.828966325671,24.0,74.15644574983719,4.58443049104345
PLA,332.4552675865363,38.81501024749728,electrospinning,314.455982748501,0.13056267767100865,0.9112737663524094,49.29509328365431,5961.709741820431,21.07658716776899,61.036541255508126,4.610957727920207
Gelatin,459.80142050424746,35.75555363966983,salt leaching,255.86424570485158,0.10659759579343733,0.9905694893161071,20.491156895483762,3905.1174349828516,3.5547689803963762,58.602120935185404,3.7680332534644827
PCL,184.93033991392667,51.456859040542696,SLS,368.97514512219936,0.5268693795974019,1.0686156499342072,55.89311689302347,10475.110188831502,24.0,62.1243560578181,3.833481151007967
PCL,360.42853707669366,80.5450076490305,SLA,372.0312549482811,0.28288579808268827,0.3331056602284277,10.647438290707761,1064.8579731597072,24.0,71.39497043040271,7.229807322133965
Gelatin,124.09824481985453,93.69677739889775,FDM,88.46192514436804,0.2806734082300041,0.11693815057998813,1.3734413377475587,95.71114600793643,2.9583016523598036,75.54018985526547,4.363630315438053
Gelatin,232.7297377896342,77.31754872618178,SLA,320.45165322173744,0.08412026403531145,0.3405580604187361,4.037782922937374,430.97045861153975,3.120747962284363,70.63984613664142,6.599034511550396
PLGA,648.200830827064,64.79432886369445,SLA,285.9644323680753,0.2379666721541459,0.6233937460892985,24.949652124957915,3101.7254435312834,5.371329371523694,62.7331542889493,4.3084289614951015
Chitosan,585.6643483097728,38.91235655330387,electrospinning,265.92341506812556,0.2428473322241405,1.1148390050043149,42.81825614792253,8127.073324655472,9.06230889948521,64.1791967855257,3.6926900309600876
PCL,390.17188158101663,76.67679936185294,salt leaching,150.75986451062684,0.005462289800287428,0.2696049788299478,5.07960290631089,52.67677211684293,24.0,74.91423096065157,7.619697358813037
PGA,311.6358613834981,65.63867219610133,freeze drying,376.9161403020434,0.1288516376256676,0.5974540318077503,25.66110597039983,1751.6256337978448,2.2607863204398178,71.57275150172852,5.759877483742665
Gelatin,215.3930129748434,77.09254571131322,electrospinning,301.85178593632173,0.2338103459945645,0.405658629532937,9.806254415925855,1276.3088848081452,2.4097760208130192,73.16598377691564,6.235125061475686
PLGA,601.1730695771608,72.29745790218264,SLS,321.54989404673637,0.19464718221383365,0.46881327795770733,15.242859804077774,1555.494322258078,6.792409711372933,56.2695784573798,5.844449216339337
PGA,243.6267709833931,34.67244806329117,freeze drying,165.62685343922803,0.13714129040412595,1.1446490419306385,65.35564734698914,6368.449762179548,2.421925733970586,70.60884670153241,3.294196903953635
PGA,763.6641768374756,65.91565197097495,FDM,117.37222976273527,0.3788195703102606,0.7306619776535858,39.80645845825819,4795.3868125852905,2.9074462373798857,59.029140876823405,2.8892068154117516
Chitosan,400.6752874827158,57.15626151988412,freeze drying,348.13211002952727,0.07379817443425334,0.655143658222617,14.0031961254533,1582.6885602007903,7.131184895568025,73.83653008996265,6.19265229052317
Gelatin,564.258616135533,42.96124563159207,electrospinning,394.3197504667061,0.36739650045499395,1.1472282813882781,50.790839598480694,10914.375154573794,2.8610180665983727,65.81016996077201,2.43430864572633
Gelatin,214.23714227060012,91.74964533666495,SLS,298.6861590224864,0.24067429700065607,0.14712145750989958,2.1731713458365203,170.3340709088458,2.8142921416242657,73.92414996566417,6.11632802882357
Gelatin,377.9220153637154,55.945363229392214,SLA,55.585781500851034,0.3023861050773433,0.8345247768291068,29.974970576534947,5563.738771997145,2.8733932572267267,80.21263129916578,4.440925722818105
PLA,766.824198521722,35.01980203649907,SLA,145.34049501822128,0.3080837931101736,1.1881239607812375,64.23000847126444,11361.069662078045,20.962863720930674,45.52104843996982,2.534356534167801
Gelatin,309.03314943115316,75.05953722636899,electrospinning,170.9322552608376,0.10431394440071058,0.38352573229175635,4.282458721611594,505.96933190627954,2.6903178263674805,74.82234389301463,7.9027914610746075
PLA,225.93150060071324,93.80291739876617,electrospinning,136.36048064195592,0.21060785587589503,0.10177227099053437,1.9635982855537006,92.72126666472514,16.825034706255988,70.08042770053078,6.691109950877978
PGA,356.724463703403,37.794669201270196,SLS,72.79306145851714,0.004403004179290627,0.9561785845905577,44.19680560691778,1340.988284064113,2.4522108458819263,52.264392627249535,3.357415222547138
PLGA,194.99328432595425,38.06821924701551,salt leaching,398.0942042307338,0.059450541828509534,0.8965278524812581,35.649094601136554,3127.8646873338084,5.635245272892598,65.87306007471504,3.4405283492784138
PCL,480.68273203607635,42.34439022359782,SLA,345.68701900105344,0.5197501511525582,1.2609852954561678,73.0769580602542,14881.447908750524,24.0,62.52426141791255,3.6372035380991314
Chitosan,603.6722208879002,85.24833834974987,salt leaching,293.34787228191055,0.11738362493404025,0.23682632467387119,3.6096241092573833,277.0882657536513,7.517457372925838,61.463617563248896,7.0071646597944435
Gelatin,395.3926361449337,73.83338855808064,FDM,323.8222091244791,0.16653122603950987,0.43168529639091274,7.727445912214912,1024.7814659857636,3.1856168397347013,73.68989886874351,6.636073711555008
Gelatin,59.50441708054736,46.72074801098047,FDM,58.886130768494645,0.13407239182287034,0.8478488833283865,18.430276157892255,3356.6239800575795,2.9399186008329776,57.81658564326917,3.4038906547211174
Chitosan,352.422928637536,42.29822526578779,salt leaching,195.07697932159704,0.057902366473945165,0.8662935591489751,24.3611451802182,2954.369247051831,8.518140821336765,67.59064958471875,5.135204917871149
Gelatin,728.5737064365003,89.04380077268219,SLA,225.14086533626033,0.5929593375071122,0.26484714100646384,5.613999240601222,545.6255146268602,2.4506394625195966,54.9595059486758,5.5509833453766575
PLA,137.56443830004733,80.50687855008059,freeze drying,186.36178948644988,0.04405001154276943,0.2581153454740857,6.32814993423616,271.05713306836674,18.98304997285656,65.25328277603316,8.27524164702301
Chitosan,693.1126557377046,66.70665037708099,SLS,363.5134599745633,0.3093205972446742,0.6463274735395146,23.678119879385708,3493.66283461077,7.052999936614293,55.83574021660867,5.1141808882250785
PLGA,286.55077380980185,90.55149383352624,electrospinning,95.68423914957276,0.5233734635837395,0.21611624553526676,4.815128209031818,393.3166063774243,5.886410682602677,75.23473864911291,8.255059575846557
PGA,528.4782161901037,77.21656006691512,SLA,202.57846723860803,0.04962318455534708,0.3669021378588019,13.383566341736726,452.85378977067717,2.4631249128512853,58.326692526121896,5.977711899554711
PGA,539.7331880289239,42.31701877315898,salt leaching,366.04842583841753,0.10058405968575099,0.9765418252811443,56.613239326289765,4367.334334280629,2.9931913114980637,53.883850079377865,2.3005024746608878
PGA,590.4535878678718,65.27388673754908,FDM,188.76337141676487,0.21138471739076067,0.6502267610521153,32.79854486344479,2959.383703431038,2.8228197321842563,57.297710502989375,3.3998378137038574
PLA,595.5963268238982,88.79505252205963,FDM,362.91203141404094,0.2630320717217302,0.19523402520578687,4.904743121746846,339.8802434063707,19.528019260835155,63.77969486134439,7.888152532954933
PLA,700.0300480596987,94.54196582742742,electrospinning,281.5273782481382,0.1281191708978216,0.08103584906670974,1.271057896846208,45.5294769484106,17.234252166360395,53.44618819661977,4.98155830623597
PGA,604.8880634332813,81.10418164591007,SLA,284.2717107473632,0.38061181508551917,0.40561596270225403,14.663788167642096,1318.224293694915,2.3758243125983163,55.43350973030309,4.454112571577468
PCL,566.5706467435804,89.40065585911537,SLA,162.15314059467397,0.4965282756488338,0.2268831155022333,5.86910528976139,507.2404493216522,24.0,66.30768969266583,6.905158469499635
Chitosan,452.73954044017916,38.13449044570843,freeze drying,137.89170408008803,0.1777406947610987,1.0585474601338425,36.36616395821985,6432.569240730243,9.620369606302836,74.10956050512107,4.785482933032288
PCL,54.81331029445467,48.041776036259044,salt leaching,87.79932500318642,0.09911206467248243,0.6981728858027544,23.839340147334948,2424.7549296492284,24.0,58.87972708320697,4.293381723672254
PLA,691.2874062282864,54.89337458785019,salt leaching,371.43098915191314,0.33725455016322425,0.8498792751692905,47.57467689596675,7236.8287997212165,22.974976644946118,67.53729566117971,3.7249611411760024
PCL,308.83263381264607,78.93037978353128,electrospinning,289.3954870405221,0.18056231453689592,0.3175249583021811,8.783900230970623,768.7892678148236,24.0,74.50047591211995,7.988005901941378
Gelatin,583.6712313935375,84.32770466036185,SLS,97.67811437639143,0.19729595241370318,0.26723343492488466,3.699865726748094,389.5618051752235,2.6259659830003894,63.97250761646962,6.6242349736705375
PGA,489.59660984887654,77.74886984491106,FDM,230.62787463243882,0.4236417880940268,0.4931517301423008,18.974130719721085,1945.073321942341,2.618721163471259,63.13913627658741,5.706806380304814
PLA,662.9129883734722,60.055706679026756,SLA,182.5972907906343,0.044109352908022904,0.5289618505575153,21.545280303770376,1321.7440881284344,16.237799733438088,51.41710932181002,4.912123901560531
Gelatin,671.2776068587276,82.73267592358124,electrospinning,51.64852865629192,0.19794425916302258,0.29463229312827477,4.88969269154359,540.6521341372268,2.9656621877230083,64.88230150948112,5.977778931399852
PLGA,434.8066026320253,60.90847990153974,salt leaching,72.30324512387651,0.4376102355123776,0.8334603419538823,41.792924454582575,6640.607126194067,5.875623188966646,75.62342078446439,5.564411590658554
PLA,646.9631519550184,38.072863699096615,FDM,163.74311157891205,0.5407434935533907,1.4074923842871552,94.72550339344697,19511.171543415858,20.490630486520967,49.82375069150436,2.727589794882936
PCL,587.72268854853,60.845675842119775,SLS,151.9647311667543,0.13411040523362713,0.5535996073109439,17.130690117650435,1777.6912309292093,24.0,56.469361223298925,5.915016791391677
PCL,260.99140135320476,40.97212904427926,salt leaching,187.18911503015974,0.12059767518447055,0.8185975338103971,27.61998280062848,3332.4096927563887,24.0,71.72368997057536,4.843535821715067
PCL,675.2931515574134,85.37018429944463,FDM,149.909948821128,0.22278989587253228,0.23286186085840843,6.017126505388506,478.55651009147476,24.0,61.401047596143094,7.091184842019038
Chitosan,71.75545650865394,60.923584187043325,freeze drying,152.41304577508396,0.12205011165494936,0.6305322373597089,17.653015105594108,2231.550877615533,7.1563039110730635,76.24263890893533,5.60075821396751
PCL,326.60454736986617,37.55983306821184,freeze drying,137.4233527438291,0.19661212333500525,0.961083612096088,38.682563452715335,6043.753390515522,24.0,80.7558224991452,5.3423493430261955
PGA,712.8934899075199,82.27456815077025,FDM,250.32032134816015,0.35267437279675273,0.3724702573648698,12.215472731623244,1025.546345333249,2.4371488691242416,55.156261290058445,4.462136791145674
Gelatin,106.09981497366739,48.6035238051997,SLA,216.18898056365254,0.21398442715760244,0.8918172479261506,29.860541817805885,5756.687665600006,2.733485848710068,63.827774314937685,3.0203877800505534
PCL,344.8603300814396,57.81594304867399,SLS,177.24758000176703,0.10704095176700561,0.5735416552822261,18.145160187896636,1735.8503966435462,24.0,71.37759407154806,7.219554613987348
PCL,621.9081131298522,69.47104305408136,FDM,275.54842332225513,0.22448038592833405,0.48696225537681503,18.89727997562493,2177.4774917566524,24.0,63.81078876459185,6.046944899202333
PLA,640.5872189513224,71.21499867965498,freeze drying,83.75646749713785,0.07456344897606097,0.3979285178372833,11.191955996905696,723.9838443290084,16.618718000822334,63.6189921988899,6.319402347197434
PCL,542.9468830461551,30.34040738096547,SLS,367.57774361335004,0.6315458024278484,1.6796664630015188,130.65360617633476,30431.550703574085,24.0,50.21383193097724,2.8335720216983775
PLGA,598.0920595377183,46.479279852971025,electrospinning,166.305208187849,0.22655892506582567,0.9366509525073899,46.38857865165032,6981.261469058458,7.089364594468919,54.62621062512436,3.4595915654275053
PLGA,444.0332031401057,76.7575003146007,salt leaching,82.21225631435898,0.44503897883139815,0.49867260747552405,15.809303775589031,1945.5381472892814,7.040950367527994,79.46422977894775,7.028184736357138
PCL,397.5684645431633,32.4353406138973,SLS,178.8857384797611,0.2693022473163078,1.1384314079382343,59.51487667205169,10907.058622822953,24.0,55.95229949659855,3.8587130962062224
PLA,323.67611451954707,32.48662054238492,SLS,190.29016168315215,0.021717965753202822,0.8651713425966474,33.62405624782607,2119.6957287145015,21.332172594491706,55.84005737368681,4.667635006860183
Chitosan,328.7752360517375,91.55326272417061,FDM,369.04125177617703,0.193182962794638,0.14681022218723264,2.2780820450672037,152.14451894875413,6.8858731813342455,78.65117963289819,7.244388644930756
PGA,643.2209259177729,66.355018756365,freeze drying,244.54235098445136,0.29060397656098486,0.6731615315472806,28.521433537208694,2996.220180319036,2.6568712031310957,69.85308173948408,4.225871997471907
Chitosan,379.5179686679948,93.7982286853705,salt leaching,115.37645667628063,0.07881227487873337,0.09537837325252643,0.9853788392448436,43.2806734967794,6.31040824883415,74.27020356448628,5.872615830389367
PLA,103.35762699261859,44.881539098703065,salt leaching,252.58024344966304,0.11845861937063681,0.8081777196779413,36.308871109157906,3991.4811882282006,21.99111107262279,65.9173968313958,3.7519977625165235
PLA,113.06070413983639,61.37559959705108,FDM,167.07816648176396,0.11323648804734089,0.5624800717787435,21.5028912973689,1939.407356385343,15.80144717278993,67.69998283253469,5.1352847411683005
PLGA,700.8387986525931,93.10210252067547,SLS,92.30473591085308,0.10526083110909379,0.1055738456535289,1.328754260003618,51.50438712949623,5.203867375405673,47.447651436534464,3.4186939667074214
PLA,748.2241303426464,58.07773958099147,SLS,190.52487277952991,0.07277411787411177,0.5781073696521946,22.442803336604022,1733.599879292778,18.339245157100933,46.697565667619166,4.946488599825127
PLA,243.8298871697148,49.12254492503583,electrospinning,358.12546284574506,0.18263715186584323,0.8083598105708663,38.18400816622385,4870.328000406047,20.272950644488144,68.13863041743046,5.376156814724262
PLGA,634.180167469886,53.69892282769477,electrospinning,341.6903069016372,0.22578741459457305,0.8096554632978727,35.607439632870886,4977.808648632236,7.114099901376651,58.85233318430143,3.9195265528411634
PGA,246.7965997228011,62.4345975005055,SLA,387.2171700632817,0.12211176188363419,0.6490629335005805,32.58176689899403,2257.033228272567,2.6241094479258575,64.0226151530908,4.618612752011365
PLA,757.5199564650375,52.934923168625495,SLS,254.56611734664253,0.1836311263166903,0.748680862321727,30.67452119435361,3771.662433355958,19.69103194597011,45.665089673355865,3.5628287079545173
Gelatin,178.67159516470645,43.00925546189437,SLS,71.60144709197046,0.23171601099915554,1.0070770750527775,32.56808957339319,6678.551586705662,3.129114233605449,67.21657340609367,3.146916568930967
PCL,669.2756704549197,66.15673029533535,freeze drying,162.16733621357878,0.17914755836683766,0.5090673677699681,15.734733408969998,1739.381584525501,24.0,73.44815316159884,5.52034546649501
PLGA,652.7526452627285,94.49854764254287,FDM,212.961123480477,0.17608571156756817,0.09125342305954973,1.2619105442631366,55.07668864419035,5.054872467571841,50.686134395083194,3.404933344693022
PLGA,618.4820238118032,87.48977233643987,SLS,259.49786269493256,0.12040096626435896,0.19490005802142923,3.6148553511625354,201.04704972277193,6.023825849520482,54.051343856900786,6.951301490801398
PLA,298.84065718766635,30.63244829487063,FDM,315.10680461815804,0.08381239865249936,0.9712023842774151,45.09871247149605,4767.3731011884565,21.186278035737022,64.16202920611461,4.683405084763169
PLA,584.9555856802489,35.36051706488808,electrospinning,304.7078040164317,0.32502608993041515,1.2028113897116814,80.71076654297674,14510.38053418904,22.415939025078234,60.39612049868113,3.3994290621454004
Gelatin,175.76230894789674,54.52255383070085,FDM,392.7500864926926,0.14659010533079966,0.7339433085199386,14.607748047505742,2499.025612447051,2.8844296284134963,73.26620064020611,5.0238538040162375
PLA,207.49349356506647,78.64008487241472,freeze drying,63.80504071640587,0.2574239861253516,0.3698853384450036,12.162502197909095,1154.1555145758002,19.588614074607605,83.80074844825641,7.852265607780542
Chitosan,319.76328110970593,94.51279496058834,salt leaching,392.67688353524636,0.17093980353720722,0.09323555120135774,1.0204564992411047,53.20189339187889,7.292545980042849,67.84867933155209,5.461255489028195
PLA,506.9854054429035,50.30554516624636,salt leaching,84.69543713406776,0.0906636622417436,0.702265932163744,30.659335894167334,2840.4106783701654,16.838210871363266,64.32512482571363,4.81865287483209
PLA,194.89763704506905,48.924646908868816,electrospinning,204.10708820456477,0.11616700115341591,0.7466598468176942,31.00492322958462,3252.577633439109,20.429911322690977,63.44668587293609,5.068871452849216
PLA,793.7120540145637,85.70254022800198,FDM,127.59464630415768,0.38330377260808646,0.2819616633167721,9.432495501294648,843.0489605611722,18.330546004705724,62.0666376354278,6.3260068543176615
PCL,744.7817737371821,58.062562890769804,salt leaching,78.9454621667135,0.20204232557425084,0.6500700582102494,27.012789259948256,3498.0423721156935,24.0,65.93638385546683,4.61484571000673
PGA,53.17040643518138,63.51901852606838,SLA,258.33851257271266,0.298730803848309,0.7347065018694561,31.009884097067467,3440.061886803616,2.6269155024470616,57.83217806060728,3.1307412072401
Chitosan,378.3339489258677,91.54254818464652,SLS,242.5890423591543,0.4000806142204803,0.17761841946291657,3.2994868784135125,257.24896499375046,7.439297198547949,77.31356755280021,8.224638282661813
PCL,214.90310516484882,51.31490215667961,electrospinning,298.34775243405426,0.1769552669731982,0.7301768142599632,30.231756340211884,3986.6929622735524,24.0,78.0618612460886,5.20400070230817
Chitosan,745.4603491183364,93.15655895986748,SLS,301.0174720394155,0.1940586170465345,0.11904867688338844,1.7715137815460429,106.61635257507982,7.617413132011521,54.6479751844053,5.194756294427076
PGA,306.8972057194372,49.646750861235944,FDM,305.885495418027,0.10220676162271079,0.853777080835895,48.242174639421094,3507.610037348536,2.3708641428751345,62.374625955913515,3.5492572683363766
PGA,417.2755641047552,44.54712259400812,freeze drying,55.28504272677851,0.03150454758805824,0.8767307129168114,39.328397571694595,1715.0653468594392,2.8903225274308753,64.46497529034959,4.078089743042067
PCL,402.92653431900635,63.89887653007716,SLA,319.62433778991624,0.5706119238270267,0.8263824806161849,38.216068934701056,6281.352621605289,24.0,70.86694643927335,5.497991692517983
Chitosan,602.6184325246047,60.33909760847692,salt leaching,63.11393601857149,0.10213514519620473,0.6261411439078105,17.807761725710378,2147.657633055786,7.812715081557937,61.75348703636712,5.17790312808334
Chitosan,287.9974965976787,30.62676871429239,freeze drying,62.738958449568145,0.39812132839052944,1.45455709039857,82.66952423970426,18444.559793241187,9.449820895423992,79.32345122336773,4.57358540142433
PLGA,628.8711698451405,44.5018859891892,FDM,326.94277882725527,0.020825229310584822,0.7645940009503648,23.133625836696098,1196.4371855393922,5.782445086294132,54.05089270155422,4.145719857458303
PLA,654.6715735007157,37.81225905820608,SLA,136.71170561806574,0.36287641712427815,1.2021474619586536,69.77046480051887,12773.816082226818,18.370825369393202,53.471866338480915,2.902156837123282
PCL,70.41804356950702,30.106826547752803,SLS,109.50240252415445,0.20253082432788977,1.0840950528134552,56.078559273336936,9384.244924091825,24.0,52.8527869458099,2.6091849189968856
Gelatin,352.6146804315296,36.843888996751176,electrospinning,244.3748359485762,0.12880367910477528,0.9990328087368838,23.569083762966084,4637.046314296775,3.0098357084517575,64.83432249758856,3.977979540438561
Chitosan,606.0572016405936,86.14651173319577,freeze drying,163.52431996663586,0.33945303792289666,0.2762444876001876,5.7952401837163805,561.5823822712169,7.503585435413169,79.83033539415769,7.852057115990751
PLGA,727.9184252733086,30.91796997911227,electrospinning,351.77407009745946,0.46123052131840586,1.502414809316743,87.71488931342968,18782.48823634524,7.452775117126962,56.354409242094505,2.596798170600485
Gelatin,331.14514915200283,60.23323024348822,FDM,217.32517577629744,0.30650534996429935,0.7562484899739574,25.913982788015232,4575.85542565666,2.61433510275654,81.11398325263126,5.568914042886739
PLA,105.65793229953792,57.97045229769429,freeze drying,239.22175159497766,0.3930157158127071,0.8366654015207554,38.289952945458865,5915.000187642313,19.74248675840462,70.75430330730809,4.330925369065519
Chitosan,685.5095491479703,91.96704202531235,freeze drying,83.44234356311894,0.7031780933447447,0.21131191291541523,4.391763944521034,360.9013552557534,6.8148651443625505,68.21347293708247,6.959094369848629
PCL,639.0852324305441,71.35223523892691,SLS,277.37917825490376,0.02136424705889965,0.34028826689130504,7.881909432521394,214.3143866705564,24.0,55.18479993220142,7.216567629979512
PLGA,271.49776290529593,78.46479341029111,salt leaching,359.68049444148716,0.2568603712737334,0.38869266329971314,12.833646662102735,1282.9264197134469,6.099991533302614,77.82261031767865,7.351787282365442
PLGA,96.10678433549623,41.731983050548536,electrospinning,54.74826762305482,0.29916891578568006,1.096310255271707,54.66122500599362,9471.209518126889,7.78889294991528,60.92454944890173,3.763601882199286
PLGA,246.58382664719824,48.404905819208906,SLA,339.9450933207504,0.414192200926136,1.0781764316673703,64.50743263429226,11602.557520461554,6.605775570158313,64.7101565680318,3.9452633132677275
PCL,629.4902679473754,56.24619556021108,FDM,101.85700816886305,0.28562864686686407,0.7515527269817399,35.20085675851042,5296.621960626539,24.0,60.10193714931705,4.3065841539500616
Chitosan,543.0182097783487,64.86225039528914,electrospinning,275.4894886223644,0.3045739253139845,0.6792142351325693,22.92752582350556,3464.631002199504,7.800908690423316,77.99935535383649,5.719642137074363
Gelatin,242.3611808993769,59.53363158398689,SLA,236.72169657986524,0.42904538525351116,0.8588103288996365,30.200368704029238,5530.866369742825,2.9671883141650857,70.897826156501,4.279376905616135
Chitosan,132.7090050221962,46.91475734442373,salt leaching,320.3833551652118,0.5340412580972562,1.2393133182262546,75.92182631993984,15499.775333674801,8.754357787159874,68.40366442630435,3.817969044896439
Chitosan,127.66792361618278,89.1970586338106,salt leaching,204.86808328004085,0.2056631869504395,0.19012210774831342,2.752019934493106,211.14968998268293,7.691311729002027,68.0163957479001,7.816222672156766
PCL,141.62176173599238,70.45655905455264,FDM,76.05126906803814,0.018257088550962502,0.3490869120350676,7.801692701062972,192.92991942504622,24.0,69.29396080992606,8.301169816460023
PGA,693.7292445141936,39.53209113534693,FDM,315.4447412709814,0.4189238609649745,1.3355284931353426,81.60654544705453,13720.567683645644,3.1124420888839146,48.65013900733555,1.6529190009308083
PLA,202.8339956363851,45.75625415827335,SLA,136.826306757096,0.144565529307081,0.8224003667752829,37.40101930352389,4454.463890106556,18.41416512345239,59.457464267751504,4.898783057021945
PCL,265.2876760831889,37.44544985123521,electrospinning,124.864145020501,0.13220253588679517,0.882060495929891,40.07889955542132,5219.189125781721,24.0,61.785434992452586,4.071300814726293
PCL,472.30001866684734,93.7505505401339,SLA,54.72289393348939,0.34203775318993196,0.11441402673659581,1.9015638096876715,114.47014298286808,24.0,61.17006969909131,6.284897614283519
PLGA,144.72436671735764,57.5305718735075,SLA,63.770041404601976,0.13728323093409264,0.6746194964902186,25.565889762566577,2782.245987344408,6.879478983356833,65.28904941911702,4.651192486038306
Gelatin,434.02378795059576,51.90177283592578,SLS,384.3318762854081,0.2374016600440818,0.8548608482457163,27.201138866750032,5139.424407113278,2.939380967610311,63.339712504623506,4.47199232051379
Gelatin,562.3603214790991,54.69982478565046,electrospinning,256.72709071216525,0.3839299476056518,0.9246100555320158,35.01902329846469,6729.85232959486,2.7867789210643257,66.9517711403835,3.2775680632016435
Gelatin,605.0860562284079,53.45637516061841,salt leaching,51.2062278064931,0.39852720432546196,0.9622191476870652,37.2482257219475,7276.647536903098,2.694279175653749,70.95231680033741,2.9307783572251185
PGA,271.2014267232814,67.24068903084489,electrospinning,397.27928080631415,0.26919985163592053,0.644082044600056,30.485878914060148,3038.0948316873914,2.86840726044197,77.3526909602371,4.982992347812946
Chitosan,463.13537162081684,69.36355274746249,FDM,168.29165362437996,0.3408965890199168,0.6116778179769014,19.325443927819663,2787.128205965859,7.983663772830236,72.54587094123893,6.095881075369748
Chitosan,700.6606375707494,93.40475230851881,FDM,83.96017388006084,0.1362653481094896,0.10806078282532648,1.0557430847447518,56.63909872987233,7.437960802904863,56.4876704522802,4.338587867252042
PLA,353.1799089622321,56.188928364102615,SLS,271.1390482578469,0.4418991379336911,0.9130347167331435,45.25703109982286,7402.446217240285,18.826775366347253,66.68316456909743,5.913238850869063
PGA,671.6737956246101,80.74515309541653,SLS,272.9327527975818,0.2070046517941204,0.3591698122772121,10.26297303730517,681.7489794114507,2.1575996424720416,49.39872566427492,4.927889859699446
PCL,424.3224889554202,48.55429182123197,FDM,351.04637544442176,0.46331507769215646,1.0669565828964611,61.620506299299684,11544.547646777759,24.0,68.36620012169134,4.892051894868601
PLA,532.6874942980079,87.41282921027644,SLS,100.6874762438468,0.17604417946764914,0.19840457252434657,4.505046787264993,281.40376938453403,19.143155602323912,62.51748122600503,7.382297013757799
Chitosan,118.47103180958328,35.588565730706904,SLA,228.99155924339004,0.22939946092845903,1.160339175002686,45.87575247217553,8824.091590776696,7.453890825539342,59.87960771640152,3.3187575001773313
PLA,148.39848438165183,90.99312364389513,electrospinning,356.27670906020035,0.09055866992059848,0.12726419600600988,2.3795502352351163,93.80429038941581,15.539134338540407,70.01340594692552,6.736813214796223
PCL,418.6934069772317,61.72795817288296,salt leaching,337.42680549318055,0.013676248943686194,0.44870940925128716,10.015709796441321,231.2247932787866,24.0,66.7450554415265,8.956609754287555
PLA,585.1176771771769,32.276016024660635,electrospinning,113.56924551630769,0.3535128464427646,1.2970561997327261,94.03909298827809,17810.720626020637,23.9433350609106,55.045445282827146,3.129961180726894
Chitosan,777.2937429233118,30.816590279360298,electrospinning,356.1605067405568,0.13381766686741065,1.1305820793970482,41.7150057631804,7210.157495984955,9.067145228356168,44.80852632942001,2.9967591270803005
Chitosan,495.5064797160835,34.92336377361979,FDM,69.44542950779662,0.24743652990332818,1.1928638054679657,51.05730770206391,10044.842081751807,9.119806401697357,57.8622086382102,3.760344349788087
PCL,736.2260235206713,33.303401665127296,electrospinning,333.6736423079422,0.20879944289480057,1.0428966130690516,54.54448020833938,9027.591537046637,24.0,50.584880510869546,2.684504449353512
Gelatin,612.6830822633069,81.09320259206258,SLS,317.61783327410546,0.171874936363888,0.31373464783117005,4.708651135890341,533.476733454792,2.87540361923605,62.676311287579274,6.461696973660787
PGA,615.920530186223,83.23367463304731,SLA,233.02412777924812,0.11821457828252381,0.28863356825252673,7.483740851576742,340.17199135313217,2.393007272079869,56.51617582509483,6.1182541694123485
PCL,789.1800249549283,46.498879297144065,salt leaching,146.08786827639267,0.17711272686285703,0.802576206074629,34.31601840094221,4745.694974052864,24.0,55.77149529112395,3.716110808648552
Gelatin,678.620314672649,80.8936068483911,SLA,286.5034723137519,0.29082445506442184,0.3579552223248589,9.019177641988026,1098.2456833502602,2.8457901488799244,61.668180378445506,5.68520485005721
Chitosan,182.44851227705124,41.28219995065493,freeze drying,328.3426677728931,0.08435135598934679,0.9087254066511188,25.57312813181651,3532.4185942615923,9.484713555729416,70.52980439334053,4.677655579576417
PGA,768.8502034295467,47.16242997050601,freeze drying,200.64102877380208,0.06328411333729715,0.8625840375287228,39.92622725810281,2311.8621138284702,2.96227028755132,53.66414699696761,2.424838848157314
PLGA,646.1113945981646,94.48833003826998,electrospinning,294.4287904534524,0.12340391009422669,0.08616730288929986,1.0775811427571287,40.23758262997335,6.199901566303568,54.41585701792727,4.308217888053924
Chitosan,594.9958693835794,62.262602990389325,SLS,386.6495992308811,0.23729294681044072,0.6850328756084548,23.86280492767115,3541.0471686931037,7.638573950512057,55.519858622764716,4.819001887406417
PLA,628.2941841181135,83.12971253678623,SLS,320.9284341484736,0.5247472966768041,0.37827694538705714,13.954479873189673,1488.0389374687534,19.08398530803019,55.50913881816129,5.721369384332348
PCL,661.5067797784724,55.18499393210272,SLS,378.16677229129624,0.209167866165064,0.701077696264923,24.80319150449833,3367.4191296516337,24.0,54.43833086536357,4.691250593411371
PLGA,367.99895048126143,58.68931217414593,FDM,184.58721446256155,0.16441724391087917,0.6765018456650969,20.682438611548246,2403.0002057103543,6.547454582238215,65.43766879924314,6.39083456771118
PLA,186.6952241676962,79.20062601026116,electrospinning,326.58070361565893,0.20133886541418353,0.33789773455677014,11.055151166215685,938.9191571380163,18.679301351950556,73.19594111797383,7.042223489601596
PLA,495.04266392943225,74.85034711988908,electrospinning,209.84626773508825,0.08781434798823042,0.3540380527765031,11.469564548439083,745.27887506181,18.94950094928748,65.5590909162028,7.70462981897298
PLA,774.6966323236102,87.3555368468088,FDM,358.79570751578,0.01502821270273396,0.16042079542153143,3.4353768433516114,85.55972201333279,14.975382024821892,55.73711269119745,6.201626304696685
Chitosan,254.13746532279382,71.50970427893284,freeze drying,172.566045528317,0.13731306847418032,0.4673257138208797,9.465482529344921,1057.7867174044072,7.572045315424359,88.3513853282565,8.85919918378735
Gelatin,279.85356264036955,93.90803518506226,SLS,60.90179882723651,0.3182703832641308,0.1171415805783326,1.4784976412602773,102.54555383998985,2.6055362304883833,64.89569750609058,5.842842271803118
Gelatin,80.76616054655199,68.37464535419004,salt leaching,284.00777290885156,0.15137598128494953,0.5131140313923269,9.855215097534684,1413.9735053361776,3.2139690669243866,74.23002219263276,5.301485978818532
Chitosan,566.3352836185015,92.2284091244112,electrospinning,382.6276244517889,0.6150454907079194,0.19245020592225293,3.9978706342719645,318.1003908416959,7.121125585981813,69.45717305618443,6.811701550238149
PLA,302.5972675606798,89.43712744520249,salt leaching,272.23529358169304,0.060869115390427074,0.1432600164097829,2.8291613626221266,101.62793077454076,15.381848250494212,70.14898440725597,7.250073399061587
PCL,625.0675904391461,83.91331109943523,SLS,278.0821712965657,0.16322078632322867,0.23683751224579774,4.606264213939548,336.7133059871766,24.0,58.09581862073599,7.710879015947729
PLA,511.10832772168123,88.69216219179815,electrospinning,354.0372125846717,0.2610680055504352,0.1966025788978966,4.86763828015659,337.8910770570399,19.369322279244997,64.51749468802211,8.428495114952614
Chitosan,555.6973712008177,38.63881015200193,electrospinning,215.9790672130449,0.4961012572103002,1.3917805178534288,83.47555327603598,18132.257997029174,8.678167120864147,66.44774329144539,4.039075566328414
Chitosan,782.1535069511114,68.1490392892438,freeze drying,387.2757967610505,0.0607576385419799,0.47977926021696793,10.387299109609575,950.5541803953074,6.766148137542187,64.7705101541393,5.959684076704753
PLGA,653.0435791807241,65.88898930658799,freeze drying,195.2738552258767,0.2327097828444796,0.6007647259200812,20.221158816800212,2454.048733364609,5.316898888557756,71.56249320954846,4.97794039272821
Chitosan,633.8354093977437,81.87119575960557,salt leaching,286.3563673075709,0.2349827006197549,0.32835247850528,7.208428482490114,739.7189741469416,7.546129534948251,73.93955365031886,7.148741921267792
Gelatin,153.90067467935734,33.67125875329581,FDM,186.5517418937145,0.20471440524114573,1.1398500854953388,35.46214449762193,7720.681719998821,3.5885619771989283,56.030300503450086,2.748566994376933
PLGA,84.84178282247424,32.22001730091751,FDM,110.16521162305548,0.06611243439303133,0.9893596720020109,35.65619417511897,3449.6126095573327,6.117758863241063,48.38066591418459,2.78347929086132
PLGA,688.960761954179,68.46327883391284,SLA,72.00852157657664,0.6223220716331409,0.7778226210651573,35.93124516616983,5571.526380348244,7.515618929577365,55.995547647891144,4.178971422175498
PLA,679.1699562125166,88.20465338596416,SLS,154.05497157957694,0.016103195879991972,0.14989020505471043,2.8383845282229645,69.34357993238052,16.271031567514882,47.51314536172738,5.513690161583981
Gelatin,370.95197169352247,38.03674917143073,SLS,62.97762870426533,0.18867521343327112,1.0469406185374783,29.406994491433963,6117.389284936708,3.441585737872485,66.95943634936458,3.808911720090343
Chitosan,418.30017466935163,88.2862863834751,freeze drying,53.843653848813915,0.4681229212638156,0.25995250277911763,6.479062970438941,609.6287561912361,7.677758453855568,84.84516411878408,8.232392827482256
Chitosan,426.27741312975087,44.154425540370674,SLA,350.322521498278,0.09038032430268661,0.8701665122191051,25.56083525163624,3519.922724831954,7.242125596283441,55.54742488779569,5.201285160717678
PCL,289.54899679603693,56.489920040801174,freeze drying,327.5551081991996,0.16298511577615632,0.6403748986954023,20.306718241030676,2439.6352919420187,24.0,76.95296487993619,6.396464159993713
Gelatin,347.1903171183243,32.043400034599266,freeze drying,117.36494127840209,0.03455154037133382,0.9596781932625662,10.70093377095749,1434.0126133417973,3.1976887887145033,62.670234822856735,4.668187001706717
Gelatin,470.9391303806459,46.74669780066429,electrospinning,164.01822143797432,0.23138771338936592,0.9407184565651014,32.93247144791022,6526.946111693471,3.539950564012784,65.97162980065214,3.8963530629029375
Gelatin,247.79603423360933,74.31603777616581,freeze drying,211.89263189246049,0.14588116076615834,0.41417600202292926,5.940191150701017,763.0321900774434,2.9600446438938732,78.09576100474534,7.229149820017011
PLA,245.16101766661896,52.61540013049177,freeze drying,328.29548571239565,0.06670007487619659,0.647935664844051,25.94047796724624,2051.725047794119,15.801961129190577,74.74682885794593,6.181838533028793
PGA,124.57274045493739,48.53895183120607,salt leaching,54.055411036727065,0.08577746258071471,0.858864046747889,49.63387545048686,3318.696691292277,2.621884142665696,55.92838407567897,2.8362237183842622
Gelatin,505.49096621120555,91.82885948446655,SLS,231.0444201459173,0.08091910438188059,0.12221202166101992,0.8739336704920999,55.39198575856748,2.406540028107557,55.36418430639848,4.5096232467040265
PLA,724.0208784873371,45.37374234754674,FDM,201.62400001285087,0.16222253111108456,0.8466223417172083,46.26795736638413,5813.880631913548,18.65057804844896,53.7509303166981,3.092228000294571
PLA,750.4738212283058,80.49404806266367,freeze drying,73.69233261918426,0.18596630290640603,0.3111580945622894,10.184102612255904,810.4311432248563,18.353081392587285,69.2545443478688,6.308194610745463
PLGA,219.01667118715488,93.64154053890732,electrospinning,367.0826277804909,0.28015266981695447,0.1174455998091005,1.8874221664360258,105.67660055365903,5.422573153392406,65.63935558935158,5.4551282176288245
Gelatin,445.4333367020857,70.19750040917222,FDM,157.69558887744853,0.5075817952049643,0.6746234568665115,22.908772906346524,3640.234367923599,2.829304985767694,83.71818867641718,5.271878593136018
PCL,97.890693393224,57.576509511385815,SLA,261.4393247591418,0.07890656520264919,0.5528661790578266,17.564447707779717,1412.1857675528486,24.0,60.32089325339799,5.049265781397687
PLA,429.1071476059466,90.00943098588246,freeze drying,302.20512638062274,0.6515815121324938,0.248217754021958,7.081828559830029,614.3155569330149,20.50715916965761,79.60568642772871,8.601922684558657
PLGA,105.24281603304851,39.621346800890315,SLS,327.3380086019108,0.4784533298377071,1.3319534077716355,78.37188558982764,15835.032010678748,7.780937413282714,59.03782376726723,3.114394695609545
PLGA,593.2427509266915,72.96525124564081,salt leaching,214.03330248054056,0.31130400364559513,0.5145956953070175,19.442193716054014,2324.6471278010977,6.736421145918945,71.92958291051701,5.1814793039195
Chitosan,693.9497149333383,63.015672991972004,SLA,301.790108804423,0.2667185535207593,0.6904076866564915,25.906573647501865,3906.613379940912,8.52956711311421,61.185541489512815,4.811345598359879
PCL,361.26604298962565,79.65907177337664,SLA,194.42482769810135,0.5412790109117351,0.45365648430108,14.833921650055537,1810.0952351628987,24.0,75.9211036104887,6.72295535430021
Gelatin,298.6583173095491,86.43623746454479,electrospinning,105.23065539146502,0.04882334839515744,0.19503090369736426,1.2002773103265518,83.01266601397639,2.597721121574861,67.76484335314444,5.283214117970631
PLA,656.2035531242377,90.41411242938965,salt leaching,230.36626053190642,0.2928986748582461,0.17249195682091173,4.009450675853147,267.46979014750025,19.3720476727479,67.43201807230871,7.372164869727183
PLGA,352.7423704364009,82.41679101733399,SLS,129.00311152968948,0.715823851366794,0.4634302951255259,17.127446645665316,2038.6983398693696,6.505804841389111,75.32633245516658,7.222405309100869
PLGA,93.10721335343382,61.64837871843167,SLS,97.54498677780953,0.03732686637784875,0.5398227049304279,14.147730357897078,780.4001463997524,5.213291645780509,56.84591675769066,5.505979730026608
PLGA,74.24589400136215,73.03741819525045,SLA,354.6546636765416,0.2529857346072113,0.4847613852061909,16.796765326456356,1868.623411943845,5.96117712726206,69.68651901791176,5.5277508241649675
Chitosan,481.6619196530131,78.22942150791017,salt leaching,139.95216150831848,0.22379820668754463,0.3900518863281598,8.44024471925501,938.3393643223541,8.521466452550056,72.6209194231709,7.565072535631498
PLGA,180.4465380752719,58.008180572047685,salt leaching,169.72566320184916,0.5484876378569917,0.9795694689716847,55.72706816958093,9700.767778197975,7.906051166681036,76.27601684039922,4.5862670871693565
Chitosan,525.8476101455689,34.085315716063285,electrospinning,56.9672862736488,0.276127894006009,1.2413210316945165,56.00802479160738,11359.376352087498,8.996830703512895,67.13412093590584,4.26699848290234
PGA,546.0589642855181,67.32352098399952,FDM,81.8013730759251,0.165030076926727,0.5873102788452306,23.782762544826245,1816.8569595151357,2.41568576103816,59.35627643197047,4.86255178495991
PLGA,228.9683318801355,79.52091076002093,FDM,130.15635337875133,0.33829108024580956,0.39981466312383535,10.946924542916328,1169.505327168533,5.494140190851951,74.1584641994067,6.696462226258325
Chitosan,67.76608535230368,37.614115283071534,freeze drying,53.5962419388885,0.1691463096814548,1.058068374118418,41.98499308094532,7359.766492197896,9.406713239553563,61.12946953316013,3.644917860274242
Gelatin,741.6225144560944,88.49252771371084,FDM,102.20161598346841,0.08690914035927484,0.17335275729887584,1.3622827664551802,104.47595984824561,2.5043664578450358,58.64926344123928,3.9152831050220294
PGA,761.0445115720454,59.50222769869828,SLS,208.98072989866927,0.2581518192331928,0.7889800084403733,33.249272371448335,3604.4430436517023,3.0180294914573635,53.11875078507418,3.1596469502575615
PCL,421.02409715242146,53.166947160791445,electrospinning,331.34895804249817,0.2686922907731392,0.7885412440468297,36.02087213171748,5491.747376973064,24.0,69.04017874532697,5.022429394673629
Gelatin,119.17031457630085,68.83506284502135,SLA,325.78540057918343,0.410474592024513,0.6509901191470818,19.185770359529545,3073.7114338598226,3.139594335849616,64.7394498964269,4.800512118346319
Chitosan,565.9400673584489,37.799750995719066,FDM,371.6615350283917,0.1657672156846228,1.051241822675706,34.24549282584885,5961.538981471738,7.294956837080506,50.915771272266156,3.6621481018554563
PCL,195.34689817203775,85.28043802052031,freeze drying,258.41102755665133,0.21812261448148373,0.23291290499191883,5.897874904048798,466.6279907968263,24.0,86.41098494883475,8.182514423886298
PCL,116.53430931369766,58.60745303084764,SLA,51.86855341106387,0.3719690792607256,0.782649451863452,38.3167871493934,6081.9069245612545,24.0,63.614787912287156,4.39995424304898
Gelatin,340.6431487767451,69.57415472431302,SLA,85.71787992784814,0.04832206571132225,0.4372132257269911,3.868755642107468,399.1658380560885,3.040968273025837,76.690136836013,7.402569813914242
PLGA,207.4789533626548,88.59383389028439,freeze drying,331.92092818864677,0.020629949336240603,0.1571017120544408,1.956800557100695,45.71471918385302,5.110439986148437,74.97646470541022,5.587918980740293
PLGA,686.5148477626627,87.53857550539288,SLS,212.98805909508485,0.1390492212077974,0.19834588804491493,3.9363238394810245,233.38341853884842,5.94607429840316,52.90694302598966,6.637699357873123
PCL,427.3341760390647,41.436952144654086,FDM,288.0482657981759,0.28378735570437824,1.0037669204255053,53.1003566984504,9223.699725390892,24.0,64.48686432082214,4.248938468945355
Gelatin,513.0763667534612,53.25642885408569,SLA,162.63913932326258,0.13054871713103564,0.7408798489198464,15.062485907023152,2556.2423623527648,2.812799252012906,65.29204052447432,5.024943197817834
PLA,153.582941196469,67.74566586830727,FDM,375.47075534253577,0.15551889040756667,0.49576236590340883,17.826280088939292,1690.1245506237074,18.372189269930395,67.21635658048,5.608777202396481
PLA,583.9719893457554,80.054219776714,SLA,144.31390158847694,0.17692514429734554,0.31472985661159136,8.52222288177019,671.5279057445946,20.14268358360254,58.403225448482004,7.11641132247137
PGA,293.9740133241536,64.46255991583266,electrospinning,234.14142019658777,0.47723146873066846,0.8184681058537445,35.88469592373225,4901.331237922751,3.009073740440617,72.86803538321483,4.73203804131364
Gelatin,74.31055554493885,51.94059607204088,salt leaching,281.7855392176652,0.22289502155449306,0.8416215867669818,25.71299512209888,4818.722709280858,2.7608571295131448,62.203445007042575,2.9700665876213077
PGA,72.47472731200409,46.19856369168531,freeze drying,151.29193762089858,0.5228584167650107,1.2788766232043682,91.56482484933368,15997.496148627704,3.498997838470314,66.38693654894529,2.1359109615084253
Gelatin,376.16477445603647,71.67550111848107,FDM,345.19957787946345,0.36443765061313355,0.5681859837896573,17.728398236586592,2682.826546077616,3.027450796166309,86.0987468544892,6.510404868828349
PCL,774.7650434359977,70.52813554143398,FDM,226.21490278346823,0.06855837254742772,0.37796473646809514,10.500763711859747,645.0202811516926,24.0,52.74723426423558,5.99820229538871
PCL,623.9284739125096,87.20729511236694,freeze drying,340.2559123981745,0.3134252668126055,0.22686808766375802,6.1919914143446215,519.2221766163657,24.0,70.68022402643432,7.546900804409005
PGA,581.8917656479457,42.71502338684088,salt leaching,236.61734690772076,0.10257525094855392,0.9716516799784994,50.52813700375755,3926.2588737366286,2.669029470927409,52.11537355047851,2.1845610625793843
PLGA,333.9388723303583,39.47802643172568,SLS,342.11876430410484,0.4511636198930917,1.3052206052891495,85.90005301118309,17119.097667851845,6.345515538456023,64.60680693407322,3.6904744201535373
Chitosan,315.26798703117345,72.17219990073917,electrospinning,114.61776967823738,0.48126820175575813,0.623960319359976,26.07654409195668,3797.510694963046,8.642544201842592,91.45082411494212,6.420538608754743
PCL,611.7539295991575,53.16104607508928,electrospinning,321.9317693550338,0.14972723275147473,0.6769180149110494,21.945462383973044,2628.9345911344144,24.0,65.28543457513743,4.353078934017131
Chitosan,668.9442177168111,57.81692589156164,salt leaching,118.0817757370265,0.1369247629751626,0.6916414174357157,22.299223641576937,3029.768537400583,6.9899967053232155,68.37388969095231,4.497837637200564
PLGA,140.07532651042902,50.556819242263224,SLS,265.79656413196085,0.08956550000612513,0.7426927201905973,26.97684424145164,2589.357391817108,5.556994039920953,53.81755897243906,4.231747927409571
PLA,700.0314997259835,80.89527398504687,salt leaching,253.2406970239095,0.045017119836105485,0.253325361628035,7.022230894596063,300.2773399573219,17.255897753957115,64.12463784552207,7.753636683586378
PCL,182.59707079026927,48.31755909916365,freeze drying,353.54127936838074,0.2325459918429596,0.8327357651415863,33.19662004264327,5044.741611011974,24.0,81.36030710394995,4.483906206678333
PLGA,683.562171897636,36.82721937986308,FDM,365.70110646646464,0.404250188185049,1.308745973324758,73.68344844947387,14566.853720812567,7.438371640950365,57.43124386152458,2.6848624462993174
Gelatin,443.06768556187575,46.80955577705615,salt leaching,397.46930330959157,0.45314793416340143,1.1519275155132336,51.36740677611527,10826.063132839836,3.598999426189361,73.73433458749054,3.970316161402199
PCL,320.1695645951382,67.4715236317051,freeze drying,346.34312674795507,0.2843273239611991,0.5578881839155412,17.991873428320748,2330.6732649486107,24.0,93.95114406263251,7.834515947709823
Gelatin,589.3543314414361,36.57628274753291,salt leaching,101.4513830228268,0.13050654884702126,1.0052099710743434,26.72877689092752,5283.501243962142,2.766649859771608,51.40749690253287,2.768035584868906
PLGA,403.1967833065438,60.91720298457889,SLS,183.37493967567053,0.12486534851236071,0.612039055976691,21.25794732111762,2125.2893415469784,6.342341249092712,68.16131710689766,6.4902416744485025
PCL,195.6404839015507,37.80582300860336,freeze drying,106.02933954573662,0.17083584714611308,0.9251544745747964,43.782379683164855,6424.405106031485,24.0,67.31359782299549,4.157470718690816
Chitosan,770.1620639817469,73.5634527449512,freeze drying,160.89791001554408,0.15614237828925873,0.44234930540847767,9.644301996949093,1076.7275888896854,7.930914996411909,66.18360772071719,6.413341307268499
PLA,175.03889222405718,47.99798706911054,FDM,220.72481391792172,0.1184236629466524,0.7624478954138441,33.8214256528521,3610.9184394419613,16.352070076828202,60.319832254060444,4.598847766526185
PGA,55.530332384975054,48.56411022736172,SLA,173.26697858648916,0.16332105873216324,0.9230582499082356,42.22462552268569,4023.743145463507,2.3093603298758607,48.94708640661163,2.2010893047661533
Chitosan,196.00898259368512,63.748640340306096,electrospinning,226.12030240221057,0.45380163203995616,0.7954102433373539,35.840920222934926,5904.471022786353,9.173197181301306,84.9736130594528,5.818932971520593
PCL,78.98653580919294,72.70972232272311,salt leaching,127.91838553964962,0.40460883388030855,0.5338635223216404,22.749323762958046,2999.9906360318596,24.0,71.97203429487882,4.985267380551146
PLGA,683.4333894622209,64.73741512881702,electrospinning,282.9468845996509,0.18473733649200808,0.5904277569992076,22.57967113005037,2545.054203297411,6.736077776796102,66.05217437659252,5.110704917040832
PLA,213.303161764358,51.97971938124902,SLA,56.30111423751519,0.3151102973637239,0.8844666613630562,45.35634368912247,6952.180924561342,22.786975277563624,70.91597201294373,4.951874915024142
PLGA,616.5342495768421,91.13159064711053,FDM,85.16879901915948,0.16253693970583355,0.1449268238333371,2.6262089463290237,140.68055589343277,5.777598022356082,58.45325441502075,6.311956042591308
PCL,235.9686193743983,60.17003517090762,FDM,133.69642581622333,0.014745014456937499,0.4678283301079545,10.422997537675027,258.29082598668936,24.0,73.54197528157863,7.657197872100218
Chitosan,375.74285409446696,62.51030676379256,FDM,325.40805446728007,0.1719544610994052,0.6376698052581502,18.545958693344517,2531.3387541367974,8.776242666918801,68.70610321938112,6.555177802104234
PCL,608.1282106320352,60.21015063230376,SLA,55.25456424593301,0.07140793961339023,0.5125620640356526,16.666420521364365,1220.318723885895,24.0,51.44914885818786,5.129383439902126
PLA,552.8184937837357,57.148663349880415,SLA,248.97845023427502,0.22313434283008599,0.7139832269592534,35.094887506206014,4460.452036339894,16.697993197827216,60.59515705024301,4.822389446572629
PLA,58.668987053924745,86.85888436151748,freeze drying,282.3596553978105,0.3392550234516337,0.24810125325476087,7.810446087011772,642.5771414985497,20.117515125123553,70.46488244630328,7.00567336083861
PLA,617.1318311858232,57.81652606465162,salt leaching,241.26476786362687,0.4905161166053487,0.9182860467543995,42.777806367071406,7078.743914414673,23.57718785047495,70.41078679777259,4.584938186851312
PLA,247.60465613568923,93.71700566954105,electrospinning,382.59627090625276,0.2752967293802678,0.1109461664845921,1.8493611191681454,97.62359222572599,15.178795578596032,75.49555301212345,6.796574997179457
Chitosan,436.57981319770903,53.341130828506365,SLS,369.60675999098254,0.0724283993934918,0.7123641446039393,18.646069850871946,2185.9956348638357,8.440914304689079,60.30082320150514,6.086673441730138
PGA,366.84569850888494,37.001889312074454,SLS,366.90605791455494,0.07267258760896787,1.038038512159578,57.79505427099771,3919.5047524133242,2.8702813387264303,54.3886504932995,3.1264100103576578
PGA,621.217094912524,78.96707852317614,FDM,312.52457978007214,0.4688347056577594,0.4815513081006987,20.25514862184255,2111.995021859644,2.9990584997621665,58.65406743781204,4.142414477628114
PLGA,267.25878976002724,91.19004955510633,freeze drying,117.94698397617228,0.2885618046394633,0.16406743106642127,3.0062287113825814,200.12243825273015,5.269777607662953,86.75967438107124,7.1867365077678125
Chitosan,267.9257939377613,41.60780604628934,electrospinning,330.8442638979242,0.2082193819667484,1.0302624797446216,42.526133363281026,7608.952931558845,7.284175659594362,75.4144395638863,4.460537015422464
Chitosan,155.03539297261352,84.73754531766568,SLS,154.75528790353928,0.26690694820144206,0.2849633315758622,6.211150134936898,601.7723865296107,7.142513233207301,62.52737316796212,7.871305100194771
PLGA,121.8266695341844,38.590782208119435,salt leaching,53.70365171362708,0.17779131661469486,1.0204997832824951,40.048596335021514,5863.398537880648,6.334258250325968,60.136611911640735,3.1020494704738195
Chitosan,397.55571860425135,70.5787109330013,electrospinning,371.796302389647,0.5932310663982574,0.7173364439784549,30.708247357033073,4732.59520017383,8.871340510249688,81.32460294939987,6.874975685907344
PLA,738.1663000446684,72.0512395542456,FDM,56.969315459252165,0.31276762372049793,0.5135266566868988,18.465256817533028,2153.571914050238,17.47233640451614,62.348631452500015,5.688269893684817
PGA,357.4993335099652,53.60927370245628,SLS,304.9689835071733,0.18474705624862578,0.848621024307871,49.24861040506511,4771.469810897571,2.5682746955075273,69.51526930261835,4.260598272866531
PLGA,299.75243123034716,44.58743687889567,SLA,251.883581707429,0.06367268526530229,0.8063899729363012,28.617068929836417,2457.08579855147,5.863551109763198,66.44858186002428,4.518025003179877
Chitosan,185.58144081735875,39.36606951822696,salt leaching,152.5114750081579,0.11928741705928635,0.9754501634279755,27.015873295150268,4224.946383686004,9.253688556750284,70.93766587168315,5.209552574998938
PLGA,780.1505255863783,59.793816179610104,freeze drying,395.2863626815312,0.12181288643392447,0.6274099897893737,19.13154041060258,1917.8919125283644,6.581012448723697,67.98799164181725,4.533908111332177
PLGA,490.3772702992797,91.91656601199719,SLS,208.64413464285624,0.34060997223715567,0.1581527133340824,3.365130570003405,226.34369307097364,6.029787648623601,57.36654712980334,6.907583026600166
PLGA,293.44937369271145,59.669279465736025,SLA,56.076133897942945,0.17433464475303698,0.6676935124083835,20.669291559961565,2432.36601439,5.797909254167336,74.22409988581181,6.056749353408112
PCL,99.51261204969532,49.04590902413644,salt leaching,359.43338153209976,0.5656737496220474,1.161333345276676,72.12570266667035,14058.903528813851,24.0,75.13782179124006,4.164619719654179
Gelatin,407.1678882939222,83.87998461668984,freeze drying,166.17433595319298,0.07251037556280994,0.23865983832608487,2.1797445959197144,187.9915427180891,2.9715403476745226,71.62605363819225,6.162476871628918
PCL,449.55017644746636,61.56022987351698,salt leaching,348.6089705172186,0.06697945980792896,0.49175760246439715,13.034585243571426,901.0254086794068,24.0,63.93516859697837,6.507417761843273
PLGA,756.2748246961099,41.05981944966492,FDM,198.59773763357344,0.2961696829015261,1.105757351340391,48.83834566338857,8482.609755653091,6.389258675904839,51.02162451537077,2.5949778551433944
Chitosan,76.85822585364994,36.1495177347176,FDM,285.8364257995083,0.004272370940944909,0.8986806282513751,19.320968110471785,1440.672531176549,7.265301214857436,53.18251502341858,3.8835438928193207
PGA,53.36608611361861,37.42425570498221,FDM,69.37759353519155,0.4511386916147204,1.4147403861245327,85.26298091806885,15077.128983421206,3.5131538638384403,60.34083645304327,1.986613945229777
PLA,139.45071648671018,59.91993888031576,FDM,190.93108898352992,0.06533547544302978,0.5470089700007535,19.15948051650256,1381.4477610048061,19.42615806815589,64.36724774625267,5.396068997592538
PLA,259.1738089275369,40.27820750850735,freeze drying,247.02184835781918,0.37427946853410976,1.1674856652886556,79.17666749780736,14351.326895232596,24.0,80.78852904412416,4.365151854001844
PLGA,323.1399868517212,94.73748341799353,freeze drying,73.74863319661185,0.10672052775117903,0.08068301789833894,1.037341361168305,35.35191378168842,5.571036133904729,80.51015364033422,5.675477928924239
Chitosan,449.0731754997663,86.39808389466388,SLS,252.90516430334566,0.08062049132271396,0.20961720576320003,2.9656056315399923,194.3189528203802,6.129901740913472,59.079540530045826,7.045456705292827
PLA,736.3537452180095,89.57936615396935,salt leaching,397.26262399716813,0.053894937308526215,0.13994279038065652,2.80672808221799,95.21650549406017,14.564416056697999,53.87987995026403,5.955693861390905
PGA,179.60617586420116,73.52706065204845,electrospinning,335.9752529537597,0.29260631985401914,0.5305235916284875,19.328244271299113,1807.4069706174662,2.9636916815954453,77.55006659420468,4.837887116065599
PGA,515.1837162579702,77.23764841649563,SLA,139.80669187573932,0.20077203447469755,0.422298686144563,15.474281536935495,1099.177316736139,2.6910193943128333,61.89593686321265,6.100065915772047
Gelatin,562.4828302918074,82.09959223007647,FDM,322.01656990812177,0.14640633757480404,0.288828701462389,4.41574192172498,473.8347289604815,2.5775802339528546,62.51357476531235,5.789945730973534
PLA,787.1749942223712,75.9155231582374,SLA,81.20298579437097,0.2004282278873909,0.3908472049859533,13.700472128546817,1249.775872353147,15.641908591877526,57.174884614032194,6.524995043058379
PLGA,701.6850857428791,61.39160008748536,electrospinning,165.6303346114252,0.07727793125995375,0.5713553074960759,17.743020464286403,1399.6466639731457,6.614122317999669,61.181491911309806,5.2654803724463175
PGA,65.54561674209523,90.47748921087363,FDM,101.88869711669317,0.34574291416739467,0.19903033328648617,4.61440572196728,281.2273369912832,2.2934935665979452,58.08176960065575,5.5454113971370536
PLA,579.9566616680881,78.02455296005762,FDM,179.5431184390147,0.13487468071096353,0.3291066330924503,10.082790578901779,741.3666847937103,19.83333619066991,60.9069436473807,7.40974240096504
PLA,690.5593486949131,41.095487354323446,SLS,74.03767551774665,0.3057710287602127,1.07443166132488,68.41716221470665,11491.058305013341,22.628496889539708,52.90710521490596,3.1064202718555673
Gelatin,224.3711900023724,94.37069970660572,salt leaching,235.6220701847036,0.016185380778774152,0.0776355765986225,0.3,5.393568000777928,2.2980844379500227,67.9045402352428,3.5202431163479413
Gelatin,258.3601129877546,32.27422423024621,freeze drying,141.5509077989556,0.21836616749972526,1.1805002986158402,37.976665348007614,8426.471892024954,3.3037673296598875,66.66100049298673,3.5497310664535964
Chitosan,201.11128747081355,75.56788273256674,SLS,362.97676368118937,0.31530566262207954,0.47686237791876235,15.813041425266372,2006.3056787778423,7.977991125461872,76.31539844391021,7.014704368393998
PGA,752.7335789080988,53.12514274450556,SLS,330.90219680774925,0.3027831874924344,0.9471105988368228,47.91594224645288,6066.564972133454,2.9665134442324224,56.7665518936987,2.537268976206229
Chitosan,78.11506431656375,67.50668411235011,SLS,369.9321531277875,0.27255726878253483,0.6098914874875534,22.035888982417454,3129.211707806429,8.052746088740548,65.30027289732172,5.819327602836143
PGA,666.9609775183678,61.51952356539833,SLS,252.92788202407394,0.06380827016189775,0.6285283261574268,30.582074288083266,1517.414079428113,2.435133593226587,53.41793755058679,3.4565716579479306
PLGA,559.7030206457589,86.4520174183506,SLA,257.4793974166896,0.34492395213695237,0.2661246954834685,7.5476295770966395,659.7671307646249,5.526825835814195,66.94198344707846,6.946017008326904
Chitosan,385.60580619723316,59.9621675469892,SLA,343.6878421426214,0.32212147309212685,0.7862279518027943,25.952580029606985,4232.83637336947,6.962294664792133,81.83901902414527,6.2406994953601025
PLGA,443.092887416431,51.62131565979517,electrospinning,218.3379276890513,0.32940067697878433,0.9367154520101603,46.24103587413847,7530.316852360348,7.652548499082763,71.81196871310749,4.757904121284936
PLA,330.66750613645917,65.92222922233269,SLS,106.9409788931197,0.21702059157554246,0.5638198969416061,20.251289398423022,2269.8417646571875,17.212585131722538,70.50329196978232,6.692457418100089
PLA,95.11892471800729,65.7741358023892,FDM,381.96232667639157,0.49332498638462,0.7468941692457786,35.6009903065119,5315.0805583624515,17.864519807924353,75.30189432298603,4.685628999983397
PCL,432.84768621380977,64.4582076970818,FDM,263.2042201059455,0.24434698742128205,0.5810783458976713,22.776107906852836,2923.8838333642466,24.0,77.29089268715391,5.8092801474257785
PLA,605.8818992126008,38.24351352342345,FDM,282.3186227291898,0.4297575731241313,1.2727005013889225,74.5947891585939,14364.057478266195,24.0,60.83899967631019,2.8899392114744127
PCL,552.8945388301319,89.96624228851626,FDM,190.4073783284389,0.20039908824904665,0.15520218153320725,2.532254281685493,159.8578898029824,24.0,57.43987913470119,7.16635527914799
Chitosan,736.1163696898193,35.10762283828444,FDM,165.66449467169954,0.039464755806023294,0.9533101120853086,22.203393313030645,2531.3207064496123,8.040715733841713,51.16135526850677,3.6557925565219356
PLGA,626.9312496757915,58.492409033774074,electrospinning,180.41278219406826,0.44566870709648426,0.8910270015984253,39.14034705498647,6439.238638056276,7.306203551269556,69.14192160216288,4.127429185042699
Gelatin,335.9529937004428,56.66005972363657,salt leaching,276.05223437341857,0.23066539701886585,0.7650356352820898,19.013053733722735,3398.144589830941,3.236855367479065,81.12243332650878,5.969427145051428
Chitosan,549.68278666724,89.7704443142174,electrospinning,299.0883111800668,0.2521722887029374,0.1883569628206704,3.3845347239856967,265.1239651995304,7.137725547525805,70.21348182914822,6.619696613769986
Gelatin,324.03922157519577,59.42337256807166,electrospinning,95.67022180079982,0.21404318401729233,0.7041171799108729,18.031507531356873,3088.829562676606,2.6795898057408634,72.58661669112149,5.148519921129214
PCL,151.2103633347641,91.82563049231267,freeze drying,126.47585996800898,0.22651560934503168,0.130721557778427,2.536009723109411,151.73649096833427,24.0,82.55656672297505,7.735818635786356
PLGA,81.56524373701069,48.581784182976236,SLS,336.812741546778,0.22223147776138505,0.895828196084284,40.9513211611874,5996.687716581524,6.862874454782803,51.62074930910221,3.2112795785439574
PLGA,352.22984763784507,65.45398448860239,FDM,133.58995921825837,0.3936630891981794,0.7090673983139887,28.204118688315972,4092.746066042786,7.236929213454001,81.659078500398,6.800937555052599
PLGA,278.58807298128113,71.37173948492241,FDM,385.8290870959186,0.36150058176629035,0.5709379951459898,22.91145340943777,2952.782231993963,7.042768192888385,80.81062705137484,6.559820625745709
Chitosan,331.72497684624705,32.6097442721087,FDM,317.250463495329,0.15458822732321417,1.125774033197552,43.57034384556308,7744.887371655862,9.4220451744682,71.44621820260424,4.651444737082734
PCL,550.4539245148543,91.54597411362904,FDM,161.3373822455567,0.19075190684727103,0.12913165864409445,2.5006145908779853,141.94373162506352,24.0,58.69681325521036,6.8362466683329615
PLGA,199.92938400770532,65.77691567913276,SLS,76.14843208002654,0.13944266621489462,0.544965391940381,15.239768132712662,1499.286117642685,6.056818926709491,59.51095378269179,5.62136685743878
PLA,80.43127309137533,93.11479006406682,SLS,207.55819922944517,0.1090728627625142,0.09972050377164436,1.4108370542298432,52.83395295140594,16.614533289766296,50.93640439763717,5.167601964175213
PCL,427.5997228609939,80.07548998762475,FDM,118.5328212633555,0.15922362078283797,0.29174331480290727,8.074411821636334,649.403816213928,24.0,68.90007955394758,8.640845663100118
Gelatin,606.5043688018179,33.98410491439422,freeze drying,68.34371044923427,0.18289476419232428,1.1085458918189655,37.205013329088644,7952.04202467088,3.1385010282229557,63.760468992098204,2.3370914960183473
Chitosan,513.4746580952259,53.29242662372507,SLA,310.9156080111119,0.21856680207764922,0.8325587138168912,30.11276319787587,4875.946747074206,8.67097881591037,67.07507789447445,5.70096597321977
PGA,167.34073846484176,38.00242632886632,salt leaching,83.97770029691173,0.2918927705755463,1.241728502643171,67.90081205779164,9704.753849021054,2.9283705310489503,68.24260741150242,2.70255010202545
PLA,452.3083670100956,62.34632915721342,electrospinning,374.033025053117,0.10979660925173892,0.545869605292957,19.625214950753588,1723.7663780034434,16.496871183944524,69.75567169227925,5.979152772621873
PLA,695.7639627015807,47.67748657174972,SLA,167.65956298466395,0.13062001564116674,0.7793355861878227,36.31151123676052,4061.7925107614174,17.16092071426798,54.459117182268,4.010386491586347
PLA,686.8867949209093,56.28285228260011,salt leaching,95.82014472325247,0.1907082006298288,0.7013335065327653,29.485866837200877,3549.9420242864935,21.104769540690192,62.351949551022436,3.9579430963335316
PLGA,614.5501635509789,45.288234873164946,FDM,388.6797216698084,0.10530621755250179,0.8374206043440043,31.051306908742067,3390.3992747032885,7.277369971539048,51.326299763645444,3.5253830714304795
PLGA,81.5331213978425,87.52214187473022,SLA,88.70632269645802,0.3450152324280875,0.24512472417404832,6.17445922813171,518.0203276358181,5.868840260481716,60.82640433909329,6.0154935973952055
Chitosan,323.03220974984515,50.83643565503478,salt leaching,382.48179383503134,0.43652251366051786,1.0638574478760727,59.60181008404214,11365.144469968132,8.09085632537356,81.70551298604155,5.219254657834142
PCL,498.2189963422044,91.6385734738529,salt leaching,148.85944767921464,0.27519959489838736,0.14187461063938892,2.3951064325318163,155.57236157741363,24.0,65.84090271656238,7.6400331582679435
Chitosan,119.69635611218408,84.35003115044105,FDM,190.71273201661648,0.19007884760967625,0.2711573046647265,5.3772445620464495,486.8122004159891,7.096254485918666,69.69709544478917,7.651724962540984
Chitosan,585.7264394136977,78.68023976685737,SLA,214.82789261421019,0.01248420861867755,0.30313444911688464,3.7988574754417557,187.09529901612885,7.4516791865641885,59.46512435134258,8.185315655079782
Chitosan,306.3990203524081,73.32059129052499,SLA,96.33336189630471,0.22870529716048862,0.48029185862956597,14.994351572950654,1854.8635391868916,7.359755789498118,72.61706871135583,7.706639930491795
PLGA,74.85723483370455,84.76301617951941,FDM,196.62681702239257,0.3520514921830794,0.30126765551013013,8.828622459941567,823.532038655538,6.565369009790825,70.17755064502471,6.594841672124749
Chitosan,673.5803739166528,41.26391746270611,SLS,303.7982230508958,0.29695906480644385,1.12754386798382,46.82495708094191,9101.611869308133,9.393742444746644,49.31533888865951,3.2664508510250645
Chitosan,204.21621497696856,87.51096168133316,SLS,123.43103578889381,0.18646533388244452,0.21560005871065083,3.579501476420594,288.0617575517624,6.585027570310149,66.01560824844015,7.799468811686766
PGA,244.23321498642062,68.44916783536438,SLS,336.2635832228614,0.1165827868802503,0.5423159319816621,21.34458541899677,1320.725477992218,2.492373284301732,61.1436900616643,5.394571426346425
PLA,623.6123968856353,50.80315085009597,salt leaching,352.351111189449,0.5314147266004899,1.1093899951443043,61.45475238440187,11229.440575999142,20.99113175587443,60.38908517093674,3.513727947541131
