Reference,DOI,Alginate (%w/v),PVA-HA (%w/v),CaSO4 (%w/v),Na2HPO4 (%w/v),Gelatin (%w/v),GelMA (%w/v),laponite (%w/v),graphene oxide (%w/v),hydroxyapatite (%w/v),Hyaluronic_Acid (%w/v),MeHA (%w/v),NorHA (%w/v),Fibroin/Fibrinogen (%w/v),Pluronic P-123 (%w/v),Collagen (%w/v),Chitosan (%w/v),CS-AEMA (%w/v),RGD (mM),TCP (%w/v),Gellan (%w/v),bioactive glass (%w/v),Nano/Methycellulose (%w/v),PEGTA (%w/v),PEGMA (%w/v),PEGDA (%w/v),Agarose (%w/v), hyaluronic acid+ Ph moieties (%w/v),matrigel (%w/v),CaCl2(mM),NaCl(mM),BaCl2(mM),SrCl2(mM),CaCO3 (mM),Genipin (%w/v),PVA (%wt),trans-glutaminase (%w/v),alginate lyase (U/ml),D-glucose (%w/v),PLGA (%w/v),vascular tissued-derived dECM (%w/v),PEG-8-SH (mM),Lutrol F127 (%w/v),Alginate dialdehyde (%w/v),Alginate sulfate (%w/v),RGD-modified alginate (%w/v),hyaluronan metacrylate (%w/v),poly(N-isopropylacrylamide) grafted hyaluronan (%w/v),chondroitin sulfate methacrylate (%w/v),PCL (%w/v),alginate metacrylate (%w/v),HRP (U/ml),pluronic F127 (%w/v),Irgacure 2959 (%w/v),Eosin Y (%w/v),Ruthenium (mM),sodium persulfate (SPS) (mM),HEPES (mM),LAP (%w/v),glutaraldehyde (%w/v),PBS  (M),Cell_Density_(cells/mL),Physical_Crosslinking_Durantion_(s),Photocrosslinking_Duration_(s),Extrusion_Pressure (kPa),Extrusion_Rate_Lengthwise_(mm/s),Extrusion_Rate_Volume-wise_(mL/s),Nozzle_Movement_Speed_(mm/s),Nozzle_Diameter_(µm),chamber Temperature  (°C),Syringe_Temperature_(°C),Substrate_Temperature_(°C),Printability,Cell Response,Scaffold Quality (P*C),total_solids_pct,n_components,ceramic_pct,ceramic_fraction,is_bone_relevant,has_cells
Fedorovich et. al. 2008,10.1089/ten.a.2007.0158,2.0,0.0,0.0,0.0,0.0,0.0,0.0,0.0,0,0.0,0.0,0,0.0,0,0.0,0,0,0,0.0,0,0,0.0,0,0,0,0.0,0.0,0,100.0,0.0,0,0,0.0,0,0,0.0,0.0,0.0,0,0,0.0,0,0.0,0,0,0,0,0,0,0,0,0,0.0,0.0,0.0,0,10,0.0,0.0,0.0,250000.0,0.0,0,200.0,16.67,,15.0,210.0,,22.0,22.0,3,3,9,2.0,3,0.0,0.0,0,1
Fedorovich et. al. 2008,10.1089/ten.a.2007.0158,2.0,0.0,0.0,0.0,0.0,0.0,0.0,0.0,0,0.0,0.0,0,0.0,0,0.0,0,0,0,0.0,0,0,0.0,0,0,0,0.0,0.0,0,100.0,0.0,0,0,0.0,0,0,0.0,0.0,0.0,0,0,0.0,0,0.0,0,0,0,0,0,0,0,0,0,0.0,0.0,0.0,0,10,0.0,0.0,0.0,250000.0,0.0,0,200.0,16.67,,15.0,210.0,,22.0,22.0,3,5,15,2.0,3,0.0,0.0,0,1
Fedorovich et. al. 2008,10.1089/ten.a.2007.0158,0.0,0.0,0.0,0.0,0.0,0.0,0.0,0.0,0,0.0,0.0,0,0.0,0,0.0,0,0,0,0.0,0,0,0.0,0,0,0,0.0,0.0,0,100.0,0.0,0,0,0.0,0,0,0.0,0.0,0.0,0,0,0.0,25,0.0,0,0,0,0,0,0,0,0,0,0.0,0.0,0.0,0,10,0.0,0.0,0.0,250000.0,0.0,0,200.0,16.67,,15.0,210.0,,4.0,22.0,3,3,9,25.0,3,0.0,0.0,0,1
Fedorovich et. al. 2008,10.1089/ten.a.2007.0158,0.0,0.0,0.0,0.0,0.0,0.0,0.0,0.0,0,0.0,0.0,0,0.0,0,0.0,0,0,0,0.0,0,0,0.0,0,0,0,0.0,0.0,0,100.0,0.0,0,0,0.0,0,0,0.0,0.0,0.0,0,0,0.0,25,0.0,0,0,0,0,0,0,0,0,0,0.0,0.0,0.0,0,10,0.0,0.0,0.0,250000.0,0.0,0,200.0,16.67,,15.0,210.0,,4.0,22.0,3,4,12,25.0,3,0.0,0.0,0,1
Fedorovich et. al. 2008,10.1089/ten.a.2007.0158,0.0,0.0,0.0,0.0,0.0,0.0,0.0,0.0,0,0.0,0.0,0,0.0,0,0.0,0,0,0,0.0,0,0,0.0,0,0,0,0.0,0.0,0,100.0,0.0,0,0,0.0,0,0,0.0,0.0,0.0,0,0,0.0,25,0.0,0,0,0,0,0,0,0,0,0,0.0,0.0,0.0,0,10,0.0,0.0,0.0,250000.0,0.0,0,20.0,16.67,,15.0,610.0,,4.0,22.0,3,3,9,25.0,3,0.0,0.0,0,1
Fedorovich et. al. 2008,10.1089/ten.a.2007.0158,0.0,0.0,0.0,0.0,0.0,0.0,0.0,0.0,0,0.0,0.0,0,0.0,0,0.0,0,0,0,0.0,0,0,0.0,0,0,0,0.0,0.0,0,100.0,0.0,0,0,0.0,0,0,0.0,0.0,0.0,0,0,0.0,25,0.0,0,0,0,0,0,0,0,0,0,0.0,0.0,0.0,0,10,0.0,0.0,0.0,250000.0,0.0,0,199.9,16.67,,15.0,420.0,,4.0,22.0,3,3,9,25.0,3,0.0,0.0,0,1
Fedorovich et. al. 2008,10.1089/ten.a.2007.0158,0.0,0.0,0.0,0.0,0.0,0.0,0.0,0.0,0,0.0,0.0,0,0.0,0,0.0,0,0,0,0.0,0,0,0.0,0,0,0,0.0,0.0,0,100.0,0.0,0,0,0.0,0,0,0.0,0.0,0.0,0,0,0.0,25,0.0,0,0,0,0,0,0,0,0,0,0.0,0.0,0.0,0,10,0.0,0.0,0.0,250000.0,0.0,0,200.0,16.67,,15.0,210.0,,4.0,22.0,3,3,9,25.0,3,0.0,0.0,0,1
Fedorovich et. al. 2008,10.1089/ten.a.2007.0158,0.0,0.0,0.0,0.0,0.0,0.0,0.0,0.0,0,0.0,0.0,0,0.0,0,0.0,0,0,0,0.0,0,0,0.0,0,0,0,0.0,0.0,0,100.0,0.0,0,0,0.0,0,0,0.0,0.0,0.0,0,0,0.0,25,0.0,0,0,0,0,0,0,0,0,0,0.0,0.0,0.0,0,10,0.0,0.0,0.0,250000.0,0.0,0,250.0,16.67,,15.0,180.0,,4.0,22.0,3,3,9,25.0,3,0.0,0.0,0,1
Fedorovich et. al. 2008,10.1089/ten.a.2007.0158,0.0,0.0,0.0,0.0,0.0,0.0,0.0,0.0,0,0.0,0.0,0,0.0,0,0.0,0,0,0,0.0,0,0,0.0,0,0,0,0.0,0.0,0,100.0,0.0,0,0,0.0,0,0,0.0,0.0,0.0,0,0,0.0,25,0.0,0,0,0,0,0,0,0,0,0,0.0,0.0,0.0,0,10,0.0,0.0,0.0,250000.0,0.0,0,350.0,16.67,,15.0,150.0,,4.0,22.0,3,3,9,25.0,3,0.0,0.0,0,1
Fedorovich et. al. 2008,10.1089/ten.a.2007.0158,0.0,0.0,0.0,0.0,0.0,0.0,0.0,0.0,0,0.0,0.0,0,0.0,0,0.0,0,0,0,0.0,0,0,4.0,0,0,0,0.0,0.0,0,0.0,0.0,0,0,0.0,0,0,0.0,0.0,0.0,0,0,0.0,0,0.0,0,0,0,0,0,0,0,0,0,0.0,0.0,0.0,0,10,0.0,0.0,0.0,0.0,0.0,0,200.0,16.67,,15.0,210.0,,4.0,22.0,3,3,9,4.0,2,0.0,0.0,0,0
Fedorovich et. al. 2008,10.1089/ten.a.2007.0158,0.0,0.0,0.0,0.0,0.0,0.0,0.0,0.0,0,0.0,0.0,0,0.0,0,0.0,0,0,0,0.0,0,0,4.0,0,0,0,0.0,0.0,0,0.0,0.0,0,0,0.0,0,0,0.0,0.0,0.0,0,0,0.0,0,0.0,0,0,0,0,0,0,0,0,0,0.0,0.0,0.0,0,10,0.0,0.0,0.0,0.0,0.0,0,200.0,16.67,,15.0,210.0,,4.0,22.0,3,5,15,4.0,2,0.0,0.0,0,0
Fedorovich et. al. 2008,10.1089/ten.a.2007.0158,0.0,0.0,0.0,0.0,0.0,0.0,0.0,0.0,0,0.0,0.0,0,0.0,0,0.0,0,0,0,0.0,0,0,0.0,0,0,0,5.0,0.0,0,0.0,0.0,0,0,0.0,0,0,0.0,0.0,0.0,0,0,0.0,0,0.0,0,0,0,0,0,0,0,0,0,0.0,0.0,0.0,0,10,0.0,0.0,0.0,0.0,0.0,0,200.0,16.67,,15.0,210.0,,4.0,22.0,3,3,9,5.0,2,0.0,0.0,0,0
Fedorovich et. al. 2008,10.1089/ten.a.2007.0158,0.0,0.0,0.0,0.0,0.0,0.0,0.0,0.0,0,0.0,0.0,0,0.0,0,0.0,0,0,0,0.0,0,0,0.0,0,0,0,5.0,0.0,0,0.0,0.0,0,0,0.0,0,0,0.0,0.0,0.0,0,0,0.0,0,0.0,0,0,0,0,0,0,0,0,0,0.0,0.0,0.0,0,10,0.0,0.0,0.0,0.0,0.0,0,200.0,16.67,,15.0,210.0,,4.0,22.0,3,5,15,5.0,2,0.0,0.0,0,0
Soltan et al. 2019,10.1021/acsbiomaterials.9b00167,0.0,0.0,0.0,0.0,2.0,0.0,0.0,0.0,0,0.0,0.0,0,0.0,0,0.0,0,0,0,0.0,0,0,0.0,0,0,0,0.0,0.0,0,100.0,0.0,0,0,0.0,0,0,0.0,0.0,0.0,0,0,0.0,0,6.0,0,0,0,0,0,0,0,0,0,0.0,0.0,0.0,0,0,0.0,0.0,0.0,0.0,43200.0,0,10.0,,,25.0,210.0,,26.0,22.0,2,1,2,8.0,3,0.0,0.0,0,0
Soltan et al. 2019,10.1021/acsbiomaterials.9b00167,0.0,0.0,0.0,0.0,2.0,0.0,0.0,0.0,0,0.0,0.0,0,0.0,0,0.0,0,0,0,0.0,0,0,0.0,0,0,0,0.0,0.0,0,100.0,0.0,0,0,0.0,0,0,0.0,0.0,0.0,0,0,0.0,0,3.0,0,0,0,0,0,0,0,0,0,0.0,0.0,0.0,0,0,0.0,0.0,0.0,1000000.0,43200.0,0,12.0,,,25.0,210.0,,26.0,22.0,3,5,15,5.0,3,0.0,0.0,0,1
Soltan et al. 2019,10.1021/acsbiomaterials.9b00167,0.0,0.0,0.0,0.0,2.0,0.0,0.0,0.0,0,0.0,0.0,0,0.0,0,0.0,0,0,0,0.0,0,0,0.0,0,0,0,0.0,0.0,0,100.0,0.0,0,0,0.0,0,0,0.0,0.0,0.0,0,0,0.0,0,2.0,0,0,0,0,0,0,0,0,0,0.0,0.0,0.0,0,0,0.0,0.0,0.0,1000000.0,43200.0,0,10.0,,,25.0,210.0,,26.0,22.0,3,5,15,4.0,3,0.0,0.0,0,1
Soltan et al. 2019,10.1021/acsbiomaterials.9b00167,0.0,0.0,0.0,0.0,3.0,0.0,0.0,0.0,0,0.0,0.0,0,0.0,0,0.0,0,0,0,0.0,0,0,0.0,0,0,0,0.0,0.0,0,100.0,0.0,0,0,0.0,0,0,0.0,0.0,0.0,0,0,0.0,0,2.0,0,0,0,0,0,0,0,0,0,0.0,0.0,0.0,0,0,0.0,0.0,0.0,1000000.0,43200.0,0,30.0,,,25.0,210.0,,26.0,22.0,3,5,15,5.0,3,0.0,0.0,0,1
Soltan et al. 2019,10.1021/acsbiomaterials.9b00167,0.0,0.0,0.0,0.0,6.0,0.0,0.0,0.0,0,0.0,0.0,0,0.0,0,0.0,0,0,0,0.0,0,0,0.0,0,0,0,0.0,0.0,0,100.0,0.0,0,0,0.0,0,0,0.0,0.0,0.0,0,0,0.0,0,2.0,0,0,0,0,0,0,0,0,0,0.0,0.0,0.0,0,0,0.0,0.0,0.0,0.0,43200.0,0,215.0,,,25.0,210.0,,26.0,22.0,2,1,2,8.0,3,0.0,0.0,0,0
Soltan et al. 2019,10.1021/acsbiomaterials.9b00167,0.0,0.0,0.0,0.0,3.75,0.0,0.0,0.0,0,0.0,0.0,0,0.0,0,0.0,0,0,0,0.0,0,0,0.0,0,0,0,0.0,0.0,0,100.0,0.0,0,0,0.0,0,0,0.0,0.0,0.0,0,0,0.0,0,3.75,0,0,0,0,0,0,0,0,0,0.0,0.0,0.0,0,0,0.0,0.0,0.0,0.0,43200.0,0,10.0,,,25.0,210.0,,26.0,22.0,3,1,3,7.5,3,0.0,0.0,0,0
Soltan et al. 2019,10.1021/acsbiomaterials.9b00167,0.0,0.0,0.0,0.0,2.0,0.0,0.0,0.0,0,0.0,0.0,0,0.0,0,0.0,0,0,0,0.0,0,0,0.0,0,0,0,0.0,0.0,0,100.0,0.0,0,0,0.0,0,0,0.0,0.0,0.0,0,0,0.0,0,6.0,0,0,0,0,0,0,0,0,0,0.0,0.0,0.0,0,0,0.0,0.0,0.0,0.0,43200.0,0,10.0,,,25.0,210.0,,26.0,22.0,2,1,2,8.0,3,0.0,0.0,0,0
Soltan et al. 2019,10.1021/acsbiomaterials.9b00167,0.0,0.0,0.0,0.0,2.0,0.0,0.0,0.0,0,0.0,0.0,0,0.0,0,0.0,0,0,0,0.0,0,0,0.0,0,0,0,0.0,0.0,0,100.0,0.0,0,0,0.0,0,0,0.0,0.0,0.0,0,0,0.0,0,3.0,0,0,0,0,0,0,0,0,0,0.0,0.0,0.0,0,0,0.0,0.0,0.0,0.0,43200.0,0,12.0,,,25.0,210.0,,26.0,22.0,2,1,2,5.0,3,0.0,0.0,0,0
Soltan et al. 2019,10.1021/acsbiomaterials.9b00167,0.0,0.0,0.0,0.0,2.0,0.0,0.0,0.0,0,0.0,0.0,0,0.0,0,0.0,0,0,0,0.0,0,0,0.0,0,0,0,0.0,0.0,0,100.0,0.0,0,0,0.0,0,0,0.0,0.0,0.0,0,0,0.0,0,2.0,0,0,0,0,0,0,0,0,0,0.0,0.0,0.0,0,0,0.0,0.0,0.0,0.0,43200.0,0,10.0,,,25.0,210.0,,26.0,22.0,2,1,2,4.0,3,0.0,0.0,0,0
Soltan et al. 2019,10.1021/acsbiomaterials.9b00167,0.0,0.0,0.0,0.0,3.0,0.0,0.0,0.0,0,0.0,0.0,0,0.0,0,0.0,0,0,0,0.0,0,0,0.0,0,0,0,0.0,0.0,0,100.0,0.0,0,0,0.0,0,0,0.0,0.0,0.0,0,0,0.0,0,2.0,0,0,0,0,0,0,0,0,0,0.0,0.0,0.0,0,0,0.0,0.0,0.0,0.0,43200.0,0,30.0,,,25.0,210.0,,26.0,22.0,2,1,2,5.0,3,0.0,0.0,0,0
Soltan et al. 2019,10.1021/acsbiomaterials.9b00167,0.0,0.0,0.0,0.0,6.0,0.0,0.0,0.0,0,0.0,0.0,0,0.0,0,0.0,0,0,0,0.0,0,0,0.0,0,0,0,0.0,0.0,0,100.0,0.0,0,0,0.0,0,0,0.0,0.0,0.0,0,0,0.0,0,2.0,0,0,0,0,0,0,0,0,0,0.0,0.0,0.0,0,0,0.0,0.0,0.0,0.0,43200.0,0,215.0,,,25.0,210.0,,26.0,22.0,2,1,2,8.0,3,0.0,0.0,0,0
Soltan et al. 2019,10.1021/acsbiomaterials.9b00167,0.0,0.0,0.0,0.0,3.75,0.0,0.0,0.0,0,0.0,0.0,0,0.0,0,0.0,0,0,0,0.0,0,0,0.0,0,0,0,0.0,0.0,0,100.0,0.0,0,0,0.0,0,0,0.0,0.0,0.0,0,0,0.0,0,3.75,0,0,0,0,0,0,0,0,0,0.0,0.0,0.0,0,0,0.0,0.0,0.0,0.0,43200.0,0,10.0,,,25.0,210.0,,26.0,22.0,2,1,2,7.5,3,0.0,0.0,0,0
Soltan et al. 2019,10.1021/acsbiomaterials.9b00167,0.0,0.0,0.0,0.0,2.0,0.0,0.0,0.0,0,0.0,0.0,0,0.0,0,0.0,0,0,0,0.0,0,0,0.0,0,0,0,0.0,0.0,0,100.0,0.0,0,0,0.0,0,0,0.0,0.0,0.0,0,0,0.0,0,6.0,0,0,0,0,0,0,0,0,0,0.0,0.0,0.0,0,0,0.0,0.0,0.0,0.0,43200.0,0,10.0,,,25.0,210.0,,4.0,22.0,2,1,2,8.0,3,0.0,0.0,0,0
Soltan et al. 2019,10.1021/acsbiomaterials.9b00167,0.0,0.0,0.0,0.0,2.0,0.0,0.0,0.0,0,0.0,0.0,0,0.0,0,0.0,0,0,0,0.0,0,0,0.0,0,0,0,0.0,0.0,0,100.0,0.0,0,0,0.0,0,0,0.0,0.0,0.0,0,0,0.0,0,3.0,0,0,0,0,0,0,0,0,0,0.0,0.0,0.0,0,0,0.0,0.0,0.0,1000000.0,43200.0,0,12.0,,,25.0,210.0,,4.0,22.0,3,5,15,5.0,3,0.0,0.0,0,1
Soltan et al. 2019,10.1021/acsbiomaterials.9b00167,0.0,0.0,0.0,0.0,2.0,0.0,0.0,0.0,0,0.0,0.0,0,0.0,0,0.0,0,0,0,0.0,0,0,0.0,0,0,0,0.0,0.0,0,100.0,0.0,0,0,0.0,0,0,0.0,0.0,0.0,0,0,0.0,0,2.0,0,0,0,0,0,0,0,0,0,0.0,0.0,0.0,0,0,0.0,0.0,0.0,1000000.0,43200.0,0,10.0,,,25.0,210.0,,4.0,22.0,3,5,15,4.0,3,0.0,0.0,0,1
Soltan et al. 2019,10.1021/acsbiomaterials.9b00167,0.0,0.0,0.0,0.0,3.0,0.0,0.0,0.0,0,0.0,0.0,0,0.0,0,0.0,0,0,0,0.0,0,0,0.0,0,0,0,0.0,0.0,0,100.0,0.0,0,0,0.0,0,0,0.0,0.0,0.0,0,0,0.0,0,2.0,0,0,0,0,0,0,0,0,0,0.0,0.0,0.0,0,0,0.0,0.0,0.0,1000000.0,43200.0,0,30.0,,,25.0,210.0,,4.0,22.0,3,5,15,5.0,3,0.0,0.0,0,1
Soltan et al. 2019,10.1021/acsbiomaterials.9b00167,0.0,0.0,0.0,0.0,6.0,0.0,0.0,0.0,0,0.0,0.0,0,0.0,0,0.0,0,0,0,0.0,0,0,0.0,0,0,0,0.0,0.0,0,100.0,0.0,0,0,0.0,0,0,0.0,0.0,0.0,0,0,0.0,0,2.0,0,0,0,0,0,0,0,0,0,0.0,0.0,0.0,0,0,0.0,0.0,0.0,0.0,43200.0,0,215.0,,,25.0,210.0,,4.0,22.0,2,1,2,8.0,3,0.0,0.0,0,0
Soltan et al. 2019,10.1021/acsbiomaterials.9b00167,0.0,0.0,0.0,0.0,3.75,0.0,0.0,0.0,0,0.0,0.0,0,0.0,0,0.0,0,0,0,0.0,0,0,0.0,0,0,0,0.0,0.0,0,100.0,0.0,0,0,0.0,0,0,0.0,0.0,0.0,0,0,0.0,0,3.75,0,0,0,0,0,0,0,0,0,0.0,0.0,0.0,0,0,0.0,0.0,0.0,0.0,43200.0,0,10.0,,,25.0,210.0,,4.0,22.0,3,1,3,7.5,3,0.0,0.0,0,0
Soltan et al. 2019,10.1021/acsbiomaterials.9b00167,0.0,0.0,0.0,0.0,2.0,0.0,0.0,0.0,0,0.0,0.0,0,0.0,0,0.0,0,0,0,0.0,0,0,0.0,0,0,0,0.0,0.0,0,100.0,0.0,0,0,0.0,0,0,0.0,0.0,0.0,0,0,0.0,0,6.0,0,0,0,0,0,0,0,0,0,0.0,0.0,0.0,0,0,0.0,0.0,0.0,0.0,43200.0,0,10.0,,,25.0,210.0,,4.0,22.0,2,1,2,8.0,3,0.0,0.0,0,0
Soltan et al. 2019,10.1021/acsbiomaterials.9b00167,0.0,0.0,0.0,0.0,2.0,0.0,0.0,0.0,0,0.0,0.0,0,0.0,0,0.0,0,0,0,0.0,0,0,0.0,0,0,0,0.0,0.0,0,100.0,0.0,0,0,0.0,0,0,0.0,0.0,0.0,0,0,0.0,0,3.0,0,0,0,0,0,0,0,0,0,0.0,0.0,0.0,0,0,0.0,0.0,0.0,0.0,43200.0,0,12.0,,,25.0,210.0,,4.0,22.0,2,1,2,5.0,3,0.0,0.0,0,0
Soltan et al. 2019,10.1021/acsbiomaterials.9b00167,0.0,0.0,0.0,0.0,2.0,0.0,0.0,0.0,0,0.0,0.0,0,0.0,0,0.0,0,0,0,0.0,0,0,0.0,0,0,0,0.0,0.0,0,100.0,0.0,0,0,0.0,0,0,0.0,0.0,0.0,0,0,0.0,0,2.0,0,0,0,0,0,0,0,0,0,0.0,0.0,0.0,0,0,0.0,0.0,0.0,0.0,43200.0,0,10.0,,,25.0,210.0,,4.0,22.0,2,1,2,4.0,3,0.0,0.0,0,0
Soltan et al. 2019,10.1021/acsbiomaterials.9b00167,0.0,0.0,0.0,0.0,3.0,0.0,0.0,0.0,0,0.0,0.0,0,0.0,0,0.0,0,0,0,0.0,0,0,0.0,0,0,0,0.0,0.0,0,100.0,0.0,0,0,0.0,0,0,0.0,0.0,0.0,0,0,0.0,0,2.0,0,0,0,0,0,0,0,0,0,0.0,0.0,0.0,0,0,0.0,0.0,0.0,0.0,43200.0,0,30.0,,,25.0,210.0,,4.0,22.0,2,1,2,5.0,3,0.0,0.0,0,0
Soltan et al. 2019,10.1021/acsbiomaterials.9b00167,0.0,0.0,0.0,0.0,6.0,0.0,0.0,0.0,0,0.0,0.0,0,0.0,0,0.0,0,0,0,0.0,0,0,0.0,0,0,0,0.0,0.0,0,100.0,0.0,0,0,0.0,0,0,0.0,0.0,0.0,0,0,0.0,0,2.0,0,0,0,0,0,0,0,0,0,0.0,0.0,0.0,0,0,0.0,0.0,0.0,0.0,43200.0,0,215.0,,,25.0,210.0,,4.0,22.0,2,1,2,8.0,3,0.0,0.0,0,0
Soltan et al. 2019,10.1021/acsbiomaterials.9b00167,0.0,0.0,0.0,0.0,3.75,0.0,0.0,0.0,0,0.0,0.0,0,0.0,0,0.0,0,0,0,0.0,0,0,0.0,0,0,0,0.0,0.0,0,100.0,0.0,0,0,0.0,0,0,0.0,0.0,0.0,0,0,0.0,0,3.75,0,0,0,0,0,0,0,0,0,0.0,0.0,0.0,0,0,0.0,0.0,0.0,0.0,43200.0,0,10.0,,,25.0,210.0,,4.0,22.0,2,1,2,7.5,3,0.0,0.0,0,0
Jia et al. 2014,10.1016/j.actbio.2014.06.034,2.0,0.0,0.0,0.0,0.0,0.0,0.0,0.0,0,0.0,0.0,0,0.0,0,0.0,0,0,0,0.0,0,0,0.0,0,0,0,0.0,0.0,0,100.0,0.0,0,0,0.0,0,0,0.0,0.0,0.0,0,0,0.0,0,0.0,0,0,0,0,0,0,0,0,0,0.0,0.0,0.0,0,0,0.0,0.0,0.0,1300000.0,1800.0,0,,,0.01,,,,,4.0,3,3,9,2.0,2,0.0,0.0,0,1
Jia et al. 2014,10.1016/j.actbio.2014.06.034,5.0,0.0,0.0,0.0,0.0,0.0,0.0,0.0,0,0.0,0.0,0,0.0,0,0.0,0,0,0,0.0,0,0,0.0,0,0,0,0.0,0.0,0,100.0,0.0,0,0,0.0,0,0,0.0,0.0,0.0,0,0,0.0,0,0.0,0,0,0,0,0,0,0,0,0,0.0,0.0,0.0,0,0,0.0,0.0,0.0,1300000.0,1800.0,0,,,0.01,,,,,4.0,3,3,9,5.0,2,0.0,0.0,0,1
Jia et al. 2014,10.1016/j.actbio.2014.06.034,8.0,0.0,0.0,0.0,0.0,0.0,0.0,0.0,0,0.0,0.0,0,0.0,0,0.0,0,0,0,0.0,0,0,0.0,0,0,0,0.0,0.0,0,100.0,0.0,0,0,0.0,0,0,0.0,0.0,0.0,0,0,0.0,0,0.0,0,0,0,0,0,0,0,0,0,0.0,0.0,0.0,0,0,0.0,0.0,0.0,1300000.0,1800.0,0,,,0.01,,,,,4.0,3,5,15,8.0,2,0.0,0.0,0,1
Jia et al. 2014,10.1016/j.actbio.2014.06.034,10.0,0.0,0.0,0.0,0.0,0.0,0.0,0.0,0,0.0,0.0,0,0.0,0,0.0,0,0,0,0.0,0,0,0.0,0,0,0,0.0,0.0,0,100.0,0.0,0,0,0.0,0,0,0.0,0.0,0.0,0,0,0.0,0,0.0,0,0,0,0,0,0,0,0,0,0.0,0.0,0.0,0,0,0.0,0.0,0.0,1300000.0,1800.0,0,,,0.01,,,,,4.0,2,2,4,10.0,2,0.0,0.0,0,1
Jia et al. 2014,10.1016/j.actbio.2014.06.034,15.0,0.0,0.0,0.0,0.0,0.0,0.0,0.0,0,0.0,0.0,0,0.0,0,0.0,0,0,0,0.0,0,0,0.0,0,0,0,0.0,0.0,0,100.0,0.0,0,0,0.0,0,0,0.0,0.0,0.0,0,0,0.0,0,0.0,0,0,0,0,0,0,0,0,0,0.0,0.0,0.0,0,0,0.0,0.0,0.0,0.0,1800.0,0,,,0.01,,,,,4.0,2,1,2,15.0,2,0.0,0.0,0,0
Jia et al. 2014,10.1016/j.actbio.2014.06.034,20.0,0.0,0.0,0.0,0.0,0.0,0.0,0.0,0,0.0,0.0,0,0.0,0,0.0,0,0,0,0.0,0,0,0.0,0,0,0,0.0,0.0,0,0.0,0.0,0,0,0.0,0,0,0.0,0.0,0.0,0,0,0.0,0,0.0,0,0,0,0,0,0,0,0,0,0.0,0.0,0.0,0,0,0.0,0.0,0.0,0.0,0.0,0,,,0.01,,,,,4.0,2,1,2,20.0,1,0.0,0.0,0,0
Nair et al. 2009,10.1002/biot.200900004,1.5,0.0,0.0,0.0,0.0,0.0,0.0,0.0,0,0.0,0.0,0,0.0,0,0.0,0,0,0,0.0,0,0,0.0,0,0,0,0.0,0.0,0,0.0,0.0,0,0,0.0,0,0,0.0,0.0,0.0,0,0,0.0,0,0.0,0,0,0,0,0,0,0,0,0,0.0,0.0,0.0,0,0,0.0,0.0,0.0,1000000.0,0.0,0,34.47,,,,150.0,,22.0,22.0,3,3,9,1.5,1,0.0,0.0,0,1
Nair et al. 2009,10.1002/biot.200900004,1.5,0.0,0.0,0.0,0.0,0.0,0.0,0.0,0,0.0,0.0,0,0.0,0,0.0,0,0,0,0.0,0,0,0.0,0,0,0,0.0,0.0,0,0.0,0.0,0,0,0.0,0,0,0.0,0.0,0.0,0,0,0.0,0,0.0,0,0,0,0,0,0,0,0,0,0.0,0.0,0.0,0,0,0.0,0.0,0.0,1000000.0,0.0,0,68.95,,,,150.0,,22.0,22.0,3,3,9,1.5,1,0.0,0.0,0,1
Nair et al. 2009,10.1002/biot.200900004,1.5,0.0,0.0,0.0,0.0,0.0,0.0,0.0,0,0.0,0.0,0,0.0,0,0.0,0,0,0,0.0,0,0,0.0,0,0,0,0.0,0.0,0,0.0,0.0,0,0,0.0,0,0,0.0,0.0,0.0,0,0,0.0,0,0.0,0,0,0,0,0,0,0,0,0,0.0,0.0,0.0,0,0,0.0,0.0,0.0,1000000.0,0.0,0,137.9,,,,150.0,,22.0,22.0,3,2,6,1.5,1,0.0,0.0,0,1
Nair et al. 2009,10.1002/biot.200900004,1.5,0.0,0.0,0.0,0.0,0.0,0.0,0.0,0,0.0,0.0,0,0.0,0,0.0,0,0,0,0.0,0,0,0.0,0,0,0,0.0,0.0,0,0.0,0.0,0,0,0.0,0,0,0.0,0.0,0.0,0,0,0.0,0,0.0,0,0,0,0,0,0,0,0,0,0.0,0.0,0.0,0,0,0.0,0.0,0.0,1000000.0,0.0,0,275.79,,,,150.0,,22.0,22.0,3,2,6,1.5,1,0.0,0.0,0,1
Nair et al. 2009,10.1002/biot.200900004,1.5,0.0,0.0,0.0,0.0,0.0,0.0,0.0,0,0.0,0.0,0,0.0,0,0.0,0,0,0,0.0,0,0,0.0,0,0,0,0.0,0.0,0,0.0,0.0,0,0,0.0,0,0,0.0,0.0,0.0,0,0,0.0,0,0.0,0,0,0,0,0,0,0,0,0,0.0,0.0,0.0,0,0,0.0,0.0,0.0,1000000.0,0.0,0,34.47,,,,250.0,,22.0,22.0,3,3,9,1.5,1,0.0,0.0,0,1
Nair et al. 2009,10.1002/biot.200900004,1.5,0.0,0.0,0.0,0.0,0.0,0.0,0.0,0,0.0,0.0,0,0.0,0,0.0,0,0,0,0.0,0,0,0.0,0,0,0,0.0,0.0,0,0.0,0.0,0,0,0.0,0,0,0.0,0.0,0.0,0,0,0.0,0,0.0,0,0,0,0,0,0,0,0,0,0.0,0.0,0.0,0,0,0.0,0.0,0.0,1000000.0,0.0,0,68.95,,,,250.0,,22.0,22.0,3,3,9,1.5,1,0.0,0.0,0,1
Nair et al. 2009,10.1002/biot.200900004,1.5,0.0,0.0,0.0,0.0,0.0,0.0,0.0,0,0.0,0.0,0,0.0,0,0.0,0,0,0,0.0,0,0,0.0,0,0,0,0.0,0.0,0,0.0,0.0,0,0,0.0,0,0,0.0,0.0,0.0,0,0,0.0,0,0.0,0,0,0,0,0,0,0,0,0,0.0,0.0,0.0,0,0,0.0,0.0,0.0,1000000.0,0.0,0,137.9,,,,250.0,,22.0,22.0,3,2,6,1.5,1,0.0,0.0,0,1
Nair et al. 2009,10.1002/biot.200900004,1.5,0.0,0.0,0.0,0.0,0.0,0.0,0.0,0,0.0,0.0,0,0.0,0,0.0,0,0,0,0.0,0,0,0.0,0,0,0,0.0,0.0,0,0.0,0.0,0,0,0.0,0,0,0.0,0.0,0.0,0,0,0.0,0,0.0,0,0,0,0,0,0,0,0,0,0.0,0.0,0.0,0,0,0.0,0.0,0.0,1000000.0,0.0,0,275.79,,,,250.0,,22.0,22.0,3,2,6,1.5,1,0.0,0.0,0,1
Nair et al. 2009,10.1002/biot.200900004,1.5,0.0,0.0,0.0,0.0,0.0,0.0,0.0,0,0.0,0.0,0,0.0,0,0.0,0,0,0,0.0,0,0,0.0,0,0,0,0.0,0.0,0,0.0,0.0,0,0,0.0,0,0,0.0,0.0,0.0,0,0,0.0,0,0.0,0,0,0,0,0,0,0,0,0,0.0,0.0,0.0,0,0,0.0,0.0,0.0,1000000.0,0.0,0,34.47,,,,400.0,,22.0,22.0,3,3,9,1.5,1,0.0,0.0,0,1
Nair et al. 2009,10.1002/biot.200900004,1.5,0.0,0.0,0.0,0.0,0.0,0.0,0.0,0,0.0,0.0,0,0.0,0,0.0,0,0,0,0.0,0,0,0.0,0,0,0,0.0,0.0,0,0.0,0.0,0,0,0.0,0,0,0.0,0.0,0.0,0,0,0.0,0,0.0,0,0,0,0,0,0,0,0,0,0.0,0.0,0.0,0,0,0.0,0.0,0.0,1000000.0,0.0,0,68.95,,,,400.0,,22.0,22.0,3,3,9,1.5,1,0.0,0.0,0,1
Nair et al. 2009,10.1002/biot.200900004,1.5,0.0,0.0,0.0,0.0,0.0,0.0,0.0,0,0.0,0.0,0,0.0,0,0.0,0,0,0,0.0,0,0,0.0,0,0,0,0.0,0.0,0,0.0,0.0,0,0,0.0,0,0,0.0,0.0,0.0,0,0,0.0,0,0.0,0,0,0,0,0,0,0,0,0,0.0,0.0,0.0,0,0,0.0,0.0,0.0,1000000.0,0.0,0,137.9,,,,400.0,,22.0,22.0,3,2,6,1.5,1,0.0,0.0,0,1
Nair et al. 2009,10.1002/biot.200900004,1.5,0.0,0.0,0.0,0.0,0.0,0.0,0.0,0,0.0,0.0,0,0.0,0,0.0,0,0,0,0.0,0,0,0.0,0,0,0,0.0,0.0,0,0.0,0.0,0,0,0.0,0,0,0.0,0.0,0.0,0,0,0.0,0,0.0,0,0,0,0,0,0,0,0,0,0.0,0.0,0.0,0,0,0.0,0.0,0.0,1000000.0,0.0,0,275.79,,,,400.0,,22.0,22.0,3,2,6,1.5,1,0.0,0.0,0,1
Li et al. 2017,10.1021/acsami.7b04216,3.0,0.0,0.0,0.0,0.0,0.0,0.0,0.0,0,0.0,0.0,0,0.0,0,0.0,0,0,0,0.0,0,0,9.0,0,0,0,0.0,0.0,0,360.43,0.0,0,0,0.0,0,0,0.0,0.0,0.0,0,0,0.0,0,0.0,0,0,0,0,0,0,0,0,0,0.0,0.0,0.0,0,0,0.0,0.0,0.0,3000000.0,600.0,0,215.0,7.6,,,250.0,,22.0,22.0,3,3,9,12.0,3,0.0,0.0,0,1
Li et al. 2017,10.1021/acsami.7b04216,3.0,0.0,0.0,0.0,0.0,0.0,0.0,0.0,0,0.0,0.0,0,0.0,0,0.0,0,0,0,0.0,0,0,9.0,0,0,0,0.0,0.0,0,360.43,0.0,0,0,0.0,0,0,0.0,0.0,0.0,0,0,0.0,0,0.0,0,0,0,0,0,0,0,0,0,0.0,0.0,0.0,0,0,0.0,0.0,0.0,3000000.0,600.0,0,215.0,7.6,,,250.0,,22.0,22.0,3,5,15,12.0,3,0.0,0.0,0,1
Tabriz et al. 2015,10.1088/1758-5090/7/4/045012,2.0,0.0,0.0,0.0,0.0,0.0,0.0,0.0,0,0.0,0.0,0,0.0,0,0.0,0,0,0,0.0,0,0,0.0,0,0,0,0.0,0.0,0,0.0,0.0,0,0,0.0,0,0,0.0,0.0,0.0,0,0,0.0,0,0.0,0,0,0,0,0,0,0,0,0,0.0,0.0,0.0,0,0,0.0,0.0,0.0,5250000.0,720.0,0,0.005,,0.45,6.0,330.0,,22.0,,3,3,9,2.0,1,0.0,0.0,0,1
Tabriz et al. 2015,10.1088/1758-5090/7/4/045012,3.0,0.0,0.0,0.0,0.0,0.0,0.0,0.0,0,0.0,0.0,0,0.0,0,0.0,0,0,0,0.0,0,0,0.0,0,0,0,0.0,0.0,0,0.0,0.0,0,0,0.0,0,0,0.0,0.0,0.0,0,0,0.0,0,0.0,0,0,0,0,0,0,0,0,0,0.0,0.0,0.0,0,0,0.0,0.0,0.0,5250000.0,720.0,0,0.005,,0.45,6.0,330.0,,22.0,,3,3,9,3.0,1,0.0,0.0,0,1
Tabriz et al. 2015,10.1088/1758-5090/7/4/045012,4.0,0.0,0.0,0.0,0.0,0.0,0.0,0.0,0,0.0,0.0,0,0.0,0,0.0,0,0,0,0.0,0,0,0.0,0,0,0,0.0,0.0,0,0.0,0.0,0,0,0.0,0,0,0.0,0.0,0.0,0,0,0.0,0,0.0,0,0,0,0,0,0,0,0,0,0.0,0.0,0.0,0,0,0.0,0.0,0.0,5250000.0,720.0,0,0.005,,0.45,6.0,330.0,,22.0,,3,3,9,4.0,1,0.0,0.0,0,1
Tabriz et al. 2015,10.1088/1758-5090/7/4/045012,6.0,0.0,0.0,0.0,0.0,0.0,0.0,0.0,0,0.0,0.0,0,0.0,0,0.0,0,0,0,0.0,0,0,0.0,0,0,0,0.0,0.0,0,0.0,0.0,0,0,0.0,0,0,0.0,0.0,0.0,0,0,0.0,0,0.0,0,0,0,0,0,0,0,0,0,0.0,0.0,0.0,0,0,0.0,0.0,0.0,5250000.0,720.0,0,0.005,,0.45,6.0,330.0,,22.0,,3,2,6,6.0,1,0.0,0.0,0,1
Tabriz et al. 2015,10.1088/1758-5090/7/4/045012,4.0,0.0,0.0,0.0,0.0,0.0,0.0,0.0,0,0.0,0.0,0,0.0,0,0.0,0,0,0,0.0,0,0,0.0,0,0,0,0.0,0.0,0,100.0,0.0,60,0,0.0,0,0,0.0,0.0,0.0,0,0,0.0,0,0.0,0,0,0,0,0,0,0,0,0,0.0,0.0,0.0,0,0,0.0,0.0,0.0,5250000.0,720.0,0,0.005,,0.45,6.0,330.0,,22.0,,3,3,9,4.0,3,0.0,0.0,0,1
Tabriz et al. 2015,10.1088/1758-5090/7/4/045012,4.0,0.0,0.0,0.0,0.0,0.0,0.0,0.0,0,0.0,0.0,0,0.0,0,0.0,0,0,0,0.0,0,0,0.0,0,0,0,0.0,0.0,0,100.0,0.0,60,0,0.0,0,0,0.0,0.0,0.0,0,0,0.0,0,0.0,0,0,0,0,0,0,0,0,0,0.0,0.0,0.0,0,0,0.0,0.0,0.0,5250000.0,720.0,0,0.005,,0.45,6.0,330.0,,22.0,,3,3,9,4.0,3,0.0,0.0,0,1
Tabriz et al. 2015,10.1088/1758-5090/7/4/045012,4.0,0.0,0.0,0.0,0.0,0.0,0.0,0.0,0,0.0,0.0,0,0.0,0,0.0,0,0,0,0.0,0,0,0.0,0,0,0,0.0,0.0,0,100.0,0.0,60,0,0.0,0,0,0.0,0.0,0.0,0,0,0.0,0,0.0,0,0,0,0,0,0,0,0,0,0.0,0.0,0.0,0,0,0.0,0.0,0.0,5250000.0,720.0,0,0.005,,0.45,6.0,330.0,,22.0,,3,3,9,4.0,3,0.0,0.0,0,1
Tabriz et al. 2015,10.1088/1758-5090/7/4/045012,4.0,0.0,0.0,0.0,0.0,0.0,0.0,0.0,0,0.0,0.0,0,0.0,0,0.0,0,0,0,0.0,0,0,0.0,0,0,0,0.0,0.0,0,100.0,0.0,60,0,0.0,0,0,0.0,0.0,0.0,0,0,0.0,0,0.0,0,0,0,0,0,0,0,0,0,0.0,0.0,0.0,0,0,0.0,0.0,0.0,5250000.0,720.0,0,0.005,,0.45,6.0,330.0,,22.0,,3,5,15,4.0,3,0.0,0.0,0,1
Tabriz et al. 2015,10.1088/1758-5090/7/4/045012,4.0,0.0,0.0,0.0,0.0,0.0,0.0,0.0,0,0.0,0.0,0,0.0,0,0.0,0,0,0,0.0,0,0,0.0,0,0,0,0.0,0.0,0,100.0,0.0,60,0,0.0,0,0,0.0,0.0,0.0,0,0,0.0,0,0.0,0,0,0,0,0,0,0,0,0,0.0,0.0,0.0,0,0,0.0,0.0,0.0,5250000.0,720.0,0,0.005,,0.45,6.0,330.0,,22.0,,3,5,15,4.0,3,0.0,0.0,0,1
Tabriz et al. 2015,10.1088/1758-5090/7/4/045012,4.0,0.0,0.0,0.0,0.0,0.0,0.0,0.0,0,0.0,0.0,0,0.0,0,0.0,0,0,0,0.0,0,0,0.0,0,0,0,0.0,0.0,0,100.0,0.0,60,0,0.0,0,0,0.0,0.0,0.0,0,0,0.0,0,0.0,0,0,0,0,0,0,0,0,0,0.0,0.0,0.0,0,0,0.0,0.0,0.0,5250000.0,720.0,0,0.005,,0.45,6.0,330.0,,22.0,,3,5,15,4.0,3,0.0,0.0,0,1
Müller et al .2017,10.1007/s10439-016-1704-5,0.0,0.0,0.0,0.0,0.0,0.0,0.0,0.0,0,0.0,0.0,0,0.0,0,0.0,0,0,0,0.0,0,0,1.36,0,0,0,0.0,0.0,0,100.0,0.0,0,0,0.0,0,0,0.0,0.0,0.0,0,0,0.0,0,0.0,1,0,0,0,0,0,0,0,0,0.0,0.0,0.0,0,0,0.0,0.0,0.0,6000000.0,720.0,0,15.0,,,15.0,413.0,,,37.0,3,2,6,2.3600000000000003,3,0.0,0.0,0,1
Müller et al .2017,10.1007/s10439-016-1704-5,0.0,0.0,0.0,0.0,0.0,0.0,0.0,0.0,0,0.0,0.0,0,0.0,0,0.0,0,0,0,0.0,0,0,1.36,0,0,0,0.0,0.0,0,100.0,0.0,0,0,0.0,0,0,0.0,0.0,0.0,0,0,0.0,0,0.0,1,0,0,0,0,0,0,0,0,0.0,0.0,0.0,0,0,0.0,0.0,0.0,6000000.0,720.0,0,15.0,,,15.0,413.0,,,37.0,3,2,6,2.3600000000000003,3,0.0,0.0,0,1
Müller et al .2017,10.1007/s10439-016-1704-5,0.0,0.0,0.0,0.0,0.0,0.0,0.0,0.0,0,0.0,0.0,0,0.0,0,0.0,0,0,0,0.0,0,0,1.36,0,0,0,0.0,0.0,0,100.0,0.0,0,0,0.0,0,0,0.0,0.0,0.0,0,0,0.0,0,0.0,1,0,0,0,0,0,0,0,0,0.0,0.0,0.0,0,0,0.0,0.0,0.0,6000000.0,720.0,0,15.0,,,15.0,413.0,,,37.0,3,4,12,2.3600000000000003,3,0.0,0.0,0,1
Müller et al .2017,10.1007/s10439-016-1704-5,0.0,0.0,0.0,0.0,0.0,0.0,0.0,0.0,0,0.0,0.0,0,0.0,0,0.0,0,0,0,0.0,0,0,1.36,0,0,0,0.0,0.0,0,100.0,0.0,0,0,0.0,0,0,0.0,0.0,0.0,0,0,0.0,0,0.0,1,0,0,0,0,0,0,0,0,0.0,0.0,0.0,0,0,0.0,0.0,0.0,6000000.0,720.0,0,15.0,,,15.0,413.0,,,37.0,3,2,6,2.3600000000000003,3,0.0,0.0,0,1
Müller et al .2017,10.1007/s10439-016-1704-5,0.0,0.0,0.0,0.0,0.0,0.0,0.0,0.0,0,0.0,0.0,0,0.0,0,0.0,0,0,0,0.0,0,0,1.36,0,0,0,0.0,0.0,0,100.0,0.0,0,0,0.0,0,0,0.0,0.0,0.0,0,0,0.0,0,0.0,1,0,0,0,0,0,0,0,0,0.0,0.0,0.0,0,0,0.0,0.0,0.0,6000000.0,720.0,0,15.0,,,15.0,413.0,,,37.0,3,5,15,2.3600000000000003,3,0.0,0.0,0,1
Müller et al .2017,10.1007/s10439-016-1704-5,0.0,0.0,0.0,0.0,0.0,0.0,0.0,0.0,0,0.0,0.0,0,0.0,0,0.0,0,0,0,0.0,0,0,1.36,0,0,0,0.0,0.0,0,100.0,0.0,0,0,0.0,0,0,0.0,0.0,0.0,0,0,0.0,0,0.0,1,0,0,0,0,0,0,0,0,0.0,0.0,0.0,0,0,0.0,0.0,0.0,6000000.0,720.0,0,6.0,,,15.0,413.0,,,37.0,3,2,6,2.3600000000000003,3,0.0,0.0,0,1
Müller et al .2017,10.1007/s10439-016-1704-5,0.0,0.0,0.0,0.0,0.0,0.0,0.0,0.0,0,0.0,0.0,0,0.0,0,0.0,0,0,0,0.0,0,0,1.36,0,0,0,0.0,0.0,0,100.0,0.0,0,0,0.0,0,0,0.0,0.0,0.0,0,0,0.0,0,0.0,1,0,0,0,0,0,0,0,0,0.0,0.0,0.0,0,0,0.0,0.0,0.0,6000000.0,720.0,0,6.0,,,15.0,413.0,,,37.0,3,2,6,2.3600000000000003,3,0.0,0.0,0,1
Müller et al .2017,10.1007/s10439-016-1704-5,0.0,0.0,0.0,0.0,0.0,0.0,0.0,0.0,0,0.0,0.0,0,0.0,0,0.0,0,0,0,0.0,0,0,1.36,0,0,0,0.0,0.0,0,100.0,0.0,0,0,0.0,0,0,0.0,0.0,0.0,0,0,0.0,0,0.0,1,0,0,0,0,0,0,0,0,0.0,0.0,0.0,0,0,0.0,0.0,0.0,6000000.0,720.0,0,6.0,,,15.0,413.0,,,37.0,3,4,12,2.3600000000000003,3,0.0,0.0,0,1
Müller et al .2017,10.1007/s10439-016-1704-5,0.0,0.0,0.0,0.0,0.0,0.0,0.0,0.0,0,0.0,0.0,0,0.0,0,0.0,0,0,0,0.0,0,0,1.36,0,0,0,0.0,0.0,0,100.0,0.0,0,0,0.0,0,0,0.0,0.0,0.0,0,0,0.0,0,0.0,1,0,0,0,0,0,0,0,0,0.0,0.0,0.0,0,0,0.0,0.0,0.0,6000000.0,720.0,0,6.0,,,15.0,413.0,,,37.0,3,2,6,2.3600000000000003,3,0.0,0.0,0,1
Müller et al .2017,10.1007/s10439-016-1704-5,0.0,0.0,0.0,0.0,0.0,0.0,0.0,0.0,0,0.0,0.0,0,0.0,0,0.0,0,0,0,0.0,0,0,1.36,0,0,0,0.0,0.0,0,100.0,0.0,0,0,0.0,0,0,0.0,0.0,0.0,0,0,0.0,0,0.0,1,0,0,0,0,0,0,0,0,0.0,0.0,0.0,0,0,0.0,0.0,0.0,6000000.0,720.0,0,6.0,,,15.0,413.0,,,37.0,3,5,15,2.3600000000000003,3,0.0,0.0,0,1
Müller et al .2017,10.1007/s10439-016-1704-5,0.0,0.0,0.0,0.0,0.0,0.0,0.0,0.0,0,0.0,0.0,0,0.0,0,0.0,0,0,0,0.0,0,0,1.36,0,0,0,0.0,0.0,0,100.0,0.0,0,0,0.0,0,0,0.0,0.0,0.0,0,0,0.0,0,0.0,1,0,0,0,0,0,0,0,0,0.0,0.0,0.0,0,0,0.0,0.0,0.0,6000000.0,720.0,0,21.0,,,15.0,337.0,,,37.0,3,2,6,2.3600000000000003,3,0.0,0.0,0,1
Müller et al .2017,10.1007/s10439-016-1704-5,0.0,0.0,0.0,0.0,0.0,0.0,0.0,0.0,0,0.0,0.0,0,0.0,0,0.0,0,0,0,0.0,0,0,1.36,0,0,0,0.0,0.0,0,100.0,0.0,0,0,0.0,0,0,0.0,0.0,0.0,0,0,0.0,0,0.0,1,0,0,0,0,0,0,0,0,0.0,0.0,0.0,0,0,0.0,0.0,0.0,6000000.0,720.0,0,21.0,,,15.0,337.0,,,37.0,3,2,6,2.3600000000000003,3,0.0,0.0,0,1
Müller et al .2017,10.1007/s10439-016-1704-5,0.0,0.0,0.0,0.0,0.0,0.0,0.0,0.0,0,0.0,0.0,0,0.0,0,0.0,0,0,0,0.0,0,0,1.36,0,0,0,0.0,0.0,0,100.0,0.0,0,0,0.0,0,0,0.0,0.0,0.0,0,0,0.0,0,0.0,1,0,0,0,0,0,0,0,0,0.0,0.0,0.0,0,0,0.0,0.0,0.0,6000000.0,720.0,0,21.0,,,15.0,337.0,,,37.0,3,4,12,2.3600000000000003,3,0.0,0.0,0,1
Müller et al .2017,10.1007/s10439-016-1704-5,0.0,0.0,0.0,0.0,0.0,0.0,0.0,0.0,0,0.0,0.0,0,0.0,0,0.0,0,0,0,0.0,0,0,1.36,0,0,0,0.0,0.0,0,100.0,0.0,0,0,0.0,0,0,0.0,0.0,0.0,0,0,0.0,0,0.0,1,0,0,0,0,0,0,0,0,0.0,0.0,0.0,0,0,0.0,0.0,0.0,6000000.0,720.0,0,21.0,,,15.0,337.0,,,37.0,3,2,6,2.3600000000000003,3,0.0,0.0,0,1
Müller et al .2017,10.1007/s10439-016-1704-5,0.0,0.0,0.0,0.0,0.0,0.0,0.0,0.0,0,0.0,0.0,0,0.0,0,0.0,0,0,0,0.0,0,0,1.36,0,0,0,0.0,0.0,0,100.0,0.0,0,0,0.0,0,0,0.0,0.0,0.0,0,0,0.0,0,0.0,1,0,0,0,0,0,0,0,0,0.0,0.0,0.0,0,0,0.0,0.0,0.0,6000000.0,720.0,0,21.0,,,15.0,337.0,,,37.0,3,5,15,2.3600000000000003,3,0.0,0.0,0,1
Müller et al .2017,10.1007/s10439-016-1704-5,0.0,0.0,0.0,0.0,0.0,0.0,0.0,0.0,0,0.0,0.0,0,0.0,0,0.0,0,0,0,0.0,0,0,1.36,0,0,0,0.0,0.0,0,100.0,0.0,0,0,0.0,0,0,0.0,0.0,0.0,0,0,0.0,0,0.0,1,0,0,0,0,0,0,0,0,0.0,0.0,0.0,0,0,0.0,0.0,0.0,6000000.0,720.0,0,28.0,,,15.0,260.0,,,37.0,3,2,6,2.3600000000000003,3,0.0,0.0,0,1
Müller et al .2017,10.1007/s10439-016-1704-5,0.0,0.0,0.0,0.0,0.0,0.0,0.0,0.0,0,0.0,0.0,0,0.0,0,0.0,0,0,0,0.0,0,0,1.36,0,0,0,0.0,0.0,0,100.0,0.0,0,0,0.0,0,0,0.0,0.0,0.0,0,0,0.0,0,0.0,1,0,0,0,0,0,0,0,0,0.0,0.0,0.0,0,0,0.0,0.0,0.0,6000000.0,720.0,0,28.0,,,15.0,260.0,,,37.0,3,2,6,2.3600000000000003,3,0.0,0.0,0,1
Müller et al .2017,10.1007/s10439-016-1704-5,0.0,0.0,0.0,0.0,0.0,0.0,0.0,0.0,0,0.0,0.0,0,0.0,0,0.0,0,0,0,0.0,0,0,1.36,0,0,0,0.0,0.0,0,100.0,0.0,0,0,0.0,0,0,0.0,0.0,0.0,0,0,0.0,0,0.0,1,0,0,0,0,0,0,0,0,0.0,0.0,0.0,0,0,0.0,0.0,0.0,6000000.0,720.0,0,28.0,,,15.0,260.0,,,37.0,3,4,12,2.3600000000000003,3,0.0,0.0,0,1
Müller et al .2017,10.1007/s10439-016-1704-5,0.0,0.0,0.0,0.0,0.0,0.0,0.0,0.0,0,0.0,0.0,0,0.0,0,0.0,0,0,0,0.0,0,0,1.36,0,0,0,0.0,0.0,0,100.0,0.0,0,0,0.0,0,0,0.0,0.0,0.0,0,0,0.0,0,0.0,1,0,0,0,0,0,0,0,0,0.0,0.0,0.0,0,0,0.0,0.0,0.0,6000000.0,720.0,0,28.0,,,15.0,260.0,,,37.0,3,2,6,2.3600000000000003,3,0.0,0.0,0,1
Müller et al .2017,10.1007/s10439-016-1704-5,0.0,0.0,0.0,0.0,0.0,0.0,0.0,0.0,0,0.0,0.0,0,0.0,0,0.0,0,0,0,0.0,0,0,1.36,0,0,0,0.0,0.0,0,100.0,0.0,0,0,0.0,0,0,0.0,0.0,0.0,0,0,0.0,0,0.0,1,0,0,0,0,0,0,0,0,0.0,0.0,0.0,0,0,0.0,0.0,0.0,6000000.0,720.0,0,28.0,,,15.0,260.0,,,37.0,3,5,15,2.3600000000000003,3,0.0,0.0,0,1
Müller et al .2017,10.1007/s10439-016-1704-5,0.0,0.0,0.0,0.0,0.0,0.0,0.0,0.0,0,0.0,0.0,0,0.0,0,0.0,0,0,0,0.0,0,0,1.36,0,0,0,0.0,0.0,0,100.0,0.0,0,0,0.0,0,0,0.0,0.0,0.0,0,0,0.0,0,0.0,1,0,0,0,0,0,0,0,0,0.0,0.0,0.0,0,0,0.0,0.0,0.0,6000000.0,720.0,0,6.0,,,15.0,260.0,,,37.0,3,2,6,2.3600000000000003,3,0.0,0.0,0,1
Müller et al .2017,10.1007/s10439-016-1704-5,0.0,0.0,0.0,0.0,0.0,0.0,0.0,0.0,0,0.0,0.0,0,0.0,0,0.0,0,0,0,0.0,0,0,1.36,0,0,0,0.0,0.0,0,100.0,0.0,0,0,0.0,0,0,0.0,0.0,0.0,0,0,0.0,0,0.0,1,0,0,0,0,0,0,0,0,0.0,0.0,0.0,0,0,0.0,0.0,0.0,6000000.0,720.0,0,6.0,,,15.0,260.0,,,37.0,3,2,6,2.3600000000000003,3,0.0,0.0,0,1
Müller et al .2017,10.1007/s10439-016-1704-5,0.0,0.0,0.0,0.0,0.0,0.0,0.0,0.0,0,0.0,0.0,0,0.0,0,0.0,0,0,0,0.0,0,0,1.36,0,0,0,0.0,0.0,0,100.0,0.0,0,0,0.0,0,0,0.0,0.0,0.0,0,0,0.0,0,0.0,1,0,0,0,0,0,0,0,0,0.0,0.0,0.0,0,0,0.0,0.0,0.0,6000000.0,720.0,0,6.0,,,15.0,260.0,,,37.0,3,4,12,2.3600000000000003,3,0.0,0.0,0,1
Müller et al .2017,10.1007/s10439-016-1704-5,0.0,0.0,0.0,0.0,0.0,0.0,0.0,0.0,0,0.0,0.0,0,0.0,0,0.0,0,0,0,0.0,0,0,1.36,0,0,0,0.0,0.0,0,100.0,0.0,0,0,0.0,0,0,0.0,0.0,0.0,0,0,0.0,0,0.0,1,0,0,0,0,0,0,0,0,0.0,0.0,0.0,0,0,0.0,0.0,0.0,6000000.0,720.0,0,6.0,,,15.0,260.0,,,37.0,3,2,6,2.3600000000000003,3,0.0,0.0,0,1
Müller et al .2017,10.1007/s10439-016-1704-5,0.0,0.0,0.0,0.0,0.0,0.0,0.0,0.0,0,0.0,0.0,0,0.0,0,0.0,0,0,0,0.0,0,0,1.36,0,0,0,0.0,0.0,0,100.0,0.0,0,0,0.0,0,0,0.0,0.0,0.0,0,0,0.0,0,0.0,1,0,0,0,0,0,0,0,0,0.0,0.0,0.0,0,0,0.0,0.0,0.0,6000000.0,720.0,0,6.0,,,15.0,260.0,,,37.0,3,5,15,2.3600000000000003,3,0.0,0.0,0,1
Müller et al .2017,10.1007/s10439-016-1704-5,0.0,0.0,0.0,0.0,0.0,0.0,0.0,0.0,0,0.0,0.0,0,0.0,0,0.0,0,0,0,0.0,0,0,1.36,0,0,0,0.0,0.0,0,100.0,0.0,0,0,0.0,0,0,0.0,0.0,0.0,0,0,0.0,0,0.0,1,0,0,0,0,0,0,0,0,0.0,0.0,0.0,0,0,0.0,0.0,0.0,6000000.0,720.0,0,38.0,,,5.0,210.0,,,37.0,3,2,6,2.3600000000000003,3,0.0,0.0,0,1
Müller et al .2017,10.1007/s10439-016-1704-5,0.0,0.0,0.0,0.0,0.0,0.0,0.0,0.0,0,0.0,0.0,0,0.0,0,0.0,0,0,0,0.0,0,0,1.36,0,0,0,0.0,0.0,0,100.0,0.0,0,0,0.0,0,0,0.0,0.0,0.0,0,0,0.0,0,0.0,1,0,0,0,0,0,0,0,0,0.0,0.0,0.0,0,0,0.0,0.0,0.0,6000000.0,720.0,0,38.0,,,5.0,210.0,,,37.0,3,2,6,2.3600000000000003,3,0.0,0.0,0,1
Müller et al .2017,10.1007/s10439-016-1704-5,0.0,0.0,0.0,0.0,0.0,0.0,0.0,0.0,0,0.0,0.0,0,0.0,0,0.0,0,0,0,0.0,0,0,1.36,0,0,0,0.0,0.0,0,100.0,0.0,0,0,0.0,0,0,0.0,0.0,0.0,0,0,0.0,0,0.0,1,0,0,0,0,0,0,0,0,0.0,0.0,0.0,0,0,0.0,0.0,0.0,6000000.0,720.0,0,38.0,,,5.0,210.0,,,37.0,3,4,12,2.3600000000000003,3,0.0,0.0,0,1
Müller et al .2017,10.1007/s10439-016-1704-5,0.0,0.0,0.0,0.0,0.0,0.0,0.0,0.0,0,0.0,0.0,0,0.0,0,0.0,0,0,0,0.0,0,0,1.36,0,0,0,0.0,0.0,0,100.0,0.0,0,0,0.0,0,0,0.0,0.0,0.0,0,0,0.0,0,0.0,1,0,0,0,0,0,0,0,0,0.0,0.0,0.0,0,0,0.0,0.0,0.0,6000000.0,720.0,0,38.0,,,5.0,210.0,,,37.0,3,2,6,2.3600000000000003,3,0.0,0.0,0,1
Müller et al .2017,10.1007/s10439-016-1704-5,0.0,0.0,0.0,0.0,0.0,0.0,0.0,0.0,0,0.0,0.0,0,0.0,0,0.0,0,0,0,0.0,0,0,1.36,0,0,0,0.0,0.0,0,100.0,0.0,0,0,0.0,0,0,0.0,0.0,0.0,0,0,0.0,0,0.0,1,0,0,0,0,0,0,0,0,0.0,0.0,0.0,0,0,0.0,0.0,0.0,6000000.0,720.0,0,38.0,,,5.0,210.0,,,37.0,3,5,15,2.3600000000000003,3,0.0,0.0,0,1
Müller et al .2017,10.1007/s10439-016-1704-5,0.0,0.0,0.0,0.0,0.0,0.0,0.0,0.0,0,0.0,0.0,0,0.0,0,0.0,0,0,0,0.0,0,0,1.36,0,0,0,0.0,0.0,0,100.0,0.0,0,0,0.0,0,0,0.0,0.0,0.0,0,0,0.0,0,0.0,1,0,0,0,0,0,0,0,0,0.0,0.0,0.0,0,0,0.0,0.0,0.0,6000000.0,720.0,0,10.0,,,15.0,210.0,,,37.0,3,2,6,2.3600000000000003,3,0.0,0.0,0,1
Müller et al .2017,10.1007/s10439-016-1704-5,0.0,0.0,0.0,0.0,0.0,0.0,0.0,0.0,0,0.0,0.0,0,0.0,0,0.0,0,0,0,0.0,0,0,1.36,0,0,0,0.0,0.0,0,100.0,0.0,0,0,0.0,0,0,0.0,0.0,0.0,0,0,0.0,0,0.0,1,0,0,0,0,0,0,0,0,0.0,0.0,0.0,0,0,0.0,0.0,0.0,6000000.0,720.0,0,10.0,,,15.0,210.0,,,37.0,3,2,6,2.3600000000000003,3,0.0,0.0,0,1
Müller et al .2017,10.1007/s10439-016-1704-5,0.0,0.0,0.0,0.0,0.0,0.0,0.0,0.0,0,0.0,0.0,0,0.0,0,0.0,0,0,0,0.0,0,0,1.36,0,0,0,0.0,0.0,0,100.0,0.0,0,0,0.0,0,0,0.0,0.0,0.0,0,0,0.0,0,0.0,1,0,0,0,0,0,0,0,0,0.0,0.0,0.0,0,0,0.0,0.0,0.0,6000000.0,720.0,0,10.0,,,15.0,210.0,,,37.0,3,4,12,2.3600000000000003,3,0.0,0.0,0,1
Müller et al .2017,10.1007/s10439-016-1704-5,0.0,0.0,0.0,0.0,0.0,0.0,0.0,0.0,0,0.0,0.0,0,0.0,0,0.0,0,0,0,0.0,0,0,1.36,0,0,0,0.0,0.0,0,100.0,0.0,0,0,0.0,0,0,0.0,0.0,0.0,0,0,0.0,0,0.0,1,0,0,0,0,0,0,0,0,0.0,0.0,0.0,0,0,0.0,0.0,0.0,6000000.0,720.0,0,10.0,,,15.0,210.0,,,37.0,3,2,6,2.3600000000000003,3,0.0,0.0,0,1
Müller et al .2017,10.1007/s10439-016-1704-5,0.0,0.0,0.0,0.0,0.0,0.0,0.0,0.0,0,0.0,0.0,0,0.0,0,0.0,0,0,0,0.0,0,0,1.36,0,0,0,0.0,0.0,0,100.0,0.0,0,0,0.0,0,0,0.0,0.0,0.0,0,0,0.0,0,0.0,1,0,0,0,0,0,0,0,0,0.0,0.0,0.0,0,0,0.0,0.0,0.0,6000000.0,720.0,0,10.0,,,15.0,210.0,,,37.0,3,4,12,2.3600000000000003,3,0.0,0.0,0,1
Müller et al .2017,10.1007/s10439-016-1704-5,0.0,0.0,0.0,0.0,0.0,0.0,0.0,0.0,0,0.0,0.0,0,0.0,0,0.0,0,0,0,0.0,0,0,1.36,0,0,0,0.0,0.0,0,100.0,0.0,0,0,0.0,0,0,0.0,0.0,0.0,0,0,0.0,0,0.0,1,0,0,0,0,0,0,0,0,0.0,0.0,0.0,0,0,0.0,0.0,0.0,6000000.0,720.0,0,74.0,,,5.0,159.0,,,37.0,3,2,6,2.3600000000000003,3,0.0,0.0,0,1
Müller et al .2017,10.1007/s10439-016-1704-5,0.0,0.0,0.0,0.0,0.0,0.0,0.0,0.0,0,0.0,0.0,0,0.0,0,0.0,0,0,0,0.0,0,0,1.36,0,0,0,0.0,0.0,0,100.0,0.0,0,0,0.0,0,0,0.0,0.0,0.0,0,0,0.0,0,0.0,1,0,0,0,0,0,0,0,0,0.0,0.0,0.0,0,0,0.0,0.0,0.0,6000000.0,720.0,0,74.0,,,5.0,159.0,,,37.0,3,2,6,2.3600000000000003,3,0.0,0.0,0,1
Müller et al .2017,10.1007/s10439-016-1704-5,0.0,0.0,0.0,0.0,0.0,0.0,0.0,0.0,0,0.0,0.0,0,0.0,0,0.0,0,0,0,0.0,0,0,1.36,0,0,0,0.0,0.0,0,100.0,0.0,0,0,0.0,0,0,0.0,0.0,0.0,0,0,0.0,0,0.0,1,0,0,0,0,0,0,0,0,0.0,0.0,0.0,0,0,0.0,0.0,0.0,6000000.0,720.0,0,74.0,,,5.0,159.0,,,37.0,3,4,12,2.3600000000000003,3,0.0,0.0,0,1
Müller et al .2017,10.1007/s10439-016-1704-5,0.0,0.0,0.0,0.0,0.0,0.0,0.0,0.0,0,0.0,0.0,0,0.0,0,0.0,0,0,0,0.0,0,0,1.36,0,0,0,0.0,0.0,0,100.0,0.0,0,0,0.0,0,0,0.0,0.0,0.0,0,0,0.0,0,0.0,1,0,0,0,0,0,0,0,0,0.0,0.0,0.0,0,0,0.0,0.0,0.0,6000000.0,720.0,0,74.0,,,5.0,159.0,,,37.0,3,2,6,2.3600000000000003,3,0.0,0.0,0,1
Müller et al .2017,10.1007/s10439-016-1704-5,0.0,0.0,0.0,0.0,0.0,0.0,0.0,0.0,0,0.0,0.0,0,0.0,0,0.0,0,0,0,0.0,0,0,1.36,0,0,0,0.0,0.0,0,100.0,0.0,0,0,0.0,0,0,0.0,0.0,0.0,0,0,0.0,0,0.0,1,0,0,0,0,0,0,0,0,0.0,0.0,0.0,0,0,0.0,0.0,0.0,6000000.0,720.0,0,74.0,,,5.0,159.0,,,37.0,3,4,12,2.3600000000000003,3,0.0,0.0,0,1
Müller et al .2017,10.1007/s10439-016-1704-5,0.0,0.0,0.0,0.0,0.0,0.0,0.0,0.0,0,0.0,0.0,0,0.0,0,0.0,0,0,0,0.0,0,0,1.36,0,0,0,0.0,0.0,0,100.0,0.0,0,0,0.0,0,0,0.0,0.0,0.0,0,0,0.0,0,0.0,1,0,0,0,0,0,0,0,0,0.0,0.0,0.0,0,0,0.0,0.0,0.0,6000000.0,720.0,0,45.0,,,5.0,150.0,,,37.0,3,2,6,2.3600000000000003,3,0.0,0.0,0,1
Müller et al .2017,10.1007/s10439-016-1704-5,0.0,0.0,0.0,0.0,0.0,0.0,0.0,0.0,0,0.0,0.0,0,0.0,0,0.0,0,0,0,0.0,0,0,1.36,0,0,0,0.0,0.0,0,100.0,0.0,0,0,0.0,0,0,0.0,0.0,0.0,0,0,0.0,0,0.0,1,0,0,0,0,0,0,0,0,0.0,0.0,0.0,0,0,0.0,0.0,0.0,6000000.0,720.0,0,45.0,,,5.0,150.0,,,37.0,3,2,6,2.3600000000000003,3,0.0,0.0,0,1
Müller et al .2017,10.1007/s10439-016-1704-5,0.0,0.0,0.0,0.0,0.0,0.0,0.0,0.0,0,0.0,0.0,0,0.0,0,0.0,0,0,0,0.0,0,0,1.36,0,0,0,0.0,0.0,0,100.0,0.0,0,0,0.0,0,0,0.0,0.0,0.0,0,0,0.0,0,0.0,1,0,0,0,0,0,0,0,0,0.0,0.0,0.0,0,0,0.0,0.0,0.0,6000000.0,720.0,0,45.0,,,5.0,150.0,,,37.0,3,4,12,2.3600000000000003,3,0.0,0.0,0,1
Müller et al .2017,10.1007/s10439-016-1704-5,0.0,0.0,0.0,0.0,0.0,0.0,0.0,0.0,0,0.0,0.0,0,0.0,0,0.0,0,0,0,0.0,0,0,1.36,0,0,0,0.0,0.0,0,100.0,0.0,0,0,0.0,0,0,0.0,0.0,0.0,0,0,0.0,0,0.0,1,0,0,0,0,0,0,0,0,0.0,0.0,0.0,0,0,0.0,0.0,0.0,6000000.0,720.0,0,45.0,,,5.0,150.0,,,37.0,3,2,6,2.3600000000000003,3,0.0,0.0,0,1
Müller et al .2017,10.1007/s10439-016-1704-5,0.0,0.0,0.0,0.0,0.0,0.0,0.0,0.0,0,0.0,0.0,0,0.0,0,0.0,0,0,0,0.0,0,0,1.36,0,0,0,0.0,0.0,0,100.0,0.0,0,0,0.0,0,0,0.0,0.0,0.0,0,0,0.0,0,0.0,1,0,0,0,0,0,0,0,0,0.0,0.0,0.0,0,0,0.0,0.0,0.0,6000000.0,720.0,0,45.0,,,5.0,150.0,,,37.0,3,4,12,2.3600000000000003,3,0.0,0.0,0,1
Müller et al .2017,10.1007/s10439-016-1704-5,0.0,0.0,0.0,0.0,0.0,0.0,0.0,0.0,0,0.0,0.0,0,0.0,0,0.0,0,0,0,0.0,0,0,1.36,0,0,0,0.0,0.0,0,100.0,0.0,0,0,0.0,0,0,0.0,0.0,0.0,0,0,0.0,0,0.0,1,0,0,0,0,0,0,0,0,0.0,0.0,0.0,0,0,0.0,0.0,0.0,6000000.0,720.0,0,45.0,,,5.0,300.0,,,37.0,3,2,6,2.3600000000000003,3,0.0,0.0,0,1
Müller et al .2017,10.1007/s10439-016-1704-5,0.0,0.0,0.0,0.0,0.0,0.0,0.0,0.0,0,0.0,0.0,0,0.0,0,0.0,0,0,0,0.0,0,0,1.36,0,0,0,0.0,0.0,0,100.0,0.0,0,0,0.0,0,0,0.0,0.0,0.0,0,0,0.0,0,0.0,1,0,0,0,0,0,0,0,0,0.0,0.0,0.0,0,0,0.0,0.0,0.0,6000000.0,720.0,0,45.0,,,5.0,300.0,,,37.0,3,2,6,2.3600000000000003,3,0.0,0.0,0,1
Müller et al .2017,10.1007/s10439-016-1704-5,0.0,0.0,0.0,0.0,0.0,0.0,0.0,0.0,0,0.0,0.0,0,0.0,0,0.0,0,0,0,0.0,0,0,1.36,0,0,0,0.0,0.0,0,100.0,0.0,0,0,0.0,0,0,0.0,0.0,0.0,0,0,0.0,0,0.0,1,0,0,0,0,0,0,0,0,0.0,0.0,0.0,0,0,0.0,0.0,0.0,6000000.0,720.0,0,45.0,,,5.0,300.0,,,37.0,3,4,12,2.3600000000000003,3,0.0,0.0,0,1
Müller et al .2017,10.1007/s10439-016-1704-5,0.0,0.0,0.0,0.0,0.0,0.0,0.0,0.0,0,0.0,0.0,0,0.0,0,0.0,0,0,0,0.0,0,0,1.36,0,0,0,0.0,0.0,0,100.0,0.0,0,0,0.0,0,0,0.0,0.0,0.0,0,0,0.0,0,0.0,1,0,0,0,0,0,0,0,0,0.0,0.0,0.0,0,0,0.0,0.0,0.0,6000000.0,720.0,0,45.0,,,5.0,300.0,,,37.0,3,2,6,2.3600000000000003,3,0.0,0.0,0,1
Müller et al .2017,10.1007/s10439-016-1704-5,0.0,0.0,0.0,0.0,0.0,0.0,0.0,0.0,0,0.0,0.0,0,0.0,0,0.0,0,0,0,0.0,0,0,1.36,0,0,0,0.0,0.0,0,100.0,0.0,0,0,0.0,0,0,0.0,0.0,0.0,0,0,0.0,0,0.0,1,0,0,0,0,0,0,0,0,0.0,0.0,0.0,0,0,0.0,0.0,0.0,6000000.0,720.0,0,45.0,,,5.0,300.0,,,37.0,3,4,12,2.3600000000000003,3,0.0,0.0,0,1
Müller et al .2017,10.1007/s10439-016-1704-5,0.5,0.0,0.0,0.0,0.0,0.0,0.0,0.0,0,0.0,0.0,0,0.0,0,0.0,0,0,0,0.0,0,0,1.36,0,0,0,0.0,0.0,0,100.0,0.0,0,0,0.0,0,0,0.0,0.0,0.0,0,0,0.0,0,0.0,0,0,0,0,0,0,0,0,0,0.0,0.0,0.0,0,0,0.0,0.0,0.0,6000000.0,720.0,0,15.0,,,15.0,413.0,,,37.0,2,2,4,1.86,3,0.0,0.0,0,1
Müller et al .2017,10.1007/s10439-016-1704-5,0.5,0.0,0.0,0.0,0.0,0.0,0.0,0.0,0,0.0,0.0,0,0.0,0,0.0,0,0,0,0.0,0,0,1.36,0,0,0,0.0,0.0,0,100.0,0.0,0,0,0.0,0,0,0.0,0.0,0.0,0,0,0.0,0,0.0,0,0,0,0,0,0,0,0,0,0.0,0.0,0.0,0,0,0.0,0.0,0.0,6000000.0,720.0,0,15.0,,,15.0,413.0,,,37.0,2,5,10,1.86,3,0.0,0.0,0,1
Müller et al .2017,10.1007/s10439-016-1704-5,0.5,0.0,0.0,0.0,0.0,0.0,0.0,0.0,0,0.0,0.0,0,0.0,0,0.0,0,0,0,0.0,0,0,1.36,0,0,0,0.0,0.0,0,100.0,0.0,0,0,0.0,0,0,0.0,0.0,0.0,0,0,0.0,0,0.0,0,0,0,0,0,0,0,0,0,0.0,0.0,0.0,0,0,0.0,0.0,0.0,6000000.0,720.0,0,15.0,,,15.0,413.0,,,37.0,2,2,4,1.86,3,0.0,0.0,0,1
Ning et al. 2018,10.1088/1758-5090/aacd30,1.0,0.0,0.0,0.0,0.0,0.0,0.0,0.0,0,0.5,0.0,0,4.0,0,0.0,0,0,0,0.0,0,0,0.0,0,0,0,0.0,0.0,0,20.0,0.0,0,0,0.0,0,0,0.0,0.0,0.0,0,0,0.0,0,0.0,0,0,0,0,0,0,0,0,0,0.0,0.0,0.0,0,0,0.0,0.0,0.0,1000000.0,1080.0,0,30.0,9.0,,6.0,200.0,,,22.0,3,3,9,5.5,4,0.0,0.0,1,1
Ning et al. 2018,10.1088/1758-5090/aacd30,1.0,0.0,0.0,0.0,0.0,0.0,0.0,0.0,0,0.5,0.0,0,4.0,0,0.0,0,0,0,0.0,0,0,0.0,0,0,0,0.0,0.0,0,20.0,0.0,0,0,0.0,0,0,0.0,0.0,0.0,0,0,0.0,0,0.0,0,0,0,0,0,0,0,0,0,0.0,0.0,0.0,0,0,0.0,0.0,0.0,1000000.0,1080.0,0,30.0,9.0,,6.0,200.0,,,22.0,3,3,9,5.5,4,0.0,0.0,1,1
Ning et al. 2018,10.1088/1758-5090/aacd30,1.0,0.0,0.0,0.0,0.0,0.0,0.0,0.0,0,0.5,0.0,0,4.0,0,0.0,0,0,0,0.0,0,0,0.0,0,0,0,0.0,0.0,0,20.0,0.0,0,0,0.0,0,0,0.0,0.0,0.0,0,0,0.0,0,0.0,0,0,0,0,0,0,0,0,0,0.0,0.0,0.0,0,0,0.0,0.0,0.0,1000000.0,1080.0,0,30.0,9.0,,6.0,200.0,,,22.0,3,5,15,5.5,4,0.0,0.0,1,1
Ning et al. 2018,10.1088/1758-5090/aacd30,0.0,0.0,0.0,0.0,0.0,0.0,0.0,0.0,0,0.5,0.0,0,4.0,0,0.0,0,0,0,0.0,0,0,0.0,0,0,0,0.0,0.0,0,20.0,0.0,0,0,0.0,0,0,0.0,0.0,0.0,0,0,0.0,0,0.0,0,1,0,0,0,0,0,0,0,0.0,0.0,0.0,0,0,0.0,0.0,0.0,1000000.0,1080.0,0,30.0,9.0,,6.0,200.0,,,22.0,3,3,9,5.5,4,0.0,0.0,1,1
Ning et al. 2018,10.1088/1758-5090/aacd30,0.0,0.0,0.0,0.0,0.0,0.0,0.0,0.0,0,0.5,0.0,0,4.0,0,0.0,0,0,0,0.0,0,0,0.0,0,0,0,0.0,0.0,0,20.0,0.0,0,0,0.0,0,0,0.0,0.0,0.0,0,0,0.0,0,0.0,0,1,0,0,0,0,0,0,0,0.0,0.0,0.0,0,0,0.0,0.0,0.0,1000000.0,1080.0,0,30.0,9.0,,6.0,200.0,,,22.0,3,3,9,5.5,4,0.0,0.0,1,1
Ning et al. 2018,10.1088/1758-5090/aacd30,0.0,0.0,0.0,0.0,0.0,0.0,0.0,0.0,0,0.5,0.0,0,4.0,0,0.0,0,0,0,0.0,0,0,0.0,0,0,0,0.0,0.0,0,20.0,0.0,0,0,0.0,0,0,0.0,0.0,0.0,0,0,0.0,0,0.0,0,1,0,0,0,0,0,0,0,0.0,0.0,0.0,0,0,0.0,0.0,0.0,1000000.0,1080.0,0,30.0,9.0,,6.0,200.0,,,22.0,3,5,15,5.5,4,0.0,0.0,1,1
Kesti et al. 2015,10.1016/j.actbio.2014.09.033,1.0,0.0,0.0,0.0,0.0,0.0,0.0,0.0,0,0.0,0.0,0,0.0,0,0.0,0,0,0,0.0,3,0,0.0,0,0,0,0.0,0.0,0,0.0,0.0,0,20,0.0,0,0,0.0,0.0,0.0,0,0,0.0,0,0.0,0,0,0,0,0,0,0,0,0,0.0,0.0,0.0,0,0,0.0,0.0,0.0,6000000.0,22.5,0,150.0,13.33333333,,8.33,410.0,,22.0,4.0,3,5,15,4.0,3,0.0,0.0,0,1
Kesti et al. 2015,10.1016/j.actbio.2014.09.033,0.0,0.0,0.0,0.0,0.0,0.0,0.0,0.0,0,0.0,0.0,0,0.0,0,0.0,0,0,0,0.0,3,0,0.0,0,0,0,0.0,0.0,0,0.0,0.0,0,20,0.0,0,0,0.0,0.0,0.0,0,0,0.0,0,0.0,0,0,2,15,0,0,0,0,0,0.0,0.0,0.0,0,0,0.0,0.0,0.0,6000000.0,22.5,0,150.0,13.33333333,,8.33,410.0,,22.0,4.0,3,2,6,20.0,4,0.0,0.0,0,1
Kesti et al. 2015,10.1016/j.actbio.2014.09.033,0.0,0.0,0.0,0.0,0.0,0.0,0.0,0.0,0,0.0,0.0,0,0.0,0,0.0,0,0,0,0.0,3,0,0.0,0,0,0,0.0,0.0,0,0.0,0.0,0,20,0.0,0,0,0.0,0.0,0.0,0,0,0.0,0,0.0,0,0,0,15,5,0,0,0,0,0.0,0.0,0.0,0,0,0.0,0.0,0.0,0.0,22.5,0,150.0,13.33333333,,8.33,410.0,,22.0,4.0,2,1,2,23.0,4,0.0,0.0,0,0
Kesti et al. 2015,10.1016/j.actbio.2014.09.033,0.0,0.0,0.0,0.0,0.0,0.0,0.0,0.0,0,0.0,0.0,0,0.0,0,0.0,0,0,0,0.0,3,0,0.0,0,0,0,0.0,0.0,0,0.0,0.0,0,20,0.0,0,0,0.0,0.0,0.0,0,0,0.0,0,0.0,0,0,0,15,0,0,0,0,0,0.0,0.0,0.0,0,0,0.0,0.0,0.0,0.0,22.5,0,150.0,13.33333333,,8.33,410.0,,22.0,4.0,2,1,2,18.0,3,0.0,0.0,0,0
Markstedt et al. 2015,10.1021/acs.biomac.5b00188,0.5,0.0,0.0,0.0,0.0,0.0,0.0,0.0,0,0.0,0.0,0,0.0,0,0.0,0,0,0,0.0,0,0,2.0,0,0,0,0.0,0.0,0,90.0,0.0,0,0,0.0,0,0,0.0,0.0,0.0,0,0,0.0,0,0.0,0,0,0,0,0,0,0,0,0,0.0,0.0,0.0,0,0,0.0,0.0,0.0,15000000.0,600.0,0,40.0,,,5.0,300.0,,,22.0,3,5,15,2.5,3,0.0,0.0,0,1
Markstedt et al. 2015,10.1021/acs.biomac.5b00188,0.5,0.0,0.0,0.0,0.0,0.0,0.0,0.0,0,0.0,0.0,0,0.0,0,0.0,0,0,0,0.0,0,0,2.0,0,0,0,0.0,0.0,0,90.0,0.0,0,0,0.0,0,0,0.0,0.0,0.0,0,0,0.0,0,0.0,0,0,0,0,0,0,0,0,0,0.0,0.0,0.0,0,0,0.0,0.0,0.0,15000000.0,600.0,0,40.0,,,5.0,300.0,,,22.0,3,5,15,2.5,3,0.0,0.0,0,1
Markstedt et al. 2015,10.1021/acs.biomac.5b00188,0.25,0.0,0.0,0.0,0.0,0.0,0.0,0.0,0,0.0,0.0,0,0.0,0,0.0,0,0,0,0.0,0,0,2.25,0,0,0,0.0,0.0,0,90.0,0.0,0,0,0.0,0,0,0.0,0.0,0.0,0,0,0.0,0,0.0,0,0,0,0,0,0,0,0,0,0.0,0.0,0.0,0,0,0.0,0.0,0.0,0.0,600.0,0,30.0,,,5.0,300.0,,,22.0,2,1,2,2.5,3,0.0,0.0,0,0
Markstedt et al. 2015,10.1021/acs.biomac.5b00188,0.75,0.0,0.0,0.0,0.0,0.0,0.0,0.0,0,0.0,0.0,0,0.0,0,0.0,0,0,0,0.0,0,0,1.75,0,0,0,0.0,0.0,0,90.0,0.0,0,0,0.0,0,0,0.0,0.0,0.0,0,0,0.0,0,0.0,0,0,0,0,0,0,0,0,0,0.0,0.0,0.0,0,0,0.0,0.0,0.0,0.0,600.0,0,40.0,,,5.0,300.0,,,22.0,2,1,2,2.5,3,0.0,0.0,0,0
Markstedt et al. 2015,10.1021/acs.biomac.5b00188,1.0,0.0,0.0,0.0,0.0,0.0,0.0,0.0,0,0.0,0.0,0,0.0,0,0.0,0,0,0,0.0,0,0,1.5,0,0,0,0.0,0.0,0,90.0,0.0,0,0,0.0,0,0,0.0,0.0,0.0,0,0,0.0,0,0.0,0,0,0,0,0,0,0,0,0,0.0,0.0,0.0,0,0,0.0,0.0,0.0,0.0,600.0,0,40.0,,,5.0,300.0,,,22.0,2,1,2,2.5,3,0.0,0.0,0,0
Markstedt et al. 2015,10.1021/acs.biomac.5b00188,2.0,0.0,0.0,0.0,0.0,0.0,0.0,0.0,0,0.0,0.0,0,0.0,0,0.0,0,0,0,0.0,0,0,0.0,0,0,0,0.0,0.0,0,90.0,0.0,0,0,0.0,0,0,0.0,0.0,0.0,0,0,0.0,0,0.0,0,0,0,0,0,0,0,0,0,0.0,0.0,0.0,0,0,0.0,0.0,0.0,0.0,600.0,0,40.0,,,5.0,300.0,,,22.0,2,1,2,2.0,2,0.0,0.0,0,0
Markstedt et al. 2015,10.1021/acs.biomac.5b00188,3.0,0.0,0.0,0.0,0.0,0.0,0.0,0.0,0,0.0,0.0,0,0.0,0,0.0,0,0,0,0.0,0,0,0.0,0,0,0,0.0,0.0,0,90.0,0.0,0,0,0.0,0,0,0.0,0.0,0.0,0,0,0.0,0,0.0,0,0,0,0,0,0,0,0,0,0.0,0.0,0.0,0,0,0.0,0.0,0.0,0.0,600.0,0,40.0,,,5.0,300.0,,,22.0,2,1,2,3.0,2,0.0,0.0,0,0
Markstedt et al. 2015,10.1021/acs.biomac.5b00188,4.0,0.0,0.0,0.0,0.0,0.0,0.0,0.0,0,0.0,0.0,0,0.0,0,0.0,0,0,0,0.0,0,0,0.0,0,0,0,0.0,0.0,0,90.0,0.0,0,0,0.0,0,0,0.0,0.0,0.0,0,0,0.0,0,0.0,0,0,0,0,0,0,0,0,0,0.0,0.0,0.0,0,0,0.0,0.0,0.0,0.0,600.0,0,40.0,,,5.0,300.0,,,22.0,2,1,2,4.0,2,0.0,0.0,0,0
Shim et al. 2012,10.1088/0960-1317/22/8/085014,4.0,0.0,0.0,0.0,0.0,0.0,0.0,0.0,0,0.0,0.0,0,0.0,0,0.0,0,0,0,0.0,0,0,0.0,0,0,0,0.0,0.0,0,100.0,145.0,0,0,0.0,0,0,0.0,0.0,0.0,0,0,0.0,0,0.0,0,0,0,0,0,0,0,0,0,0.0,0.0,0.0,0,0,0.0,0.0,0.0,1000000.0,600.0,0,,0.01,,0.02,250.0,,20.0,22.0,3,5,15,4.0,3,0.0,0.0,0,1
Shim et al. 2012,10.1088/0960-1317/22/8/085014,4.0,0.0,0.0,0.0,0.0,0.0,0.0,0.0,0,0.0,0.0,0,0.0,0,0.0,0,0,0,0.0,0,0,0.0,0,0,0,0.0,0.0,0,100.0,145.0,0,0,0.0,0,0,0.0,0.0,0.0,0,0,0.0,0,0.0,0,0,0,0,0,0,0,0,0,0.0,0.0,0.0,0,0,0.0,0.0,0.0,1000000.0,600.0,0,,0.01,,0.02,250.0,,20.0,22.0,3,5,15,4.0,3,0.0,0.0,0,1
Shim et al. 2012,10.1088/0960-1317/22/8/085014,4.0,0.0,0.0,0.0,0.0,0.0,0.0,0.0,0,0.0,0.0,0,0.0,0,0.0,0,0,0,0.0,0,0,0.0,0,0,0,0.0,0.0,0,100.0,145.0,0,0,0.0,0,0,0.0,0.0,0.0,0,0,0.0,0,0.0,0,0,0,0,0,0,0,0,0,0.0,0.0,0.0,0,0,0.0,0.0,0.0,1000000.0,600.0,0,,0.01,,0.02,250.0,,20.0,22.0,3,5,15,4.0,3,0.0,0.0,0,1
Shim et al. 2012,10.1088/0960-1317/22/8/085014,4.0,0.0,0.0,0.0,0.0,0.0,0.0,0.0,0,0.0,0.0,0,0.0,0,0.0,0,0,0,0.0,0,0,0.0,0,0,0,0.0,0.0,0,100.0,145.0,0,0,0.0,0,0,0.0,0.0,0.0,0,0,0.0,0,0.0,0,0,0,0,0,0,0,0,0,0.0,0.0,0.0,0,0,0.0,0.0,0.0,1000000.0,600.0,0,,0.01,,0.02,250.0,,20.0,22.0,3,5,15,4.0,3,0.0,0.0,0,1
Shim et al. 2012,10.1088/0960-1317/22/8/085014,0.0,0.0,0.0,0.0,0.0,0.0,0.0,0.0,0,0.0,0.0,0,0.0,0,0.0,0,0,0,0.0,0,0,0.0,0,0,0,0.0,0.0,0,100.0,145.0,0,0,0.0,0,0,0.0,0.0,0.0,0,0,0.0,0,0.0,0,0,0,0,0,100,0,0,0,0.0,0.0,0.0,0,0,0.0,0.0,0.0,0.0,600.0,0,400.0,0.834,,1.667,200.0,,80.0,22.0,3,1,3,100.0,3,0.0,0.0,1,0
Shim et al. 2012,10.1088/0960-1317/22/8/085014,0.0,0.0,0.0,0.0,0.0,0.0,0.0,0.0,0,0.0,0.0,0,0.0,0,0.0,0,0,0,0.0,0,0,0.0,0,0,0,0.0,0.0,0,100.0,145.0,0,0,0.0,0,0,0.0,0.0,0.0,0,0,0.0,0,0.0,0,0,0,0,0,100,0,0,0,0.0,0.0,0.0,0,0,0.0,0.0,0.0,0.0,600.0,0,400.0,1.667,,1.667,200.0,,80.0,22.0,3,1,3,100.0,3,0.0,0.0,1,0
Shim et al. 2012,10.1088/0960-1317/22/8/085014,0.0,0.0,0.0,0.0,0.0,0.0,0.0,0.0,0,0.0,0.0,0,0.0,0,0.0,0,0,0,0.0,0,0,0.0,0,0,0,0.0,0.0,0,100.0,145.0,0,0,0.0,0,0,0.0,0.0,0.0,0,0,0.0,0,0.0,0,0,0,0,0,100,0,0,0,0.0,0.0,0.0,0,0,0.0,0.0,0.0,0.0,600.0,0,400.0,2.5,,1.667,200.0,,80.0,22.0,3,1,3,100.0,3,0.0,0.0,1,0
Shim et al. 2012,10.1088/0960-1317/22/8/085014,0.0,0.0,0.0,0.0,0.0,0.0,0.0,0.0,0,0.0,0.0,0,0.0,0,0.0,0,0,0,0.0,0,0,0.0,0,0,0,0.0,0.0,0,100.0,145.0,0,0,0.0,0,0,0.0,0.0,0.0,0,0,0.0,0,0.0,0,0,0,0,0,100,0,0,0,0.0,0.0,0.0,0,0,0.0,0.0,0.0,0.0,600.0,0,400.0,3.334,,1.667,200.0,,80.0,22.0,3,1,3,100.0,3,0.0,0.0,1,0
Shim et al. 2012,10.1088/0960-1317/22/8/085014,0.0,0.0,0.0,0.0,0.0,0.0,0.0,0.0,0,0.0,0.0,0,0.0,0,0.0,0,0,0,0.0,0,0,0.0,0,0,0,0.0,0.0,0,100.0,145.0,0,0,0.0,0,0,0.0,0.0,0.0,0,0,0.0,0,0.0,0,0,0,0,0,100,0,0,0,0.0,0.0,0.0,0,0,0.0,0.0,0.0,0.0,600.0,0,400.0,4.167,,1.667,200.0,,80.0,22.0,3,1,3,100.0,3,0.0,0.0,1,0
Shim et al. 2012,10.1088/0960-1317/22/8/085014,0.0,0.0,0.0,0.0,0.0,0.0,0.0,0.0,0,0.0,0.0,0,0.0,0,0.0,0,0,0,0.0,0,0,0.0,0,0,0,0.0,0.0,0,100.0,145.0,0,0,0.0,0,0,0.0,0.0,0.0,0,0,0.0,0,0.0,0,0,0,0,0,100,0,0,0,0.0,0.0,0.0,0,0,0.0,0.0,0.0,0.0,600.0,0,400.0,5.0,,1.667,200.0,,80.0,22.0,3,1,3,100.0,3,0.0,0.0,1,0
Shim et al. 2012,10.1088/0960-1317/22/8/085014,0.0,0.0,0.0,0.0,0.0,0.0,0.0,0.0,0,0.0,0.0,0,0.0,0,0.0,0,0,0,0.0,0,0,0.0,0,0,0,0.0,0.0,0,100.0,145.0,0,0,0.0,0,0,0.0,0.0,0.0,0,0,0.0,0,0.0,0,0,0,0,0,100,0,0,0,0.0,0.0,0.0,0,0,0.0,0.0,0.0,0.0,600.0,0,400.0,0.834,,1.667,150.0,,80.0,22.0,3,1,3,100.0,3,0.0,0.0,1,0
Shim et al. 2012,10.1088/0960-1317/22/8/085014,0.0,0.0,0.0,0.0,0.0,0.0,0.0,0.0,0,0.0,0.0,0,0.0,0,0.0,0,0,0,0.0,0,0,0.0,0,0,0,0.0,0.0,0,100.0,145.0,0,0,0.0,0,0,0.0,0.0,0.0,0,0,0.0,0,0.0,0,0,0,0,0,100,0,0,0,0.0,0.0,0.0,0,0,0.0,0.0,0.0,0.0,600.0,0,400.0,1.25,,1.667,150.0,,80.0,22.0,3,1,3,100.0,3,0.0,0.0,1,0
Shim et al. 2012,10.1088/0960-1317/22/8/085014,0.0,0.0,0.0,0.0,0.0,0.0,0.0,0.0,0,0.0,0.0,0,0.0,0,0.0,0,0,0,0.0,0,0,0.0,0,0,0,0.0,0.0,0,100.0,145.0,0,0,0.0,0,0,0.0,0.0,0.0,0,0,0.0,0,0.0,0,0,0,0,0,100,0,0,0,0.0,0.0,0.0,0,0,0.0,0.0,0.0,0.0,600.0,0,300.0,0.834,,1.667,200.0,,80.0,22.0,3,1,3,100.0,3,0.0,0.0,1,0
Shim et al. 2012,10.1088/0960-1317/22/8/085014,0.0,0.0,0.0,0.0,0.0,0.0,0.0,0.0,0,0.0,0.0,0,0.0,0,0.0,0,0,0,0.0,0,0,0.0,0,0,0,0.0,0.0,0,100.0,145.0,0,0,0.0,0,0,0.0,0.0,0.0,0,0,0.0,0,0.0,0,0,0,0,0,100,0,0,0,0.0,0.0,0.0,0,0,0.0,0.0,0.0,0.0,600.0,0,300.0,1.667,,1.667,200.0,,80.0,22.0,3,1,3,100.0,3,0.0,0.0,1,0
Shim et al. 2012,10.1088/0960-1317/22/8/085014,0.0,0.0,0.0,0.0,0.0,0.0,0.0,0.0,0,0.0,0.0,0,0.0,0,0.0,0,0,0,0.0,0,0,0.0,0,0,0,0.0,0.0,0,100.0,145.0,0,0,0.0,0,0,0.0,0.0,0.0,0,0,0.0,0,0.0,0,0,0,0,0,100,0,0,0,0.0,0.0,0.0,0,0,0.0,0.0,0.0,0.0,600.0,0,300.0,2.5,,1.667,200.0,,80.0,22.0,3,1,3,100.0,3,0.0,0.0,1,0
Shim et al. 2012,10.1088/0960-1317/22/8/085014,0.0,0.0,0.0,0.0,0.0,0.0,0.0,0.0,0,0.0,0.0,0,0.0,0,0.0,0,0,0,0.0,0,0,0.0,0,0,0,0.0,0.0,0,100.0,145.0,0,0,0.0,0,0,0.0,0.0,0.0,0,0,0.0,0,0.0,0,0,0,0,0,100,0,0,0,0.0,0.0,0.0,0,0,0.0,0.0,0.0,0.0,600.0,0,300.0,3.334,,1.667,200.0,,80.0,22.0,3,1,3,100.0,3,0.0,0.0,1,0
Shim et al. 2012,10.1088/0960-1317/22/8/085014,0.0,0.0,0.0,0.0,0.0,0.0,0.0,0.0,0,0.0,0.0,0,0.0,0,0.0,0,0,0,0.0,0,0,0.0,0,0,0,0.0,0.0,0,100.0,145.0,0,0,0.0,0,0,0.0,0.0,0.0,0,0,0.0,0,0.0,0,0,0,0,0,100,0,0,0,0.0,0.0,0.0,0,0,0.0,0.0,0.0,0.0,600.0,0,300.0,4.167,,1.667,200.0,,80.0,22.0,3,1,3,100.0,3,0.0,0.0,1,0
Shim et al. 2012,10.1088/0960-1317/22/8/085014,0.0,0.0,0.0,0.0,0.0,0.0,0.0,0.0,0,0.0,0.0,0,0.0,0,0.0,0,0,0,0.0,0,0,0.0,0,0,0,0.0,0.0,0,100.0,145.0,0,0,0.0,0,0,0.0,0.0,0.0,0,0,0.0,0,0.0,0,0,0,0,0,100,0,0,0,0.0,0.0,0.0,0,0,0.0,0.0,0.0,0.0,600.0,0,300.0,5.0,,1.667,200.0,,80.0,22.0,3,1,3,100.0,3,0.0,0.0,1,0
Shim et al. 2012,10.1088/0960-1317/22/8/085014,0.0,0.0,0.0,0.0,0.0,0.0,0.0,0.0,0,0.0,0.0,0,0.0,0,0.0,0,0,0,0.0,0,0,0.0,0,0,0,0.0,0.0,0,100.0,145.0,0,0,0.0,0,0,0.0,0.0,0.0,0,0,0.0,0,0.0,0,0,0,0,0,100,0,0,0,0.0,0.0,0.0,0,0,0.0,0.0,0.0,0.0,600.0,0,300.0,0.834,,1.667,150.0,,80.0,22.0,3,1,3,100.0,3,0.0,0.0,1,0
Shim et al. 2012,10.1088/0960-1317/22/8/085014,0.0,0.0,0.0,0.0,0.0,0.0,0.0,0.0,0,0.0,0.0,0,0.0,0,0.0,0,0,0,0.0,0,0,0.0,0,0,0,0.0,0.0,0,100.0,145.0,0,0,0.0,0,0,0.0,0.0,0.0,0,0,0.0,0,0.0,0,0,0,0,0,100,0,0,0,0.0,0.0,0.0,0,0,0.0,0.0,0.0,0.0,600.0,0,300.0,1.25,,1.667,150.0,,80.0,22.0,3,1,3,100.0,3,0.0,0.0,1,0
He et al. 2016,10.1038/srep29977,2.5,0.0,0.0,0.0,8.0,0.0,0.0,0.0,0,0.0,0.0,0,0.0,0,0.0,0,0,0,0.0,0,0,0.0,0,0,0,0.0,0.0,0,0.0,0.0,0,0,0.0,0,0,0.0,0.0,0.0,0,0,0.0,0,0.0,0,0,0,0,0,0,0,0,0,0.0,0.0,0.0,0,0,0.0,0.0,0.0,100000.0,300.0,0,20.0,,,,400.0,,37.0,5.0,3,3,9,10.5,2,0.0,0.0,0,1
He et al. 2016,10.1038/srep29977,2.5,0.0,0.0,0.0,8.0,0.0,0.0,0.0,0,0.0,0.0,0,0.0,0,0.0,0,0,0,0.0,0,0,0.0,0,0,0,0.0,0.0,0,0.0,0.0,0,0,0.0,0,0,0.0,0.0,0.0,0,0,0.0,0,0.0,0,0,0,0,0,0,0,0,0,0.0,0.0,0.0,0,0,0.0,0.0,0.0,100000.0,300.0,0,20.0,,,,400.0,,37.0,5.0,3,3,9,10.5,2,0.0,0.0,0,1
He et al. 2016,10.1038/srep29977,2.5,0.0,0.0,0.0,8.0,0.0,0.0,0.0,0,0.0,0.0,0,0.0,0,0.0,0,0,0,0.0,0,0,0.0,0,0,0,0.0,0.0,0,0.0,0.0,0,0,0.0,0,0,0.0,0.0,0.0,0,0,0.0,0,0.0,0,0,0,0,0,0,0,0,0,0.0,0.0,0.0,0,0,0.0,0.0,0.0,100000.0,300.0,0,40.0,,,,400.0,,37.0,5.0,3,4,12,10.5,2,0.0,0.0,0,1
Daly et al. 2016,10.1088/1758-5090/8/4/045002,3.5,0.0,0.0,0.0,0.0,0.0,0.0,0.0,0,0.0,0.0,0,0.0,0,0.0,0,0,0,0.0,0,0,0.0,0,0,0,0.0,0.0,0,50.0,0.0,0,0,0.0,0,0,0.0,0.0,0.0,0,0,0.0,0,0.0,0,0,0,0,0,0,0,0,0,0.0,0.0,0.0,0,0,0.0,0.0,0.0,20000000.0,900.0,0,200.0,,,,260.0,,21.0,,3,5,15,3.5,2,0.0,0.0,0,1
Daly et al. 2016,10.1088/1758-5090/8/4/045002,0.0,0.0,0.0,0.0,0.0,0.0,0.0,0.0,0,0.0,0.0,0,0.0,0,0.0,0,0,0,0.0,0,0,0.0,0,0,0,2.0,0.0,0,50.0,0.0,0,0,0.0,0,0,0.0,0.0,0.0,0,0,0.0,0,0.0,0,0,0,0,0,0,0,0,0,0.0,0.0,0.0,0,0,0.0,0.0,0.0,20000000.0,900.0,0,200.0,,,,260.0,,37.0,,3,5,15,2.0,2,0.0,0.0,0,1
Daly et al. 2016,10.1088/1758-5090/8/4/045002,0.0,0.0,0.0,0.0,0.0,0.0,0.0,0.0,0,0.0,0.0,0,0.0,0,0.0,0,0,0,0.0,0,0,0.0,0,100,0,0.0,0.0,0,50.0,0.0,0,0,0.0,0,0,0.0,0.0,0.0,0,0,0.0,0,0.0,0,0,0,0,0,0,0,0,0,0.05,0.0,0.0,0,0,0.0,0.0,0.0,20000000.0,1800.0,900,140.0,,,,260.0,,21.0,,2,5,10,100.05,3,0.0,0.0,0,1
Daly et al. 2016,10.1088/1758-5090/8/4/045002,0.0,0.0,0.0,0.0,0.0,10.0,0.0,0.0,0,0.0,0.0,0,0.0,0,0.0,0,0,0,0.0,0,0,0.0,0,0,0,0.0,0.0,0,50.0,0.0,0,0,0.0,0,0,0.0,0.0,0.0,0,0,0.0,0,0.0,0,0,0,0,0,0,0,0,0,0.05,0.0,0.0,0,0,0.0,0.0,0.0,20000000.0,1800.0,900,60.0,,,,260.0,,28.0,,3,5,15,10.05,3,0.0,0.0,0,1
Kirillova et al. 2017,10.1002/adma.201703443,3.0,0.0,0.0,0.0,0.0,0.0,0.0,0.0,0,0.0,0.0,0,0.0,0,0.0,0,0,0,0.0,0,0,0.0,0,0,0,0.0,0.0,0,100.0,0.0,0,0,0.0,0,0,0.0,0.0,0.0,0,0,0.0,0,0.0,0,0,0,0,0,0,3,0,0,0.0,0.5,0.0,0,0,0.0,0.0,0.0,500000.0,600.0,120,300.0,,125.0,1.333,250.0,,,25.0,3,5,15,6.5,4,0.0,0.0,0,1
Kirillova et al. 2017,10.1002/adma.201703443,3.0,0.0,0.0,0.0,0.0,0.0,0.0,0.0,0,0.0,0.0,0,0.0,0,0.0,0,0,0,0.0,0,0,0.0,0,0,0,0.0,0.0,0,100.0,0.0,0,0,0.0,0,0,0.0,0.0,0.0,0,0,0.0,0,0.0,0,0,0,0,0,0,3,0,0,0.0,0.5,0.0,0,0,0.0,0.0,0.0,500000.0,600.0,120,300.0,,125.0,0.6667,250.0,,,25.0,3,5,15,6.5,4,0.0,0.0,0,1
Kirillova et al. 2017,10.1002/adma.201703443,3.0,0.0,0.0,0.0,0.0,0.0,0.0,0.0,0,0.0,0.0,0,0.0,0,0.0,0,0,0,0.0,0,0,0.0,0,0,0,0.0,0.0,0,100.0,0.0,0,0,0.0,0,0,0.0,0.0,0.0,0,0,0.0,0,0.0,0,0,0,0,0,0,3,0,0,0.0,0.5,0.0,0,0,0.0,0.0,0.0,500000.0,600.0,120,300.0,,125.0,1.333,250.0,,,25.0,3,5,15,6.5,4,0.0,0.0,0,1
Kirillova et al. 2017,10.1002/adma.201703443,3.0,0.0,0.0,0.0,0.0,0.0,0.0,0.0,0,0.0,0.0,0,0.0,0,0.0,0,0,0,0.0,0,0,0.0,0,0,0,0.0,0.0,0,100.0,0.0,0,0,0.0,0,0,0.0,0.0,0.0,0,0,0.0,0,0.0,0,0,0,0,0,0,3,0,0,0.0,0.5,0.0,0,0,0.0,0.0,0.0,500000.0,600.0,120,300.0,,125.0,0.6667,250.0,,,25.0,3,5,15,6.5,4,0.0,0.0,0,1
Kirillova et al. 2017,10.1002/adma.201703443,3.0,0.0,0.0,0.0,0.0,0.0,0.0,0.0,0,0.0,0.0,0,0.0,0,0.0,0,0,0,0.0,0,0,0.0,0,0,0,0.0,0.0,0,100.0,0.0,0,0,0.0,0,0,0.0,0.0,0.0,0,0,0.0,0,0.0,0,0,0,0,0,0,3,0,0,0.0,0.5,0.0,0,0,0.0,0.0,0.0,500000.0,600.0,120,300.0,,125.0,0.6667,250.0,,,25.0,3,5,15,6.5,4,0.0,0.0,0,1
Kirillova et al. 2017,10.1002/adma.201703443,0.0,0.0,0.0,0.0,0.0,0.0,0.0,0.0,0,0.0,0.0,0,0.0,0,0.0,0,0,0,0.0,0,0,0.0,0,0,0,0.0,0.0,0,100.0,0.0,0,0,0.0,0,0,0.0,0.0,0.0,0,0,0.0,0,0.0,0,0,2,0,0,0,3,0,0,0.0,0.5,0.0,0,0,0.0,0.0,0.0,0.0,600.0,120,300.0,,125.0,0.6667,250.0,,,25.0,3,1,3,5.5,4,0.0,0.0,0,0
Kirillova et al. 2017,10.1002/adma.201703443,1.0,0.0,0.0,0.0,0.0,0.0,0.0,0.0,0,0.0,0.0,0,0.0,0,0.0,0,0,0,0.0,0,0,0.0,0,0,0,0.0,0.0,0,100.0,0.0,0,0,0.0,0,0,0.0,0.0,0.0,0,0,0.0,0,0.0,0,0,0,0,0,0,3,0,0,0.0,0.5,0.0,0,0,0.0,0.0,0.0,0.0,600.0,120,300.0,,125.0,0.6667,250.0,,,25.0,0,1,0,4.5,4,0.0,0.0,0,0
Kirillova et al. 2017,10.1002/adma.201703443,2.0,0.0,0.0,0.0,0.0,0.0,0.0,0.0,0,0.0,0.0,0,0.0,0,0.0,0,0,0,0.0,0,0,0.0,0,0,0,0.0,0.0,0,100.0,0.0,0,0,0.0,0,0,0.0,0.0,0.0,0,0,0.0,0,0.0,0,0,0,0,0,0,3,0,0,0.0,0.5,0.0,0,0,0.0,0.0,0.0,0.0,600.0,120,300.0,,125.0,0.6667,250.0,,,25.0,3,1,3,5.5,4,0.0,0.0,0,0
Kirillova et al. 2017,10.1002/adma.201703443,3.0,0.0,0.0,0.0,0.0,0.0,0.0,0.0,0,0.0,0.0,0,0.0,0,0.0,0,0,0,0.0,0,0,0.0,0,0,0,0.0,0.0,0,100.0,0.0,0,0,0.0,0,0,0.0,0.0,0.0,0,0,0.0,0,0.0,0,0,0,0,0,0,3,0,0,0.0,0.5,0.0,0,0,0.0,0.0,0.0,0.0,600.0,120,300.0,,125.0,0.167,250.0,,,25.0,1,1,1,6.5,4,0.0,0.0,0,0
Kirillova et al. 2017,10.1002/adma.201703443,3.0,0.0,0.0,0.0,0.0,0.0,0.0,0.0,0,0.0,0.0,0,0.0,0,0.0,0,0,0,0.0,0,0,0.0,0,0,0,0.0,0.0,0,100.0,0.0,0,0,0.0,0,0,0.0,0.0,0.0,0,0,0.0,0,0.0,0,0,0,0,0,0,3,0,0,0.0,0.5,0.0,0,0,0.0,0.0,0.0,0.0,600.0,120,300.0,,125.0,0.334,250.0,,,25.0,2,1,2,6.5,4,0.0,0.0,0,0
Kirillova et al. 2017,10.1002/adma.201703443,3.0,0.0,0.0,0.0,0.0,0.0,0.0,0.0,0,0.0,0.0,0,0.0,0,0.0,0,0,0,0.0,0,0,0.0,0,0,0,0.0,0.0,0,100.0,0.0,0,0,0.0,0,0,0.0,0.0,0.0,0,0,0.0,0,0.0,0,0,0,0,0,0,3,0,0,0.0,0.5,0.0,0,0,0.0,0.0,0.0,0.0,600.0,120,300.0,,125.0,0.667,250.0,,,25.0,2,1,2,6.5,4,0.0,0.0,0,0
Kirillova et al. 2017,10.1002/adma.201703443,3.0,0.0,0.0,0.0,0.0,0.0,0.0,0.0,0,0.0,0.0,0,0.0,0,0.0,0,0,0,0.0,0,0,0.0,0,0,0,0.0,0.0,0,100.0,0.0,0,0,0.0,0,0,0.0,0.0,0.0,0,0,0.0,0,0.0,0,0,0,0,0,0,3,0,0,0.0,0.5,0.0,0,0,0.0,0.0,0.0,0.0,600.0,120,300.0,,125.0,1.0,250.0,,,25.0,2,1,2,6.5,4,0.0,0.0,0,0
Kirillova et al. 2017,10.1002/adma.201703443,3.0,0.0,0.0,0.0,0.0,0.0,0.0,0.0,0,0.0,0.0,0,0.0,0,0.0,0,0,0,0.0,0,0,0.0,0,0,0,0.0,0.0,0,100.0,0.0,0,0,0.0,0,0,0.0,0.0,0.0,0,0,0.0,0,0.0,0,0,0,0,0,0,3,0,0,0.0,0.5,0.0,0,0,0.0,0.0,0.0,0.0,600.0,120,300.0,,125.0,1.333,250.0,,,25.0,2,1,2,6.5,4,0.0,0.0,0,0
Kirillova et al. 2017,10.1002/adma.201703443,2.0,0.0,0.0,0.0,0.0,0.0,0.0,0.0,0,0.0,0.0,0,0.0,0,0.0,0,0,0,0.0,0,0,0.0,0,0,0,0.0,0.0,0,100.0,0.0,0,0,0.0,0,0,0.0,0.0,0.0,0,0,0.0,0,0.0,0,0,0,0,0,0,3,0,0,0.0,0.5,0.0,0,0,0.0,0.0,0.0,0.0,600.0,120,300.0,,125.0,0.167,250.0,,,25.0,2,1,2,5.5,4,0.0,0.0,0,0
Kirillova et al. 2017,10.1002/adma.201703443,2.0,0.0,0.0,0.0,0.0,0.0,0.0,0.0,0,0.0,0.0,0,0.0,0,0.0,0,0,0,0.0,0,0,0.0,0,0,0,0.0,0.0,0,100.0,0.0,0,0,0.0,0,0,0.0,0.0,0.0,0,0,0.0,0,0.0,0,0,0,0,0,0,3,0,0,0.0,0.5,0.0,0,0,0.0,0.0,0.0,0.0,600.0,120,300.0,,125.0,0.334,250.0,,,25.0,2,1,2,5.5,4,0.0,0.0,0,0
Kirillova et al. 2017,10.1002/adma.201703443,2.0,0.0,0.0,0.0,0.0,0.0,0.0,0.0,0,0.0,0.0,0,0.0,0,0.0,0,0,0,0.0,0,0,0.0,0,0,0,0.0,0.0,0,100.0,0.0,0,0,0.0,0,0,0.0,0.0,0.0,0,0,0.0,0,0.0,0,0,0,0,0,0,3,0,0,0.0,0.5,0.0,0,0,0.0,0.0,0.0,0.0,600.0,120,300.0,,125.0,0.667,250.0,,,25.0,2,1,2,5.5,4,0.0,0.0,0,0
Kirillova et al. 2017,10.1002/adma.201703443,2.0,0.0,0.0,0.0,0.0,0.0,0.0,0.0,0,0.0,0.0,0,0.0,0,0.0,0,0,0,0.0,0,0,0.0,0,0,0,0.0,0.0,0,100.0,0.0,0,0,0.0,0,0,0.0,0.0,0.0,0,0,0.0,0,0.0,0,0,0,0,0,0,3,0,0,0.0,0.5,0.0,0,0,0.0,0.0,0.0,0.0,600.0,120,300.0,,125.0,1.0,250.0,,,25.0,2,1,2,5.5,4,0.0,0.0,0,0
Kirillova et al. 2017,10.1002/adma.201703443,2.0,0.0,0.0,0.0,0.0,0.0,0.0,0.0,0,0.0,0.0,0,0.0,0,0.0,0,0,0,0.0,0,0,0.0,0,0,0,0.0,0.0,0,100.0,0.0,0,0,0.0,0,0,0.0,0.0,0.0,0,0,0.0,0,0.0,0,0,0,0,0,0,3,0,0,0.0,0.5,0.0,0,0,0.0,0.0,0.0,0.0,600.0,120,300.0,,125.0,1.333,250.0,,,25.0,2,1,2,5.5,4,0.0,0.0,0,0
Kirillova et al. 2017,10.1002/adma.201703443,1.0,0.0,0.0,0.0,0.0,0.0,0.0,0.0,0,0.0,0.0,0,0.0,0,0.0,0,0,0,0.0,0,0,0.0,0,0,0,0.0,0.0,0,100.0,0.0,0,0,0.0,0,0,0.0,0.0,0.0,0,0,0.0,0,0.0,0,0,0,0,0,0,3,0,0,0.0,0.5,0.0,0,0,0.0,0.0,0.0,0.0,600.0,120,300.0,,125.0,0.167,250.0,,,25.0,2,1,2,4.5,4,0.0,0.0,0,0
Kirillova et al. 2017,10.1002/adma.201703443,1.0,0.0,0.0,0.0,0.0,0.0,0.0,0.0,0,0.0,0.0,0,0.0,0,0.0,0,0,0,0.0,0,0,0.0,0,0,0,0.0,0.0,0,100.0,0.0,0,0,0.0,0,0,0.0,0.0,0.0,0,0,0.0,0,0.0,0,0,0,0,0,0,3,0,0,0.0,0.5,0.0,0,0,0.0,0.0,0.0,0.0,600.0,120,300.0,,125.0,0.334,250.0,,,25.0,2,1,2,4.5,4,0.0,0.0,0,0
Kirillova et al. 2017,10.1002/adma.201703443,1.0,0.0,0.0,0.0,0.0,0.0,0.0,0.0,0,0.0,0.0,0,0.0,0,0.0,0,0,0,0.0,0,0,0.0,0,0,0,0.0,0.0,0,100.0,0.0,0,0,0.0,0,0,0.0,0.0,0.0,0,0,0.0,0,0.0,0,0,0,0,0,0,3,0,0,0.0,0.5,0.0,0,0,0.0,0.0,0.0,0.0,600.0,120,300.0,,125.0,0.667,250.0,,,25.0,1,1,1,4.5,4,0.0,0.0,0,0
Kirillova et al. 2017,10.1002/adma.201703443,1.0,0.0,0.0,0.0,0.0,0.0,0.0,0.0,0,0.0,0.0,0,0.0,0,0.0,0,0,0,0.0,0,0,0.0,0,0,0,0.0,0.0,0,100.0,0.0,0,0,0.0,0,0,0.0,0.0,0.0,0,0,0.0,0,0.0,0,0,0,0,0,0,3,0,0,0.0,0.5,0.0,0,0,0.0,0.0,0.0,0.0,600.0,120,300.0,,125.0,1.0,250.0,,,25.0,1,1,1,4.5,4,0.0,0.0,0,0
Kirillova et al. 2017,10.1002/adma.201703443,1.0,0.0,0.0,0.0,0.0,0.0,0.0,0.0,0,0.0,0.0,0,0.0,0,0.0,0,0,0,0.0,0,0,0.0,0,0,0,0.0,0.0,0,100.0,0.0,0,0,0.0,0,0,0.0,0.0,0.0,0,0,0.0,0,0.0,0,0,0,0,0,0,3,0,0,0.0,0.5,0.0,0,0,0.0,0.0,0.0,0.0,600.0,120,300.0,,125.0,1.333,250.0,,,25.0,1,1,1,4.5,4,0.0,0.0,0,0
Yin et al. 2018,10.1021/acsami.7b16059,0.0,0.0,0.0,0.0,0.0,10.0,0.0,0.0,0,0.0,0.0,0,0.0,0,0.0,0,0,0,0.0,0,0,0.0,0,0,0,0.0,0.0,0,0.0,0.0,0,0,0.0,0,0,0.0,0.0,0.0,0,0,0.0,0,0.0,0,0,0,0,0,0,0,0,0,0.0,0.0,0.0,0,0,0.5,0.0,0.0,0.0,0.0,120,300.0,,,5.0,260.0,,20.0,15.0,1,1,1,10.5,2,0.0,0.0,0,0
Yin et al. 2018,10.1021/acsami.7b16059,0.0,0.0,0.0,0.0,0.0,15.0,0.0,0.0,0,0.0,0.0,0,0.0,0,0.0,0,0,0,0.0,0,0,0.0,0,0,0,0.0,0.0,0,0.0,0.0,0,0,0.0,0,0,0.0,0.0,0.0,0,0,0.0,0,0.0,0,0,0,0,0,0,0,0,0,0.0,0.0,0.0,0,0,0.5,0.0,0.0,0.0,0.0,120,300.0,,,5.0,260.0,,20.0,15.0,2,1,2,15.5,2,0.0,0.0,0,0
Yin et al. 2018,10.1021/acsami.7b16059,0.0,0.0,0.0,0.0,0.0,20.0,0.0,0.0,0,0.0,0.0,0,0.0,0,0.0,0,0,0,0.0,0,0,0.0,0,0,0,0.0,0.0,0,0.0,0.0,0,0,0.0,0,0,0.0,0.0,0.0,0,0,0.0,0,0.0,0,0,0,0,0,0,0,0,0,0.0,0.0,0.0,0,0,0.5,0.0,0.0,0.0,0.0,120,300.0,,,5.0,260.0,,20.0,15.0,2,1,2,20.5,2,0.0,0.0,0,0
Yin et al. 2018,10.1021/acsami.7b16059,0.0,0.0,0.0,0.0,2.0,5.0,0.0,0.0,0,0.0,0.0,0,0.0,0,0.0,0,0,0,0.0,0,0,0.0,0,0,0,0.0,0.0,0,0.0,0.0,0,0,0.0,0,0,0.0,0.0,0.0,0,0,0.0,0,0.0,0,0,0,0,0,0,0,0,0,0.0,0.0,0.0,0,0,0.5,0.0,0.0,0.0,0.0,120,300.0,,,5.0,260.0,,20.0,15.0,1,1,1,7.5,3,0.0,0.0,0,0
Yin et al. 2018,10.1021/acsami.7b16059,0.0,0.0,0.0,0.0,2.0,10.0,0.0,0.0,0,0.0,0.0,0,0.0,0,0.0,0,0,0,0.0,0,0,0.0,0,0,0,0.0,0.0,0,0.0,0.0,0,0,0.0,0,0,0.0,0.0,0.0,0,0,0.0,0,0.0,0,0,0,0,0,0,0,0,0,0.0,0.0,0.0,0,0,0.5,0.0,0.0,0.0,0.0,120,300.0,,,5.0,260.0,,20.0,15.0,2,1,2,12.5,3,0.0,0.0,0,0
Yin et al. 2018,10.1021/acsami.7b16059,0.0,0.0,0.0,0.0,2.0,15.0,0.0,0.0,0,0.0,0.0,0,0.0,0,0.0,0,0,0,0.0,0,0,0.0,0,0,0,0.0,0.0,0,0.0,0.0,0,0,0.0,0,0,0.0,0.0,0.0,0,0,0.0,0,0.0,0,0,0,0,0,0,0,0,0,0.0,0.0,0.0,0,0,0.5,0.0,0.0,0.0,0.0,120,300.0,,,5.0,260.0,,20.0,15.0,2,1,2,17.5,3,0.0,0.0,0,0
Yin et al. 2018,10.1021/acsami.7b16059,0.0,0.0,0.0,0.0,2.0,20.0,0.0,0.0,0,0.0,0.0,0,0.0,0,0.0,0,0,0,0.0,0,0,0.0,0,0,0,0.0,0.0,0,0.0,0.0,0,0,0.0,0,0,0.0,0.0,0.0,0,0,0.0,0,0.0,0,0,0,0,0,0,0,0,0,0.0,0.0,0.0,0,0,0.5,0.0,0.0,0.0,0.0,120,300.0,,,5.0,260.0,,20.0,15.0,2,1,2,22.5,3,0.0,0.0,0,0
Yin et al. 2018,10.1021/acsami.7b16059,0.0,0.0,0.0,0.0,2.0,30.0,0.0,0.0,0,0.0,0.0,0,0.0,0,0.0,0,0,0,0.0,0,0,0.0,0,0,0,0.0,0.0,0,0.0,0.0,0,0,0.0,0,0,0.0,0.0,0.0,0,0,0.0,0,0.0,0,0,0,0,0,0,0,0,0,0.0,0.0,0.0,0,0,0.5,0.0,0.0,0.0,0.0,120,300.0,,,5.0,260.0,,20.0,15.0,2,1,2,32.5,3,0.0,0.0,0,0
Yin et al. 2018,10.1021/acsami.7b16059,0.0,0.0,0.0,0.0,4.0,5.0,0.0,0.0,0,0.0,0.0,0,0.0,0,0.0,0,0,0,0.0,0,0,0.0,0,0,0,0.0,0.0,0,0.0,0.0,0,0,0.0,0,0,0.0,0.0,0.0,0,0,0.0,0,0.0,0,0,0,0,0,0,0,0,0,0.0,0.0,0.0,0,0,0.5,0.0,0.0,0.0,0.0,120,300.0,,,5.0,260.0,,20.0,15.0,2,1,2,9.5,3,0.0,0.0,0,0
Yin et al. 2018,10.1021/acsami.7b16059,0.0,0.0,0.0,0.0,4.0,10.0,0.0,0.0,0,0.0,0.0,0,0.0,0,0.0,0,0,0,0.0,0,0,0.0,0,0,0,0.0,0.0,0,0.0,0.0,0,0,0.0,0,0,0.0,0.0,0.0,0,0,0.0,0,0.0,0,0,0,0,0,0,0,0,0,0.0,0.0,0.0,0,0,0.5,0.0,0.0,0.0,0.0,120,300.0,,,5.0,260.0,,20.0,15.0,2,1,2,14.5,3,0.0,0.0,0,0
Yin et al. 2018,10.1021/acsami.7b16059,0.0,0.0,0.0,0.0,4.0,15.0,0.0,0.0,0,0.0,0.0,0,0.0,0,0.0,0,0,0,0.0,0,0,0.0,0,0,0,0.0,0.0,0,0.0,0.0,0,0,0.0,0,0,0.0,0.0,0.0,0,0,0.0,0,0.0,0,0,0,0,0,0,0,0,0,0.0,0.0,0.0,0,0,0.5,0.0,0.0,0.0,0.0,120,300.0,,,5.0,260.0,,20.0,15.0,2,1,2,19.5,3,0.0,0.0,0,0
Yin et al. 2018,10.1021/acsami.7b16059,0.0,0.0,0.0,0.0,4.0,20.0,0.0,0.0,0,0.0,0.0,0,0.0,0,0.0,0,0,0,0.0,0,0,0.0,0,0,0,0.0,0.0,0,0.0,0.0,0,0,0.0,0,0,0.0,0.0,0.0,0,0,0.0,0,0.0,0,0,0,0,0,0,0,0,0,0.0,0.0,0.0,0,0,0.5,0.0,0.0,0.0,0.0,120,300.0,,,5.0,260.0,,20.0,15.0,2,1,2,24.5,3,0.0,0.0,0,0
Yin et al. 2018,10.1021/acsami.7b16059,0.0,0.0,0.0,0.0,4.0,30.0,0.0,0.0,0,0.0,0.0,0,0.0,0,0.0,0,0,0,0.0,0,0,0.0,0,0,0,0.0,0.0,0,0.0,0.0,0,0,0.0,0,0,0.0,0.0,0.0,0,0,0.0,0,0.0,0,0,0,0,0,0,0,0,0,0.0,0.0,0.0,0,0,0.5,0.0,0.0,0.0,0.0,120,300.0,,,5.0,260.0,,20.0,15.0,0,1,0,34.5,3,0.0,0.0,0,0
Yin et al. 2018,10.1021/acsami.7b16059,0.0,0.0,0.0,0.0,6.0,5.0,0.0,0.0,0,0.0,0.0,0,0.0,0,0.0,0,0,0,0.0,0,0,0.0,0,0,0,0.0,0.0,0,0.0,0.0,0,0,0.0,0,0,0.0,0.0,0.0,0,0,0.0,0,0.0,0,0,0,0,0,0,0,0,0,0.0,0.0,0.0,0,0,0.5,0.0,0.0,0.0,0.0,120,300.0,,,5.0,260.0,,20.0,15.0,2,1,2,11.5,3,0.0,0.0,0,0
Yin et al. 2018,10.1021/acsami.7b16059,0.0,0.0,0.0,0.0,6.0,10.0,0.0,0.0,0,0.0,0.0,0,0.0,0,0.0,0,0,0,0.0,0,0,0.0,0,0,0,0.0,0.0,0,0.0,0.0,0,0,0.0,0,0,0.0,0.0,0.0,0,0,0.0,0,0.0,0,0,0,0,0,0,0,0,0,0.0,0.0,0.0,0,0,0.5,0.0,0.0,0.0,0.0,120,300.0,,,5.0,260.0,,20.0,15.0,2,1,2,16.5,3,0.0,0.0,0,0
Yin et al. 2018,10.1021/acsami.7b16059,0.0,0.0,0.0,0.0,6.0,15.0,0.0,0.0,0,0.0,0.0,0,0.0,0,0.0,0,0,0,0.0,0,0,0.0,0,0,0,0.0,0.0,0,0.0,0.0,0,0,0.0,0,0,0.0,0.0,0.0,0,0,0.0,0,0.0,0,0,0,0,0,0,0,0,0,0.0,0.0,0.0,0,0,0.5,0.0,0.0,0.0,0.0,120,300.0,,,5.0,260.0,,20.0,15.0,2,1,2,21.5,3,0.0,0.0,0,0
Yin et al. 2018,10.1021/acsami.7b16059,0.0,0.0,0.0,0.0,6.0,20.0,0.0,0.0,0,0.0,0.0,0,0.0,0,0.0,0,0,0,0.0,0,0,0.0,0,0,0,0.0,0.0,0,0.0,0.0,0,0,0.0,0,0,0.0,0.0,0.0,0,0,0.0,0,0.0,0,0,0,0,0,0,0,0,0,0.0,0.0,0.0,0,0,0.5,0.0,0.0,0.0,0.0,120,300.0,,,5.0,260.0,,20.0,15.0,0,1,0,26.5,3,0.0,0.0,0,0
Yin et al. 2018,10.1021/acsami.7b16059,0.0,0.0,0.0,0.0,6.0,30.0,0.0,0.0,0,0.0,0.0,0,0.0,0,0.0,0,0,0,0.0,0,0,0.0,0,0,0,0.0,0.0,0,0.0,0.0,0,0,0.0,0,0,0.0,0.0,0.0,0,0,0.0,0,0.0,0,0,0,0,0,0,0,0,0,0.0,0.0,0.0,0,0,0.5,0.0,0.0,0.0,0.0,120,300.0,,,5.0,260.0,,20.0,15.0,0,1,0,36.5,3,0.0,0.0,0,0
Yin et al. 2018,10.1021/acsami.7b16059,0.0,0.0,0.0,0.0,8.0,10.0,0.0,0.0,0,0.0,0.0,0,0.0,0,0.0,0,0,0,0.0,0,0,0.0,0,0,0,0.0,0.0,0,0.0,0.0,0,0,0.0,0,0,0.0,0.0,0.0,0,0,0.0,0,0.0,0,0,0,0,0,0,0,0,0,0.0,0.0,0.0,0,0,0.5,0.0,0.0,0.0,0.0,120,300.0,,,5.0,260.0,,20.0,15.0,2,1,2,18.5,3,0.0,0.0,0,0
Yin et al. 2018,10.1021/acsami.7b16059,0.0,0.0,0.0,0.0,8.0,15.0,0.0,0.0,0,0.0,0.0,0,0.0,0,0.0,0,0,0,0.0,0,0,0.0,0,0,0,0.0,0.0,0,0.0,0.0,0,0,0.0,0,0,0.0,0.0,0.0,0,0,0.0,0,0.0,0,0,0,0,0,0,0,0,0,0.0,0.0,0.0,0,0,0.5,0.0,0.0,0.0,0.0,120,300.0,,,5.0,260.0,,20.0,15.0,0,1,0,23.5,3,0.0,0.0,0,0
Yin et al. 2018,10.1021/acsami.7b16059,0.0,0.0,0.0,0.0,8.0,20.0,0.0,0.0,0,0.0,0.0,0,0.0,0,0.0,0,0,0,0.0,0,0,0.0,0,0,0,0.0,0.0,0,0.0,0.0,0,0,0.0,0,0,0.0,0.0,0.0,0,0,0.0,0,0.0,0,0,0,0,0,0,0,0,0,0.0,0.0,0.0,0,0,0.5,0.0,0.0,0.0,0.0,120,300.0,,,5.0,260.0,,20.0,15.0,0,1,0,28.5,3,0.0,0.0,0,0
Yin et al. 2018,10.1021/acsami.7b16059,0.0,0.0,0.0,0.0,8.0,30.0,0.0,0.0,0,0.0,0.0,0,0.0,0,0.0,0,0,0,0.0,0,0,0.0,0,0,0,0.0,0.0,0,0.0,0.0,0,0,0.0,0,0,0.0,0.0,0.0,0,0,0.0,0,0.0,0,0,0,0,0,0,0,0,0,0.0,0.0,0.0,0,0,0.5,0.0,0.0,0.0,0.0,120,300.0,,,5.0,260.0,,20.0,15.0,0,1,0,38.5,3,0.0,0.0,0,0
Yin et al. 2018,10.1021/acsami.7b16059,0.0,0.0,0.0,0.0,10.0,5.0,0.0,0.0,0,0.0,0.0,0,0.0,0,0.0,0,0,0,0.0,0,0,0.0,0,0,0,0.0,0.0,0,0.0,0.0,0,0,0.0,0,0,0.0,0.0,0.0,0,0,0.0,0,0.0,0,0,0,0,0,0,0,0,0,0.0,0.0,0.0,0,0,0.5,0.0,0.0,0.0,0.0,120,300.0,,,5.0,260.0,,20.0,15.0,2,1,2,15.5,3,0.0,0.0,0,0
Yin et al. 2018,10.1021/acsami.7b16059,0.0,0.0,0.0,0.0,10.0,10.0,0.0,0.0,0,0.0,0.0,0,0.0,0,0.0,0,0,0,0.0,0,0,0.0,0,0,0,0.0,0.0,0,0.0,0.0,0,0,0.0,0,0,0.0,0.0,0.0,0,0,0.0,0,0.0,0,0,0,0,0,0,0,0,0,0.0,0.0,0.0,0,0,0.5,0.0,0.0,0.0,0.0,120,300.0,,,5.0,260.0,,20.0,15.0,0,1,0,20.5,3,0.0,0.0,0,0
Yin et al. 2018,10.1021/acsami.7b16059,0.0,0.0,0.0,0.0,10.0,15.0,0.0,0.0,0,0.0,0.0,0,0.0,0,0.0,0,0,0,0.0,0,0,0.0,0,0,0,0.0,0.0,0,0.0,0.0,0,0,0.0,0,0,0.0,0.0,0.0,0,0,0.0,0,0.0,0,0,0,0,0,0,0,0,0,0.0,0.0,0.0,0,0,0.5,0.0,0.0,0.0,0.0,120,300.0,,,5.0,260.0,,20.0,15.0,0,1,0,25.5,3,0.0,0.0,0,0
Yin et al. 2018,10.1021/acsami.7b16059,0.0,0.0,0.0,0.0,10.0,20.0,0.0,0.0,0,0.0,0.0,0,0.0,0,0.0,0,0,0,0.0,0,0,0.0,0,0,0,0.0,0.0,0,0.0,0.0,0,0,0.0,0,0,0.0,0.0,0.0,0,0,0.0,0,0.0,0,0,0,0,0,0,0,0,0,0.0,0.0,0.0,0,0,0.5,0.0,0.0,0.0,0.0,120,300.0,,,5.0,260.0,,20.0,15.0,0,1,0,30.5,3,0.0,0.0,0,0
Yin et al. 2018,10.1021/acsami.7b16059,0.0,0.0,0.0,0.0,10.0,30.0,0.0,0.0,0,0.0,0.0,0,0.0,0,0.0,0,0,0,0.0,0,0,0.0,0,0,0,0.0,0.0,0,0.0,0.0,0,0,0.0,0,0,0.0,0.0,0.0,0,0,0.0,0,0.0,0,0,0,0,0,0,0,0,0,0.0,0.0,0.0,0,0,0.5,0.0,0.0,0.0,0.0,120,300.0,,,5.0,260.0,,20.0,15.0,0,1,0,40.5,3,0.0,0.0,0,0
Yin et al. 2018,10.1021/acsami.7b16059,0.0,0.0,0.0,0.0,0.0,5.0,0.5,0.0,0,0.0,0.0,0,0.0,0,0.0,0,0,0,0.0,0,0,0.0,0,0,0,0.0,0.0,0,0.0,0.0,0,0,0.0,0,0,0.0,0.0,0.0,0,0,0.0,0,0.0,0,0,0,0,0,0,0,0,0,0.0,0.0,0.0,0,0,0.5,0.0,0.0,5000000.0,0.0,120,300.0,,,5.0,260.0,,20.0,15.0,3,5,15,6.0,3,0.0,0.0,1,1
Yin et al. 2018,10.1021/acsami.7b16059,0.0,0.0,0.0,0.0,8.0,5.0,0.5,0.0,0,0.0,0.0,0,0.0,0,0.0,0,0,0,0.0,0,0,0.0,0,0,0,0.0,0.0,0,0.0,0.0,0,0,0.0,0,0,0.0,0.0,0.0,0,0,0.0,0,0.0,0,0,0,0,0,0,0,0,0,0.0,0.0,0.0,0,0,0.5,0.0,0.0,5000000.0,0.0,120,300.0,,,5.0,260.0,,20.0,15.0,3,5,15,14.0,4,0.0,0.0,1,1
Yin et al. 2018,10.1021/acsami.7b16059,0.0,0.0,0.0,0.0,0.0,30.0,0.5,0.0,0,0.0,0.0,0,0.0,0,0.0,0,0,0,0.0,0,0,0.0,0,0,0,0.0,0.0,0,0.0,0.0,0,0,0.0,0,0,0.0,0.0,0.0,0,0,0.0,0,0.0,0,0,0,0,0,0,0,0,0,0.0,0.0,0.0,0,0,0.5,0.0,0.0,5000000.0,0.0,120,300.0,,,5.0,260.0,,20.0,15.0,3,2,6,31.0,3,0.0,0.0,1,1
Yin et al. 2018,10.1021/acsami.7b16059,0.0,0.0,0.0,0.0,0.0,30.0,0.5,0.0,0,0.0,0.0,0,0.0,0,0.0,0,0,0,0.0,0,0,0.0,0,0,0,0.0,0.0,0,0.0,0.0,0,0,0.0,0,0,0.0,0.0,0.0,0,0,0.0,0,0.0,0,0,0,0,0,0,0,0,0,0.0,0.0,0.0,0,0,0.5,0.0,0.0,5000000.0,0.0,120,300.0,,,5.0,260.0,,20.0,15.0,3,4,12,31.0,3,0.0,0.0,1,1
Demirtaş et al. 2017,10.1088/1758-5090/aa7b1d,3.0,0.0,1.0,0.0,0.0,0.0,0.0,0.0,0,0.0,0.0,0,0.0,0,0.0,0,0,0,0.0,0,0,0.0,0,0,0,0.0,0.0,0,180.0,0.0,0,0,0.0,0,0,0.0,0.0,0.0,0,0,0.0,0,0.0,0,0,0,0,0,0,0,0,0,0.0,0.0,0.0,0,0,0.0,0.0,0.0,30000000.0,900.0,0,,,,,1200.0,,,37.0,3,3,9,4.0,3,0.0,0.0,0,1
Demirtaş et al. 2017,10.1088/1758-5090/aa7b1d,3.0,0.0,1.0,0.0,0.0,0.0,0.0,0.0,0,0.0,0.0,0,0.0,0,0.0,0,0,0,0.0,0,0,0.0,0,0,0,0.0,0.0,0,180.0,0.0,0,0,0.0,0,0,0.0,0.0,0.0,0,0,0.0,0,0.0,0,0,0,0,0,0,0,0,0,0.0,0.0,0.0,0,0,0.0,0.0,0.0,30000000.0,900.0,0,,,,,1200.0,,,37.0,3,5,15,4.0,3,0.0,0.0,0,1
Demirtaş et al. 2017,10.1088/1758-5090/aa7b1d,3.0,0.0,1.0,0.0,0.0,0.0,0.0,0.0,2,0.0,0.0,0,0.0,0,0.0,0,0,0,0.0,0,0,0.0,0,0,0,0.0,0.0,0,180.0,0.0,0,0,0.0,0,0,0.0,0.0,0.0,0,0,0.0,0,0.0,0,0,0,0,0,0,0,0,0,0.0,0.0,0.0,0,0,0.0,0.0,0.0,30000000.0,900.0,0,,,,,1200.0,,,37.0,3,3,9,6.0,4,2.0,0.3333333333333333,1,1
Demirtaş et al. 2017,10.1088/1758-5090/aa7b1d,3.0,0.0,1.0,0.0,0.0,0.0,0.0,0.0,2,0.0,0.0,0,0.0,0,0.0,0,0,0,0.0,0,0,0.0,0,0,0,0.0,0.0,0,180.0,0.0,0,0,0.0,0,0,0.0,0.0,0.0,0,0,0.0,0,0.0,0,0,0,0,0,0,0,0,0,0.0,0.0,0.0,0,0,0.0,0.0,0.0,30000000.0,900.0,0,,,,,1200.0,,,37.0,3,5,15,6.0,4,2.0,0.3333333333333333,1,1
Demirtaş et al. 2017,10.1088/1758-5090/aa7b1d,0.0,0.0,0.0,0.0,0.0,0.0,0.0,0.0,0,0.0,0.0,0,0.0,0,0.0,2,0,0,0.0,0,0,0.0,0,0,0,0.0,0.0,0,0.0,0.0,0,0,0.0,0,0,0.0,0.0,0.0,0,0,0.0,0,0.0,0,0,0,0,0,0,0,0,0,0.0,0.0,0.0,0,0,0.0,0.0,0.0,30000000.0,900.0,0,,,,,1200.0,,,37.0,3,3,9,2.0,1,0.0,0.0,1,1
Demirtaş et al. 2017,10.1088/1758-5090/aa7b1d,0.0,0.0,0.0,0.0,0.0,0.0,0.0,0.0,0,0.0,0.0,0,0.0,0,0.0,2,0,0,0.0,0,0,0.0,0,0,0,0.0,0.0,0,0.0,0.0,0,0,0.0,0,0,0.0,0.0,0.0,0,0,0.0,0,0.0,0,0,0,0,0,0,0,0,0,0.0,0.0,0.0,0,0,0.0,0.0,0.0,30000000.0,900.0,0,,,,,1200.0,,,37.0,3,5,15,2.0,1,0.0,0.0,1,1
Demirtaş et al. 2017,10.1088/1758-5090/aa7b1d,0.0,0.0,0.0,0.0,0.0,0.0,0.0,0.0,2,0.0,0.0,0,0.0,0,0.0,2,0,0,0.0,0,0,0.0,0,0,0,0.0,0.0,0,0.0,0.0,0,0,0.0,0,0,0.0,0.0,0.0,0,0,0.0,0,0.0,0,0,0,0,0,0,0,0,0,0.0,0.0,0.0,0,0,0.0,0.0,0.0,30000000.0,900.0,0,,,,,1200.0,,,37.0,3,3,9,4.0,2,2.0,0.5,1,1
Demirtaş et al. 2017,10.1088/1758-5090/aa7b1d,0.0,0.0,0.0,0.0,0.0,0.0,0.0,0.0,2,0.0,0.0,0,0.0,0,0.0,2,0,0,0.0,0,0,0.0,0,0,0,0.0,0.0,0,0.0,0.0,0,0,0.0,0,0,0.0,0.0,0.0,0,0,0.0,0,0.0,0,0,0,0,0,0,0,0,0,0.0,0.0,0.0,0,0,0.0,0.0,0.0,30000000.0,900.0,0,,,,,1200.0,,,37.0,3,5,15,4.0,2,2.0,0.5,1,1
Kilian et al. 2020,10.1038/s41598-020-65050-9,3.0,0.0,0.0,0.0,0.0,0.0,0.0,0.0,0,0.0,0.0,0,0.0,0,0.0,0,0,0,0.0,0,0,9.0,0,0,0,0.0,0.0,0,100.0,0.0,0,0,0.0,0,0,0.0,0.0,0.0,0,0,0.0,0,0.0,0,0,0,0,0,0,0,0,0,0.0,0.0,0.0,0,0,0.0,0.0,0.0,700000.0,600.0,0,90.0,,,10.0,410.0,,,37.0,3,5,15,12.0,3,0.0,0.0,0,1
Kilian et al. 2020,10.1038/s41598-020-65050-9,3.0,0.0,0.0,0.0,0.0,0.0,0.0,0.0,0,0.0,0.0,0,0.0,0,0.0,0,0,0,0.0,0,0,9.0,0,0,0,0.0,0.0,0,100.0,0.0,0,0,0.0,0,0,0.0,0.0,0.0,0,0,0.0,0,0.0,0,0,0,0,0,0,0,0,0,0.0,0.0,0.0,0,0,0.0,0.0,0.0,700000.0,600.0,0,90.0,,,10.0,410.0,,,37.0,3,5,15,12.0,3,0.0,0.0,0,1
Kilian et al. 2020,10.1038/s41598-020-65050-9,3.0,0.0,0.0,0.0,0.0,0.0,0.0,0.0,0,0.0,0.0,0,0.0,0,0.0,0,0,0,0.0,0,0,9.0,0,0,0,0.0,0.0,0,100.0,0.0,0,0,0.0,0,0,0.0,0.0,0.0,0,0,0.0,0,0.0,0,0,0,0,0,0,0,0,0,0.0,0.0,0.0,0,0,0.0,0.0,0.0,700000.0,600.0,0,90.0,,,10.0,410.0,,,37.0,3,2,6,12.0,3,0.0,0.0,0,1
Kilian et al. 2020,10.1038/s41598-020-65050-9,3.0,0.0,0.0,0.0,0.0,0.0,0.0,0.0,0,0.0,0.0,0,0.0,0,0.0,0,0,0,0.0,0,0,9.0,0,0,0,0.0,0.0,0,100.0,0.0,0,0,0.0,0,0,0.0,0.0,0.0,0,0,0.0,0,0.0,0,0,0,0,0,0,0,0,0,0.0,0.0,0.0,0,0,0.0,0.0,0.0,700000.0,600.0,0,90.0,,,10.0,410.0,,,37.0,3,2,6,12.0,3,0.0,0.0,0,1
Kilian et al. 2020,10.1038/s41598-020-65050-9,3.0,0.0,0.0,0.0,0.0,0.0,0.0,0.0,0,0.0,0.0,0,0.0,0,0.0,0,0,0,0.0,0,0,9.0,0,0,0,0.0,0.0,0,100.0,0.0,0,0,0.0,0,0,0.0,0.0,0.0,0,0,0.0,0,0.0,0,0,0,0,0,0,0,0,0,0.0,0.0,0.0,0,0,0.0,0.0,0.0,700000.0,600.0,0,90.0,,,10.0,410.0,,,37.0,3,4,12,12.0,3,0.0,0.0,0,1
Kilian et al. 2020,10.1038/s41598-020-65050-9,3.0,0.0,0.0,0.0,0.0,0.0,0.0,0.0,0,0.0,0.0,0,0.0,0,0.0,0,0,0,0.0,0,0,9.0,0,0,0,0.0,0.0,0,100.0,0.0,0,0,0.0,0,0,0.0,0.0,0.0,0,0,0.0,0,0.0,0,0,0,0,0,0,0,0,0,0.0,0.0,0.0,0,0,0.0,0.0,0.0,700000.0,600.0,0,90.0,,,10.0,410.0,,,37.0,3,4,12,12.0,3,0.0,0.0,0,1
Kilian et al. 2020,10.1038/s41598-020-65050-9,3.0,0.0,0.0,0.0,0.0,0.0,0.0,0.0,0,0.0,0.0,0,0.0,0,0.0,0,0,0,0.0,0,0,9.0,0,0,0,0.0,0.0,0,100.0,0.0,0,0,0.0,0,0,0.0,0.0,0.0,0,0,0.0,0,0.0,0,0,0,0,0,0,0,0,0,0.0,0.0,0.0,0,0,0.0,0.0,0.0,700000.0,600.0,0,90.0,,,10.0,410.0,,,37.0,3,3,9,12.0,3,0.0,0.0,0,1
Kilian et al. 2020,10.1038/s41598-020-65050-9,3.0,0.0,0.0,0.0,0.0,0.0,0.0,0.0,0,0.0,0.0,0,0.0,0,0.0,0,0,0,0.0,0,0,9.0,0,0,0,0.0,0.0,0,100.0,0.0,0,0,0.0,0,0,0.0,0.0,0.0,0,0,0.0,0,0.0,0,0,0,0,0,0,0,0,0,0.0,0.0,0.0,0,0,0.0,0.0,0.0,700000.0,600.0,0,90.0,,,10.0,410.0,,,37.0,3,4,12,12.0,3,0.0,0.0,0,1
Kilian et al. 2020,10.1038/s41598-020-65050-9,3.0,0.0,0.0,0.0,0.0,0.0,0.0,0.0,0,0.0,0.0,0,0.0,0,0.0,0,0,0,0.0,0,0,9.0,0,0,0,0.0,0.0,0,100.0,0.0,0,0,0.0,0,0,0.0,0.0,0.0,0,0,0.0,0,0.0,0,0,0,0,0,0,0,0,0,0.0,0.0,0.0,0,0,0.0,0.0,0.0,700000.0,600.0,0,90.0,,,10.0,410.0,,,37.0,3,4,12,12.0,3,0.0,0.0,0,1
Kilian et al. 2020,10.1038/s41598-020-65050-9,3.0,0.0,0.0,0.0,0.0,0.0,0.0,0.0,0,0.0,0.0,0,0.0,0,0.0,0,0,0,0.0,0,0,9.0,0,0,0,0.0,0.0,0,100.0,0.0,0,0,0.0,0,0,0.0,0.0,0.0,0,0,0.0,0,0.0,0,0,0,0,0,0,0,0,0,0.0,0.0,0.0,0,0,0.0,0.0,0.0,700000.0,600.0,0,90.0,,,10.0,410.0,,,37.0,3,2,6,12.0,3,0.0,0.0,0,1
Kilian et al. 2020,10.1038/s41598-020-65050-9,3.0,0.0,0.0,0.0,0.0,0.0,0.0,0.0,0,0.0,0.0,0,0.0,0,0.0,0,0,0,0.0,0,0,9.0,0,0,0,0.0,0.0,0,100.0,0.0,0,0,0.0,0,0,0.0,0.0,0.0,0,0,0.0,0,0.0,0,0,0,0,0,0,0,0,0,0.0,0.0,0.0,0,0,0.0,0.0,0.0,700000.0,600.0,0,90.0,,,10.0,410.0,,,37.0,3,4,12,12.0,3,0.0,0.0,0,1
Kilian et al. 2020,10.1038/s41598-020-65050-9,3.0,0.0,0.0,0.0,0.0,0.0,0.0,0.0,0,0.0,0.0,0,0.0,0,0.0,0,0,0,0.0,0,0,9.0,0,0,0,0.0,0.0,0,100.0,0.0,0,0,0.0,0,0,0.0,0.0,0.0,0,0,0.0,0,0.0,0,0,0,0,0,0,0,0,0,0.0,0.0,0.0,0,0,0.0,0.0,0.0,700000.0,600.0,0,90.0,,,10.0,410.0,,,37.0,3,4,12,12.0,3,0.0,0.0,0,1
Kilian et al. 2020,10.1038/s41598-020-65050-9,3.0,0.0,0.0,0.0,0.0,0.0,0.0,0.0,0,0.0,0.0,0,0.0,0,0.0,0,0,0,0.0,0,0,9.0,0,0,0,0.0,0.0,0,100.0,0.0,0,0,0.0,0,0,0.0,0.0,0.0,0,0,0.0,0,0.0,0,0,0,0,0,0,0,0,0,0.0,0.0,0.0,0,0,0.0,0.0,0.0,700000.0,600.0,0,90.0,,,10.0,410.0,,,37.0,3,2,6,12.0,3,0.0,0.0,0,1
Kilian et al. 2020,10.1038/s41598-020-65050-9,3.0,0.0,0.0,0.0,0.0,0.0,0.0,0.0,0,0.0,0.0,0,0.0,0,0.0,0,0,0,0.0,0,0,9.0,0,0,0,0.0,0.0,0,100.0,0.0,0,0,0.0,0,0,0.0,0.0,0.0,0,0,0.0,0,0.0,0,0,0,0,0,0,0,0,0,0.0,0.0,0.0,0,0,0.0,0.0,0.0,700000.0,600.0,0,90.0,,,10.0,410.0,,,37.0,3,4,12,12.0,3,0.0,0.0,0,1
Kilian et al. 2020,10.1038/s41598-020-65050-9,3.0,0.0,0.0,0.0,0.0,0.0,0.0,0.0,0,0.0,0.0,0,0.0,0,0.0,0,0,0,0.0,0,0,9.0,0,0,0,0.0,0.0,0,100.0,0.0,0,0,0.0,0,0,0.0,0.0,0.0,0,0,0.0,0,0.0,0,0,0,0,0,0,0,0,0,0.0,0.0,0.0,0,0,0.0,0.0,0.0,700000.0,600.0,0,90.0,,,10.0,410.0,,,37.0,3,4,12,12.0,3,0.0,0.0,0,1
Kilian et al. 2020,10.1038/s41598-020-65050-9,3.0,0.0,0.0,0.0,0.0,0.0,0.0,0.0,0,0.0,0.0,0,0.0,0,0.0,0,0,0,0.0,0,0,9.0,0,0,0,0.0,0.0,0,100.0,0.0,0,0,0.0,0,0,0.0,0.0,0.0,0,0,0.0,0,0.0,0,0,0,0,0,0,0,0,0,0.0,0.0,0.0,0,0,0.0,0.0,0.0,700000.0,600.0,0,90.0,,,10.0,410.0,,,37.0,3,2,6,12.0,3,0.0,0.0,0,1
Kilian et al. 2020,10.1038/s41598-020-65050-9,3.0,0.0,0.0,0.0,0.0,0.0,0.0,0.0,0,0.0,0.0,0,0.0,0,0.0,0,0,0,0.0,0,0,9.0,0,0,0,0.0,0.0,0,100.0,0.0,0,0,0.0,0,0,0.0,0.0,0.0,0,0,0.0,0,0.0,0,0,0,0,0,0,0,0,0,0.0,0.0,0.0,0,0,0.0,0.0,0.0,700000.0,600.0,0,90.0,,,10.0,410.0,,,37.0,3,4,12,12.0,3,0.0,0.0,0,1
Kilian et al. 2020,10.1038/s41598-020-65050-9,3.0,0.0,0.0,0.0,0.0,0.0,0.0,0.0,0,0.0,0.0,0,0.0,0,0.0,0,0,0,0.0,0,0,9.0,0,0,0,0.0,0.0,0,100.0,0.0,0,0,0.0,0,0,0.0,0.0,0.0,0,0,0.0,0,0.0,0,0,0,0,0,0,0,0,0,0.0,0.0,0.0,0,0,0.0,0.0,0.0,700000.0,600.0,0,90.0,,,10.0,410.0,,,37.0,3,4,12,12.0,3,0.0,0.0,0,1
Kolesky et al. 2014,10.1002/adma.201305506,0.0,0.0,0.0,0.0,0.0,0.0,0.0,0.0,0,0.0,0.0,0,0.0,0,0.0,0,0,0,0.0,0,0,0.0,0,0,0,0.0,0.0,0,0.0,0.0,0,0,0.0,0,0,0.0,0.0,0.0,0,0,0.0,0,0.0,0,0,0,0,0,0,0,0,0,0.3,0.0,0.0,0,0,0.0,0.0,0.0,2000000.0,0.0,60,275.8,,,5.5,200.0,,22.0,15.0,3,3,9,0.3,1,0.0,0.0,0,1
Kolesky et al. 2014,10.1002/adma.201305506,0.0,0.0,0.0,0.0,0.0,15.0,0.0,0.0,0,0.0,0.0,0,0.0,0,0.0,0,0,0,0.0,0,0,0.0,0,0,0,0.0,0.0,0,0.0,0.0,0,0,0.0,0,0,0.0,0.0,0.0,0,0,0.0,0,0.0,0,0,0,0,0,0,0,0,0,0.3,0.0,0.0,0,0,0.0,0.0,0.0,2000000.0,0.0,60,275.8,,,5.5,200.0,,22.0,15.0,3,5,15,15.3,2,0.0,0.0,0,1
Kolesky et al. 2014,10.1002/adma.201305506,0.0,0.0,0.0,0.0,0.0,0.0,0.0,0.0,0,0.0,0.0,0,0.0,0,0.0,0,0,0,0.0,0,0,0.0,0,0,0,0.0,0.0,0,0.0,0.0,0,0,0.0,0,0,0.0,0.0,0.0,0,0,0.0,0,0.0,0,0,0,0,0,0,0,0,0,0.3,0.0,0.0,0,0,0.0,0.0,0.0,2000000.0,0.0,60,275.8,,,5.5,200.0,,22.0,15.0,3,1,3,0.3,1,0.0,0.0,0,1
Kolesky et al. 2014,10.1002/adma.201305506,0.0,0.0,0.0,0.0,0.0,0.0,0.0,0.0,0,0.0,0.0,0,0.0,0,0.0,0,0,0,0.0,0,0,0.0,0,0,0,0.0,0.0,0,0.0,0.0,0,0,0.0,0,0,0.0,0.0,0.0,0,0,0.0,0,0.0,0,0,0,0,0,0,0,0,0,0.3,0.0,0.0,0,0,0.0,0.0,0.0,2000000.0,0.0,60,275.8,,,5.5,200.0,,22.0,15.0,3,3,9,0.3,1,0.0,0.0,0,1
Kolesky et al. 2014,10.1002/adma.201305506,0.0,0.0,0.0,0.0,0.0,15.0,0.0,0.0,0,0.0,0.0,0,0.0,0,0.0,0,0,0,0.0,0,0,0.0,0,0,0,0.0,0.0,0,0.0,0.0,0,0,0.0,0,0,0.0,0.0,0.0,0,0,0.0,0,0.0,0,0,0,0,0,0,0,0,0,0.3,0.0,0.0,0,0,0.0,0.0,0.0,2000000.0,0.0,60,275.8,,,5.5,200.0,,22.0,15.0,3,5,15,15.3,2,0.0,0.0,0,1
Kolesky et al. 2014,10.1002/adma.201305506,0.0,0.0,0.0,0.0,0.0,0.0,0.0,0.0,0,0.0,0.0,0,0.0,0,0.0,0,0,0,0.0,0,0,0.0,0,0,0,0.0,0.0,0,0.0,0.0,0,0,0.0,0,0,0.0,0.0,0.0,0,0,0.0,0,0.0,0,0,0,0,0,0,0,0,40,0.3,0.0,0.0,0,0,0.0,0.0,0.0,0.0,0.0,60,275.8,,,5.5,200.0,,22.0,15.0,3,1,3,40.3,2,0.0,0.0,0,0
Kolesky et al. 2014,10.1002/adma.201305506,0.0,0.0,0.0,0.0,0.0,0.0,0.0,0.0,0,0.0,0.0,0,0.0,0,0.0,0,0,0,0.0,0,0,0.0,0,0,0,0.0,0.0,0,0.0,0.0,0,0,0.0,0,0,0.0,0.0,0.0,0,0,0.0,0,0.0,0,0,0,0,0,0,0,0,0,0.3,0.0,0.0,0,0,0.0,0.0,0.0,0.0,0.0,60,275.8,,,5.5,200.0,,22.0,15.0,3,1,3,0.3,1,0.0,0.0,0,0
Kolesky et al. 2014,10.1002/adma.201305506,0.0,0.0,0.0,0.0,0.0,15.0,0.0,0.0,0,0.0,0.0,0,0.0,0,0.0,0,0,0,0.0,0,0,0.0,0,0,0,0.0,0.0,0,0.0,0.0,0,0,0.0,0,0,0.0,0.0,0.0,0,0,0.0,0,0.0,0,0,0,0,0,0,0,0,0,0.3,0.0,0.0,0,0,0.0,0.0,0.0,0.0,0.0,60,275.8,,,5.5,200.0,,22.0,15.0,3,1,3,15.3,2,0.0,0.0,0,0
Duan et al. 2013,10.1002/jbm.a.34420,5.0,0.0,0.0,0.0,6.0,0.0,0.0,0.0,0,0.0,0.0,0,0.0,0,0.0,0,0,0,0.0,0,0,0.0,0,0,0,0.0,0.0,0,300.0,0.0,0,0,0.0,0,0,0.0,0.0,0.0,0,0,0.0,0,0.0,0,0,0,0,0,0,0,0,0,0.0,0.0,0.0,0,0,0.0,0.0,0.0,10000000.0,600.0,0,,,,5.0,800.0,,,22.0,3,5,15,11.0,3,0.0,0.0,0,1
Duan et al. 2013,10.1002/jbm.a.34420,5.0,0.0,0.0,0.0,6.0,0.0,0.0,0.0,0,0.0,0.0,0,0.0,0,0.0,0,0,0,0.0,0,0,0.0,0,0,0,0.0,0.0,0,300.0,0.0,0,0,0.0,0,0,0.0,0.0,0.0,0,0,0.0,0,0.0,0,0,0,0,0,0,0,0,0,0.0,0.0,0.0,0,0,0.0,0.0,0.0,10000000.0,600.0,0,,,,5.0,800.0,,,22.0,3,5,15,11.0,3,0.0,0.0,0,1
Bertassoni et al. 2014,10.1088/1758-5082/6/2/024105,0.0,0.0,0.0,0.0,0.0,5.0,0.0,0.0,0,0.0,0.0,0,0.0,0,0.0,0,0,0,0.0,0,0,0.0,0,0,0,0.0,0.0,0,0.0,0.0,0,0,0.0,0,0,0.0,0.0,0.0,0,0,0.0,0,0.0,0,0,0,0,0,0,0,0,0,0.5,0.0,0.0,0,0,0.0,0.0,0.0,0.0,0.0,10,,2.0,,,500.0,,,22.0,0,1,0,5.5,2,0.0,0.0,0,0
Bertassoni et al. 2014,10.1088/1758-5082/6/2/024105,0.0,0.0,0.0,0.0,0.0,5.0,0.0,0.0,0,0.0,0.0,0,0.0,0,0.0,0,0,0,0.0,0,0,0.0,0,0,0,0.0,0.0,0,0.0,0.0,0,0,0.0,0,0,0.0,0.0,0.0,0,0,0.0,0,0.0,0,0,0,0,0,0,0,0,0,0.5,0.0,0.0,0,0,0.0,0.0,0.0,0.0,0.0,15,,2.0,,,500.0,,,22.0,0,1,0,5.5,2,0.0,0.0,0,0
Bertassoni et al. 2014,10.1088/1758-5082/6/2/024105,0.0,0.0,0.0,0.0,0.0,5.0,0.0,0.0,0,0.0,0.0,0,0.0,0,0.0,0,0,0,0.0,0,0,0.0,0,0,0,0.0,0.0,0,0.0,0.0,0,0,0.0,0,0,0.0,0.0,0.0,0,0,0.0,0,0.0,0,0,0,0,0,0,0,0,0,0.5,0.0,0.0,0,0,0.0,0.0,0.0,0.0,0.0,30,,2.0,,,500.0,,,22.0,0,1,0,5.5,2,0.0,0.0,0,0
Bertassoni et al. 2014,10.1088/1758-5082/6/2/024105,0.0,0.0,0.0,0.0,0.0,5.0,0.0,0.0,0,0.0,0.0,0,0.0,0,0.0,0,0,0,0.0,0,0,0.0,0,0,0,0.0,0.0,0,0.0,0.0,0,0,0.0,0,0,0.0,0.0,0.0,0,0,0.0,0,0.0,0,0,0,0,0,0,0,0,0,0.5,0.0,0.0,0,0,0.0,0.0,0.0,0.0,0.0,60,,2.0,,,500.0,,,22.0,0,1,0,5.5,2,0.0,0.0,0,0
Bertassoni et al. 2014,10.1088/1758-5082/6/2/024105,0.0,0.0,0.0,0.0,0.0,7.0,0.0,0.0,0,0.0,0.0,0,0.0,0,0.0,0,0,0,0.0,0,0,0.0,0,0,0,0.0,0.0,0,0.0,0.0,0,0,0.0,0,0,0.0,0.0,0.0,0,0,0.0,0,0.0,0,0,0,0,0,0,0,0,0,0.5,0.0,0.0,0,0,0.0,0.0,0.0,0.0,0.0,10,,2.0,,,500.0,,,22.0,2,1,2,7.5,2,0.0,0.0,0,0
Bertassoni et al. 2014,10.1088/1758-5082/6/2/024105,0.0,0.0,0.0,0.0,0.0,7.0,0.0,0.0,0,0.0,0.0,0,0.0,0,0.0,0,0,0,0.0,0,0,0.0,0,0,0,0.0,0.0,0,0.0,0.0,0,0,0.0,0,0,0.0,0.0,0.0,0,0,0.0,0,0.0,0,0,0,0,0,0,0,0,0,0.5,0.0,0.0,0,0,0.0,0.0,0.0,0.0,0.0,15,,2.0,,,500.0,,,22.0,2,1,2,7.5,2,0.0,0.0,0,0
Bertassoni et al. 2014,10.1088/1758-5082/6/2/024105,0.0,0.0,0.0,0.0,0.0,7.0,0.0,0.0,0,0.0,0.0,0,0.0,0,0.0,0,0,0,0.0,0,0,0.0,0,0,0,0.0,0.0,0,0.0,0.0,0,0,0.0,0,0,0.0,0.0,0.0,0,0,0.0,0,0.0,0,0,0,0,0,0,0,0,0,0.5,0.0,0.0,0,0,0.0,0.0,0.0,0.0,0.0,30,,2.0,,,500.0,,,22.0,2,1,2,7.5,2,0.0,0.0,0,0
Bertassoni et al. 2014,10.1088/1758-5082/6/2/024105,0.0,0.0,0.0,0.0,0.0,7.0,0.0,0.0,0,0.0,0.0,0,0.0,0,0.0,0,0,0,0.0,0,0,0.0,0,0,0,0.0,0.0,0,0.0,0.0,0,0,0.0,0,0,0.0,0.0,0.0,0,0,0.0,0,0.0,0,0,0,0,0,0,0,0,0,0.5,0.0,0.0,0,0,0.0,0.0,0.0,0.0,0.0,60,,2.0,,,500.0,,,22.0,2,1,2,7.5,2,0.0,0.0,0,0
Bertassoni et al. 2014,10.1088/1758-5082/6/2/024105,0.0,0.0,0.0,0.0,0.0,15.0,0.0,0.0,0,0.0,0.0,0,0.0,0,0.0,0,0,0,0.0,0,0,0.0,0,0,0,0.0,0.0,0,0.0,0.0,0,0,0.0,0,0,0.0,0.0,0.0,0,0,0.0,0,0.0,0,0,0,0,0,0,0,0,0,0.5,0.0,0.0,0,0,0.0,0.0,0.0,0.0,0.0,10,,2.0,,,500.0,,,22.0,2,1,2,15.5,2,0.0,0.0,0,0
Bertassoni et al. 2014,10.1088/1758-5082/6/2/024105,0.0,0.0,0.0,0.0,0.0,15.0,0.0,0.0,0,0.0,0.0,0,0.0,0,0.0,0,0,0,0.0,0,0,0.0,0,0,0,0.0,0.0,0,0.0,0.0,0,0,0.0,0,0,0.0,0.0,0.0,0,0,0.0,0,0.0,0,0,0,0,0,0,0,0,0,0.5,0.0,0.0,0,0,0.0,0.0,0.0,0.0,0.0,15,,2.0,,,500.0,,,22.0,2,1,2,15.5,2,0.0,0.0,0,0
Bertassoni et al. 2014,10.1088/1758-5082/6/2/024105,0.0,0.0,0.0,0.0,0.0,15.0,0.0,0.0,0,0.0,0.0,0,0.0,0,0.0,0,0,0,0.0,0,0,0.0,0,0,0,0.0,0.0,0,0.0,0.0,0,0,0.0,0,0,0.0,0.0,0.0,0,0,0.0,0,0.0,0,0,0,0,0,0,0,0,0,0.5,0.0,0.0,0,0,0.0,0.0,0.0,0.0,0.0,30,,2.0,,,500.0,,,22.0,2,1,2,15.5,2,0.0,0.0,0,0
Bertassoni et al. 2014,10.1088/1758-5082/6/2/024105,0.0,0.0,0.0,0.0,0.0,15.0,0.0,0.0,0,0.0,0.0,0,0.0,0,0.0,0,0,0,0.0,0,0,0.0,0,0,0,0.0,0.0,0,0.0,0.0,0,0,0.0,0,0,0.0,0.0,0.0,0,0,0.0,0,0.0,0,0,0,0,0,0,0,0,0,0.5,0.0,0.0,0,0,0.0,0.0,0.0,0.0,0.0,60,,2.0,,,500.0,,,22.0,2,1,2,15.5,2,0.0,0.0,0,0
Bertassoni et al. 2014,10.1088/1758-5082/6/2/024105,0.0,0.0,0.0,0.0,0.0,10.0,0.0,0.0,0,0.0,0.0,0,0.0,0,0.0,0,0,0,0.0,0,0,0.0,0,0,0,0.0,0.0,0,0.0,0.0,0,0,0.0,0,0,0.0,0.0,0.0,0,0,0.0,0,0.0,0,0,0,0,0,0,0,0,0,0.5,0.0,0.0,0,0,0.0,0.0,0.0,1000000.0,0.0,10,,2.0,,,500.0,,,22.0,0,2,0,10.5,2,0.0,0.0,0,1
Bertassoni et al. 2014,10.1088/1758-5082/6/2/024105,0.0,0.0,0.0,0.0,0.0,10.0,0.0,0.0,0,0.0,0.0,0,0.0,0,0.0,0,0,0,0.0,0,0,0.0,0,0,0,0.0,0.0,0,0.0,0.0,0,0,0.0,0,0,0.0,0.0,0.0,0,0,0.0,0,0.0,0,0,0,0,0,0,0,0,0,0.5,0.0,0.0,0,0,0.0,0.0,0.0,1000000.0,0.0,15,,2.0,,,500.0,,,22.0,2,3,6,10.5,2,0.0,0.0,0,1
Bertassoni et al. 2014,10.1088/1758-5082/6/2/024105,0.0,0.0,0.0,0.0,0.0,10.0,0.0,0.0,0,0.0,0.0,0,0.0,0,0.0,0,0,0,0.0,0,0,0.0,0,0,0,0.0,0.0,0,0.0,0.0,0,0,0.0,0,0,0.0,0.0,0.0,0,0,0.0,0,0.0,0,0,0,0,0,0,0,0,0,0.5,0.0,0.0,0,0,0.0,0.0,0.0,1000000.0,0.0,30,,2.0,,,500.0,,,22.0,2,3,6,10.5,2,0.0,0.0,0,1
Bertassoni et al. 2014,10.1088/1758-5082/6/2/024105,0.0,0.0,0.0,0.0,0.0,10.0,0.0,0.0,0,0.0,0.0,0,0.0,0,0.0,0,0,0,0.0,0,0,0.0,0,0,0,0.0,0.0,0,0.0,0.0,0,0,0.0,0,0,0.0,0.0,0.0,0,0,0.0,0,0.0,0,0,0,0,0,0,0,0,0,0.5,0.0,0.0,0,0,0.0,0.0,0.0,1000000.0,0.0,60,,2.0,,,500.0,,,22.0,2,3,6,10.5,2,0.0,0.0,0,1
Bertassoni et al. 2014,10.1088/1758-5082/6/2/024105,0.0,0.0,0.0,0.0,0.0,10.0,0.0,0.0,0,0.0,0.0,0,0.0,0,0.0,0,0,0,0.0,0,0,0.0,0,0,0,0.0,0.0,0,0.0,0.0,0,0,0.0,0,0,0.0,0.0,0.0,0,0,0.0,0,0.0,0,0,0,0,0,0,0,0,0,0.5,0.0,0.0,0,0,0.0,0.0,0.0,3000000.0,0.0,10,,2.0,,,500.0,,,22.0,0,2,0,10.5,2,0.0,0.0,0,1
Bertassoni et al. 2014,10.1088/1758-5082/6/2/024105,0.0,0.0,0.0,0.0,0.0,10.0,0.0,0.0,0,0.0,0.0,0,0.0,0,0.0,0,0,0,0.0,0,0,0.0,0,0,0,0.0,0.0,0,0.0,0.0,0,0,0.0,0,0,0.0,0.0,0.0,0,0,0.0,0,0.0,0,0,0,0,0,0,0,0,0,0.5,0.0,0.0,0,0,0.0,0.0,0.0,3000000.0,0.0,15,,2.0,,,500.0,,,22.0,0,2,0,10.5,2,0.0,0.0,0,1
Bertassoni et al. 2014,10.1088/1758-5082/6/2/024105,0.0,0.0,0.0,0.0,0.0,10.0,0.0,0.0,0,0.0,0.0,0,0.0,0,0.0,0,0,0,0.0,0,0,0.0,0,0,0,0.0,0.0,0,0.0,0.0,0,0,0.0,0,0,0.0,0.0,0.0,0,0,0.0,0,0.0,0,0,0,0,0,0,0,0,0,0.5,0.0,0.0,0,0,0.0,0.0,0.0,3000000.0,0.0,30,,2.0,,,500.0,,,22.0,2,3,6,10.5,2,0.0,0.0,0,1
Bertassoni et al. 2014,10.1088/1758-5082/6/2/024105,0.0,0.0,0.0,0.0,0.0,10.0,0.0,0.0,0,0.0,0.0,0,0.0,0,0.0,0,0,0,0.0,0,0,0.0,0,0,0,0.0,0.0,0,0.0,0.0,0,0,0.0,0,0,0.0,0.0,0.0,0,0,0.0,0,0.0,0,0,0,0,0,0,0,0,0,0.5,0.0,0.0,0,0,0.0,0.0,0.0,3000000.0,0.0,60,,2.0,,,500.0,,,22.0,2,3,6,10.5,2,0.0,0.0,0,1
Bertassoni et al. 2014,10.1088/1758-5082/6/2/024105,0.0,0.0,0.0,0.0,0.0,10.0,0.0,0.0,0,0.0,0.0,0,0.0,0,0.0,0,0,0,0.0,0,0,0.0,0,0,0,0.0,0.0,0,0.0,0.0,0,0,0.0,0,0,0.0,0.0,0.0,0,0,0.0,0,0.0,0,0,0,0,0,0,0,0,0,0.5,0.0,0.0,0,0,0.0,0.0,0.0,6000000.0,0.0,10,,2.0,,,500.0,,,22.0,0,2,0,10.5,2,0.0,0.0,0,1
Bertassoni et al. 2014,10.1088/1758-5082/6/2/024105,0.0,0.0,0.0,0.0,0.0,10.0,0.0,0.0,0,0.0,0.0,0,0.0,0,0.0,0,0,0,0.0,0,0,0.0,0,0,0,0.0,0.0,0,0.0,0.0,0,0,0.0,0,0,0.0,0.0,0.0,0,0,0.0,0,0.0,0,0,0,0,0,0,0,0,0,0.5,0.0,0.0,0,0,0.0,0.0,0.0,6000000.0,0.0,15,,2.0,,,500.0,,,22.0,0,2,0,10.5,2,0.0,0.0,0,1
Bertassoni et al. 2014,10.1088/1758-5082/6/2/024105,0.0,0.0,0.0,0.0,0.0,10.0,0.0,0.0,0,0.0,0.0,0,0.0,0,0.0,0,0,0,0.0,0,0,0.0,0,0,0,0.0,0.0,0,0.0,0.0,0,0,0.0,0,0,0.0,0.0,0.0,0,0,0.0,0,0.0,0,0,0,0,0,0,0,0,0,0.5,0.0,0.0,0,0,0.0,0.0,0.0,6000000.0,0.0,30,,2.0,,,500.0,,,22.0,0,2,0,10.5,2,0.0,0.0,0,1
Bertassoni et al. 2014,10.1088/1758-5082/6/2/024105,0.0,0.0,0.0,0.0,0.0,10.0,0.0,0.0,0,0.0,0.0,0,0.0,0,0.0,0,0,0,0.0,0,0,0.0,0,0,0,0.0,0.0,0,0.0,0.0,0,0,0.0,0,0,0.0,0.0,0.0,0,0,0.0,0,0.0,0,0,0,0,0,0,0,0,0,0.5,0.0,0.0,0,0,0.0,0.0,0.0,6000000.0,0.0,60,,2.0,,,500.0,,,22.0,0,2,0,10.5,2,0.0,0.0,0,1
Bertassoni et al. 2014,10.1088/1758-5082/6/2/024105,0.0,0.0,0.0,0.0,0.0,10.0,0.0,0.0,0,0.0,0.0,0,0.0,0,0.0,0,0,0,0.0,0,0,0.0,0,0,0,0.0,0.0,0,0.0,0.0,0,0,0.0,0,0,0.0,0.0,0.0,0,0,0.0,0,0.0,0,0,0,0,0,0,0,0,0,0.5,0.0,0.0,0,0,0.0,0.0,0.0,1500000.0,0.0,10,,2.0,,,500.0,,,22.0,0,2,0,10.5,2,0.0,0.0,0,1
Bertassoni et al. 2014,10.1088/1758-5082/6/2/024105,0.0,0.0,0.0,0.0,0.0,10.0,0.0,0.0,0,0.0,0.0,0,0.0,0,0.0,0,0,0,0.0,0,0,0.0,0,0,0,0.0,0.0,0,0.0,0.0,0,0,0.0,0,0,0.0,0.0,0.0,0,0,0.0,0,0.0,0,0,0,0,0,0,0,0,0,0.5,0.0,0.0,0,0,0.0,0.0,0.0,1500000.0,0.0,15,,2.0,,,500.0,,,22.0,3,5,15,10.5,2,0.0,0.0,0,1
Bertassoni et al. 2014,10.1088/1758-5082/6/2/024105,0.0,0.0,0.0,0.0,0.0,10.0,0.0,0.0,0,0.0,0.0,0,0.0,0,0.0,0,0,0,0.0,0,0,0.0,0,0,0,0.0,0.0,0,0.0,0.0,0,0,0.0,0,0,0.0,0.0,0.0,0,0,0.0,0,0.0,0,0,0,0,0,0,0,0,0,0.5,0.0,0.0,0,0,0.0,0.0,0.0,1500000.0,0.0,30,,2.0,,,500.0,,,22.0,3,5,15,10.5,2,0.0,0.0,0,1
Bertassoni et al. 2014,10.1088/1758-5082/6/2/024105,0.0,0.0,0.0,0.0,0.0,10.0,0.0,0.0,0,0.0,0.0,0,0.0,0,0.0,0,0,0,0.0,0,0,0.0,0,0,0,0.0,0.0,0,0.0,0.0,0,0,0.0,0,0,0.0,0.0,0.0,0,0,0.0,0,0.0,0,0,0,0,0,0,0,0,0,0.5,0.0,0.0,0,0,0.0,0.0,0.0,1500000.0,0.0,60,,2.0,,,500.0,,,22.0,3,5,15,10.5,2,0.0,0.0,0,1
Bertassoni et al. 2014,10.1088/1758-5082/6/2/024105,0.0,0.0,0.0,0.0,0.0,10.0,0.0,0.0,0,0.0,0.0,0,0.0,0,0.0,0,0,0,0.0,0,0,0.0,0,0,0,0.0,0.0,0,0.0,0.0,0,0,0.0,0,0,0.0,0.0,0.0,0,0,0.0,0,0.0,0,0,0,0,0,0,0,0,0,0.5,0.0,0.0,0,0,0.0,0.0,0.0,1500000.0,0.0,15,,2.0,,,500.0,,,22.0,3,5,15,10.5,2,0.0,0.0,0,1
Bertassoni et al. 2014,10.1088/1758-5082/6/2/024105,0.0,0.0,0.0,0.0,0.0,10.0,0.0,0.0,0,0.0,0.0,0,0.0,0,0.0,0,0,0,0.0,0,0,0.0,0,0,0,0.0,0.0,0,0.0,0.0,0,0,0.0,0,0,0.0,0.0,0.0,0,0,0.0,0,0.0,0,0,0,0,0,0,0,0,0,0.5,0.0,0.0,0,0,0.0,0.0,0.0,1500000.0,0.0,30,,2.0,,,500.0,,,22.0,3,5,15,10.5,2,0.0,0.0,0,1
Bertassoni et al. 2014,10.1088/1758-5082/6/2/024105,0.0,0.0,0.0,0.0,0.0,10.0,0.0,0.0,0,0.0,0.0,0,0.0,0,0.0,0,0,0,0.0,0,0,0.0,0,0,0,0.0,0.0,0,0.0,0.0,0,0,0.0,0,0,0.0,0.0,0.0,0,0,0.0,0,0.0,0,0,0,0,0,0,0,0,0,0.5,0.0,0.0,0,0,0.0,0.0,0.0,1500000.0,0.0,60,,2.0,,,500.0,,,22.0,3,5,15,10.5,2,0.0,0.0,0,1
Das et al. 2015,10.1016/j.actbio.2014.09.023,0.0,0.0,0.0,0.0,15.0,0.0,0.0,0.0,0,0.0,0.0,0,8.0,0,0.0,0,0,0,0.0,0,0,0.0,0,0,0,0.0,0.0,0,100.0,145.0,0,0,0.0,0,0,0.0,0.0,0.0,0,0,0.0,0,0.0,0,0,0,0,0,0,0,0,0,0.0,0.0,0.0,0,0,0.0,0.0,0.0,3500000.0,10.0,0,225.0,1.0,,,250.0,,28.0,18.0,3,5,15,23.0,4,0.0,0.0,1,1
Das et al. 2015,10.1016/j.actbio.2014.09.023,0.0,0.0,0.0,0.0,15.0,0.0,0.0,0.0,0,0.0,0.0,0,8.0,0,0.0,0,0,0,0.0,0,0,0.0,0,0,0,0.0,0.0,0,100.0,145.0,0,0,0.0,0,0,0.0,0.0,0.0,0,0,0.0,0,0.0,0,0,0,0,0,0,0,0,0,0.0,0.0,0.0,0,0,0.0,0.0,0.0,3500000.0,10.0,0,225.0,1.0,,,250.0,,28.0,18.0,2,2,4,23.0,4,0.0,0.0,1,1
Das et al. 2015,10.1016/j.actbio.2014.09.023,0.0,0.0,0.0,0.0,15.0,0.0,0.0,0.0,0,0.0,0.0,0,8.0,0,0.0,0,0,0,0.0,0,0,0.0,0,0,0,0.0,0.0,0,100.0,145.0,0,0,0.0,0,0,0.0,0.0,0.0,0,0,0.0,0,0.0,0,0,0,0,0,0,0,0,0,0.0,0.0,0.0,0,0,0.0,0.0,0.0,3500000.0,10.0,0,225.0,1.0,,,250.0,,28.0,18.0,2,4,8,23.0,4,0.0,0.0,1,1
Das et al. 2015,10.1016/j.actbio.2014.09.023,0.0,0.0,0.0,0.0,15.0,0.0,0.0,0.0,0,0.0,0.0,0,8.0,0,0.0,0,0,0,0.0,0,0,0.0,0,0,0,0.0,0.0,0,100.0,145.0,0,0,0.0,0,0,0.0,0.0,0.0,0,0,0.0,0,0.0,0,0,0,0,0,0,0,0,0,0.0,0.0,0.0,0,0,0.0,0.0,0.0,3500000.0,10.0,0,225.0,1.0,,,250.0,,28.0,18.0,2,2,4,23.0,4,0.0,0.0,1,1
Das et al. 2015,10.1016/j.actbio.2014.09.023,0.0,0.0,0.0,0.0,15.0,0.0,0.0,0.0,0,0.0,0.0,0,8.0,0,0.0,0,0,0,0.0,0,0,0.0,0,0,0,0.0,0.0,0,100.0,145.0,0,0,0.0,0,0,0.0,0.0,0.0,0,0,0.0,0,0.0,0,0,0,0,0,0,0,0,0,0.0,0.0,0.0,0,0,0.0,0.0,0.0,3500000.0,10.0,0,225.0,1.0,,,250.0,,28.0,18.0,2,4,8,23.0,4,0.0,0.0,1,1
Das et al. 2015,10.1016/j.actbio.2014.09.023,6.0,0.0,0.0,0.0,0.0,0.0,0.0,0.0,0,0.0,0.0,0,0.0,0,0.0,0,0,0,0.0,0,0,0.0,0,0,0,0.0,0.0,0,100.0,145.0,0,0,0.0,0,0,0.0,0.0,0.0,0,0,0.0,0,0.0,0,0,0,0,0,0,0,0,0,0.0,0.0,0.0,0,0,0.0,0.0,0.0,3500000.0,10.0,0,225.0,1.0,,,250.0,,28.0,18.0,2,2,4,6.0,3,0.0,0.0,0,1
Das et al. 2015,10.1016/j.actbio.2014.09.023,6.0,0.0,0.0,0.0,0.0,0.0,0.0,0.0,0,0.0,0.0,0,0.0,0,0.0,0,0,0,0.0,0,0,0.0,0,0,0,0.0,0.0,0,100.0,145.0,0,0,0.0,0,0,0.0,0.0,0.0,0,0,0.0,0,0.0,0,0,0,0,0,0,0,0,0,0.0,0.0,0.0,0,0,0.0,0.0,0.0,3500000.0,10.0,0,225.0,1.0,,,250.0,,28.0,18.0,2,4,8,6.0,3,0.0,0.0,0,1
Chung et al. 2013,10.1039/C3BM00012E,2.0,0.0,0.0,0.0,10.0,0.0,0.0,0.0,0,0.0,0.0,0,0.0,0,0.0,0,0,0,0.0,0,0,0.0,0,0,0,0.0,0.0,0,180.0,0.0,0,0,0.0,0,0,0.0,0.0,0.0,0,0,0.0,0,0.0,0,0,0,0,0,0,0,0,0,0.0,0.0,0.0,0,0,0.0,0.0,0.0,500000.0,600.0,0,55.16,1.666666667,,,200.0,,5.0,25.0,3,3,9,12.0,3,0.0,0.0,0,1
Chung et al. 2013,10.1039/C3BM00012E,2.0,0.0,0.0,0.0,10.0,0.0,0.0,0.0,0,0.0,0.0,0,0.0,0,0.0,0,0,0,0.0,0,0,0.0,0,0,0,0.0,0.0,0,180.0,0.0,0,0,0.0,0,0,0.0,0.0,0.0,0,0,0.0,0,0.0,0,0,0,0,0,0,0,0,0,0.0,0.0,0.0,0,0,0.0,0.0,0.0,500000.0,600.0,0,110.32,1.666666667,,,200.0,,5.0,25.0,3,3,9,12.0,3,0.0,0.0,0,1
Chung et al. 2013,10.1039/C3BM00012E,2.0,0.0,0.0,0.0,10.0,0.0,0.0,0.0,0,0.0,0.0,0,0.0,0,0.0,0,0,0,0.0,0,0,0.0,0,0,0,0.0,0.0,0,180.0,0.0,0,0,0.0,0,0,0.0,0.0,0.0,0,0,0.0,0,0.0,0,0,0,0,0,0,0,0,0,0.0,0.0,0.0,0,0,0.0,0.0,0.0,500000.0,600.0,0,165.47,1.666666667,,,200.0,,5.0,25.0,3,3,9,12.0,3,0.0,0.0,0,1
Chung et al. 2013,10.1039/C3BM00012E,2.0,0.0,0.0,0.0,10.0,0.0,0.0,0.0,0,0.0,0.0,0,0.0,0,0.0,0,0,0,0.0,0,0,0.0,0,0,0,0.0,0.0,0,180.0,0.0,0,0,0.0,0,0,0.0,0.0,0.0,0,0,0.0,0,0.0,0,0,0,0,0,0,0,0,0,0.0,0.0,0.0,0,0,0.0,0.0,0.0,500000.0,600.0,0,55.16,1.666666667,,,200.0,,5.0,25.0,3,3,9,12.0,3,0.0,0.0,0,1
Chung et al. 2013,10.1039/C3BM00012E,2.0,0.0,0.0,0.0,10.0,0.0,0.0,0.0,0,0.0,0.0,0,0.0,0,0.0,0,0,0,0.0,0,0,0.0,0,0,0,0.0,0.0,0,180.0,0.0,0,0,0.0,0,0,0.0,0.0,0.0,0,0,0.0,0,0.0,0,0,0,0,0,0,0,0,0,0.0,0.0,0.0,0,0,0.0,0.0,0.0,500000.0,600.0,0,110.32,1.666666667,,,200.0,,5.0,25.0,3,3,9,12.0,3,0.0,0.0,0,1
Chung et al. 2013,10.1039/C3BM00012E,2.0,0.0,0.0,0.0,10.0,0.0,0.0,0.0,0,0.0,0.0,0,0.0,0,0.0,0,0,0,0.0,0,0,0.0,0,0,0,0.0,0.0,0,180.0,0.0,0,0,0.0,0,0,0.0,0.0,0.0,0,0,0.0,0,0.0,0,0,0,0,0,0,0,0,0,0.0,0.0,0.0,0,0,0.0,0.0,0.0,500000.0,600.0,0,165.47,1.666666667,,,200.0,,5.0,25.0,3,3,9,12.0,3,0.0,0.0,0,1
Chung et al. 2013,10.1039/C3BM00012E,1.0,0.0,0.0,0.0,10.0,0.0,0.0,0.0,0,0.0,0.0,0,0.0,0,0.0,0,0,0,0.0,0,0,0.0,0,0,0,0.0,0.0,0,180.0,0.0,0,0,0.0,0,0,0.0,0.0,0.0,0,0,0.0,0,0.0,0,0,0,0,0,0,0,0,0,0.0,0.0,0.0,0,0,0.0,0.0,0.0,0.0,600.0,0,27.58,1.666666667,,,200.0,,5.0,25.0,2,1,2,11.0,3,0.0,0.0,0,0
Chung et al. 2013,10.1039/C3BM00012E,4.0,0.0,0.0,0.0,10.0,0.0,0.0,0.0,0,0.0,0.0,0,0.0,0,0.0,0,0,0,0.0,0,0,0.0,0,0,0,0.0,0.0,0,180.0,0.0,0,0,0.0,0,0,0.0,0.0,0.0,0,0,0.0,0,0.0,0,0,0,0,0,0,0,0,0,0.0,0.0,0.0,0,0,0.0,0.0,0.0,0.0,600.0,0,165.47,1.666666667,,,200.0,,5.0,25.0,2,1,2,14.0,3,0.0,0.0,0,0
Chung et al. 2013,10.1039/C3BM00012E,1.0,0.0,0.0,0.0,0.0,0.0,0.0,0.0,0,0.0,0.0,0,0.0,0,0.0,0,0,0,0.0,0,0,0.0,0,0,0,0.0,0.0,0,180.0,0.0,0,0,0.0,0,0,0.0,0.0,0.0,0,0,0.0,0,0.0,0,0,0,0,0,0,0,0,0,0.0,0.0,0.0,0,0,0.0,0.0,0.0,0.0,600.0,0,27.58,1.666666667,,,200.0,,5.0,25.0,0,1,0,1.0,2,0.0,0.0,0,0
Chung et al. 2013,10.1039/C3BM00012E,2.0,0.0,0.0,0.0,0.0,0.0,0.0,0.0,0,0.0,0.0,0,0.0,0,0.0,0,0,0,0.0,0,0,0.0,0,0,0,0.0,0.0,0,180.0,0.0,0,0,0.0,0,0,0.0,0.0,0.0,0,0,0.0,0,0.0,0,0,0,0,0,0,0,0,0,0.0,0.0,0.0,0,0,0.0,0.0,0.0,0.0,600.0,0,65.5,1.666666667,,,200.0,,5.0,25.0,0,1,0,2.0,2,0.0,0.0,0,0
Chung et al. 2013,10.1039/C3BM00012E,4.0,0.0,0.0,0.0,0.0,0.0,0.0,0.0,0,0.0,0.0,0,0.0,0,0.0,0,0,0,0.0,0,0,0.0,0,0,0,0.0,0.0,0,180.0,0.0,0,0,0.0,0,0,0.0,0.0,0.0,0,0,0.0,0,0.0,0,0,0,0,0,0,0,0,0,0.0,0.0,0.0,0,0,0.0,0.0,0.0,0.0,600.0,0,165.47,1.666666667,,,200.0,,5.0,25.0,0,1,0,4.0,2,0.0,0.0,0,0
Chung et al. 2013,10.1039/C3BM00012E,4.0,0.0,0.0,0.0,0.0,0.0,0.0,0.0,0,0.0,0.0,0,0.0,0,0.0,0,0,0,0.0,0,0,0.0,0,0,0,0.0,0.0,0,180.0,0.0,0,0,0.0,0,0,0.0,0.0,0.0,0,0,0.0,0,0.0,0,0,0,0,0,0,0,0,0,0.0,0.0,0.0,0,0,0.0,0.0,0.0,0.0,600.0,0,13.78,1.666666667,,,200.0,,5.0,25.0,1,1,1,4.0,2,0.0,0.0,0,0
Liu et al. 2017,10.1002/adhm.201601451,0.0,0.0,0.0,0.0,0.0,3.0,0.0,0.0,0,0.0,0.0,0,0.0,0,0.0,0,0,0,0.0,0,0,0.0,0,0,0,0.0,0.0,0,0.0,0.0,0,0,0.0,0,0,0.0,0.0,0.0,0,0,0.0,0,0.0,0,0,0,0,0,0,0,0,0,0.0,0.0,0.0,0,25,0.0,0.0,0.0,4000000.0,0.0,30,0.04,,1.666666667,6.666666667,210.0,,21.0,21.0,3,3,9,3.0,2,0.0,0.0,0,1
Liu et al. 2017,10.1002/adhm.201601451,0.0,0.0,0.0,0.0,0.0,4.0,0.0,0.0,0,0.0,0.0,0,0.0,0,0.0,0,0,0,0.0,0,0,0.0,0,0,0,0.0,0.0,0,0.0,0.0,0,0,0.0,0,0,0.0,0.0,0.0,0,0,0.0,0,0.0,0,0,0,0,0,0,0,0,0,0.0,0.0,0.0,0,25,0.0,0.0,0.0,4000000.0,0.0,30,0.04,,1.666666667,6.666666667,210.0,,21.0,21.0,3,3,9,4.0,2,0.0,0.0,0,1
Liu et al. 2017,10.1002/adhm.201601451,0.0,0.0,0.0,0.0,0.0,5.0,0.0,0.0,0,0.0,0.0,0,0.0,0,0.0,0,0,0,0.0,0,0,0.0,0,0,0,0.0,0.0,0,0.0,0.0,0,0,0.0,0,0,0.0,0.0,0.0,0,0,0.0,0,0.0,0,0,0,0,0,0,0,0,0,0.0,0.0,0.0,0,25,0.0,0.0,0.0,4000000.0,0.0,30,0.04,,1.666666667,6.666666667,210.0,,21.0,21.0,3,3,9,5.0,2,0.0,0.0,0,1
Liu et al. 2017,10.1002/adhm.201601451,0.0,0.0,0.0,0.0,0.0,3.0,0.0,0.0,0,0.0,0.0,0,0.0,0,0.0,0,0,0,0.0,0,0,0.0,0,0,0,0.0,0.0,0,0.0,0.0,0,0,0.0,0,0,0.0,0.0,0.0,0,0,0.0,0,0.0,0,0,0,0,0,0,0,0,0,0.0,0.0,0.0,0,25,0.0,0.0,0.0,4000000.0,0.0,30,0.04,,1.666666667,6.666666667,210.0,,21.0,21.0,3,5,15,3.0,2,0.0,0.0,0,1
Liu et al. 2017,10.1002/adhm.201601451,0.0,0.0,0.0,0.0,0.0,4.0,0.0,0.0,0,0.0,0.0,0,0.0,0,0.0,0,0,0,0.0,0,0,0.0,0,0,0,0.0,0.0,0,0.0,0.0,0,0,0.0,0,0,0.0,0.0,0.0,0,0,0.0,0,0.0,0,0,0,0,0,0,0,0,0,0.0,0.0,0.0,0,25,0.0,0.0,0.0,4000000.0,0.0,30,0.04,,1.666666667,6.666666667,210.0,,21.0,21.0,3,5,15,4.0,2,0.0,0.0,0,1
Liu et al. 2017,10.1002/adhm.201601451,0.0,0.0,0.0,0.0,0.0,5.0,0.0,0.0,0,0.0,0.0,0,0.0,0,0.0,0,0,0,0.0,0,0,0.0,0,0,0,0.0,0.0,0,0.0,0.0,0,0,0.0,0,0,0.0,0.0,0.0,0,0,0.0,0,0.0,0,0,0,0,0,0,0,0,0,0.0,0.0,0.0,0,25,0.0,0.0,0.0,4000000.0,0.0,30,0.04,,1.666666667,6.666666667,210.0,,21.0,21.0,3,5,15,5.0,2,0.0,0.0,0,1
Liu et al. 2017,10.1002/adhm.201601451,0.0,0.0,0.0,0.0,0.0,3.0,0.0,0.0,0,0.0,0.0,0,0.0,0,0.0,0,0,0,0.0,0,0,0.0,0,0,0,0.0,0.0,0,0.0,0.0,0,0,0.0,0,0,0.0,0.0,0.0,0,0,0.0,0,0.0,0,0,0,0,0,0,0,0,0,0.0,0.0,0.0,0,25,0.0,0.0,0.0,4000000.0,0.0,30,0.04,,1.666666667,6.666666667,210.0,,21.0,21.0,3,3,9,3.0,2,0.0,0.0,0,1
Liu et al. 2017,10.1002/adhm.201601451,0.0,0.0,0.0,0.0,0.0,4.0,0.0,0.0,0,0.0,0.0,0,0.0,0,0.0,0,0,0,0.0,0,0,0.0,0,0,0,0.0,0.0,0,0.0,0.0,0,0,0.0,0,0,0.0,0.0,0.0,0,0,0.0,0,0.0,0,0,0,0,0,0,0,0,0,0.0,0.0,0.0,0,25,0.0,0.0,0.0,4000000.0,0.0,30,0.04,,1.666666667,6.666666667,210.0,,21.0,21.0,3,3,9,4.0,2,0.0,0.0,0,1
Liu et al. 2017,10.1002/adhm.201601451,0.0,0.0,0.0,0.0,0.0,5.0,0.0,0.0,0,0.0,0.0,0,0.0,0,0.0,0,0,0,0.0,0,0,0.0,0,0,0,0.0,0.0,0,0.0,0.0,0,0,0.0,0,0,0.0,0.0,0.0,0,0,0.0,0,0.0,0,0,0,0,0,0,0,0,0,0.0,0.0,0.0,0,25,0.0,0.0,0.0,4000000.0,0.0,30,0.04,,1.666666667,6.666666667,210.0,,21.0,21.0,3,3,9,5.0,2,0.0,0.0,0,1
Lim et al. 2020,10.1002/adhm.201901792,0.0,0.0,0.0,0.0,0.0,10.0,0.0,0.0,0,0.0,0.0,0,0.0,0,0.0,0,0,0,0.0,0,0,0.0,0,0,0,0.0,0.0,0,0.0,0.0,0,0,0.0,0,0,0.0,0.0,0.0,0,0,0.0,0,0.0,0,0,0,0,0,0,0,0,0,0.0,0.0,0.5,5,0,0.0,0.0,0.0,20000000.0,0.0,300,220.0,,,12.0,337.0,,18.0,22.0,3,3,9,10.0,3,0.0,0.0,0,1
Lim et al. 2020,10.1002/adhm.201901792,0.0,0.0,0.0,0.0,0.0,10.0,0.0,0.0,0,0.0,0.0,0,0.0,0,0.0,0,0,0,0.0,0,0,0.0,0,0,0,0.0,0.0,0,0.0,0.0,0,0,0.0,0,0,0.0,0.0,0.0,0,0,0.0,0,0.0,0,0,0,0,0,0,0,0,0,0.0,0.0,0.5,5,0,0.0,0.0,0.0,20000000.0,0.0,300,220.0,,,12.0,337.0,,18.0,22.0,3,5,15,10.0,3,0.0,0.0,0,1
Tigner et al. 2020,10.1021/acs.biomac.9b01204,0.0,0.0,0.0,0.0,10.0,0.0,0.0,0.0,0,0.0,0.0,0,0.0,0,0.0,0,0,0,0.0,0,0,0.0,0,0,0,0.0,0.0,0,0.0,0.0,0,0,0.0,0,0,0.0,0.0,0.0,0,0,0.0,0,0.0,0,0,0,0,0,0,0,0,0,0.0,0.0,0.0,0,0,4.46,0.0,0.0,2000000.0,0.0,180,7.75,3.0,,15.0,838.0,,22.5,22.5,3,3,9,14.46,2,0.0,0.0,0,1
Tigner et al. 2020,10.1021/acs.biomac.9b01204,0.0,0.0,0.0,0.0,10.0,0.0,0.0,0.0,0,0.0,0.0,0,0.0,0,0.0,0,0,0,0.0,0,0,0.0,0,0,0,0.0,0.0,0,0.0,0.0,0,0,0.0,0,0,0.0,0.0,0.0,0,0,0.0,0,0.0,0,0,0,0,0,0,0,0,0,0.0,0.0,0.0,0,0,4.46,0.0,0.0,2000000.0,0.0,180,7.75,3.0,,15.0,838.0,,22.5,22.5,3,5,15,14.46,2,0.0,0.0,0,1
Tigner et al. 2020,10.1021/acs.biomac.9b01204,0.0,0.0,0.0,0.0,10.0,0.0,0.0,0.0,0,0.0,0.0,0,0.0,0,0.0,0,0,0,0.0,0,0,0.0,0,0,0,0.0,0.0,0,0.0,0.0,0,0,0.0,0,0,0.0,0.0,0.0,0,0,0.0,0,0.0,0,0,0,0,0,0,0,0,0,0.1,0.0,0.0,0,0,0.0,0.0,0.0,2000000.0,0.0,210,7.75,3.0,,15.0,838.0,,22.5,22.5,3,3,9,10.1,2,0.0,0.0,0,1
Tigner et al. 2020,10.1021/acs.biomac.9b01204,0.0,0.0,0.0,0.0,10.0,0.0,0.0,0.0,0,0.0,0.0,0,0.0,0,0.0,0,0,0,0.0,0,0,0.0,0,0,0,0.0,0.0,0,0.0,0.0,0,0,0.0,0,0,0.0,0.0,0.0,0,0,0.0,0,0.0,0,0,0,0,0,0,0,0,0,0.1,0.0,0.0,0,0,0.0,0.0,0.0,2000000.0,0.0,210,7.75,3.0,,15.0,838.0,,22.5,22.5,3,5,15,10.1,2,0.0,0.0,0,1
Tigner et al. 2020,10.1021/acs.biomac.9b01204,0.0,0.0,0.0,0.0,0.0,10.0,0.0,0.0,0,0.0,0.0,0,0.0,0,0.0,0,0,0,0.0,0,0,0.0,0,0,0,0.0,0.0,0,0.0,0.0,0,0,0.0,0,0,0.0,0.0,0.0,0,0,0.0,0,0.0,0,0,0,0,0,0,0,0,0,0.0,0.0,0.0,0,0,4.46,0.0,0.0,2000000.0,0.0,180,7.75,3.0,,15.0,838.0,,22.5,22.5,3,3,9,14.46,2,0.0,0.0,0,1
Tigner et al. 2020,10.1021/acs.biomac.9b01204,0.0,0.0,0.0,0.0,0.0,10.0,0.0,0.0,0,0.0,0.0,0,0.0,0,0.0,0,0,0,0.0,0,0,0.0,0,0,0,0.0,0.0,0,0.0,0.0,0,0,0.0,0,0,0.0,0.0,0.0,0,0,0.0,0,0.0,0,0,0,0,0,0,0,0,0,0.0,0.0,0.0,0,0,4.46,0.0,0.0,2000000.0,0.0,180,7.75,3.0,,15.0,838.0,,22.5,22.5,3,5,15,14.46,2,0.0,0.0,0,1
Tigner et al. 2020,10.1021/acs.biomac.9b01204,0.0,0.0,0.0,0.0,0.0,10.0,0.0,0.0,0,0.0,0.0,0,0.0,0,0.0,0,0,0,0.0,0,0,0.0,0,0,0,0.0,0.0,0,0.0,0.0,0,0,0.0,0,0,0.0,0.0,0.0,0,0,0.0,0,0.0,0,0,0,0,0,0,0,0,0,0.1,0.0,0.0,0,0,0.0,0.0,0.0,2000000.0,0.0,210,7.75,3.0,,15.0,838.0,,22.5,22.5,3,5,15,10.1,2,0.0,0.0,0,1
Tigner et al. 2020,10.1021/acs.biomac.9b01204,0.0,0.0,0.0,0.0,10.0,0.0,0.0,0.0,0,0.0,0.0,0,0.0,0,0.0,0,0,0,0.0,0,0,0.0,0,0,0,0.0,0.0,0,0.0,0.0,0,0,0.0,0,0,0.0,0.0,0.0,0,0,0.0,0,0.0,0,0,0,0,0,0,0,0,0,0.0,0.0,0.0,0,0,0.0,0.0,0.0,0.0,0.0,0,7.75,2.0,,5.0,838.0,,22.5,22.5,2,1,2,10.0,1,0.0,0.0,0,0
Tigner et al. 2020,10.1021/acs.biomac.9b01204,0.0,0.0,0.0,0.0,10.0,0.0,0.0,0.0,0,0.0,0.0,0,0.0,0,0.0,0,0,0,0.0,0,0,0.0,0,0,0,0.0,0.0,0,0.0,0.0,0,0,0.0,0,0,0.0,0.0,0.0,0,0,0.0,0,0.0,0,0,0,0,0,0,0,0,0,0.0,0.0,0.0,0,0,0.0,0.0,0.0,0.0,0.0,0,7.75,2.0,,10.0,838.0,,22.5,22.5,2,1,2,10.0,1,0.0,0.0,0,0
Tigner et al. 2020,10.1021/acs.biomac.9b01204,0.0,0.0,0.0,0.0,10.0,0.0,0.0,0.0,0,0.0,0.0,0,0.0,0,0.0,0,0,0,0.0,0,0,0.0,0,0,0,0.0,0.0,0,0.0,0.0,0,0,0.0,0,0,0.0,0.0,0.0,0,0,0.0,0,0.0,0,0,0,0,0,0,0,0,0,0.0,0.0,0.0,0,0,0.0,0.0,0.0,0.0,0.0,0,7.75,2.0,,15.0,838.0,,22.5,22.5,0,1,0,10.0,1,0.0,0.0,0,0
Tigner et al. 2020,10.1021/acs.biomac.9b01204,0.0,0.0,0.0,0.0,10.0,0.0,0.0,0.0,0,0.0,0.0,0,0.0,0,0.0,0,0,0,0.0,0,0,0.0,0,0,0,0.0,0.0,0,0.0,0.0,0,0,0.0,0,0,0.0,0.0,0.0,0,0,0.0,0,0.0,0,0,0,0,0,0,0,0,0,0.0,0.0,0.0,0,0,0.0,0.0,0.0,0.0,0.0,0,7.75,2.5,,5.0,838.0,,22.5,22.5,2,1,2,10.0,1,0.0,0.0,0,0
Tigner et al. 2020,10.1021/acs.biomac.9b01204,0.0,0.0,0.0,0.0,10.0,0.0,0.0,0.0,0,0.0,0.0,0,0.0,0,0.0,0,0,0,0.0,0,0,0.0,0,0,0,0.0,0.0,0,0.0,0.0,0,0,0.0,0,0,0.0,0.0,0.0,0,0,0.0,0,0.0,0,0,0,0,0,0,0,0,0,0.0,0.0,0.0,0,0,0.0,0.0,0.0,0.0,0.0,0,7.75,2.5,,10.0,838.0,,22.5,22.5,2,1,2,10.0,1,0.0,0.0,0,0
Tigner et al. 2020,10.1021/acs.biomac.9b01204,0.0,0.0,0.0,0.0,10.0,0.0,0.0,0.0,0,0.0,0.0,0,0.0,0,0.0,0,0,0,0.0,0,0,0.0,0,0,0,0.0,0.0,0,0.0,0.0,0,0,0.0,0,0,0.0,0.0,0.0,0,0,0.0,0,0.0,0,0,0,0,0,0,0,0,0,0.0,0.0,0.0,0,0,0.0,0.0,0.0,0.0,0.0,0,7.75,2.5,,15.0,838.0,,22.5,22.5,0,1,0,10.0,1,0.0,0.0,0,0
Tigner et al. 2020,10.1021/acs.biomac.9b01204,0.0,0.0,0.0,0.0,10.0,0.0,0.0,0.0,0,0.0,0.0,0,0.0,0,0.0,0,0,0,0.0,0,0,0.0,0,0,0,0.0,0.0,0,0.0,0.0,0,0,0.0,0,0,0.0,0.0,0.0,0,0,0.0,0,0.0,0,0,0,0,0,0,0,0,0,0.0,0.0,0.0,0,0,0.0,0.0,0.0,0.0,0.0,0,7.75,3.0,,5.0,838.0,,22.5,22.5,1,1,1,10.0,1,0.0,0.0,0,0
Tigner et al. 2020,10.1021/acs.biomac.9b01204,0.0,0.0,0.0,0.0,10.0,0.0,0.0,0.0,0,0.0,0.0,0,0.0,0,0.0,0,0,0,0.0,0,0,0.0,0,0,0,0.0,0.0,0,0.0,0.0,0,0,0.0,0,0,0.0,0.0,0.0,0,0,0.0,0,0.0,0,0,0,0,0,0,0,0,0,0.0,0.0,0.0,0,0,0.0,0.0,0.0,0.0,0.0,0,7.75,3.0,,10.0,838.0,,22.5,22.5,2,1,2,10.0,1,0.0,0.0,0,0
Tigner et al. 2020,10.1021/acs.biomac.9b01204,0.0,0.0,0.0,0.0,10.0,0.0,0.0,0.0,0,0.0,0.0,0,0.0,0,0.0,0,0,0,0.0,0,0,0.0,0,0,0,0.0,0.0,0,0.0,0.0,0,0,0.0,0,0,0.0,0.0,0.0,0,0,0.0,0,0.0,0,0,0,0,0,0,0,0,0,0.0,0.0,0.0,0,0,0.0,0.0,0.0,0.0,0.0,0,7.75,3.5,,5.0,838.0,,22.5,22.5,1,1,1,10.0,1,0.0,0.0,0,0
Tigner et al. 2020,10.1021/acs.biomac.9b01204,0.0,0.0,0.0,0.0,10.0,0.0,0.0,0.0,0,0.0,0.0,0,0.0,0,0.0,0,0,0,0.0,0,0,0.0,0,0,0,0.0,0.0,0,0.0,0.0,0,0,0.0,0,0,0.0,0.0,0.0,0,0,0.0,0,0.0,0,0,0,0,0,0,0,0,0,0.0,0.0,0.0,0,0,0.0,0.0,0.0,0.0,0.0,0,7.75,3.5,,10.0,838.0,,22.5,22.5,2,1,2,10.0,1,0.0,0.0,0,0
Tigner et al. 2020,10.1021/acs.biomac.9b01204,0.0,0.0,0.0,0.0,10.0,0.0,0.0,0.0,0,0.0,0.0,0,0.0,0,0.0,0,0,0,0.0,0,0,0.0,0,0,0,0.0,0.0,0,0.0,0.0,0,0,0.0,0,0,0.0,0.0,0.0,0,0,0.0,0,0.0,0,0,0,0,0,0,0,0,0,0.0,0.0,0.0,0,0,0.0,0.0,0.0,0.0,0.0,0,7.75,3.5,,15.0,838.0,,22.5,22.5,2,1,2,10.0,1,0.0,0.0,0,0
Tigner et al. 2020,10.1021/acs.biomac.9b01204,0.0,0.0,0.0,0.0,10.0,0.0,0.0,0.0,0,0.0,0.0,0,0.0,0,0.0,0,0,0,0.0,0,0,0.0,0,0,0,0.0,0.0,0,0.0,0.0,0,0,0.0,0,0,0.0,0.0,0.0,0,0,0.0,0,0.0,0,0,0,0,0,0,0,0,0,0.0,0.0,0.0,0,0,0.0,0.0,0.0,0.0,0.0,0,7.75,4.0,,5.0,838.0,,22.5,22.5,1,1,1,10.0,1,0.0,0.0,0,0
Tigner et al. 2020,10.1021/acs.biomac.9b01204,0.0,0.0,0.0,0.0,10.0,0.0,0.0,0.0,0,0.0,0.0,0,0.0,0,0.0,0,0,0,0.0,0,0,0.0,0,0,0,0.0,0.0,0,0.0,0.0,0,0,0.0,0,0,0.0,0.0,0.0,0,0,0.0,0,0.0,0,0,0,0,0,0,0,0,0,0.0,0.0,0.0,0,0,0.0,0.0,0.0,0.0,0.0,0,7.75,4.0,,10.0,838.0,,22.5,22.5,2,1,2,10.0,1,0.0,0.0,0,0
Tigner et al. 2020,10.1021/acs.biomac.9b01204,0.0,0.0,0.0,0.0,10.0,0.0,0.0,0.0,0,0.0,0.0,0,0.0,0,0.0,0,0,0,0.0,0,0,0.0,0,0,0,0.0,0.0,0,0.0,0.0,0,0,0.0,0,0,0.0,0.0,0.0,0,0,0.0,0,0.0,0,0,0,0,0,0,0,0,0,0.0,0.0,0.0,0,0,0.0,0.0,0.0,0.0,0.0,0,7.75,4.0,,15.0,838.0,,22.5,22.5,2,1,2,10.0,1,0.0,0.0,0,0
Tigner et al. 2020,10.1021/acs.biomac.9b01204,0.0,0.0,0.0,0.0,0.0,10.0,0.0,0.0,0,0.0,0.0,0,0.0,0,0.0,0,0,0,0.0,0,0,0.0,0,0,0,0.0,0.0,0,0.0,0.0,0,0,0.0,0,0,0.0,0.0,0.0,0,0,0.0,0,0.0,0,0,0,0,0,0,0,0,0,0.0,0.0,0.0,0,0,0.0,0.0,0.0,0.0,0.0,0,7.75,2.0,,5.0,838.0,,22.5,22.5,2,1,2,10.0,1,0.0,0.0,0,0
Tigner et al. 2020,10.1021/acs.biomac.9b01204,0.0,0.0,0.0,0.0,0.0,10.0,0.0,0.0,0,0.0,0.0,0,0.0,0,0.0,0,0,0,0.0,0,0,0.0,0,0,0,0.0,0.0,0,0.0,0.0,0,0,0.0,0,0,0.0,0.0,0.0,0,0,0.0,0,0.0,0,0,0,0,0,0,0,0,0,0.0,0.0,0.0,0,0,0.0,0.0,0.0,0.0,0.0,0,7.75,2.0,,10.0,838.0,,22.5,22.5,2,1,2,10.0,1,0.0,0.0,0,0
Tigner et al. 2020,10.1021/acs.biomac.9b01204,0.0,0.0,0.0,0.0,0.0,10.0,0.0,0.0,0,0.0,0.0,0,0.0,0,0.0,0,0,0,0.0,0,0,0.0,0,0,0,0.0,0.0,0,0.0,0.0,0,0,0.0,0,0,0.0,0.0,0.0,0,0,0.0,0,0.0,0,0,0,0,0,0,0,0,0,0.0,0.0,0.0,0,0,0.0,0.0,0.0,0.0,0.0,0,7.75,2.0,,15.0,838.0,,22.5,22.5,0,1,0,10.0,1,0.0,0.0,0,0
Tigner et al. 2020,10.1021/acs.biomac.9b01204,0.0,0.0,0.0,0.0,0.0,10.0,0.0,0.0,0,0.0,0.0,0,0.0,0,0.0,0,0,0,0.0,0,0,0.0,0,0,0,0.0,0.0,0,0.0,0.0,0,0,0.0,0,0,0.0,0.0,0.0,0,0,0.0,0,0.0,0,0,0,0,0,0,0,0,0,0.0,0.0,0.0,0,0,0.0,0.0,0.0,0.0,0.0,0,7.75,2.5,,5.0,838.0,,22.5,22.5,2,1,2,10.0,1,0.0,0.0,0,0
Tigner et al. 2020,10.1021/acs.biomac.9b01204,0.0,0.0,0.0,0.0,0.0,10.0,0.0,0.0,0,0.0,0.0,0,0.0,0,0.0,0,0,0,0.0,0,0,0.0,0,0,0,0.0,0.0,0,0.0,0.0,0,0,0.0,0,0,0.0,0.0,0.0,0,0,0.0,0,0.0,0,0,0,0,0,0,0,0,0,0.0,0.0,0.0,0,0,0.0,0.0,0.0,0.0,0.0,0,7.75,2.5,,10.0,838.0,,22.5,22.5,2,1,2,10.0,1,0.0,0.0,0,0
Tigner et al. 2020,10.1021/acs.biomac.9b01204,0.0,0.0,0.0,0.0,0.0,10.0,0.0,0.0,0,0.0,0.0,0,0.0,0,0.0,0,0,0,0.0,0,0,0.0,0,0,0,0.0,0.0,0,0.0,0.0,0,0,0.0,0,0,0.0,0.0,0.0,0,0,0.0,0,0.0,0,0,0,0,0,0,0,0,0,0.0,0.0,0.0,0,0,0.0,0.0,0.0,0.0,0.0,0,7.75,2.5,,15.0,838.0,,22.5,22.5,2,1,2,10.0,1,0.0,0.0,0,0
Tigner et al. 2020,10.1021/acs.biomac.9b01204,0.0,0.0,0.0,0.0,0.0,10.0,0.0,0.0,0,0.0,0.0,0,0.0,0,0.0,0,0,0,0.0,0,0,0.0,0,0,0,0.0,0.0,0,0.0,0.0,0,0,0.0,0,0,0.0,0.0,0.0,0,0,0.0,0,0.0,0,0,0,0,0,0,0,0,0,0.0,0.0,0.0,0,0,0.0,0.0,0.0,0.0,0.0,0,7.75,3.0,,5.0,838.0,,22.5,22.5,2,1,2,10.0,1,0.0,0.0,0,0
Tigner et al. 2020,10.1021/acs.biomac.9b01204,0.0,0.0,0.0,0.0,0.0,10.0,0.0,0.0,0,0.0,0.0,0,0.0,0,0.0,0,0,0,0.0,0,0,0.0,0,0,0,0.0,0.0,0,0.0,0.0,0,0,0.0,0,0,0.0,0.0,0.0,0,0,0.0,0,0.0,0,0,0,0,0,0,0,0,0,0.0,0.0,0.0,0,0,0.0,0.0,0.0,0.0,0.0,0,7.75,3.0,,10.0,838.0,,22.5,22.5,2,1,2,10.0,1,0.0,0.0,0,0
Tigner et al. 2020,10.1021/acs.biomac.9b01204,0.0,0.0,0.0,0.0,0.0,10.0,0.0,0.0,0,0.0,0.0,0,0.0,0,0.0,0,0,0,0.0,0,0,0.0,0,0,0,0.0,0.0,0,0.0,0.0,0,0,0.0,0,0,0.0,0.0,0.0,0,0,0.0,0,0.0,0,0,0,0,0,0,0,0,0,0.0,0.0,0.0,0,0,0.0,0.0,0.0,0.0,0.0,0,7.75,3.5,,5.0,838.0,,22.5,22.5,2,1,2,10.0,1,0.0,0.0,0,0
Tigner et al. 2020,10.1021/acs.biomac.9b01204,0.0,0.0,0.0,0.0,0.0,10.0,0.0,0.0,0,0.0,0.0,0,0.0,0,0.0,0,0,0,0.0,0,0,0.0,0,0,0,0.0,0.0,0,0.0,0.0,0,0,0.0,0,0,0.0,0.0,0.0,0,0,0.0,0,0.0,0,0,0,0,0,0,0,0,0,0.0,0.0,0.0,0,0,0.0,0.0,0.0,0.0,0.0,0,7.75,3.5,,10.0,838.0,,22.5,22.5,2,1,2,10.0,1,0.0,0.0,0,0
Tigner et al. 2020,10.1021/acs.biomac.9b01204,0.0,0.0,0.0,0.0,0.0,10.0,0.0,0.0,0,0.0,0.0,0,0.0,0,0.0,0,0,0,0.0,0,0,0.0,0,0,0,0.0,0.0,0,0.0,0.0,0,0,0.0,0,0,0.0,0.0,0.0,0,0,0.0,0,0.0,0,0,0,0,0,0,0,0,0,0.0,0.0,0.0,0,0,0.0,0.0,0.0,0.0,0.0,0,7.75,3.5,,15.0,838.0,,22.5,22.5,2,1,2,10.0,1,0.0,0.0,0,0
Tigner et al. 2020,10.1021/acs.biomac.9b01204,0.0,0.0,0.0,0.0,0.0,10.0,0.0,0.0,0,0.0,0.0,0,0.0,0,0.0,0,0,0,0.0,0,0,0.0,0,0,0,0.0,0.0,0,0.0,0.0,0,0,0.0,0,0,0.0,0.0,0.0,0,0,0.0,0,0.0,0,0,0,0,0,0,0,0,0,0.0,0.0,0.0,0,0,0.0,0.0,0.0,0.0,0.0,0,7.75,4.0,,5.0,838.0,,22.5,22.5,2,1,2,10.0,1,0.0,0.0,0,0
Tigner et al. 2020,10.1021/acs.biomac.9b01204,0.0,0.0,0.0,0.0,0.0,10.0,0.0,0.0,0,0.0,0.0,0,0.0,0,0.0,0,0,0,0.0,0,0,0.0,0,0,0,0.0,0.0,0,0.0,0.0,0,0,0.0,0,0,0.0,0.0,0.0,0,0,0.0,0,0.0,0,0,0,0,0,0,0,0,0,0.0,0.0,0.0,0,0,0.0,0.0,0.0,0.0,0.0,0,7.75,4.0,,10.0,838.0,,22.5,22.5,2,1,2,10.0,1,0.0,0.0,0,0
Tigner et al. 2020,10.1021/acs.biomac.9b01204,0.0,0.0,0.0,0.0,0.0,10.0,0.0,0.0,0,0.0,0.0,0,0.0,0,0.0,0,0,0,0.0,0,0,0.0,0,0,0,0.0,0.0,0,0.0,0.0,0,0,0.0,0,0,0.0,0.0,0.0,0,0,0.0,0,0.0,0,0,0,0,0,0,0,0,0,0.0,0.0,0.0,0,0,0.0,0.0,0.0,0.0,0.0,0,7.75,4.0,,15.0,838.0,,22.5,22.5,2,1,2,10.0,1,0.0,0.0,0,0
Soliman et al. 2020,10.1002/adhm.201901544,0.0,0.0,0.0,0.0,3.0,0.0,0.0,0.0,0,0.0,0.0,0,0.0,0,0.0,0,0,0,0.0,0,0,0.0,0,0,0,0.0,0.0,0,0.0,0.0,0,0,0.0,0,0,0.0,0.0,0.0,0,0,2.25,0,0.0,0,0,0,0,0,0,0,0,0,0.0,0.0,0.5,5,0,0.0,0.0,0.0,5000000.0,0.0,180,,11.67,,,337.0,,10.0,10.0,3,3,9,3.0,4,0.0,0.0,0,1
Soliman et al. 2020,10.1002/adhm.201901544,0.0,0.0,0.0,0.0,3.0,0.0,0.0,0.0,0,0.0,0.0,0,0.0,0,0.0,0,0,0,0.0,0,0,0.0,0,0,0,0.0,0.0,0,0.0,0.0,0,0,0.0,0,0,0.0,0.0,0.0,0,0,2.25,0,0.0,0,0,0,0,0,0,0,0,0,0.0,0.0,0.5,5,0,0.0,0.0,0.0,5000000.0,0.0,180,,11.67,,,337.0,,10.0,10.0,3,5,15,3.0,4,0.0,0.0,0,1
Soliman et al. 2020,10.1002/adhm.201901544,0.0,0.0,0.0,0.0,3.0,0.0,0.0,0.0,0,0.0,0.0,0,0.0,0,0.0,0,0,0,0.0,0,0,0.0,0,0,0,0.0,0.0,0,0.0,0.0,0,0,0.0,0,0,0.0,0.0,0.0,0,0,2.25,0,0.0,0,0,0,0,0,0,0,0,0,0.0,0.0,0.5,10,0,0.0,0.0,0.0,5000000.0,0.0,180,,11.67,,,337.0,,10.0,10.0,3,3,9,3.0,4,0.0,0.0,0,1
Soliman et al. 2020,10.1002/adhm.201901544,0.0,0.0,0.0,0.0,3.0,0.0,0.0,0.0,0,0.0,0.0,0,0.0,0,0.0,0,0,0,0.0,0,0,0.0,0,0,0,0.0,0.0,0,0.0,0.0,0,0,0.0,0,0,0.0,0.0,0.0,0,0,2.25,0,0.0,0,0,0,0,0,0,0,0,0,0.0,0.0,0.5,10,0,0.0,0.0,0.0,5000000.0,0.0,180,,11.67,,,337.0,,10.0,10.0,3,5,15,3.0,4,0.0,0.0,0,1
Soliman et al. 2020,10.1002/adhm.201901544,0.0,0.0,0.0,0.0,3.0,0.0,0.0,0.0,0,0.0,0.0,0,0.0,0,0.0,0,0,0,0.0,0,0,0.0,0,0,0,0.0,0.0,0,0.0,0.0,0,0,0.0,0,0,0.0,0.0,0.0,0,0,2.25,0,0.0,0,0,0,0,0,0,0,0,0,0.0,0.0,1.0,10,0,0.0,0.0,0.0,5000000.0,0.0,180,,11.67,,,337.0,,10.0,10.0,3,3,9,3.0,4,0.0,0.0,0,1
Soliman et al. 2020,10.1002/adhm.201901544,0.0,0.0,0.0,0.0,3.0,0.0,0.0,0.0,0,0.0,0.0,0,0.0,0,0.0,0,0,0,0.0,0,0,0.0,0,0,0,0.0,0.0,0,0.0,0.0,0,0,0.0,0,0,0.0,0.0,0.0,0,0,2.25,0,0.0,0,0,0,0,0,0,0,0,0,0.0,0.0,1.0,10,0,0.0,0.0,0.0,5000000.0,0.0,180,,11.67,,,337.0,,10.0,10.0,3,5,15,3.0,4,0.0,0.0,0,1
Soliman et al. 2020,10.1002/adhm.201901544,0.0,0.0,0.0,0.0,3.0,0.0,0.0,0.0,0,0.0,0.0,0,0.0,0,0.0,0,0,0,0.0,0,0,0.0,0,0,0,0.0,0.0,0,0.0,0.0,0,0,0.0,0,0,0.0,0.0,0.0,0,0,2.25,0,0.0,0,0,0,0,0,0,0,0,0,0.0,0.0,1.0,5,0,0.0,0.0,0.0,15000000.0,0.0,180,,11.67,,,337.0,,10.0,10.0,3,3,9,3.0,4,0.0,0.0,0,1
Soliman et al. 2020,10.1002/adhm.201901544,0.0,0.0,0.0,0.0,3.0,0.0,0.0,0.0,0,0.0,0.0,0,0.0,0,0.0,0,0,0,0.0,0,0,0.0,0,0,0,0.0,0.0,0,0.0,0.0,0,0,0.0,0,0,0.0,0.0,0.0,0,0,2.25,0,0.0,0,0,0,0,0,0,0,0,0,0.0,0.0,1.0,5,0,0.0,0.0,0.0,0.0,0.0,180,,11.67,,,337.0,,10.0,10.0,3,1,3,3.0,4,0.0,0.0,0,0
Shin et al. 2019,10.1016/j.actbio.2018.10.028,0.0,0.0,0.0,0.0,4.0,0.0,0.0,0.0,0,2.0,0.0,0,0.0,0,0.0,0,0,0,0.0,0,0,0.0,0,0,0,0.0,0.0,0,0.0,0.0,0,0,0.0,0,0,0.0,0.0,0.0,0,0,0.0,0,0.0,0,0,0,0,0,0,0,0,0,0.0,0.0,0.0,0,0,0.0,0.0,0.0,5000000.0,0.0,0,,,,,933.48,,,22.0,3,3,9,6.0,2,0.0,0.0,0,1
Shin et al. 2019,10.1016/j.actbio.2018.10.028,0.0,0.0,0.0,0.0,4.0,0.0,0.0,0.0,0,2.0,0.0,0,0.0,0,0.0,0,0,0,0.0,0,0,0.0,0,0,0,0.0,0.0,0,0.0,0.0,0,0,0.0,0,0,0.0,0.0,0.0,0,0,0.0,0,0.0,0,0,0,0,0,0,0,0,0,0.0,0.0,0.0,0,0,0.0,0.0,0.0,5000000.0,0.0,0,,,,,933.48,,,22.0,3,3,9,6.0,2,0.0,0.0,0,1
Shin et al. 2019,10.1016/j.actbio.2018.10.028,0.0,0.0,0.0,0.0,4.0,0.0,0.0,0.0,0,2.0,0.0,0,0.0,0,0.0,0,0,0,0.0,0,0,0.0,0,0,0,0.0,0.0,0,0.0,0.0,0,0,0.0,0,0,0.0,0.0,0.0,0,0,0.0,0,0.0,0,0,0,0,0,0,0,0,0,0.0,0.0,0.0,0,0,0.0,0.0,0.0,5000000.0,0.0,0,,,,,933.48,,,22.0,3,3,9,6.0,2,0.0,0.0,0,1
Shin et al. 2019,10.1016/j.actbio.2018.10.028,0.0,0.0,0.0,0.0,4.0,0.0,0.0,0.0,0,2.0,0.0,0,0.0,0,0.0,0,0,0,0.0,0,0,0.0,0,0,0,0.0,0.0,0,0.0,0.0,0,0,0.0,0,0,0.0,0.0,0.0,0,0,0.0,0,0.0,0,0,0,0,0,0,0,0,0,0.0,0.0,0.0,0,0,0.0,0.0,0.0,5000000.0,0.0,0,,,,,933.48,,,22.0,3,3,9,6.0,2,0.0,0.0,0,1
Shin et al. 2019,10.1016/j.actbio.2018.10.028,0.0,0.0,0.0,0.0,4.0,0.0,0.0,0.0,0,2.0,0.0,0,0.0,0,0.0,0,0,0,0.0,0,0,0.0,0,0,0,0.0,0.0,0,0.0,0.0,0,0,0.0,0,0,0.0,0.0,0.0,0,0,0.0,0,0.0,0,0,0,0,0,0,0,0,0,0.0,0.0,0.0,0,0,0.0,0.0,0.0,5000000.0,0.0,0,,,,,933.48,,,22.0,3,3,9,6.0,2,0.0,0.0,0,1
Shin et al. 2019,10.1016/j.actbio.2018.10.028,0.0,0.0,0.0,0.0,4.0,0.0,0.0,0.0,0,2.0,0.0,0,0.0,0,0.0,0,0,0,0.0,0,0,0.0,0,0,0,0.0,0.0,0,0.0,0.0,0,0,0.0,0,0,0.0,0.0,0.0,0,0,0.0,0,0.0,0,0,0,0,0,0,0,0,0,0.0,0.0,0.0,0,0,0.0,0.0,0.0,5000000.0,0.0,0,,,,,933.48,,,22.0,3,3,9,6.0,2,0.0,0.0,0,1
Shin et al. 2019,10.1016/j.actbio.2018.10.028,0.0,0.0,0.0,0.0,4.0,0.0,0.0,0.0,0,2.0,0.0,0,0.0,0,0.0,0,0,0,0.0,0,0,0.0,0,0,0,0.0,0.0,0,0.0,0.0,0,0,0.0,0,0,0.0,0.0,0.0,0,0,0.0,0,0.0,0,0,0,0,0,0,0,0,0,0.0,0.0,0.0,0,0,0.0,0.0,0.0,5000000.0,0.0,0,,,,,933.48,,,22.0,3,5,15,6.0,2,0.0,0.0,0,1
Shin et al. 2019,10.1016/j.actbio.2018.10.028,0.0,0.0,0.0,0.0,4.0,0.0,0.0,0.0,0,2.0,0.0,0,0.0,0,0.0,0,0,0,0.0,0,0,0.0,0,0,0,0.0,0.0,0,0.0,0.0,0,0,0.0,0,0,0.0,0.0,0.0,0,0,0.0,0,0.0,0,0,0,0,0,0,0,0,0,0.0,0.0,0.0,0,0,0.0,0.0,0.0,5000000.0,0.0,0,,,,,933.48,,,22.0,3,5,15,6.0,2,0.0,0.0,0,1
Chen et al. 2019,10.1021/acsami.9b09782,0.0,0.0,0.0,0.0,0.0,5.0,0.0,0.0,0,0.0,0.0,0,2.0,0,0.0,0,0,0,0.0,0,0,0.0,0,0,0,0.0,0.0,0,0.0,0.0,0,0,0.0,0,0,0.0,0.0,0.0,0,0,0.0,0,0.0,0,0,0,0,0,0,0,0,0,0.5,0.0,0.0,0,0,0.0,0.0,0.0,1000000.0,0.0,40,,,0.000833,5.0,210.0,,37.0,22.0,3,5,15,7.5,3,0.0,0.0,1,1
Chen et al. 2019,10.1021/acsami.9b09782,0.0,0.0,0.0,0.0,0.0,5.0,0.0,0.0,0,0.0,0.0,0,2.0,0,0.0,0,0,0,0.0,0,0,0.0,0,0,0,0.0,0.0,0,0.0,0.0,0,0,0.0,0,0,0.0,0.0,0.0,0,0,0.0,0,0.0,0,0,0,0,0,0,0,0,0,0.5,0.0,0.0,0,0,0.0,0.0,0.0,1000000.0,0.0,40,,,0.000833,5.0,210.0,,37.0,22.0,3,5,15,7.5,3,0.0,0.0,1,1
Cidonio et al. 2019,10.1088/1758-5090/ab19fd,0.0,0.0,0.0,0.0,0.0,7.5,0.0,0.0,0,0.0,0.0,0,0.0,0,0.0,0,0,0,0.0,0,0,0.0,0,0,0,0.0,0.0,0,0.0,0.0,0,0,0.0,0,0,0.0,0.0,0.0,0,0,0.0,0,0.0,0,0,0,0,0,0,0,0,0,0.0,0.0,1.0,10,0,0.0,0.0,0.0,5000000.0,0.0,180,,,,9.167,300.0,,20.5,22.0,3,5,15,7.5,3,0.0,0.0,0,1
Cidonio et al. 2019,10.1088/1758-5090/ab19fd,0.0,0.0,0.0,0.0,0.0,7.5,0.0,0.0,0,0.0,0.0,0,0.0,0,0.0,0,0,0,0.0,0,0,0.0,0,0,0,0.0,0.0,0,0.0,0.0,0,0,0.0,0,0,0.0,0.0,0.0,0,0,0.0,0,0.0,0,0,0,0,0,0,0,0,0,0.0,0.0,1.0,10,0,0.0,0.0,0.0,5000000.0,0.0,180,,,,9.167,300.0,,20.5,22.0,3,5,15,7.5,3,0.0,0.0,0,1
Cidonio et al. 2019,10.1088/1758-5090/ab19fd,0.0,0.0,0.0,0.0,0.0,7.5,0.0,0.0,0,0.0,0.0,0,0.0,0,0.0,0,0,0,0.0,0,0,0.0,0,0,0,0.0,0.0,0,0.0,0.0,0,0,0.0,0,0,0.0,0.0,0.0,0,0,0.0,0,0.0,0,0,0,0,0,0,0,0,0,0.0,0.0,1.0,10,0,0.0,0.0,0.0,5000000.0,0.0,180,,,,9.167,300.0,,20.5,22.0,3,4,12,7.5,3,0.0,0.0,0,1
Cidonio et al. 2019,10.1088/1758-5090/ab19fd,0.0,0.0,0.0,0.0,0.0,7.5,1.0,0.0,0,0.0,0.0,0,0.0,0,0.0,0,0,0,0.0,0,0,0.0,0,0,0,0.0,0.0,0,0.0,0.0,0,0,0.0,0,0,0.0,0.0,0.0,0,0,0.0,0,0.0,0,0,0,0,0,0,0,0,0,0.0,0.0,1.0,10,0,0.0,0.0,0.0,5000000.0,0.0,180,,,,9.167,300.0,,20.5,22.0,3,5,15,8.5,4,0.0,0.0,1,1
Cidonio et al. 2019,10.1088/1758-5090/ab19fd,0.0,0.0,0.0,0.0,0.0,7.5,1.0,0.0,0,0.0,0.0,0,0.0,0,0.0,0,0,0,0.0,0,0,0.0,0,0,0,0.0,0.0,0,0.0,0.0,0,0,0.0,0,0,0.0,0.0,0.0,0,0,0.0,0,0.0,0,0,0,0,0,0,0,0,0,0.0,0.0,1.0,10,0,0.0,0.0,0.0,5000000.0,0.0,180,,,,9.167,300.0,,20.5,22.0,3,5,15,8.5,4,0.0,0.0,1,1
Cidonio et al. 2019,10.1088/1758-5090/ab19fd,0.0,0.0,0.0,0.0,0.0,7.5,1.0,0.0,0,0.0,0.0,0,0.0,0,0.0,0,0,0,0.0,0,0,0.0,0,0,0,0.0,0.0,0,0.0,0.0,0,0,0.0,0,0,0.0,0.0,0.0,0,0,0.0,0,0.0,0,0,0,0,0,0,0,0,0,0.0,0.0,1.0,10,0,0.0,0.0,0.0,5000000.0,0.0,180,,,,9.167,300.0,,20.5,22.0,3,5,15,8.5,4,0.0,0.0,1,1
Cidonio et al. 2019,10.1088/1758-5090/ab19fd,0.0,0.0,0.0,0.0,0.0,7.5,0.0,0.0,0,0.0,0.0,0,0.0,0,0.0,0,0,0,0.0,0,0,0.0,0,0,0,0.0,0.0,0,0.0,0.0,0,0,0.0,0,0,0.0,0.0,0.0,0,0,0.0,0,0.0,0,0,0,0,0,0,0,0,0,0.0,0.0,1.0,10,0,0.0,0.0,0.0,0.0,0.0,180,,,,9.167,300.0,,20.5,22.0,1,1,1,7.5,3,0.0,0.0,0,0
Cidonio et al. 2019,10.1088/1758-5090/ab19fd,0.0,0.0,0.0,0.0,0.0,7.5,0.5,0.0,0,0.0,0.0,0,0.0,0,0.0,0,0,0,0.0,0,0,0.0,0,0,0,0.0,0.0,0,0.0,0.0,0,0,0.0,0,0,0.0,0.0,0.0,0,0,0.0,0,0.0,0,0,0,0,0,0,0,0,0,0.0,0.0,1.0,10,0,0.0,0.0,0.0,0.0,0.0,180,,,,9.167,300.0,,20.5,22.0,2,1,2,8.0,4,0.0,0.0,1,0
Cidonio et al. 2019,10.1088/1758-5090/ab19fd,0.0,0.0,0.0,0.0,0.0,10.0,0.0,0.0,0,0.0,0.0,0,0.0,0,0.0,0,0,0,0.0,0,0,0.0,0,0,0,0.0,0.0,0,0.0,0.0,0,0,0.0,0,0,0.0,0.0,0.0,0,0,0.0,0,0.0,0,0,0,0,0,0,0,0,0,0.0,0.0,1.0,10,0,0.0,0.0,0.0,0.0,0.0,180,,,,9.167,300.0,,20.5,22.0,1,1,1,10.0,3,0.0,0.0,0,0
Cidonio et al. 2019,10.1088/1758-5090/ab19fd,0.0,0.0,0.0,0.0,10.0,0.0,0.5,0.0,0,0.0,0.0,0,0.0,0,0.0,0,0,0,0.0,0,0,0.0,0,0,0,0.0,0.0,0,0.0,0.0,0,0,0.0,0,0,0.0,0.0,0.0,0,0,0.0,0,0.0,0,0,0,0,0,0,0,0,0,0.0,0.0,1.0,10,0,0.0,0.0,0.0,0.0,0.0,180,,,,9.167,300.0,,20.5,22.0,2,1,2,10.5,4,0.0,0.0,1,0
Cidonio et al. 2019,10.1088/1758-5090/ab19fd,0.0,0.0,0.0,0.0,10.0,0.0,1.0,0.0,0,0.0,0.0,0,0.0,0,0.0,0,0,0,0.0,0,0,0.0,0,0,0,0.0,0.0,0,0.0,0.0,0,0,0.0,0,0,0.0,0.0,0.0,0,0,0.0,0,0.0,0,0,0,0,0,0,0,0,0,0.0,0.0,1.0,10,0,0.0,0.0,0.0,0.0,0.0,180,,,,9.167,300.0,,20.5,22.0,2,1,2,11.0,4,0.0,0.0,1,0
Kolan et al. 2019,10.18063/ijb.v5i2.2.204,3.0,0.0,0.0,0.0,3.0,0.0,0.0,0.0,0,0.0,0.0,0,0.0,0,0.0,0,0,0,0.0,0,0,0.0,0,0,0,0.0,0.0,0,300.0,0.0,0,0,0.0,0,0,0.0,0.0,0.0,0,0,0.0,0,0.0,0,0,0,0,0,0,0,0,0,0.0,0.0,0.0,0,0,0.0,0.0,0.0,2000000.0,600.0,0,27.6,,,15.0,410.0,,37.0,22.0,3,3,9,6.0,3,0.0,0.0,0,1
Kolan et al. 2019,10.18063/ijb.v5i2.2.204,3.0,0.0,0.0,0.0,3.0,0.0,0.0,0.0,0,0.0,0.0,0,0.0,0,0.0,0,0,0,0.0,0,0,0.0,0,0,0,0.0,0.0,0,300.0,0.0,0,0,0.0,0,0,0.0,0.0,0.0,0,0,0.0,0,0.0,0,0,0,0,0,0,0,0,0,0.0,0.0,0.0,0,0,0.0,0.0,0.0,2000000.0,600.0,0,27.6,,,15.0,410.0,,37.0,22.0,3,2,6,6.0,3,0.0,0.0,0,1
Kolan et al. 2019,10.18063/ijb.v5i2.2.204,3.0,0.0,0.0,0.0,3.0,0.0,0.0,0.0,0,0.0,0.0,0,0.0,0,0.0,0,0,0,0.0,0,0,0.0,0,0,0,0.0,0.0,0,300.0,0.0,0,0,0.0,0,0,0.0,0.0,0.0,0,0,0.0,0,0.0,0,0,0,0,0,0,0,0,0,0.0,0.0,0.0,0,0,0.0,0.0,0.0,2000000.0,600.0,0,27.6,,,15.0,410.0,,37.0,22.0,3,4,12,6.0,3,0.0,0.0,0,1
Kolan et al. 2019,10.18063/ijb.v5i2.2.204,3.0,0.0,0.0,0.0,3.0,0.0,0.0,0.0,0,0.0,0.0,0,0.0,0,0.0,0,0,0,0.0,0,0,0.0,0,0,0,0.0,0.0,0,300.0,0.0,0,0,0.0,0,0,0.0,0.0,0.0,0,0,0.0,0,0.0,0,0,0,0,0,0,0,0,0,0.0,0.0,0.0,0,0,0.0,0.0,0.0,2000000.0,600.0,0,27.6,,,15.0,410.0,,37.0,22.0,3,3,9,6.0,3,0.0,0.0,0,1
Kolan et al. 2019,10.18063/ijb.v5i2.2.204,3.0,0.0,0.0,0.0,3.0,0.0,0.0,0.0,0,0.0,0.0,0,0.0,0,0.0,0,0,0,0.0,0,0,0.0,0,0,0,0.0,0.0,0,300.0,0.0,0,0,0.0,0,0,0.0,0.0,0.0,0,0,0.0,0,0.0,0,0,0,0,0,0,0,0,0,0.0,0.0,0.0,0,0,0.0,0.0,0.0,2000000.0,600.0,0,27.6,,,15.0,410.0,,37.0,22.0,3,4,12,6.0,3,0.0,0.0,0,1
Kolan et al. 2019,10.18063/ijb.v5i2.2.204,3.0,0.0,0.0,0.0,3.0,0.0,0.0,0.0,0,0.0,0.0,0,0.0,0,0.0,0,0,0,0.0,0,0,0.0,0,0,0,0.0,0.0,0,300.0,0.0,0,0,0.0,0,0,0.0,0.0,0.0,0,0,0.0,0,0.0,0,0,0,0,0,0,0,0,0,0.0,0.0,0.0,0,0,0.0,0.0,0.0,2000000.0,600.0,0,27.6,,,15.0,410.0,,37.0,22.0,3,2,6,6.0,3,0.0,0.0,0,1
Kolan et al. 2019,10.18063/ijb.v5i2.2.204,3.0,0.0,0.0,0.0,3.0,0.0,0.0,0.0,0,0.0,0.0,0,0.0,0,0.0,0,0,0,0.0,0,0,0.0,0,0,0,0.0,0.0,0,300.0,0.0,0,0,0.0,0,0,0.0,0.0,0.0,0,0,0.0,0,0.0,0,0,0,0,0,0,0,0,0,0.0,0.0,0.0,0,0,0.0,0.0,0.0,2000000.0,600.0,0,27.6,,,15.0,410.0,,37.0,22.0,3,4,12,6.0,3,0.0,0.0,0,1
Kolan et al. 2019,10.18063/ijb.v5i2.2.204,0.0,0.0,0.0,0.0,0.0,0.0,0.0,0.0,0,0.0,0.0,0,0.0,0,0.0,0,0,0,0.0,0,50,0.0,0,0,0,0.0,0.0,0,300.0,0.0,0,0,0.0,0,0,0.0,0.0,0.0,0,0,0.0,0,0.0,0,0,0,0,0,50,0,0,0,0.0,0.0,0.0,0,0,0.0,0.0,0.0,0.0,600.0,0,275.8,,,10.0,410.0,,37.0,22.0,3,1,3,100.0,3,50.0,0.5,1,0
Kolan et al. 2019,10.18063/ijb.v5i2.2.204,0.0,0.0,0.0,0.0,0.0,0.0,0.0,0.0,0,0.0,0.0,0,0.0,0,0.0,0,0,0,0.0,0,50,0.0,0,0,0,0.0,0.0,0,300.0,0.0,0,0,0.0,0,0,0.0,0.0,0.0,0,0,0.0,0,0.0,0,0,0,0,0,50,0,0,0,0.0,0.0,0.0,0,0,0.0,0.0,0.0,0.0,600.0,0,275.8,,,10.0,410.0,,37.0,22.0,3,1,3,100.0,3,50.0,0.5,1,0
Li et al. 2018 (a),10.1007/s13205-018-1341-9,2.0,0.0,0.0,0.0,10.0,0.0,0.0,0.0,0,0.0,0.0,0,0.0,0,0.0,0,0,0,0.0,0,0,0.0,0,0,0,0.0,0.0,0,270.3,0.0,0,0,0.0,0,0,0.0,0.0,0.0,0,0,0.0,0,0.0,0,0,0,0,0,0,0,0,0,0.0,0.0,0.0,0,0,0.0,0.0,0.0,2000000.0,180.0,0,,,0.15,3.5,260.0,,37.0,8.0,3,5,15,12.0,3,0.0,0.0,0,1
Li et al. 2018 (a),10.1007/s13205-018-1341-9,2.0,0.0,0.0,0.0,10.0,0.0,0.0,0.0,0,0.0,0.0,0,0.0,0,0.0,0,0,0,0.0,0,0,0.0,0,0,0,0.0,0.0,0,270.3,0.0,0,0,0.0,0,0,0.0,0.0,0.0,0,0,0.0,0,0.0,0,0,0,0,0,0,0,0,0,0.0,0.0,0.0,0,0,0.0,0.0,0.0,2000000.0,180.0,0,,,0.15,3.5,260.0,,37.0,8.0,3,5,15,12.0,3,0.0,0.0,0,1
Li et al. 2018 (b),10.1038/s41598-018-26407-3,8.0,0.0,0.0,0.0,20.0,0.0,0.0,0.0,0,0.0,0.0,0,0.0,0,0.0,0,0,0,0.0,0,0,0.0,0,0,0,0.0,0.0,0,901.1,0.0,0,0,0.0,0,0,0.0,0.0,0.0,0,0,0.0,0,0.0,0,0,0,0,0,0,0,0,0,0.0,0.0,0.0,0,0,0.0,0.0,0.0,10000000.0,600.0,0,280.0,,,6.5,340.0,,10.0,10.0,2,5,10,28.0,3,0.0,0.0,0,1
Li et al. 2018 (b),10.1038/s41598-018-26407-3,8.0,0.0,0.0,0.0,20.0,0.0,0.0,0.0,0,0.0,0.0,0,0.0,0,0.0,0,0,0,0.0,0,0,0.0,0,0,0,0.0,0.0,0,901.1,0.0,0,0,0.0,0,0,0.0,0.0,0.0,0,0,0.0,0,0.0,0,0,0,0,0,0,0,0,0,0.0,0.0,0.0,0,0,0.0,0.0,0.082,10000000.0,600.0,0,250.0,,,6.5,340.0,,10.0,10.0,3,5,15,28.0,4,0.0,0.0,0,1
Li et al. 2018 (b),10.1038/s41598-018-26407-3,8.0,0.0,0.0,0.0,20.0,0.0,0.0,0.0,0,0.0,0.0,0,0.0,0,0.0,0,0,0,0.0,0,0,0.0,0,0,0,0.0,0.0,0,901.1,0.0,0,0,0.0,0,0,0.0,0.0,0.0,0,0,0.0,0,0.0,0,0,0,0,0,0,0,0,0,0.0,0.0,0.0,0,0,0.0,0.0,0.165,10000000.0,600.0,0,230.0,,,6.5,340.0,,10.0,10.0,2,5,10,28.0,4,0.0,0.0,0,1
Li et al. 2018 (b),10.1038/s41598-018-26407-3,8.0,0.0,0.0,0.0,20.0,0.0,0.0,0.0,0,0.0,0.0,0,0.0,0,0.0,0,0,0,0.0,0,0,0.0,0,0,0,0.0,0.0,0,901.1,0.0,0,0,0.0,0,0,0.0,0.0,0.0,0,0,0.0,0,0.0,0,0,0,0,0,0,0,0,0,0.0,0.0,0.0,0,0,0.0,0.0,0.328,10000000.0,600.0,0,180.0,,,6.5,340.0,,10.0,10.0,2,5,10,28.0,4,0.0,0.0,0,1
Moncal et al. 2020,10.1007/s10856-019-6258-3,0.0,0.0,0.0,0.0,0.0,0.0,0.0,0.0,0,0.0,0.0,0,0.0,40,3.0,0,0,0,0.0,0,0,0.0,0,0,0,0.0,0.0,0,0.0,0.0,0,0,0.0,0,0,0.0,0.0,0.0,0,0,0.0,0,0.0,0,0,0,0,0,0,0,0,0,0.0,0.0,0.0,0,0,0.0,0.0,0.0,10000000.0,0.0,0,67.5,,,3.33,337.0,,44.0,37.0,1,2,2,43.0,2,0.0,0.0,1,1
Moncal et al. 2021,10.1007/s10856-019-6258-4,0.0,0.0,0.0,0.0,0.0,0.0,0.0,0.0,0,0.0,0.0,0,0.0,60,3.0,0,0,0,0.0,0,0,0.0,0,0,0,0.0,0.0,0,0.0,0.0,0,0,0.0,0,0,0.0,0.0,0.0,0,0,0.0,0,0.0,0,0,0,0,0,0,0,0,0,0.0,0.0,0.0,0,0,0.0,0.0,0.0,10000000.0,0.0,0,67.5,,,3.33,337.0,,44.0,37.0,1,2,2,63.0,2,0.0,0.0,1,1
Moncal et al. 2022,10.1007/s10856-019-6258-5,0.0,0.0,0.0,0.0,0.0,0.0,0.0,0.0,0,0.0,0.0,0,0.0,40,6.0,0,0,0,0.0,0,0,0.0,0,0,0,0.0,0.0,0,0.0,0.0,0,0,0.0,0,0,0.0,0.0,0.0,0,0,0.0,0,0.0,0,0,0,0,0,0,0,0,0,0.0,0.0,0.0,0,0,0.0,0.0,0.0,10000000.0,0.0,0,67.5,,,3.33,337.0,,44.0,37.0,0,2,0,46.0,2,0.0,0.0,1,1
Moncal et al. 2023,10.1007/s10856-019-6258-6,0.0,0.0,0.0,0.0,0.0,0.0,0.0,0.0,0,0.0,0.0,0,0.0,60,6.0,0,0,0,0.0,0,0,0.0,0,0,0,0.0,0.0,0,0.0,0.0,0,0,0.0,0,0,0.0,0.0,0.0,0,0,0.0,0,0.0,0,0,0,0,0,0,0,0,0,0.0,0.0,0.0,0,0,0.0,0.0,0.0,10000000.0,0.0,0,67.5,,,3.33,337.0,,44.0,37.0,2,3,6,66.0,2,0.0,0.0,1,1
Moncal et al. 2024,10.1007/s10856-019-6258-7,0.0,0.0,0.0,0.0,0.0,0.0,0.0,0.0,0,0.0,0.0,0,0.0,40,3.0,0,0,0,0.0,0,0,0.0,0,0,0,0.0,0.0,0,0.0,0.0,0,0,0.0,0,0,0.0,0.0,0.0,0,0,0.0,0,0.0,0,0,0,0,0,0,0,0,0,0.0,0.0,0.0,0,0,0.0,0.0,0.0,10000000.0,0.0,0,30.0,,,3.33,337.0,,44.0,37.0,1,2,2,43.0,2,0.0,0.0,1,1
Moncal et al. 2025,10.1007/s10856-019-6258-8,0.0,0.0,0.0,0.0,0.0,0.0,0.0,0.0,0,0.0,0.0,0,0.0,60,3.0,0,0,0,0.0,0,0,0.0,0,0,0,0.0,0.0,0,0.0,0.0,0,0,0.0,0,0,0.0,0.0,0.0,0,0,0.0,0,0.0,0,0,0,0,0,0,0,0,0,0.0,0.0,0.0,0,0,0.0,0.0,0.0,10000000.0,0.0,0,30.0,,,3.33,337.0,,44.0,37.0,1,2,2,63.0,2,0.0,0.0,1,1
Moncal et al. 2026,10.1007/s10856-019-6258-9,0.0,0.0,0.0,0.0,0.0,0.0,0.0,0.0,0,0.0,0.0,0,0.0,40,6.0,0,0,0,0.0,0,0,0.0,0,0,0,0.0,0.0,0,0.0,0.0,0,0,0.0,0,0,0.0,0.0,0.0,0,0,0.0,0,0.0,0,0,0,0,0,0,0,0,0,0.0,0.0,0.0,0,0,0.0,0.0,0.0,10000000.0,0.0,0,30.0,,,3.33,337.0,,44.0,37.0,1,2,2,46.0,2,0.0,0.0,1,1
Moncal et al. 2027,10.1007/s10856-019-6258-10,0.0,0.0,0.0,0.0,0.0,0.0,0.0,0.0,0,0.0,0.0,0,0.0,60,6.0,0,0,0,0.0,0,0,0.0,0,0,0,0.0,0.0,0,0.0,0.0,0,0,0.0,0,0,0.0,0.0,0.0,0,0,0.0,0,0.0,0,0,0,0,0,0,0,0,0,0.0,0.0,0.0,0,0,0.0,0.0,0.0,10000000.0,0.0,0,30.0,,,3.33,337.0,,44.0,37.0,1,2,2,66.0,2,0.0,0.0,1,1
Moncal et al. 2028,10.1007/s10856-019-6258-11,0.0,0.0,0.0,0.0,0.0,0.0,0.0,0.0,0,0.0,0.0,0,0.0,40,3.0,0,0,0,0.0,0,0,0.0,0,0,0,0.0,0.0,0,0.0,0.0,0,0,0.0,0,0,0.0,0.0,0.0,0,0,0.0,0,0.0,0,0,0,0,0,0,0,0,0,0.0,0.0,0.0,0,0,0.0,0.0,0.0,10000000.0,0.0,0,150.0,,,3.33,337.0,,44.0,37.0,2,1,2,43.0,2,0.0,0.0,1,1
Moncal et al. 2029,10.1007/s10856-019-6258-12,0.0,0.0,0.0,0.0,0.0,0.0,0.0,0.0,0,0.0,0.0,0,0.0,60,3.0,0,0,0,0.0,0,0,0.0,0,0,0,0.0,0.0,0,0.0,0.0,0,0,0.0,0,0,0.0,0.0,0.0,0,0,0.0,0,0.0,0,0,0,0,0,0,0,0,0,0.0,0.0,0.0,0,0,0.0,0.0,0.0,10000000.0,0.0,0,150.0,,,3.33,337.0,,44.0,37.0,0,1,0,63.0,2,0.0,0.0,1,1
Moncal et al. 2030,10.1007/s10856-019-6258-13,0.0,0.0,0.0,0.0,0.0,0.0,0.0,0.0,0,0.0,0.0,0,0.0,40,6.0,0,0,0,0.0,0,0,0.0,0,0,0,0.0,0.0,0,0.0,0.0,0,0,0.0,0,0,0.0,0.0,0.0,0,0,0.0,0,0.0,0,0,0,0,0,0,0,0,0,0.0,0.0,0.0,0,0,0.0,0.0,0.0,10000000.0,0.0,0,150.0,,,3.33,337.0,,44.0,37.0,0,1,0,46.0,2,0.0,0.0,1,1
Moncal et al. 2031,10.1007/s10856-019-6258-14,0.0,0.0,0.0,0.0,0.0,0.0,0.0,0.0,0,0.0,0.0,0,0.0,60,6.0,0,0,0,0.0,0,0,0.0,0,0,0,0.0,0.0,0,0.0,0.0,0,0,0.0,0,0,0.0,0.0,0.0,0,0,0.0,0,0.0,0,0,0,0,0,0,0,0,0,0.0,0.0,0.0,0,0,0.0,0.0,0.0,10000000.0,0.0,0,150.0,,,3.33,337.0,,44.0,37.0,0,1,0,66.0,2,0.0,0.0,1,1
Kang et al. 2020,10.1002/smll.201905505,3.0,0.0,0.0,0.0,0.0,0.0,0.0,0.0,0,0.0,0.0,0,0.0,0,3.0,0,0,0,0.0,0,0,0.0,0,0,0,0.0,0.0,0,0.0,0.0,0,0,0.0,0,0,0.0,0.0,0.0,0,0,0.0,0,0.0,0,0,0,0,0,0,0,0,0,0.0,0.0,0.0,0,0,0.0,0.0,0.0,6000000.0,0.0,0,45.0,6.67,,,500.0,,,37.0,3,3,9,6.0,2,0.0,0.0,1,1
Kang et al. 2020,10.1002/smll.201905505,3.0,0.0,0.0,0.0,0.0,0.0,0.0,0.0,0,0.0,0.0,0,0.0,0,3.0,0,0,0,0.0,0,0,0.0,0,0,0,0.0,0.0,0,0.0,0.0,0,0,0.0,0,0,0.0,0.0,0.0,0,0,0.0,0,0.0,0,0,0,0,0,0,0,0,0,0.0,0.0,0.0,0,0,0.0,0.0,0.0,6000000.0,0.0,0,45.0,6.67,,,500.0,,,37.0,3,5,15,6.0,2,0.0,0.0,1,1
Kang et al. 2020,10.1002/smll.201905505,0.0,0.0,0.0,0.0,0.0,0.0,0.0,0.0,0,0.0,0.0,0,0.0,0,3.0,0,0,0,0.0,0,0,0.0,0,0,0,0.0,0.0,0,0.0,0.0,0,0,0.0,0,0,0.0,0.0,0.0,0,0,0.0,0,0.0,0,0,0,0,0,0,0,0,0,0.0,0.0,0.0,0,0,0.0,0.0,0.0,6000000.0,0.0,0,45.0,6.67,,,500.0,,,37.0,3,3,9,3.0,1,0.0,0.0,1,1
Kang et al. 2020,10.1002/smll.201905505,0.0,0.0,0.0,0.0,0.0,0.0,0.0,0.0,0,0.0,0.0,0,0.0,0,3.0,0,0,0,0.0,0,0,0.0,0,0,0,0.0,0.0,0,0.0,0.0,0,0,0.0,0,0,0.0,0.0,0.0,0,0,0.0,0,0.0,0,0,0,0,0,0,0,0,0,0.0,0.0,0.0,0,0,0.0,0.0,0.0,6000000.0,0.0,0,45.0,6.67,,,500.0,,,37.0,3,5,15,3.0,1,0.0,0.0,1,1
Kang et al. 2020,10.1002/smll.201905505,3.0,0.0,0.0,0.0,0.0,0.0,0.0,0.0,0,0.0,0.0,0,0.0,0,3.0,0,0,0,0.0,0,0,0.0,0,0,0,0.0,0.0,0,0.0,0.0,0,0,0.0,0,0,0.0,0.0,0.0,0,0,0.0,0,0.0,0,0,0,0,0,0,0,0,0,0.0,0.0,0.0,0,0,0.0,0.0,0.0,6000000.0,0.0,0,45.0,6.67,,,500.0,,,37.0,3,3,9,6.0,2,0.0,0.0,1,1
Kang et al. 2020,10.1002/smll.201905505,3.0,0.0,0.0,0.0,0.0,0.0,0.0,0.0,0,0.0,0.0,0,0.0,0,3.0,0,0,0,0.0,0,0,0.0,0,0,0,0.0,0.0,0,0.0,0.0,0,0,0.0,0,0,0.0,0.0,0.0,0,0,0.0,0,0.0,0,0,0,0,0,0,0,0,0,0.0,0.0,0.0,0,0,0.0,0.0,0.0,6000000.0,0.0,0,45.0,6.67,,,500.0,,,37.0,3,5,15,6.0,2,0.0,0.0,1,1
Kang et al. 2020,10.1002/smll.201905505,3.0,0.0,0.0,0.0,35.0,0.0,0.0,0.0,0,0.0,0.0,0,0.0,0,3.0,0,0,0,0.0,0,0,0.0,0,0,0,0.0,0.0,0,0.0,0.0,0,0,0.0,0,0,0.0,0.0,0.0,0,0,0.0,0,0.0,0,0,0,0,0,0,0,0,0,0.0,0.0,0.0,0,0,0.0,0.0,0.0,6000000.0,0.0,0,45.0,6.67,,,500.0,,,37.0,3,3,9,41.0,3,0.0,0.0,1,1
Kang et al. 2020,10.1002/smll.201905505,3.0,0.0,0.0,0.0,35.0,0.0,0.0,0.0,0,0.0,0.0,0,0.0,0,3.0,0,0,0,0.0,0,0,0.0,0,0,0,0.0,0.0,0,0.0,0.0,0,0,0.0,0,0,0.0,0.0,0.0,0,0,0.0,0,0.0,0,0,0,0,0,0,0,0,0,0.0,0.0,0.0,0,0,0.0,0.0,0.0,6000000.0,0.0,0,45.0,6.67,,,500.0,,,37.0,3,5,15,41.0,3,0.0,0.0,1,1
Kang et al. 2020,10.1002/smll.201905505,0.0,0.0,0.0,0.0,35.0,0.0,0.0,0.0,0,0.0,0.0,0,0.0,0,3.0,0,0,0,0.0,0,0,0.0,0,0,0,0.0,0.0,0,0.0,0.0,0,0,0.0,0,0,0.0,0.0,0.0,0,0,0.0,0,0.0,0,0,0,0,0,0,0,0,0,0.0,0.0,0.0,0,0,0.0,0.0,0.0,6000000.0,0.0,0,45.0,6.67,,,500.0,,,37.0,3,3,9,38.0,2,0.0,0.0,1,1
Kang et al. 2020,10.1002/smll.201905505,0.0,0.0,0.0,0.0,35.0,0.0,0.0,0.0,0,0.0,0.0,0,0.0,0,3.0,0,0,0,0.0,0,0,0.0,0,0,0,0.0,0.0,0,0.0,0.0,0,0,0.0,0,0,0.0,0.0,0.0,0,0,0.0,0,0.0,0,0,0,0,0,0,0,0,0,0.0,0.0,0.0,0,0,0.0,0.0,0.0,6000000.0,0.0,0,45.0,6.67,,,500.0,,,37.0,3,5,15,38.0,2,0.0,0.0,1,1
Kang et al. 2020,10.1002/smll.201905505,3.0,0.0,0.0,0.0,0.0,0.0,0.0,0.0,0,0.0,0.0,0,0.0,0,3.0,0,0,0,0.0,0,0,0.0,0,0,0,0.0,0.0,0,0.0,0.0,0,0,0.0,0,0,0.0,0.0,0.0,0,0,0.0,0,0.0,0,0,0,0,0,0,0,0,0,0.0,0.0,0.0,0,0,0.0,0.0,0.0,6000000.0,0.0,0,45.0,6.67,,,500.0,,,37.0,3,3,9,6.0,2,0.0,0.0,1,1
Kang et al. 2020,10.1002/smll.201905505,3.0,0.0,0.0,0.0,0.0,0.0,0.0,0.0,0,0.0,0.0,0,0.0,0,3.0,0,0,0,0.0,0,0,0.0,0,0,0,0.0,0.0,0,0.0,0.0,0,0,0.0,0,0,0.0,0.0,0.0,0,0,0.0,0,0.0,0,0,0,0,0,0,0,0,0,0.0,0.0,0.0,0,0,0.0,0.0,0.0,6000000.0,0.0,0,45.0,6.67,,,500.0,,,37.0,3,5,15,6.0,2,0.0,0.0,1,1
Ruberu et al.,10.1016/j.apmt.2020.100914,0.0,0.0,0.0,0.0,0.0,5.0,0.0,0.0,0,0.0,0.0,0,0.0,0,0.0,0,0,0,0.0,0,0,0.0,0,0,0,0.0,0.0,0,0.0,0.0,0,0,0.0,0,0,0.0,0.0,0.0,0,0,0.0,0,0.0,0,0,0,0,0,0,0,0,0,0.2,0.0,0.0,0,0,0.0,0.0,0.0,0.0,0.0,20,300.0,,,15.0,200.0,,10.0,22.0,1,1,1,5.2,2,0.0,0.0,0,0
Ruberu et al.,10.1016/j.apmt.2020.100914,0.0,0.0,0.0,0.0,0.0,5.0,0.0,0.0,0,0.0,0.0,0,0.0,0,0.0,0,0,0,0.0,0,0,0.0,0,0,0,0.0,0.0,0,0.0,0.0,0,0,0.0,0,0,0.0,0.0,0.0,0,0,0.0,0,0.0,0,0,0,0,0,0,0,0,0,0.2,0.0,0.0,0,0,0.0,0.0,0.0,0.0,0.0,20,250.0,,,20.0,200.0,,10.0,22.0,1,1,1,5.2,2,0.0,0.0,0,0
Ruberu et al.,10.1016/j.apmt.2020.100914,0.0,0.0,0.0,0.0,0.0,5.0,0.0,0.0,0,0.0,0.0,0,0.0,0,0.0,0,0,0,0.0,0,0,0.0,0,0,0,0.0,0.0,0,0.0,0.0,0,0,0.0,0,0,0.0,0.0,0.0,0,0,0.0,0,0.0,0,0,0,0,0,0,0,0,0,0.2,0.0,0.0,0,0,0.0,0.0,0.0,0.0,0.0,20,200.0,,,10.0,200.0,,10.0,22.0,1,1,1,5.2,2,0.0,0.0,0,0
Ruberu et al.,10.1016/j.apmt.2020.100914,0.0,0.0,0.0,0.0,0.0,7.5,0.0,0.0,0,0.0,0.0,0,0.0,0,0.0,0,0,0,0.0,0,0,0.0,0,0,0,0.0,0.0,0,0.0,0.0,0,0,0.0,0,0,0.0,0.0,0.0,0,0,0.0,0,0.0,0,0,0,0,0,0,0,0,0,0.2,0.0,0.0,0,0,0.0,0.0,0.0,0.0,0.0,20,300.0,,,10.0,200.0,,10.0,22.0,1,1,1,7.7,2,0.0,0.0,0,0
Ruberu et al.,10.1016/j.apmt.2020.100914,0.0,0.0,0.0,0.0,0.0,7.5,0.0,0.0,0,0.0,0.0,0,0.0,0,0.0,0,0,0,0.0,0,0,0.0,0,0,0,0.0,0.0,0,0.0,0.0,0,0,0.0,0,0,0.0,0.0,0.0,0,0,0.0,0,0.0,0,0,0,0,0,0,0,0,0,0.2,0.0,0.0,0,0,0.0,0.0,0.0,0.0,0.0,20,250.0,,,15.0,200.0,,10.0,22.0,1,1,1,7.7,2,0.0,0.0,0,0
Ruberu et al.,10.1016/j.apmt.2020.100914,0.0,0.0,0.0,0.0,0.0,7.5,0.0,0.0,0,0.0,0.0,0,0.0,0,0.0,0,0,0,0.0,0,0,0.0,0,0,0,0.0,0.0,0,0.0,0.0,0,0,0.0,0,0,0.0,0.0,0.0,0,0,0.0,0,0.0,0,0,0,0,0,0,0,0,0,0.2,0.0,0.0,0,0,0.0,0.0,0.0,0.0,0.0,20,200.0,,,20.0,200.0,,10.0,22.0,1,1,1,7.7,2,0.0,0.0,0,0
Ruberu et al.,10.1016/j.apmt.2020.100914,0.0,0.0,0.0,0.0,0.0,10.0,0.0,0.0,0,0.0,0.0,0,0.0,0,0.0,0,0,0,0.0,0,0,0.0,0,0,0,0.0,0.0,0,0.0,0.0,0,0,0.0,0,0,0.0,0.0,0.0,0,0,0.0,0,0.0,0,0,0,0,0,0,0,0,0,0.2,0.0,0.0,0,0,0.0,0.0,0.0,0.0,0.0,20,300.0,,,20.0,200.0,,10.0,22.0,2,1,2,10.2,2,0.0,0.0,0,0
Ruberu et al.,10.1016/j.apmt.2020.100914,0.0,0.0,0.0,0.0,0.0,10.0,0.0,0.0,0,0.0,0.0,0,0.0,0,0.0,0,0,0,0.0,0,0,0.0,0,0,0,0.0,0.0,0,0.0,0.0,0,0,0.0,0,0,0.0,0.0,0.0,0,0,0.0,0,0.0,0,0,0,0,0,0,0,0,0,0.2,0.0,0.0,0,0,0.0,0.0,0.0,0.0,0.0,20,250.0,,,10.0,200.0,,10.0,22.0,2,1,2,10.2,2,0.0,0.0,0,0
Ruberu et al.,10.1016/j.apmt.2020.100914,0.0,0.0,0.0,0.0,0.0,10.0,0.0,0.0,0,0.0,0.0,0,0.0,0,0.0,0,0,0,0.0,0,0,0.0,0,0,0,0.0,0.0,0,0.0,0.0,0,0,0.0,0,0,0.0,0.0,0.0,0,0,0.0,0,0.0,0,0,0,0,0,0,0,0,0,0.2,0.0,0.0,0,0,0.0,0.0,0.0,0.0,0.0,20,200.0,,,15.0,200.0,,10.0,22.0,2,1,2,10.2,2,0.0,0.0,0,0
Ruberu et al.,10.1016/j.apmt.2020.100914,0.0,0.0,0.0,0.0,0.0,10.0,0.0,0.0,0,0.0,2.0,0,0.0,0,0.0,0,0,0,0.0,0,0,0.0,0,0,0,0.0,0.0,0,0.0,0.0,0,0,0.0,0,0,0.0,0.0,0.0,0,0,0.0,0,0.0,0,0,0,0,0,0,0,0,0,0.2,0.0,0.0,0,0,0.0,0.0,0.0,0.0,0.0,20,350.0,,,10.0,200.0,,10.0,25.0,2,1,2,12.2,3,0.0,0.0,0,0
Ruberu et al.,10.1016/j.apmt.2020.100914,0.0,0.0,0.0,0.0,0.0,10.0,0.0,0.0,0,0.0,2.0,0,0.0,0,0.0,0,0,0,0.0,0,0,0.0,0,0,0,0.0,0.0,0,0.0,0.0,0,0,0.0,0,0,0.0,0.0,0.0,0,0,0.0,0,0.0,0,0,0,0,0,0,0,0,0,0.2,0.0,0.0,0,0,0.0,0.0,0.0,0.0,0.0,20,300.0,,,8.5,200.0,,10.0,25.0,2,1,2,12.2,3,0.0,0.0,0,0
Ruberu et al.,10.1016/j.apmt.2020.100914,0.0,0.0,0.0,0.0,0.0,10.0,0.0,0.0,0,0.0,2.0,0,0.0,0,0.0,0,0,0,0.0,0,0,0.0,0,0,0,0.0,0.0,0,0.0,0.0,0,0,0.0,0,0,0.0,0.0,0.0,0,0,0.0,0,0.0,0,0,0,0,0,0,0,0,0,0.2,0.0,0.0,0,0,0.0,0.0,0.0,0.0,0.0,20,250.0,,,10.0,200.0,,10.0,25.0,3,1,3,12.2,3,0.0,0.0,0,0
Ruberu et al.,10.1016/j.apmt.2020.100914,0.0,0.0,0.0,0.0,0.0,7.5,0.0,0.0,0,0.0,2.0,0,0.0,0,0.0,0,0,0,0.0,0,0,0.0,0,0,0,0.0,0.0,0,0.0,0.0,0,0,0.0,0,0,0.0,0.0,0.0,0,0,0.0,0,0.0,0,0,0,0,0,0,0,0,0,0.2,0.0,0.0,0,0,0.0,0.0,0.0,0.0,0.0,20,350.0,,,18.0,200.0,,10.0,25.0,2,1,2,9.7,3,0.0,0.0,0,0
Ruberu et al.,10.1016/j.apmt.2020.100914,0.0,0.0,0.0,0.0,0.0,7.5,0.0,0.0,0,0.0,2.0,0,0.0,0,0.0,0,0,0,0.0,0,0,0.0,0,0,0,0.0,0.0,0,0.0,0.0,0,0,0.0,0,0,0.0,0.0,0.0,0,0,0.0,0,0.0,0,0,0,0,0,0,0,0,0,0.2,0.0,0.0,0,0,0.0,0.0,0.0,0.0,0.0,20,300.0,,,18.0,200.0,,10.0,25.0,2,1,2,9.7,3,0.0,0.0,0,0
Ruberu et al.,10.1016/j.apmt.2020.100914,0.0,0.0,0.0,0.0,0.0,7.5,0.0,0.0,0,0.0,2.0,0,0.0,0,0.0,0,0,0,0.0,0,0,0.0,0,0,0,0.0,0.0,0,0.0,0.0,0,0,0.0,0,0,0.0,0.0,0.0,0,0,0.0,0,0.0,0,0,0,0,0,0,0,0,0,0.2,0.0,0.0,0,0,0.0,0.0,0.0,0.0,0.0,20,250.0,,,8.0,200.0,,10.0,25.0,2,1,2,9.7,3,0.0,0.0,0,0
Ruberu et al.,10.1016/j.apmt.2020.100914,0.0,0.0,0.0,0.0,0.0,5.0,0.0,0.0,0,0.0,2.0,0,0.0,0,0.0,0,0,0,0.0,0,0,0.0,0,0,0,0.0,0.0,0,0.0,0.0,0,0,0.0,0,0,0.0,0.0,0.0,0,0,0.0,0,0.0,0,0,0,0,0,0,0,0,0,0.2,0.0,0.0,0,0,0.0,0.0,0.0,0.0,0.0,20,350.0,,,8.0,200.0,,10.0,25.0,2,1,2,7.2,3,0.0,0.0,0,0
Ruberu et al.,10.1016/j.apmt.2020.100914,0.0,0.0,0.0,0.0,0.0,5.0,0.0,0.0,0,0.0,2.0,0,0.0,0,0.0,0,0,0,0.0,0,0,0.0,0,0,0,0.0,0.0,0,0.0,0.0,0,0,0.0,0,0,0.0,0.0,0.0,0,0,0.0,0,0.0,0,0,0,0,0,0,0,0,0,0.2,0.0,0.0,0,0,0.0,0.0,0.0,0.0,0.0,20,300.0,,,10.0,200.0,,10.0,25.0,2,1,2,7.2,3,0.0,0.0,0,0
Ruberu et al.,10.1016/j.apmt.2020.100914,0.0,0.0,0.0,0.0,0.0,5.0,0.0,0.0,0,0.0,2.0,0,0.0,0,0.0,0,0,0,0.0,0,0,0.0,0,0,0,0.0,0.0,0,0.0,0.0,0,0,0.0,0,0,0.0,0.0,0.0,0,0,0.0,0,0.0,0,0,0,0,0,0,0,0,0,0.2,0.0,0.0,0,0,0.0,0.0,0.0,0.0,0.0,20,250.0,,,8.0,200.0,,10.0,25.0,2,1,2,7.2,3,0.0,0.0,0,0
Ruberu et al.,10.1016/j.apmt.2020.100914,0.0,0.0,0.0,0.0,0.0,10.0,0.0,0.0,0,0.0,0.0,0,0.0,0,0.0,0,0,0,0.0,0,0,0.0,0,0,0,0.0,0.0,0,0.0,0.0,0,0,0.0,0,0,0.0,0.0,0.0,0,0,0.0,0,0.0,0,0,0,0,0,0,0,0,0,0.2,0.0,0.0,0,0,0.0,0.0,0.0,0.0,0.0,20,200.0,,,10.0,200.0,,10.0,25.0,1,1,1,10.2,2,0.0,0.0,0,0
Ruberu et al.,10.1016/j.apmt.2020.100914,0.0,0.0,0.0,0.0,0.0,10.0,0.0,0.0,0,0.0,0.0,0,0.0,0,0.0,0,0,0,0.0,0,0,0.0,0,0,0,0.0,0.0,0,0.0,0.0,0,0,0.0,0,0,0.0,0.0,0.0,0,0,0.0,0,0.0,0,0,0,0,0,0,0,0,0,0.2,0.0,0.0,0,0,0.0,0.0,0.0,0.0,0.0,20,200.0,,,12.0,200.0,,10.0,25.0,1,1,1,10.2,2,0.0,0.0,0,0
Ruberu et al.,10.1016/j.apmt.2020.100914,0.0,0.0,0.0,0.0,0.0,10.0,0.0,0.0,0,0.0,0.0,0,0.0,0,0.0,0,0,0,0.0,0,0,0.0,0,0,0,0.0,0.0,0,0.0,0.0,0,0,0.0,0,0,0.0,0.0,0.0,0,0,0.0,0,0.0,0,0,0,0,0,0,0,0,0,0.2,0.0,0.0,0,0,0.0,0.0,0.0,0.0,0.0,20,290.0,,,10.0,200.0,,10.0,25.0,1,1,1,10.2,2,0.0,0.0,0,0
Ruberu et al.,10.1016/j.apmt.2020.100914,0.0,0.0,0.0,0.0,0.0,10.0,0.0,0.0,0,0.0,0.0,0,0.0,0,0.0,0,0,0,0.0,0,0,0.0,0,0,0,0.0,0.0,0,0.0,0.0,0,0,0.0,0,0,0.0,0.0,0.0,0,0,0.0,0,0.0,0,0,0,0,0,0,0,0,0,0.2,0.0,0.0,0,0,0.0,0.0,0.0,0.0,0.0,20,200.0,,,20.0,200.0,,10.0,25.0,1,1,1,10.2,2,0.0,0.0,0,0
Ruberu et al.,10.1016/j.apmt.2020.100914,0.0,0.0,0.0,0.0,0.0,10.0,0.0,0.0,0,0.0,0.0,0,0.0,0,0.0,0,0,0,0.0,0,0,0.0,0,0,0,0.0,0.0,0,0.0,0.0,0,0,0.0,0,0,0.0,0.0,0.0,0,0,0.0,0,0.0,0,0,0,0,0,0,0,0,0,0.2,0.0,0.0,0,0,0.0,0.0,0.0,0.0,0.0,20,200.0,,,14.5,200.0,,10.0,25.0,1,1,1,10.2,2,0.0,0.0,0,0
Ruberu et al.,10.1016/j.apmt.2020.100914,0.0,0.0,0.0,0.0,0.0,10.0,0.0,0.0,0,0.0,0.0,0,0.0,0,0.0,0,0,0,0.0,0,0,0.0,0,0,0,0.0,0.0,0,0.0,0.0,0,0,0.0,0,0,0.0,0.0,0.0,0,0,0.0,0,0.0,0,0,0,0,0,0,0,0,0,0.2,0.0,0.0,0,0,0.0,0.0,0.0,0.0,0.0,20,200.0,,,17.0,200.0,,10.0,25.0,1,1,1,10.2,2,0.0,0.0,0,0
Ruberu et al.,10.1016/j.apmt.2020.100914,0.0,0.0,0.0,0.0,0.0,10.0,0.0,0.0,0,0.0,0.0,0,0.0,0,0.0,0,0,0,0.0,0,0,0.0,0,0,0,0.0,0.0,0,0.0,0.0,0,0,0.0,0,0,0.0,0.0,0.0,0,0,0.0,0,0.0,0,0,0,0,0,0,0,0,0,0.2,0.0,0.0,0,0,0.0,0.0,0.0,0.0,0.0,20,300.0,,,12.5,200.0,,10.0,25.0,1,1,1,10.2,2,0.0,0.0,0,0
Ruberu et al.,10.1016/j.apmt.2020.100914,0.0,0.0,0.0,0.0,0.0,10.0,0.0,0.0,0,0.0,0.0,0,0.0,0,0.0,0,0,0,0.0,0,0,0.0,0,0,0,0.0,0.0,0,0.0,0.0,0,0,0.0,0,0,0.0,0.0,0.0,0,0,0.0,0,0.0,0,0,0,0,0,0,0,0,0,0.2,0.0,0.0,0,0,0.0,0.0,0.0,0.0,0.0,20,300.0,,,20.0,200.0,,10.0,25.0,1,1,1,10.2,2,0.0,0.0,0,0
Ruberu et al.,10.1016/j.apmt.2020.100914,0.0,0.0,0.0,0.0,0.0,10.0,0.0,0.0,0,0.0,2.0,0,0.0,0,0.0,0,0,0,0.0,0,0,0.0,0,0,0,0.0,0.0,0,0.0,0.0,0,0,0.0,0,0,0.0,0.0,0.0,0,0,0.0,0,0.0,0,0,0,0,0,0,0,0,0,0.2,0.0,0.0,0,0,0.0,0.0,0.0,0.0,0.0,20,250.0,,,11.5,200.0,,10.0,29.0,2,1,2,12.2,3,0.0,0.0,0,0
Ruberu et al.,10.1016/j.apmt.2020.100914,0.0,0.0,0.0,0.0,0.0,10.0,0.0,0.0,0,0.0,2.0,0,0.0,0,0.0,0,0,0,0.0,0,0,0.0,0,0,0,0.0,0.0,0,0.0,0.0,0,0,0.0,0,0,0.0,0.0,0.0,0,0,0.0,0,0.0,0,0,0,0,0,0,0,0,0,0.2,0.0,0.0,0,0,0.0,0.0,0.0,0.0,0.0,20,250.0,,,8.0,200.0,,10.0,29.0,2,1,2,12.2,3,0.0,0.0,0,0
Ruberu et al.,10.1016/j.apmt.2020.100914,0.0,0.0,0.0,0.0,0.0,10.0,0.0,0.0,0,0.0,2.0,0,0.0,0,0.0,0,0,0,0.0,0,0,0.0,0,0,0,0.0,0.0,0,0.0,0.0,0,0,0.0,0,0,0.0,0.0,0.0,0,0,0.0,0,0.0,0,0,0,0,0,0,0,0,0,0.2,0.0,0.0,0,0,0.0,0.0,0.0,0.0,0.0,20,250.0,,,14.0,200.0,,10.0,29.0,2,1,2,12.2,3,0.0,0.0,0,0
Ruberu et al.,10.1016/j.apmt.2020.100914,0.0,0.0,0.0,0.0,0.0,5.0,0.0,0.0,0,0.0,2.0,0,0.0,0,0.0,0,0,0,0.0,0,0,0.0,0,0,0,0.0,0.0,0,0.0,0.0,0,0,0.0,0,0,0.0,0.0,0.0,0,0,0.0,0,0.0,0,0,0,0,0,0,0,0,0,0.2,0.0,0.0,0,0,0.0,0.0,0.0,0.0,0.0,20,250.0,,,13.5,200.0,,10.0,29.0,2,1,2,7.2,3,0.0,0.0,0,0
Ruberu et al.,10.1016/j.apmt.2020.100914,0.0,0.0,0.0,0.0,0.0,10.0,0.0,0.0,0,0.0,2.0,0,0.0,0,0.0,0,0,0,0.0,0,0,0.0,0,0,0,0.0,0.0,0,0.0,0.0,0,0,0.0,0,0,0.0,0.0,0.0,0,0,0.0,0,0.0,0,0,0,0,0,0,0,0,0,0.2,0.0,0.0,0,0,0.0,0.0,0.0,0.0,0.0,20,250.0,,,18.0,200.0,,10.0,29.0,2,1,2,12.2,3,0.0,0.0,0,0
Ruberu et al.,10.1016/j.apmt.2020.100914,0.0,0.0,0.0,0.0,0.0,5.0,0.0,0.0,0,0.0,2.0,0,0.0,0,0.0,0,0,0,0.0,0,0,0.0,0,0,0,0.0,0.0,0,0.0,0.0,0,0,0.0,0,0,0.0,0.0,0.0,0,0,0.0,0,0.0,0,0,0,0,0,0,0,0,0,0.2,0.0,0.0,0,0,0.0,0.0,0.0,0.0,0.0,20,250.0,,,18.0,200.0,,10.0,29.0,2,1,2,7.2,3,0.0,0.0,0,0
Ruberu et al.,10.1016/j.apmt.2020.100914,0.0,0.0,0.0,0.0,0.0,10.0,0.0,0.0,0,0.0,2.0,0,0.0,0,0.0,0,0,0,0.0,0,0,0.0,0,0,0,0.0,0.0,0,0.0,0.0,0,0,0.0,0,0,0.0,0.0,0.0,0,0,0.0,0,0.0,0,0,0,0,0,0,0,0,0,0.2,0.0,0.0,0,0,0.0,0.0,0.0,0.0,0.0,20,250.0,,,10.0,200.0,,10.0,29.0,2,1,2,12.2,3,0.0,0.0,0,0
Ruberu et al.,10.1016/j.apmt.2020.100914,0.0,0.0,0.0,0.0,0.0,5.0,0.0,0.0,0,0.0,2.0,0,0.0,0,0.0,0,0,0,0.0,0,0,0.0,0,0,0,0.0,0.0,0,0.0,0.0,0,0,0.0,0,0,0.0,0.0,0.0,0,0,0.0,0,0.0,0,0,0,0,0,0,0,0,0,0.2,0.0,0.0,0,0,0.0,0.0,0.0,0.0,0.0,20,250.0,,,10.0,200.0,,10.0,29.0,2,1,2,7.2,3,0.0,0.0,0,0
Ruberu et al.,10.1016/j.apmt.2020.100914,0.0,0.0,0.0,0.0,0.0,10.0,0.0,0.0,0,0.0,0.0,0,0.0,0,0.0,0,0,0,0.0,0,0,0.0,0,0,0,0.0,0.0,0,0.0,0.0,0,0,0.0,0,0,0.0,0.0,0.0,0,0,0.0,0,0.0,0,0,0,0,0,0,0,0,0,0.2,0.0,0.0,0,0,0.0,0.0,0.0,0.0,0.0,20,240.0,,,10.0,200.0,,10.0,22.0,3,1,3,10.2,2,0.0,0.0,0,0
Ruberu et al.,10.1016/j.apmt.2020.100914,0.0,0.0,0.0,0.0,0.0,10.0,0.0,0.0,0,0.0,0.0,0,0.0,0,0.0,0,0,0,0.0,0,0,0.0,0,0,0,0.0,0.0,0,0.0,0.0,0,0,0.0,0,0,0.0,0.0,0.0,0,0,0.0,0,0.0,0,0,0,0,0,0,0,0,0,0.2,0.0,0.0,0,0,0.0,0.0,0.0,0.0,0.0,20,250.0,,,11.0,200.0,,10.0,22.0,3,1,3,10.2,2,0.0,0.0,0,0
Ruberu et al.,10.1016/j.apmt.2020.100914,0.0,0.0,0.0,0.0,0.0,10.0,0.0,0.0,0,0.0,0.0,0,0.0,0,0.0,0,0,0,0.0,0,0,0.0,0,0,0,0.0,0.0,0,0.0,0.0,0,0,0.0,0,0,0.0,0.0,0.0,0,0,0.0,0,0.0,0,0,0,0,0,0,0,0,0,0.2,0.0,0.0,0,0,0.0,0.0,0.0,0.0,0.0,20,260.0,,,10.0,200.0,,10.0,22.0,3,1,3,10.2,2,0.0,0.0,0,0
Ruberu et al.,10.1016/j.apmt.2020.100914,0.0,0.0,0.0,0.0,0.0,10.0,0.0,0.0,0,0.0,0.0,0,0.0,0,0.0,0,0,0,0.0,0,0,0.0,0,0,0,0.0,0.0,0,0.0,0.0,0,0,0.0,0,0,0.0,0.0,0.0,0,0,0.0,0,0.0,0,0,0,0,0,0,0,0,0,0.2,0.0,0.0,0,0,0.0,0.0,0.0,0.0,0.0,20,250.0,,,10.5,200.0,,10.0,22.0,3,1,3,10.2,2,0.0,0.0,0,0
Ruberu et al.,10.1016/j.apmt.2020.100914,0.0,0.0,0.0,0.0,0.0,10.0,0.0,0.0,0,0.0,0.0,0,0.0,0,0.0,0,0,0,0.0,0,0,0.0,0,0,0,0.0,0.0,0,0.0,0.0,0,0,0.0,0,0,0.0,0.0,0.0,0,0,0.0,0,0.0,0,0,0,0,0,0,0,0,0,0.2,0.0,0.0,0,0,0.0,0.0,0.0,0.0,0.0,20,240.0,,,10.5,200.0,,10.0,22.0,3,1,3,10.2,2,0.0,0.0,0,0
Ruberu et al.,10.1016/j.apmt.2020.100914,0.0,0.0,0.0,0.0,0.0,10.0,0.0,0.0,0,0.0,0.0,0,0.0,0,0.0,0,0,0,0.0,0,0,0.0,0,0,0,0.0,0.0,0,0.0,0.0,0,0,0.0,0,0,0.0,0.0,0.0,0,0,0.0,0,0.0,0,0,0,0,0,0,0,0,0,0.2,0.0,0.0,0,0,0.0,0.0,0.0,0.0,0.0,20,260.0,,,11.0,200.0,,10.0,22.0,3,1,3,10.2,2,0.0,0.0,0,0
Ruberu et al.,10.1016/j.apmt.2020.100914,0.0,0.0,0.0,0.0,0.0,10.0,0.0,0.0,0,0.0,0.0,0,0.0,0,0.0,0,0,0,0.0,0,0,0.0,0,0,0,0.0,0.0,0,0.0,0.0,0,0,0.0,0,0,0.0,0.0,0.0,0,0,0.0,0,0.0,0,0,0,0,0,0,0,0,0,0.2,0.0,0.0,0,0,0.0,0.0,0.0,0.0,0.0,20,230.0,,,10.0,200.0,,10.0,22.0,3,1,3,10.2,2,0.0,0.0,0,0
Ruberu et al.,10.1016/j.apmt.2020.100914,0.0,0.0,0.0,0.0,0.0,10.0,0.0,0.0,0,0.0,0.0,0,0.0,0,0.0,0,0,0,0.0,0,0,0.0,0,0,0,0.0,0.0,0,0.0,0.0,0,0,0.0,0,0,0.0,0.0,0.0,0,0,0.0,0,0.0,0,0,0,0,0,0,0,0,0,0.2,0.0,0.0,0,0,0.0,0.0,0.0,0.0,0.0,20,240.0,,,11.5,200.0,,10.0,22.0,3,1,3,10.2,2,0.0,0.0,0,0
Ruberu et al.,10.1016/j.apmt.2020.100914,0.0,0.0,0.0,0.0,0.0,10.0,0.0,0.0,0,0.0,0.0,0,0.0,0,0.0,0,0,0,0.0,0,0,0.0,0,0,0,0.0,0.0,0,0.0,0.0,0,0,0.0,0,0,0.0,0.0,0.0,0,0,0.0,0,0.0,0,0,0,0,0,0,0,0,0,0.2,0.0,0.0,0,0,0.0,0.0,0.0,0.0,0.0,20,260.0,,,10.5,200.0,,10.0,22.0,3,1,3,10.2,2,0.0,0.0,0,0
Ruberu et al.,10.1016/j.apmt.2020.100914,0.0,0.0,0.0,0.0,0.0,10.0,0.0,0.0,0,0.0,0.0,0,0.0,0,0.0,0,0,0,0.0,0,0,0.0,0,0,0,0.0,0.0,0,0.0,0.0,0,0,0.0,0,0,0.0,0.0,0.0,0,0,0.0,0,0.0,0,0,0,0,0,0,0,0,0,0.2,0.0,0.0,0,0,0.0,0.0,0.0,0.0,0.0,20,250.0,,,11.5,200.0,,10.0,22.0,3,1,3,10.2,2,0.0,0.0,0,0
Ruberu et al.,10.1016/j.apmt.2020.100914,0.0,0.0,0.0,0.0,0.0,10.0,0.0,0.0,0,0.0,2.0,0,0.0,0,0.0,0,0,0,0.0,0,0,0.0,0,0,0,0.0,0.0,0,0.0,0.0,0,0,0.0,0,0,0.0,0.0,0.0,0,0,0.0,0,0.0,0,0,0,0,0,0,0,0,0,0.2,0.0,0.0,0,0,0.0,0.0,0.0,0.0,0.0,20,250.0,,,11.0,200.0,,10.0,25.0,2,1,2,12.2,3,0.0,0.0,0,0
Ruberu et al.,10.1016/j.apmt.2020.100914,0.0,0.0,0.0,0.0,0.0,10.0,0.0,0.0,0,0.0,2.0,0,0.0,0,0.0,0,0,0,0.0,0,0,0.0,0,0,0,0.0,0.0,0,0.0,0.0,0,0,0.0,0,0,0.0,0.0,0.0,0,0,0.0,0,0.0,0,0,0,0,0,0,0,0,0,0.2,0.0,0.0,0,0,0.0,0.0,0.0,0.0,0.0,20,260.0,,,10.0,200.0,,10.0,25.0,2,1,2,12.2,3,0.0,0.0,0,0
Ruberu et al.,10.1016/j.apmt.2020.100914,0.0,0.0,0.0,0.0,0.0,10.0,0.0,0.0,0,0.0,2.0,0,0.0,0,0.0,0,0,0,0.0,0,0,0.0,0,0,0,0.0,0.0,0,0.0,0.0,0,0,0.0,0,0,0.0,0.0,0.0,0,0,0.0,0,0.0,0,0,0,0,0,0,0,0,0,0.2,0.0,0.0,0,0,0.0,0.0,0.0,0.0,0.0,20,250.0,,,10.5,200.0,,10.0,25.0,2,1,2,12.2,3,0.0,0.0,0,0
Ruberu et al.,10.1016/j.apmt.2020.100914,0.0,0.0,0.0,0.0,0.0,10.0,0.0,0.0,0,0.0,2.0,0,0.0,0,0.0,0,0,0,0.0,0,0,0.0,0,0,0,0.0,0.0,0,0.0,0.0,0,0,0.0,0,0,0.0,0.0,0.0,0,0,0.0,0,0.0,0,0,0,0,0,0,0,0,0,0.2,0.0,0.0,0,0,0.0,0.0,0.0,0.0,0.0,20,260.0,,,11.0,200.0,,10.0,25.0,2,1,2,12.2,3,0.0,0.0,0,0
Ruberu et al.,10.1016/j.apmt.2020.100914,0.0,0.0,0.0,0.0,0.0,10.0,0.0,0.0,0,0.0,2.0,0,0.0,0,0.0,0,0,0,0.0,0,0,0.0,0,0,0,0.0,0.0,0,0.0,0.0,0,0,0.0,0,0,0.0,0.0,0.0,0,0,0.0,0,0.0,0,0,0,0,0,0,0,0,0,0.2,0.0,0.0,0,0,0.0,0.0,0.0,0.0,0.0,20,260.0,,,8.5,200.0,,10.0,25.0,2,1,2,12.2,3,0.0,0.0,0,0
Ruberu et al.,10.1016/j.apmt.2020.100914,0.0,0.0,0.0,0.0,0.0,10.0,0.0,0.0,0,0.0,2.0,0,0.0,0,0.0,0,0,0,0.0,0,0,0.0,0,0,0,0.0,0.0,0,0.0,0.0,0,0,0.0,0,0,0.0,0.0,0.0,0,0,0.0,0,0.0,0,0,0,0,0,0,0,0,0,0.2,0.0,0.0,0,0,0.0,0.0,0.0,0.0,0.0,20,250.0,,,9.5,200.0,,10.0,25.0,2,1,2,12.2,3,0.0,0.0,0,0
Ruberu et al.,10.1016/j.apmt.2020.100914,0.0,0.0,0.0,0.0,0.0,10.0,0.0,0.0,0,0.0,2.0,0,0.0,0,0.0,0,0,0,0.0,0,0,0.0,0,0,0,0.0,0.0,0,0.0,0.0,0,0,0.0,0,0,0.0,0.0,0.0,0,0,0.0,0,0.0,0,0,0,0,0,0,0,0,0,0.2,0.0,0.0,0,0,0.0,0.0,0.0,0.0,0.0,20,260.0,,,10.5,200.0,,10.0,25.0,2,1,2,12.2,3,0.0,0.0,0,0
Ruberu et al.,10.1016/j.apmt.2020.100914,0.0,0.0,0.0,0.0,0.0,10.0,0.0,0.0,0,0.0,2.0,0,0.0,0,0.0,0,0,0,0.0,0,0,0.0,0,0,0,0.0,0.0,0,0.0,0.0,0,0,0.0,0,0,0.0,0.0,0.0,0,0,0.0,0,0.0,0,0,0,0,0,0,0,0,0,0.2,0.0,0.0,0,0,0.0,0.0,0.0,0.0,0.0,20,260.0,,,9.5,200.0,,10.0,25.0,2,1,2,12.2,3,0.0,0.0,0,0
Ruberu et al.,10.1016/j.apmt.2020.100914,0.0,0.0,0.0,0.0,0.0,10.0,0.0,0.0,0,0.0,2.0,0,0.0,0,0.0,0,0,0,0.0,0,0,0.0,0,0,0,0.0,0.0,0,0.0,0.0,0,0,0.0,0,0,0.0,0.0,0.0,0,0,0.0,0,0.0,0,0,0,0,0,0,0,0,0,0.2,0.0,0.0,0,0,0.0,0.0,0.0,0.0,0.0,20,250.0,,,11.5,200.0,,10.0,25.0,2,1,2,12.2,3,0.0,0.0,0,0
Ruberu et al.,10.1016/j.apmt.2020.100914,0.0,0.0,0.0,0.0,0.0,10.0,0.0,0.0,0,0.0,2.0,0,0.0,0,0.0,0,0,0,0.0,0,0,0.0,0,0,0,0.0,0.0,0,0.0,0.0,0,0,0.0,0,0,0.0,0.0,0.0,0,0,0.0,0,0.0,0,0,0,0,0,0,0,0,0,0.2,0.0,0.0,0,0,0.0,0.0,0.0,0.0,0.0,20,250.0,,,9.0,200.0,,10.0,25.0,2,1,2,12.2,3,0.0,0.0,0,0
Ruberu et al.,10.1016/j.apmt.2020.100914,0.0,0.0,0.0,0.0,0.0,5.0,0.0,0.0,0,0.0,0.0,0,0.0,0,0.0,0,0,0,0.0,0,0,0.0,0,0,0,0.0,0.0,0,0.0,0.0,0,0,0.0,0,0,0.0,0.0,0.0,0,0,0.0,0,0.0,0,0,0,0,0,0,0,0,0,0.2,0.0,0.0,0,0,0.0,0.0,0.0,0.0,0.0,20,200.0,,,10.0,200.0,,10.0,21.0,1,1,1,5.2,2,0.0,0.0,0,0
Ruberu et al.,10.1016/j.apmt.2020.100914,0.0,0.0,0.0,0.0,0.0,5.0,0.0,0.0,0,0.0,0.0,0,0.0,0,0.0,0,0,0,0.0,0,0,0.0,0,0,0,0.0,0.0,0,0.0,0.0,0,0,0.0,0,0,0.0,0.0,0.0,0,0,0.0,0,0.0,0,0,0,0,0,0,0,0,0,0.2,0.0,0.0,0,0,0.0,0.0,0.0,0.0,0.0,20,200.0,,,13.0,200.0,,10.0,21.0,1,1,1,5.2,2,0.0,0.0,0,0
Ruberu et al.,10.1016/j.apmt.2020.100914,0.0,0.0,0.0,0.0,0.0,5.0,0.0,0.0,0,0.0,0.0,0,0.0,0,0.0,0,0,0,0.0,0,0,0.0,0,0,0,0.0,0.0,0,0.0,0.0,0,0,0.0,0,0,0.0,0.0,0.0,0,0,0.0,0,0.0,0,0,0,0,0,0,0,0,0,0.2,0.0,0.0,0,0,0.0,0.0,0.0,0.0,0.0,20,220.0,,,10.0,200.0,,10.0,21.0,1,1,1,5.2,2,0.0,0.0,0,0
Ruberu et al.,10.1016/j.apmt.2020.100914,0.0,0.0,0.0,0.0,0.0,5.0,0.0,0.0,0,0.0,0.0,0,0.0,0,0.0,0,0,0,0.0,0,0,0.0,0,0,0,0.0,0.0,0,0.0,0.0,0,0,0.0,0,0,0.0,0.0,0.0,0,0,0.0,0,0.0,0,0,0,0,0,0,0,0,0,0.2,0.0,0.0,0,0,0.0,0.0,0.0,0.0,0.0,20,230.0,,,13.5,200.0,,10.0,21.0,1,1,1,5.2,2,0.0,0.0,0,0
Ruberu et al.,10.1016/j.apmt.2020.100914,0.0,0.0,0.0,0.0,0.0,5.0,0.0,0.0,0,0.0,0.0,0,0.0,0,0.0,0,0,0,0.0,0,0,0.0,0,0,0,0.0,0.0,0,0.0,0.0,0,0,0.0,0,0,0.0,0.0,0.0,0,0,0.0,0,0.0,0,0,0,0,0,0,0,0,0,0.2,0.0,0.0,0,0,0.0,0.0,0.0,0.0,0.0,20,200.0,,,11.0,200.0,,10.0,21.0,1,1,1,5.2,2,0.0,0.0,0,0
Ruberu et al.,10.1016/j.apmt.2020.100914,0.0,0.0,0.0,0.0,0.0,5.0,0.0,0.0,0,0.0,0.0,0,0.0,0,0.0,0,0,0,0.0,0,0,0.0,0,0,0,0.0,0.0,0,0.0,0.0,0,0,0.0,0,0,0.0,0.0,0.0,0,0,0.0,0,0.0,0,0,0,0,0,0,0,0,0,0.2,0.0,0.0,0,0,0.0,0.0,0.0,0.0,0.0,20,210.0,,,10.5,200.0,,10.0,21.0,1,1,1,5.2,2,0.0,0.0,0,0
Ruberu et al.,10.1016/j.apmt.2020.100914,0.0,0.0,0.0,0.0,0.0,5.0,0.0,0.0,0,0.0,0.0,0,0.0,0,0.0,0,0,0,0.0,0,0,0.0,0,0,0,0.0,0.0,0,0.0,0.0,0,0,0.0,0,0,0.0,0.0,0.0,0,0,0.0,0,0.0,0,0,0,0,0,0,0,0,0,0.2,0.0,0.0,0,0,0.0,0.0,0.0,0.0,0.0,20,210.0,,,12.0,200.0,,10.0,21.0,1,1,1,5.2,2,0.0,0.0,0,0
Ruberu et al.,10.1016/j.apmt.2020.100914,0.0,0.0,0.0,0.0,0.0,5.0,0.0,0.0,0,0.0,0.0,0,0.0,0,0.0,0,0,0,0.0,0,0,0.0,0,0,0,0.0,0.0,0,0.0,0.0,0,0,0.0,0,0,0.0,0.0,0.0,0,0,0.0,0,0.0,0,0,0,0,0,0,0,0,0,0.2,0.0,0.0,0,0,0.0,0.0,0.0,0.0,0.0,20,220.0,,,11.0,200.0,,10.0,21.0,1,1,1,5.2,2,0.0,0.0,0,0
Ruberu et al.,10.1016/j.apmt.2020.100914,0.0,0.0,0.0,0.0,0.0,5.0,0.0,0.0,0,0.0,0.0,0,0.0,0,0.0,0,0,0,0.0,0,0,0.0,0,0,0,0.0,0.0,0,0.0,0.0,0,0,0.0,0,0,0.0,0.0,0.0,0,0,0.0,0,0.0,0,0,0,0,0,0,0,0,0,0.2,0.0,0.0,0,0,0.0,0.0,0.0,0.0,0.0,20,200.0,,,10.5,200.0,,10.0,21.0,1,1,1,5.2,2,0.0,0.0,0,0
Ruberu et al.,10.1016/j.apmt.2020.100914,0.0,0.0,0.0,0.0,0.0,5.0,0.0,0.0,0,0.0,0.0,0,0.0,0,0.0,0,0,0,0.0,0,0,0.0,0,0,0,0.0,0.0,0,0.0,0.0,0,0,0.0,0,0,0.0,0.0,0.0,0,0,0.0,0,0.0,0,0,0,0,0,0,0,0,0,0.2,0.0,0.0,0,0,0.0,0.0,0.0,0.0,0.0,20,210.0,,,10.0,200.0,,10.0,21.0,1,1,1,5.2,2,0.0,0.0,0,0
Ruberu et al.,10.1016/j.apmt.2020.100914,0.0,0.0,0.0,0.0,0.0,7.5,0.0,0.0,0,0.0,0.0,0,0.0,0,0.0,0,0,0,0.0,0,0,0.0,0,0,0,0.0,0.0,0,0.0,0.0,0,0,0.0,0,0,0.0,0.0,0.0,0,0,0.0,0,0.0,0,0,0,0,0,0,0,0,0,0.2,0.0,0.0,0,0,0.0,0.0,0.0,0.0,0.0,20,200.0,,,15.5,200.0,,10.0,20.0,3,1,3,7.7,2,0.0,0.0,0,0
Ruberu et al.,10.1016/j.apmt.2020.100914,0.0,0.0,0.0,0.0,0.0,7.5,0.0,0.0,0,0.0,0.0,0,0.0,0,0.0,0,0,0,0.0,0,0,0.0,0,0,0,0.0,0.0,0,0.0,0.0,0,0,0.0,0,0,0.0,0.0,0.0,0,0,0.0,0,0.0,0,0,0,0,0,0,0,0,0,0.2,0.0,0.0,0,0,0.0,0.0,0.0,0.0,0.0,20,250.0,,,10.0,200.0,,10.0,20.0,2,1,2,7.7,2,0.0,0.0,0,0
Ruberu et al.,10.1016/j.apmt.2020.100914,0.0,0.0,0.0,0.0,0.0,7.5,0.0,0.0,0,0.0,0.0,0,0.0,0,0.0,0,0,0,0.0,0,0,0.0,0,0,0,0.0,0.0,0,0.0,0.0,0,0,0.0,0,0,0.0,0.0,0.0,0,0,0.0,0,0.0,0,0,0,0,0,0,0,0,0,0.2,0.0,0.0,0,0,0.0,0.0,0.0,0.0,0.0,20,250.0,,,18.0,200.0,,10.0,20.0,2,1,2,7.7,2,0.0,0.0,0,0
Ruberu et al.,10.1016/j.apmt.2020.100914,0.0,0.0,0.0,0.0,0.0,7.5,0.0,0.0,0,0.0,0.0,0,0.0,0,0.0,0,0,0,0.0,0,0,0.0,0,0,0,0.0,0.0,0,0.0,0.0,0,0,0.0,0,0,0.0,0.0,0.0,0,0,0.0,0,0.0,0,0,0,0,0,0,0,0,0,0.2,0.0,0.0,0,0,0.0,0.0,0.0,0.0,0.0,20,300.0,,,10.0,200.0,,10.0,20.0,2,1,2,7.7,2,0.0,0.0,0,0
Ruberu et al.,10.1016/j.apmt.2020.100914,0.0,0.0,0.0,0.0,0.0,7.5,0.0,0.0,0,0.0,0.0,0,0.0,0,0.0,0,0,0,0.0,0,0,0.0,0,0,0,0.0,0.0,0,0.0,0.0,0,0,0.0,0,0,0.0,0.0,0.0,0,0,0.0,0,0.0,0,0,0,0,0,0,0,0,0,0.2,0.0,0.0,0,0,0.0,0.0,0.0,0.0,0.0,20,200.0,,,20.0,200.0,,10.0,20.0,2,1,2,7.7,2,0.0,0.0,0,0
Ruberu et al.,10.1016/j.apmt.2020.100914,0.0,0.0,0.0,0.0,0.0,7.5,0.0,0.0,0,0.0,0.0,0,0.0,0,0.0,0,0,0,0.0,0,0,0.0,0,0,0,0.0,0.0,0,0.0,0.0,0,0,0.0,0,0,0.0,0.0,0.0,0,0,0.0,0,0.0,0,0,0,0,0,0,0,0,0,0.2,0.0,0.0,0,0,0.0,0.0,0.0,0.0,0.0,20,250.0,,,14.5,200.0,,10.0,20.0,2,1,2,7.7,2,0.0,0.0,0,0
Ruberu et al.,10.1016/j.apmt.2020.100914,0.0,0.0,0.0,0.0,0.0,7.5,0.0,0.0,0,0.0,0.0,0,0.0,0,0.0,0,0,0,0.0,0,0,0.0,0,0,0,0.0,0.0,0,0.0,0.0,0,0,0.0,0,0,0.0,0.0,0.0,0,0,0.0,0,0.0,0,0,0,0,0,0,0,0,0,0.2,0.0,0.0,0,0,0.0,0.0,0.0,0.0,0.0,20,210.0,,,13.0,200.0,,10.0,20.0,3,1,3,7.7,2,0.0,0.0,0,0
Ruberu et al.,10.1016/j.apmt.2020.100914,0.0,0.0,0.0,0.0,0.0,7.5,0.0,0.0,0,0.0,0.0,0,0.0,0,0.0,0,0,0,0.0,0,0,0.0,0,0,0,0.0,0.0,0,0.0,0.0,0,0,0.0,0,0,0.0,0.0,0.0,0,0,0.0,0,0.0,0,0,0,0,0,0,0,0,0,0.2,0.0,0.0,0,0,0.0,0.0,0.0,0.0,0.0,20,220.0,,,16.0,200.0,,10.0,20.0,3,1,3,7.7,2,0.0,0.0,0,0
Ruberu et al.,10.1016/j.apmt.2020.100914,0.0,0.0,0.0,0.0,0.0,7.5,0.0,0.0,0,0.0,0.0,0,0.0,0,0.0,0,0,0,0.0,0,0,0.0,0,0,0,0.0,0.0,0,0.0,0.0,0,0,0.0,0,0,0.0,0.0,0.0,0,0,0.0,0,0.0,0,0,0,0,0,0,0,0,0,0.2,0.0,0.0,0,0,0.0,0.0,0.0,0.0,0.0,20,200.0,,,17.5,200.0,,10.0,20.0,3,1,3,7.7,2,0.0,0.0,0,0
Ruberu et al.,10.1016/j.apmt.2020.100914,0.0,0.0,0.0,0.0,0.0,7.5,0.0,0.0,0,0.0,0.0,0,0.0,0,0.0,0,0,0,0.0,0,0,0.0,0,0,0,0.0,0.0,0,0.0,0.0,0,0,0.0,0,0,0.0,0.0,0.0,0,0,0.0,0,0.0,0,0,0,0,0,0,0,0,0,0.2,0.0,0.0,0,0,0.0,0.0,0.0,0.0,0.0,20,210.0,,,14.5,200.0,,10.0,20.0,3,1,3,7.7,2,0.0,0.0,0,0
Ruberu et al.,10.1016/j.apmt.2020.100914,0.0,0.0,0.0,0.0,0.0,10.0,0.0,0.0,0,0.0,2.0,0,0.0,0,0.0,0,0,0,0.0,0,0,0.0,0,0,0,0.0,0.0,0,0.0,0.0,0,0,0.0,0,0,0.0,0.0,0.0,0,0,0.0,0,0.0,0,0,0,0,0,0,0,0,0,0.2,0.0,0.0,0,0,0.0,0.0,0.0,0.0,0.0,20,250.0,,,8.5,200.0,,10.0,25.0,3,1,3,12.2,3,0.0,0.0,0,0
Ruberu et al.,10.1016/j.apmt.2020.100914,0.0,0.0,0.0,0.0,0.0,10.0,0.0,0.0,0,0.0,2.0,0,0.0,0,0.0,0,0,0,0.0,0,0,0.0,0,0,0,0.0,0.0,0,0.0,0.0,0,0,0.0,0,0,0.0,0.0,0.0,0,0,0.0,0,0.0,0,0,0,0,0,0,0,0,0,0.2,0.0,0.0,0,0,0.0,0.0,0.0,0.0,0.0,20,260.0,,,9.0,200.0,,10.0,25.0,2,1,2,12.2,3,0.0,0.0,0,0
Ruberu et al.,10.1016/j.apmt.2020.100914,0.0,0.0,0.0,0.0,0.0,10.0,0.0,0.0,0,0.0,2.0,0,0.0,0,0.0,0,0,0,0.0,0,0,0.0,0,0,0,0.0,0.0,0,0.0,0.0,0,0,0.0,0,0,0.0,0.0,0.0,0,0,0.0,0,0.0,0,0,0,0,0,0,0,0,0,0.2,0.0,0.0,0,0,0.0,0.0,0.0,0.0,0.0,20,250.0,,,12.0,200.0,,10.0,25.0,2,1,2,12.2,3,0.0,0.0,0,0
Ruberu et al.,10.1016/j.apmt.2020.100914,0.0,0.0,0.0,0.0,0.0,10.0,0.0,0.0,0,0.0,2.0,0,0.0,0,0.0,0,0,0,0.0,0,0,0.0,0,0,0,0.0,0.0,0,0.0,0.0,0,0,0.0,0,0,0.0,0.0,0.0,0,0,0.0,0,0.0,0,0,0,0,0,0,0,0,0,0.2,0.0,0.0,0,0,0.0,0.0,0.0,0.0,0.0,20,260.0,,,11.5,200.0,,10.0,25.0,2,1,2,12.2,3,0.0,0.0,0,0
Ruberu et al.,10.1016/j.apmt.2020.100914,0.0,0.0,0.0,0.0,0.0,10.0,0.0,0.0,0,0.0,2.0,0,0.0,0,0.0,0,0,0,0.0,0,0,0.0,0,0,0,0.0,0.0,0,0.0,0.0,0,0,0.0,0,0,0.0,0.0,0.0,0,0,0.0,0,0.0,0,0,0,0,0,0,0,0,0,0.2,0.0,0.0,0,0,0.0,0.0,0.0,0.0,0.0,20,260.0,,,8.0,200.0,,10.0,25.0,2,1,2,12.2,3,0.0,0.0,0,0
Ruberu et al.,10.1016/j.apmt.2020.100914,0.0,0.0,0.0,0.0,0.0,10.0,0.0,0.0,0,0.0,2.0,0,0.0,0,0.0,0,0,0,0.0,0,0,0.0,0,0,0,0.0,0.0,0,0.0,0.0,0,0,0.0,0,0,0.0,0.0,0.0,0,0,0.0,0,0.0,0,0,0,0,0,0,0,0,0,0.2,0.0,0.0,0,0,0.0,0.0,0.0,0.0,0.0,20,250.0,,,8.0,200.0,,10.0,25.0,2,1,2,12.2,3,0.0,0.0,0,0
Ruberu et al.,10.1016/j.apmt.2020.100914,0.0,0.0,0.0,0.0,0.0,10.0,0.0,0.0,0,0.0,2.0,0,0.0,0,0.0,0,0,0,0.0,0,0,0.0,0,0,0,0.0,0.0,0,0.0,0.0,0,0,0.0,0,0,0.0,0.0,0.0,0,0,0.0,0,0.0,0,0,0,0,0,0,0,0,0,0.2,0.0,0.0,0,0,0.0,0.0,0.0,0.0,0.0,20,300.0,,,8.0,200.0,,10.0,25.0,2,1,2,12.2,3,0.0,0.0,0,0
Ruberu et al.,10.1016/j.apmt.2020.100914,0.0,0.0,0.0,0.0,0.0,10.0,0.0,0.0,0,0.0,2.0,0,0.0,0,0.0,0,0,0,0.0,0,0,0.0,0,0,0,0.0,0.0,0,0.0,0.0,0,0,0.0,0,0,0.0,0.0,0.0,0,0,0.0,0,0.0,0,0,0,0,0,0,0,0,0,0.2,0.0,0.0,0,0,0.0,0.0,0.0,0.0,0.0,20,300.0,,,9.0,200.0,,10.0,25.0,2,1,2,12.2,3,0.0,0.0,0,0
Ruberu et al.,10.1016/j.apmt.2020.100914,0.0,0.0,0.0,0.0,0.0,10.0,0.0,0.0,0,0.0,2.0,0,0.0,0,0.0,0,0,0,0.0,0,0,0.0,0,0,0,0.0,0.0,0,0.0,0.0,0,0,0.0,0,0,0.0,0.0,0.0,0,0,0.0,0,0.0,0,0,0,0,0,0,0,0,0,0.2,0.0,0.0,0,0,0.0,0.0,0.0,0.0,0.0,20,250.0,,,12.5,200.0,,10.0,25.0,2,1,2,12.2,3,0.0,0.0,0,0
Ruberu et al.,10.1016/j.apmt.2020.100914,0.0,0.0,0.0,0.0,0.0,10.0,0.0,0.0,0,0.0,2.0,0,0.0,0,0.0,0,0,0,0.0,0,0,0.0,0,0,0,0.0,0.0,0,0.0,0.0,0,0,0.0,0,0,0.0,0.0,0.0,0,0,0.0,0,0.0,0,0,0,0,0,0,0,0,0,0.2,0.0,0.0,0,0,0.0,0.0,0.0,0.0,0.0,20,260.0,,,12.0,200.0,,10.0,25.0,2,1,2,12.2,3,0.0,0.0,0,0
Ruberu et al.,10.1016/j.apmt.2020.100914,0.0,0.0,0.0,0.0,0.0,5.0,0.0,0.0,0,0.0,2.0,0,0.0,0,0.0,0,0,0,0.0,0,0,0.0,0,0,0,0.0,0.0,0,0.0,0.0,0,0,0.0,0,0,0.0,0.0,0.0,0,0,0.0,0,0.0,0,0,0,0,0,0,0,0,0,0.2,0.0,0.0,0,0,0.0,0.0,0.0,0.0,0.0,20,270.0,,,13.0,200.0,,10.0,25.0,2,1,2,7.2,3,0.0,0.0,0,0
Ruberu et al.,10.1016/j.apmt.2020.100914,0.0,0.0,0.0,0.0,0.0,5.0,0.0,0.0,0,0.0,2.0,0,0.0,0,0.0,0,0,0,0.0,0,0,0.0,0,0,0,0.0,0.0,0,0.0,0.0,0,0,0.0,0,0,0.0,0.0,0.0,0,0,0.0,0,0.0,0,0,0,0,0,0,0,0,0,0.2,0.0,0.0,0,0,0.0,0.0,0.0,0.0,0.0,20,330.0,,,13.0,200.0,,10.0,25.0,2,1,2,7.2,3,0.0,0.0,0,0
Ruberu et al.,10.1016/j.apmt.2020.100914,0.0,0.0,0.0,0.0,0.0,7.5,0.0,0.0,0,0.0,2.0,0,0.0,0,0.0,0,0,0,0.0,0,0,0.0,0,0,0,0.0,0.0,0,0.0,0.0,0,0,0.0,0,0,0.0,0.0,0.0,0,0,0.0,0,0.0,0,0,0,0,0,0,0,0,0,0.2,0.0,0.0,0,0,0.0,0.0,0.0,0.0,0.0,20,270.0,,,16.5,200.0,,10.0,25.0,2,1,2,9.7,3,0.0,0.0,0,0
Ruberu et al.,10.1016/j.apmt.2020.100914,0.0,0.0,0.0,0.0,0.0,5.0,0.0,0.0,0,0.0,2.0,0,0.0,0,0.0,0,0,0,0.0,0,0,0.0,0,0,0,0.0,0.0,0,0.0,0.0,0,0,0.0,0,0,0.0,0.0,0.0,0,0,0.0,0,0.0,0,0,0,0,0,0,0,0,0,0.2,0.0,0.0,0,0,0.0,0.0,0.0,0.0,0.0,20,260.0,,,10.5,200.0,,10.0,25.0,2,1,2,7.2,3,0.0,0.0,0,0
Ruberu et al.,10.1016/j.apmt.2020.100914,0.0,0.0,0.0,0.0,0.0,5.0,0.0,0.0,0,0.0,2.0,0,0.0,0,0.0,0,0,0,0.0,0,0,0.0,0,0,0,0.0,0.0,0,0.0,0.0,0,0,0.0,0,0,0.0,0.0,0.0,0,0,0.0,0,0.0,0,0,0,0,0,0,0,0,0,0.2,0.0,0.0,0,0,0.0,0.0,0.0,0.0,0.0,20,250.0,,,12.0,200.0,,10.0,25.0,2,1,2,7.2,3,0.0,0.0,0,0
Ruberu et al.,10.1016/j.apmt.2020.100914,0.0,0.0,0.0,0.0,0.0,5.0,0.0,0.0,0,0.0,2.0,0,0.0,0,0.0,0,0,0,0.0,0,0,0.0,0,0,0,0.0,0.0,0,0.0,0.0,0,0,0.0,0,0,0.0,0.0,0.0,0,0,0.0,0,0.0,0,0,0,0,0,0,0,0,0,0.2,0.0,0.0,0,0,0.0,0.0,0.0,0.0,0.0,20,250.0,,,13.5,200.0,,10.0,25.0,2,1,2,7.2,3,0.0,0.0,0,0
Ruberu et al.,10.1016/j.apmt.2020.100914,0.0,0.0,0.0,0.0,0.0,5.0,0.0,0.0,0,0.0,2.0,0,0.0,0,0.0,0,0,0,0.0,0,0,0.0,0,0,0,0.0,0.0,0,0.0,0.0,0,0,0.0,0,0,0.0,0.0,0.0,0,0,0.0,0,0.0,0,0,0,0,0,0,0,0,0,0.2,0.0,0.0,0,0,0.0,0.0,0.0,0.0,0.0,20,250.0,,,9.5,200.0,,10.0,25.0,2,1,2,7.2,3,0.0,0.0,0,0
Ruberu et al.,10.1016/j.apmt.2020.100914,0.0,0.0,0.0,0.0,0.0,5.0,0.0,0.0,0,0.0,2.0,0,0.0,0,0.0,0,0,0,0.0,0,0,0.0,0,0,0,0.0,0.0,0,0.0,0.0,0,0,0.0,0,0,0.0,0.0,0.0,0,0,0.0,0,0.0,0,0,0,0,0,0,0,0,0,0.2,0.0,0.0,0,0,0.0,0.0,0.0,0.0,0.0,20,260.0,,,8.5,200.0,,10.0,25.0,2,1,2,7.2,3,0.0,0.0,0,0
Ruberu et al.,10.1016/j.apmt.2020.100914,0.0,0.0,0.0,0.0,0.0,5.0,0.0,0.0,0,0.0,2.0,0,0.0,0,0.0,0,0,0,0.0,0,0,0.0,0,0,0,0.0,0.0,0,0.0,0.0,0,0,0.0,0,0,0.0,0.0,0.0,0,0,0.0,0,0.0,0,0,0,0,0,0,0,0,0,0.2,0.0,0.0,0,0,0.0,0.0,0.0,0.0,0.0,20,250.0,,,10.5,200.0,,10.0,25.0,2,1,2,7.2,3,0.0,0.0,0,0
Ruberu et al.,10.1016/j.apmt.2020.100914,0.0,0.0,0.0,0.0,0.0,5.0,0.0,0.0,0,0.0,2.0,0,0.0,0,0.0,0,0,0,0.0,0,0,0.0,0,0,0,0.0,0.0,0,0.0,0.0,0,0,0.0,0,0,0.0,0.0,0.0,0,0,0.0,0,0.0,0,0,0,0,0,0,0,0,0,0.2,0.0,0.0,0,0,0.0,0.0,0.0,0.0,0.0,20,250.0,,,9.0,200.0,,10.0,25.0,2,1,2,7.2,3,0.0,0.0,0,0
Ruberu et al.,10.1016/j.apmt.2020.100914,0.0,0.0,0.0,0.0,0.0,5.0,0.0,0.0,0,0.0,0.0,0,0.0,0,0.0,0,0,0,0.0,0,0,0.0,0,0,0,0.0,0.0,0,0.0,0.0,0,0,0.0,0,0,0.0,0.0,0.0,0,0,0.0,0,0.0,0,0,0,0,0,0,0,0,0,0.2,0.0,0.0,0,0,0.0,0.0,0.0,0.0,0.0,20,100.0,,,10.0,200.0,,10.0,20.0,2,1,2,5.2,2,0.0,0.0,0,0
Ruberu et al.,10.1016/j.apmt.2020.100914,0.0,0.0,0.0,0.0,0.0,5.0,0.0,0.0,0,0.0,0.0,0,0.0,0,0.0,0,0,0,0.0,0,0,0.0,0,0,0,0.0,0.0,0,0.0,0.0,0,0,0.0,0,0,0.0,0.0,0.0,0,0,0.0,0,0.0,0,0,0,0,0,0,0,0,0,0.2,0.0,0.0,0,0,0.0,0.0,0.0,0.0,0.0,20,340.0,,,10.0,200.0,,10.0,20.0,1,1,1,5.2,2,0.0,0.0,0,0
Ruberu et al.,10.1016/j.apmt.2020.100914,0.0,0.0,0.0,0.0,0.0,5.0,0.0,0.0,0,0.0,0.0,0,0.0,0,0.0,0,0,0,0.0,0,0,0.0,0,0,0,0.0,0.0,0,0.0,0.0,0,0,0.0,0,0,0.0,0.0,0.0,0,0,0.0,0,0.0,0,0,0,0,0,0,0,0,0,0.2,0.0,0.0,0,0,0.0,0.0,0.0,0.0,0.0,20,100.0,,,12.5,200.0,,10.0,20.0,2,1,2,5.2,2,0.0,0.0,0,0
Ruberu et al.,10.1016/j.apmt.2020.100914,0.0,0.0,0.0,0.0,0.0,5.0,0.0,0.0,0,0.0,0.0,0,0.0,0,0.0,0,0,0,0.0,0,0,0.0,0,0,0,0.0,0.0,0,0.0,0.0,0,0,0.0,0,0,0.0,0.0,0.0,0,0,0.0,0,0.0,0,0,0,0,0,0,0,0,0,0.2,0.0,0.0,0,0,0.0,0.0,0.0,0.0,0.0,20,140.0,,,10.0,200.0,,10.0,20.0,1,1,1,5.2,2,0.0,0.0,0,0
Ruberu et al.,10.1016/j.apmt.2020.100914,0.0,0.0,0.0,0.0,0.0,5.0,0.0,0.0,0,0.0,0.0,0,0.0,0,0.0,0,0,0,0.0,0,0,0.0,0,0,0,0.0,0.0,0,0.0,0.0,0,0,0.0,0,0,0.0,0.0,0.0,0,0,0.0,0,0.0,0,0,0,0,0,0,0,0,0,0.2,0.0,0.0,0,0,0.0,0.0,0.0,0.0,0.0,20,380.0,,,11.0,200.0,,10.0,16.0,2,1,2,5.2,2,0.0,0.0,0,0
Ruberu et al.,10.1016/j.apmt.2020.100914,0.0,0.0,0.0,0.0,0.0,5.0,0.0,0.0,0,0.0,0.0,0,0.0,0,0.0,0,0,0,0.0,0,0,0.0,0,0,0,0.0,0.0,0,0.0,0.0,0,0,0.0,0,0,0.0,0.0,0.0,0,0,0.0,0,0.0,0,0,0,0,0,0,0,0,0,0.2,0.0,0.0,0,0,0.0,0.0,0.0,0.0,0.0,20,100.0,,,8.0,200.0,,25.0,15.0,2,1,2,5.2,2,0.0,0.0,0,0
Ruberu et al.,10.1016/j.apmt.2020.100914,0.0,0.0,0.0,0.0,0.0,5.0,0.0,0.0,0,0.0,0.0,0,0.0,0,0.0,0,0,0,0.0,0,0,0.0,0,0,0,0.0,0.0,0,0.0,0.0,0,0,0.0,0,0,0.0,0.0,0.0,0,0,0.0,0,0.0,0,0,0,0,0,0,0,0,0,0.2,0.0,0.0,0,0,0.0,0.0,0.0,0.0,0.0,20,400.0,,,20.0,200.0,,25.0,15.0,2,1,2,5.2,2,0.0,0.0,0,0
Ruberu et al.,10.1016/j.apmt.2020.100914,0.0,0.0,0.0,0.0,0.0,5.0,0.0,0.0,0,0.0,0.0,0,0.0,0,0.0,0,0,0,0.0,0,0,0.0,0,0,0,0.0,0.0,0,0.0,0.0,0,0,0.0,0,0,0.0,0.0,0.0,0,0,0.0,0,0.0,0,0,0,0,0,0,0,0,0,0.2,0.0,0.0,0,0,0.0,0.0,0.0,0.0,0.0,20,100.0,,,20.0,200.0,,25.0,15.0,2,1,2,5.2,2,0.0,0.0,0,0
Ruberu et al.,10.1016/j.apmt.2020.100914,0.0,0.0,0.0,0.0,0.0,5.0,0.0,0.0,0,0.0,0.0,0,0.0,0,0.0,0,0,0,0.0,0,0,0.0,0,0,0,0.0,0.0,0,0.0,0.0,0,0,0.0,0,0,0.0,0.0,0.0,0,0,0.0,0,0.0,0,0,0,0,0,0,0,0,0,0.2,0.0,0.0,0,0,0.0,0.0,0.0,0.0,0.0,20,390.0,,,8.0,200.0,,25.0,15.0,2,1,2,5.2,2,0.0,0.0,0,0
Ruberu et al.,10.1016/j.apmt.2020.100914,0.0,0.0,0.0,0.0,0.0,5.0,0.0,0.0,0,0.0,0.0,0,0.0,0,0.0,0,0,0,0.0,0,0,0.0,0,0,0,0.0,0.0,0,0.0,0.0,0,0,0.0,0,0,0.0,0.0,0.0,0,0,0.0,0,0.0,0,0,0,0,0,0,0,0,0,0.2,0.0,0.0,0,0,0.0,0.0,0.0,0.0,0.0,20,250.0,,,14.0,200.0,,25.0,15.0,2,1,2,5.2,2,0.0,0.0,0,0
Ruberu et al.,10.1016/j.apmt.2020.100914,0.0,0.0,0.0,0.0,0.0,10.0,0.0,0.0,0,0.0,2.0,0,0.0,0,0.0,0,0,0,0.0,0,0,0.0,0,0,0,0.0,0.0,0,0.0,0.0,0,0,0.0,0,0,0.0,0.0,0.0,0,0,0.0,0,0.0,0,0,0,0,0,0,0,0,0,0.2,0.0,0.0,0,0,0.0,0.0,0.0,0.0,0.0,20,290.0,,,9.5,200.0,,10.0,25.0,3,1,3,12.2,3,0.0,0.0,0,0
Ruberu et al.,10.1016/j.apmt.2020.100914,0.0,0.0,0.0,0.0,0.0,10.0,0.0,0.0,0,0.0,2.0,0,0.0,0,0.0,0,0,0,0.0,0,0,0.0,0,0,0,0.0,0.0,0,0.0,0.0,0,0,0.0,0,0,0.0,0.0,0.0,0,0,0.0,0,0.0,0,0,0,0,0,0,0,0,0,0.2,0.0,0.0,0,0,0.0,0.0,0.0,0.0,0.0,20,310.0,,,9.5,200.0,,10.0,25.0,2,1,2,12.2,3,0.0,0.0,0,0
Ruberu et al.,10.1016/j.apmt.2020.100914,0.0,0.0,0.0,0.0,0.0,10.0,0.0,0.0,0,0.0,2.0,0,0.0,0,0.0,0,0,0,0.0,0,0,0.0,0,0,0,0.0,0.0,0,0.0,0.0,0,0,0.0,0,0,0.0,0.0,0.0,0,0,0.0,0,0.0,0,0,0,0,0,0,0,0,0,0.2,0.0,0.0,0,0,0.0,0.0,0.0,0.0,0.0,20,240.0,,,10.0,200.0,,10.0,25.0,3,1,3,12.2,3,0.0,0.0,0,0
Ruberu et al.,10.1016/j.apmt.2020.100914,0.0,0.0,0.0,0.0,0.0,10.0,0.0,0.0,0,0.0,2.0,0,0.0,0,0.0,0,0,0,0.0,0,0,0.0,0,0,0,0.0,0.0,0,0.0,0.0,0,0,0.0,0,0,0.0,0.0,0.0,0,0,0.0,0,0.0,0,0,0,0,0,0,0,0,0,0.2,0.0,0.0,0,0,0.0,0.0,0.0,0.0,0.0,20,260.0,,,12.5,200.0,,10.0,25.0,3,1,3,12.2,3,0.0,0.0,0,0
Ruberu et al.,10.1016/j.apmt.2020.100914,0.0,0.0,0.0,0.0,0.0,10.0,0.0,0.0,0,0.0,2.0,0,0.0,0,0.0,0,0,0,0.0,0,0,0.0,0,0,0,0.0,0.0,0,0.0,0.0,0,0,0.0,0,0,0.0,0.0,0.0,0,0,0.0,0,0.0,0,0,0,0,0,0,0,0,0,0.2,0.0,0.0,0,0,0.0,0.0,0.0,0.0,0.0,20,150.0,,,8.5,200.0,,10.0,25.0,0,1,0,12.2,3,0.0,0.0,0,0
Ruberu et al.,10.1016/j.apmt.2020.100914,0.0,0.0,0.0,0.0,0.0,10.0,0.0,0.0,0,0.0,2.0,0,0.0,0,0.0,0,0,0,0.0,0,0,0.0,0,0,0,0.0,0.0,0,0.0,0.0,0,0,0.0,0,0,0.0,0.0,0.0,0,0,0.0,0,0.0,0,0,0,0,0,0,0,0,0,0.2,0.0,0.0,0,0,0.0,0.0,0.0,0.0,0.0,20,100.0,,,8.0,200.0,,25.0,15.0,0,1,0,12.2,3,0.0,0.0,0,0
Ruberu et al.,10.1016/j.apmt.2020.100914,0.0,0.0,0.0,0.0,0.0,10.0,0.0,0.0,0,0.0,2.0,0,0.0,0,0.0,0,0,0,0.0,0,0,0.0,0,0,0,0.0,0.0,0,0.0,0.0,0,0,0.0,0,0,0.0,0.0,0.0,0,0,0.0,0,0.0,0,0,0,0,0,0,0,0,0,0.2,0.0,0.0,0,0,0.0,0.0,0.0,0.0,0.0,20,100.0,,,12.0,200.0,,25.0,15.0,0,1,0,12.2,3,0.0,0.0,0,0
Ruberu et al.,10.1016/j.apmt.2020.100914,0.0,0.0,0.0,0.0,0.0,10.0,0.0,0.0,0,0.0,2.0,0,0.0,0,0.0,0,0,0,0.0,0,0,0.0,0,0,0,0.0,0.0,0,0.0,0.0,0,0,0.0,0,0,0.0,0.0,0.0,0,0,0.0,0,0.0,0,0,0,0,0,0,0,0,0,0.2,0.0,0.0,0,0,0.0,0.0,0.0,0.0,0.0,20,100.0,,,15.0,200.0,,25.0,15.0,0,1,0,12.2,3,0.0,0.0,0,0
Ruberu et al.,10.1016/j.apmt.2020.100914,0.0,0.0,0.0,0.0,0.0,10.0,0.0,0.0,0,0.0,2.0,0,0.0,0,0.0,0,0,0,0.0,0,0,0.0,0,0,0,0.0,0.0,0,0.0,0.0,0,0,0.0,0,0,0.0,0.0,0.0,0,0,0.0,0,0.0,0,0,0,0,0,0,0,0,0,0.2,0.0,0.0,0,0,0.0,0.0,0.0,0.0,0.0,20,100.0,,,17.5,200.0,,25.0,15.0,0,1,0,12.2,3,0.0,0.0,0,0
Ruberu et al.,10.1016/j.apmt.2020.100914,0.0,0.0,0.0,0.0,0.0,10.0,0.0,0.0,0,0.0,2.0,0,0.0,0,0.0,0,0,0,0.0,0,0,0.0,0,0,0,0.0,0.0,0,0.0,0.0,0,0,0.0,0,0,0.0,0.0,0.0,0,0,0.0,0,0.0,0,0,0,0,0,0,0,0,0,0.2,0.0,0.0,0,0,0.0,0.0,0.0,0.0,0.0,20,100.0,,,10.0,200.0,,25.0,15.0,0,1,0,12.2,3,0.0,0.0,0,0
Ruberu et al.,10.1016/j.apmt.2020.100914,0.0,0.0,0.0,0.0,0.0,5.0,0.0,0.0,0,0.0,2.0,0,0.0,0,0.0,0,0,0,0.0,0,0,0.0,0,0,0,0.0,0.0,0,0.0,0.0,0,0,0.0,0,0,0.0,0.0,0.0,0,0,0.0,0,0.0,0,0,0,0,0,0,0,0,0,0.2,0.0,0.0,0,0,0.0,0.0,0.0,0.0,0.0,20,100.0,,,8.0,200.0,,10.0,15.0,0,1,0,7.2,3,0.0,0.0,0,0
Ruberu et al.,10.1016/j.apmt.2020.100914,0.0,0.0,0.0,0.0,0.0,5.0,0.0,0.0,0,0.0,2.0,0,0.0,0,0.0,0,0,0,0.0,0,0,0.0,0,0,0,0.0,0.0,0,0.0,0.0,0,0,0.0,0,0,0.0,0.0,0.0,0,0,0.0,0,0.0,0,0,0,0,0,0,0,0,0,0.2,0.0,0.0,0,0,0.0,0.0,0.0,0.0,0.0,20,100.0,,,12.0,200.0,,10.0,15.0,0,1,0,7.2,3,0.0,0.0,0,0
Ruberu et al.,10.1016/j.apmt.2020.100914,0.0,0.0,0.0,0.0,0.0,5.0,0.0,0.0,0,0.0,2.0,0,0.0,0,0.0,0,0,0,0.0,0,0,0.0,0,0,0,0.0,0.0,0,0.0,0.0,0,0,0.0,0,0,0.0,0.0,0.0,0,0,0.0,0,0.0,0,0,0,0,0,0,0,0,0,0.2,0.0,0.0,0,0,0.0,0.0,0.0,0.0,0.0,20,100.0,,,15.0,200.0,,10.0,15.0,0,1,0,7.2,3,0.0,0.0,0,0
Ruberu et al.,10.1016/j.apmt.2020.100914,0.0,0.0,0.0,0.0,0.0,5.0,0.0,0.0,0,0.0,2.0,0,0.0,0,0.0,0,0,0,0.0,0,0,0.0,0,0,0,0.0,0.0,0,0.0,0.0,0,0,0.0,0,0,0.0,0.0,0.0,0,0,0.0,0,0.0,0,0,0,0,0,0,0,0,0,0.2,0.0,0.0,0,0,0.0,0.0,0.0,0.0,0.0,20,100.0,,,17.5,200.0,,10.0,15.0,0,1,0,7.2,3,0.0,0.0,0,0
Ruberu et al.,10.1016/j.apmt.2020.100914,0.0,0.0,0.0,0.0,0.0,5.0,0.0,0.0,0,0.0,2.0,0,0.0,0,0.0,0,0,0,0.0,0,0,0.0,0,0,0,0.0,0.0,0,0.0,0.0,0,0,0.0,0,0,0.0,0.0,0.0,0,0,0.0,0,0.0,0,0,0,0,0,0,0,0,0,0.2,0.0,0.0,0,0,0.0,0.0,0.0,0.0,0.0,20,100.0,,,10.0,200.0,,10.0,15.0,0,1,0,7.2,3,0.0,0.0,0,0
Ruberu et al.,10.1016/j.apmt.2020.100914,0.0,0.0,0.0,0.0,0.0,5.0,0.0,0.0,0,0.0,2.0,0,0.0,0,0.0,0,0,0,0.0,0,0,0.0,0,0,0,0.0,0.0,0,0.0,0.0,0,0,0.0,0,0,0.0,0.0,0.0,0,0,0.0,0,0.0,0,0,0,0,0,0,0,0,0,0.2,0.0,0.0,0,0,0.0,0.0,0.0,0.0,0.0,20,100.0,,,8.0,200.0,,25.0,15.0,0,1,0,7.2,3,0.0,0.0,0,0
Ruberu et al.,10.1016/j.apmt.2020.100914,0.0,0.0,0.0,0.0,0.0,5.0,0.0,0.0,0,0.0,2.0,0,0.0,0,0.0,0,0,0,0.0,0,0,0.0,0,0,0,0.0,0.0,0,0.0,0.0,0,0,0.0,0,0,0.0,0.0,0.0,0,0,0.0,0,0.0,0,0,0,0,0,0,0,0,0,0.2,0.0,0.0,0,0,0.0,0.0,0.0,0.0,0.0,20,100.0,,,12.0,200.0,,25.0,15.0,0,1,0,7.2,3,0.0,0.0,0,0
Ruberu et al.,10.1016/j.apmt.2020.100914,0.0,0.0,0.0,0.0,0.0,5.0,0.0,0.0,0,0.0,2.0,0,0.0,0,0.0,0,0,0,0.0,0,0,0.0,0,0,0,0.0,0.0,0,0.0,0.0,0,0,0.0,0,0,0.0,0.0,0.0,0,0,0.0,0,0.0,0,0,0,0,0,0,0,0,0,0.2,0.0,0.0,0,0,0.0,0.0,0.0,0.0,0.0,20,100.0,,,15.0,200.0,,25.0,15.0,0,1,0,7.2,3,0.0,0.0,0,0
Ruberu et al.,10.1016/j.apmt.2020.100914,0.0,0.0,0.0,0.0,0.0,5.0,0.0,0.0,0,0.0,2.0,0,0.0,0,0.0,0,0,0,0.0,0,0,0.0,0,0,0,0.0,0.0,0,0.0,0.0,0,0,0.0,0,0,0.0,0.0,0.0,0,0,0.0,0,0.0,0,0,0,0,0,0,0,0,0,0.2,0.0,0.0,0,0,0.0,0.0,0.0,0.0,0.0,20,100.0,,,17.5,200.0,,25.0,15.0,0,1,0,7.2,3,0.0,0.0,0,0
Ruberu et al.,10.1016/j.apmt.2020.100914,0.0,0.0,0.0,0.0,0.0,5.0,0.0,0.0,0,0.0,2.0,0,0.0,0,0.0,0,0,0,0.0,0,0,0.0,0,0,0,0.0,0.0,0,0.0,0.0,0,0,0.0,0,0,0.0,0.0,0.0,0,0,0.0,0,0.0,0,0,0,0,0,0,0,0,0,0.2,0.0,0.0,0,0,0.0,0.0,0.0,0.0,0.0,20,100.0,,,10.0,200.0,,25.0,15.0,0,1,0,7.2,3,0.0,0.0,0,0
Ruberu et al.,10.1016/j.apmt.2020.100914,0.0,0.0,0.0,0.0,0.0,5.0,0.0,0.0,0,0.0,2.0,0,0.0,0,0.0,0,0,0,0.0,0,0,0.0,0,0,0,0.0,0.0,0,0.0,0.0,0,0,0.0,0,0,0.0,0.0,0.0,0,0,0.0,0,0.0,0,0,0,0,0,0,0,0,0,0.2,0.0,0.0,0,0,0.0,0.0,0.0,0.0,0.0,20,100.0,,,10.5,200.0,,10.0,21.0,1,1,1,7.2,3,0.0,0.0,0,0
Ruberu et al.,10.1016/j.apmt.2020.100914,0.0,0.0,0.0,0.0,0.0,5.0,0.0,0.0,0,0.0,2.0,0,0.0,0,0.0,0,0,0,0.0,0,0,0.0,0,0,0,0.0,0.0,0,0.0,0.0,0,0,0.0,0,0,0.0,0.0,0.0,0,0,0.0,0,0.0,0,0,0,0,0,0,0,0,0,0.2,0.0,0.0,0,0,0.0,0.0,0.0,0.0,0.0,20,100.0,,,8.5,200.0,,10.0,21.0,1,1,1,7.2,3,0.0,0.0,0,0
Ruberu et al.,10.1016/j.apmt.2020.100914,0.0,0.0,0.0,0.0,0.0,5.0,0.0,0.0,0,0.0,2.0,0,0.0,0,0.0,0,0,0,0.0,0,0,0.0,0,0,0,0.0,0.0,0,0.0,0.0,0,0,0.0,0,0,0.0,0.0,0.0,0,0,0.0,0,0.0,0,0,0,0,0,0,0,0,0,0.2,0.0,0.0,0,0,0.0,0.0,0.0,0.0,0.0,20,100.0,,,12.0,200.0,,10.0,21.0,1,1,1,7.2,3,0.0,0.0,0,0
Ruberu et al.,10.1016/j.apmt.2020.100914,0.0,0.0,0.0,0.0,0.0,5.0,0.0,0.0,0,0.0,2.0,0,0.0,0,0.0,0,0,0,0.0,0,0,0.0,0,0,0,0.0,0.0,0,0.0,0.0,0,0,0.0,0,0,0.0,0.0,0.0,0,0,0.0,0,0.0,0,0,0,0,0,0,0,0,0,0.2,0.0,0.0,0,0,0.0,0.0,0.0,0.0,0.0,20,120.0,,,10.5,200.0,,10.0,21.0,1,1,1,7.2,3,0.0,0.0,0,0
Ruberu et al.,10.1016/j.apmt.2020.100914,0.0,0.0,0.0,0.0,0.0,5.0,0.0,0.0,0,0.0,2.0,0,0.0,0,0.0,0,0,0,0.0,0,0,0.0,0,0,0,0.0,0.0,0,0.0,0.0,0,0,0.0,0,0,0.0,0.0,0.0,0,0,0.0,0,0.0,0,0,0,0,0,0,0,0,0,0.2,0.0,0.0,0,0,0.0,0.0,0.0,0.0,0.0,20,100.0,,,9.5,200.0,,10.0,21.0,2,1,2,7.2,3,0.0,0.0,0,0
Ruberu et al.,10.1016/j.apmt.2020.100914,0.0,0.0,0.0,0.0,0.0,5.0,0.0,0.0,0,0.0,2.0,0,0.0,0,0.0,0,0,0,0.0,0,0,0.0,0,0,0,0.0,0.0,0,0.0,0.0,0,0,0.0,0,0,0.0,0.0,0.0,0,0,0.0,0,0.0,0,0,0,0,0,0,0,0,0,0.2,0.0,0.0,0,0,0.0,0.0,0.0,0.0,0.0,20,130.0,,,9.0,200.0,,25.0,15.0,2,1,2,7.2,3,0.0,0.0,0,0
Ruberu et al.,10.1016/j.apmt.2020.100914,0.0,0.0,0.0,0.0,0.0,5.0,0.0,0.0,0,0.0,2.0,0,0.0,0,0.0,0,0,0,0.0,0,0,0.0,0,0,0,0.0,0.0,0,0.0,0.0,0,0,0.0,0,0,0.0,0.0,0.0,0,0,0.0,0,0.0,0,0,0,0,0,0,0,0,0,0.2,0.0,0.0,0,0,0.0,0.0,0.0,0.0,0.0,20,100.0,,,9.5,200.0,,25.0,15.0,2,1,2,7.2,3,0.0,0.0,0,0
Ruberu et al.,10.1016/j.apmt.2020.100914,0.0,0.0,0.0,0.0,0.0,5.0,0.0,0.0,0,0.0,2.0,0,0.0,0,0.0,0,0,0,0.0,0,0,0.0,0,0,0,0.0,0.0,0,0.0,0.0,0,0,0.0,0,0,0.0,0.0,0.0,0,0,0.0,0,0.0,0,0,0,0,0,0,0,0,0,0.2,0.0,0.0,0,0,0.0,0.0,0.0,0.0,0.0,20,230.0,,,12.5,200.0,,25.0,15.0,2,1,2,7.2,3,0.0,0.0,0,0
Ruberu et al.,10.1016/j.apmt.2020.100914,0.0,0.0,0.0,0.0,0.0,5.0,0.0,0.0,0,0.0,2.0,0,0.0,0,0.0,0,0,0,0.0,0,0,0.0,0,0,0,0.0,0.0,0,0.0,0.0,0,0,0.0,0,0,0.0,0.0,0.0,0,0,0.0,0,0.0,0,0,0,0,0,0,0,0,0,0.2,0.0,0.0,0,0,0.0,0.0,0.0,0.0,0.0,20,120.0,,,8.0,200.0,,25.0,15.0,2,1,2,7.2,3,0.0,0.0,0,0
Ruberu et al.,10.1016/j.apmt.2020.100914,0.0,0.0,0.0,0.0,0.0,5.0,0.0,0.0,0,0.0,2.0,0,0.0,0,0.0,0,0,0,0.0,0,0,0.0,0,0,0,0.0,0.0,0,0.0,0.0,0,0,0.0,0,0,0.0,0.0,0.0,0,0,0.0,0,0.0,0,0,0,0,0,0,0,0,0,0.2,0.0,0.0,0,0,0.0,0.0,0.0,0.0,0.0,20,110.0,,,8.5,200.0,,25.0,15.0,2,1,2,7.2,3,0.0,0.0,0,0
Ruberu et al.,10.1016/j.apmt.2020.100914,0.0,0.0,0.0,0.0,0.0,7.5,0.0,0.0,0,0.0,2.0,0,0.0,0,0.0,0,0,0,0.0,0,0,0.0,0,0,0,0.0,0.0,0,0.0,0.0,0,0,0.0,0,0,0.0,0.0,0.0,0,0,0.0,0,0.0,0,0,0,0,0,0,0,0,0,0.2,0.0,0.0,0,0,0.0,0.0,0.0,0.0,0.0,20,100.0,,,8.0,200.0,,10.0,15.0,0,1,0,9.7,3,0.0,0.0,0,0
Ruberu et al.,10.1016/j.apmt.2020.100914,0.0,0.0,0.0,0.0,0.0,7.5,0.0,0.0,0,0.0,2.0,0,0.0,0,0.0,0,0,0,0.0,0,0,0.0,0,0,0,0.0,0.0,0,0.0,0.0,0,0,0.0,0,0,0.0,0.0,0.0,0,0,0.0,0,0.0,0,0,0,0,0,0,0,0,0,0.2,0.0,0.0,0,0,0.0,0.0,0.0,0.0,0.0,20,100.0,,,12.0,200.0,,10.0,15.0,0,1,0,9.7,3,0.0,0.0,0,0
Ruberu et al.,10.1016/j.apmt.2020.100914,0.0,0.0,0.0,0.0,0.0,7.5,0.0,0.0,0,0.0,2.0,0,0.0,0,0.0,0,0,0,0.0,0,0,0.0,0,0,0,0.0,0.0,0,0.0,0.0,0,0,0.0,0,0,0.0,0.0,0.0,0,0,0.0,0,0.0,0,0,0,0,0,0,0,0,0,0.2,0.0,0.0,0,0,0.0,0.0,0.0,0.0,0.0,20,100.0,,,15.0,200.0,,10.0,15.0,0,1,0,9.7,3,0.0,0.0,0,0
Ruberu et al.,10.1016/j.apmt.2020.100914,0.0,0.0,0.0,0.0,0.0,7.5,0.0,0.0,0,0.0,2.0,0,0.0,0,0.0,0,0,0,0.0,0,0,0.0,0,0,0,0.0,0.0,0,0.0,0.0,0,0,0.0,0,0,0.0,0.0,0.0,0,0,0.0,0,0.0,0,0,0,0,0,0,0,0,0,0.2,0.0,0.0,0,0,0.0,0.0,0.0,0.0,0.0,20,100.0,,,17.5,200.0,,10.0,15.0,0,1,0,9.7,3,0.0,0.0,0,0
Ruberu et al.,10.1016/j.apmt.2020.100914,0.0,0.0,0.0,0.0,0.0,7.5,0.0,0.0,0,0.0,2.0,0,0.0,0,0.0,0,0,0,0.0,0,0,0.0,0,0,0,0.0,0.0,0,0.0,0.0,0,0,0.0,0,0,0.0,0.0,0.0,0,0,0.0,0,0.0,0,0,0,0,0,0,0,0,0,0.2,0.0,0.0,0,0,0.0,0.0,0.0,0.0,0.0,20,100.0,,,10.0,200.0,,10.0,15.0,0,1,0,9.7,3,0.0,0.0,0,0
Ruberu et al.,10.1016/j.apmt.2020.100914,0.0,0.0,0.0,0.0,0.0,7.5,0.0,0.0,0,0.0,2.0,0,0.0,0,0.0,0,0,0,0.0,0,0,0.0,0,0,0,0.0,0.0,0,0.0,0.0,0,0,0.0,0,0,0.0,0.0,0.0,0,0,0.0,0,0.0,0,0,0,0,0,0,0,0,0,0.2,0.0,0.0,0,0,0.0,0.0,0.0,0.0,0.0,20,100.0,,,8.0,200.0,,25.0,15.0,0,1,0,9.7,3,0.0,0.0,0,0
Ruberu et al.,10.1016/j.apmt.2020.100914,0.0,0.0,0.0,0.0,0.0,7.5,0.0,0.0,0,0.0,2.0,0,0.0,0,0.0,0,0,0,0.0,0,0,0.0,0,0,0,0.0,0.0,0,0.0,0.0,0,0,0.0,0,0,0.0,0.0,0.0,0,0,0.0,0,0.0,0,0,0,0,0,0,0,0,0,0.2,0.0,0.0,0,0,0.0,0.0,0.0,0.0,0.0,20,100.0,,,12.0,200.0,,25.0,15.0,0,1,0,9.7,3,0.0,0.0,0,0
Ruberu et al.,10.1016/j.apmt.2020.100914,0.0,0.0,0.0,0.0,0.0,7.5,0.0,0.0,0,0.0,2.0,0,0.0,0,0.0,0,0,0,0.0,0,0,0.0,0,0,0,0.0,0.0,0,0.0,0.0,0,0,0.0,0,0,0.0,0.0,0.0,0,0,0.0,0,0.0,0,0,0,0,0,0,0,0,0,0.2,0.0,0.0,0,0,0.0,0.0,0.0,0.0,0.0,20,100.0,,,15.0,200.0,,25.0,15.0,0,1,0,9.7,3,0.0,0.0,0,0
Ruberu et al.,10.1016/j.apmt.2020.100914,0.0,0.0,0.0,0.0,0.0,7.5,0.0,0.0,0,0.0,2.0,0,0.0,0,0.0,0,0,0,0.0,0,0,0.0,0,0,0,0.0,0.0,0,0.0,0.0,0,0,0.0,0,0,0.0,0.0,0.0,0,0,0.0,0,0.0,0,0,0,0,0,0,0,0,0,0.2,0.0,0.0,0,0,0.0,0.0,0.0,0.0,0.0,20,100.0,,,17.5,200.0,,25.0,15.0,0,1,0,9.7,3,0.0,0.0,0,0
Ruberu et al.,10.1016/j.apmt.2020.100914,0.0,0.0,0.0,0.0,0.0,7.5,0.0,0.0,0,0.0,2.0,0,0.0,0,0.0,0,0,0,0.0,0,0,0.0,0,0,0,0.0,0.0,0,0.0,0.0,0,0,0.0,0,0,0.0,0.0,0.0,0,0,0.0,0,0.0,0,0,0,0,0,0,0,0,0,0.2,0.0,0.0,0,0,0.0,0.0,0.0,0.0,0.0,20,100.0,,,10.0,200.0,,25.0,15.0,0,1,0,9.7,3,0.0,0.0,0,0
Ruberu et al.,10.1016/j.apmt.2020.100914,0.0,0.0,0.0,0.0,0.0,5.0,0.0,0.0,0,0.0,2.0,0,0.0,0,0.0,0,0,0,0.0,0,0,0.0,0,0,0,0.0,0.0,0,0.0,0.0,0,0,0.0,0,0,0.0,0.0,0.0,0,0,0.0,0,0.0,0,0,0,0,0,0,0,0,0,0.2,0.0,0.0,0,0,0.0,0.0,0.0,0.0,0.0,20,220.0,,,8.0,200.0,,11.0,25.0,2,1,2,7.2,3,0.0,0.0,0,0
Ruberu et al.,10.1016/j.apmt.2020.100914,0.0,0.0,0.0,0.0,0.0,5.0,0.0,0.0,0,0.0,2.0,0,0.0,0,0.0,0,0,0,0.0,0,0,0.0,0,0,0,0.0,0.0,0,0.0,0.0,0,0,0.0,0,0,0.0,0.0,0.0,0,0,0.0,0,0.0,0,0,0,0,0,0,0,0,0,0.2,0.0,0.0,0,0,0.0,0.0,0.0,0.0,0.0,20,130.0,,,8.0,200.0,,11.0,25.0,3,1,3,7.2,3,0.0,0.0,0,0
Ruberu et al.,10.1016/j.apmt.2020.100914,0.0,0.0,0.0,0.0,0.0,5.0,0.0,0.0,0,0.0,2.0,0,0.0,0,0.0,0,0,0,0.0,0,0,0.0,0,0,0,0.0,0.0,0,0.0,0.0,0,0,0.0,0,0,0.0,0.0,0.0,0,0,0.0,0,0.0,0,0,0,0,0,0,0,0,0,0.2,0.0,0.0,0,0,0.0,0.0,0.0,0.0,0.0,20,180.0,,,8.0,200.0,,11.0,25.0,2,1,2,7.2,3,0.0,0.0,0,0
Ruberu et al.,10.1016/j.apmt.2020.100914,0.0,0.0,0.0,0.0,0.0,5.0,0.0,0.0,0,0.0,2.0,0,0.0,0,0.0,0,0,0,0.0,0,0,0.0,0,0,0,0.0,0.0,0,0.0,0.0,0,0,0.0,0,0,0.0,0.0,0.0,0,0,0.0,0,0.0,0,0,0,0,0,0,0,0,0,0.2,0.0,0.0,0,0,0.0,0.0,0.0,0.0,0.0,20,200.0,,,9.0,200.0,,11.0,25.0,2,1,2,7.2,3,0.0,0.0,0,0
Ruberu et al.,10.1016/j.apmt.2020.100914,0.0,0.0,0.0,0.0,0.0,5.0,0.0,0.0,0,0.0,2.0,0,0.0,0,0.0,0,0,0,0.0,0,0,0.0,0,0,0,0.0,0.0,0,0.0,0.0,0,0,0.0,0,0,0.0,0.0,0.0,0,0,0.0,0,0.0,0,0,0,0,0,0,0,0,0,0.2,0.0,0.0,0,0,0.0,0.0,0.0,0.0,0.0,20,160.0,,,9.5,200.0,,11.0,25.0,2,1,2,7.2,3,0.0,0.0,0,0
Ruberu et al.,10.1016/j.apmt.2020.100914,0.0,0.0,0.0,0.0,0.0,5.0,0.0,0.0,0,0.0,0.0,0,0.0,0,0.0,0,0,0,0.0,0,0,0.0,0,0,0,0.0,0.0,0,0.0,0.0,0,0,0.0,0,0,0.0,0.0,0.0,0,0,0.0,0,0.0,0,0,0,0,0,0,0,0,0,0.2,0.0,0.0,0,0,0.0,0.0,0.0,0.0,0.0,20,80.0,,,10.6,200.0,,10.0,19.0,2,1,2,5.2,2,0.0,0.0,0,0
Ruberu et al.,10.1016/j.apmt.2020.100914,0.0,0.0,0.0,0.0,0.0,5.0,0.0,0.0,0,0.0,0.0,0,0.0,0,0.0,0,0,0,0.0,0,0,0.0,0,0,0,0.0,0.0,0,0.0,0.0,0,0,0.0,0,0,0.0,0.0,0.0,0,0,0.0,0,0.0,0,0,0,0,0,0,0,0,0,0.2,0.0,0.0,0,0,0.0,0.0,0.0,0.0,0.0,20,70.0,,,9.4,200.0,,10.0,19.0,2,1,2,5.2,2,0.0,0.0,0,0
Ruberu et al.,10.1016/j.apmt.2020.100914,0.0,0.0,0.0,0.0,0.0,5.0,0.0,0.0,0,0.0,0.0,0,0.0,0,0.0,0,0,0,0.0,0,0,0.0,0,0,0,0.0,0.0,0,0.0,0.0,0,0,0.0,0,0,0.0,0.0,0.0,0,0,0.0,0,0.0,0,0,0,0,0,0,0,0,0,0.2,0.0,0.0,0,0,0.0,0.0,0.0,0.0,0.0,20,100.0,,,10.7,200.0,,10.0,19.0,2,1,2,5.2,2,0.0,0.0,0,0
Ruberu et al.,10.1016/j.apmt.2020.100914,0.0,0.0,0.0,0.0,0.0,5.0,0.0,0.0,0,0.0,2.0,0,0.0,0,0.0,0,0,0,0.0,0,0,0.0,0,0,0,0.0,0.0,0,0.0,0.0,0,0,0.0,0,0,0.0,0.0,0.0,0,0,0.0,0,0.0,0,0,0,0,0,0,0,0,0,0.2,0.0,0.0,0,0,0.0,0.0,0.0,0.0,0.0,20,130.0,,,8.0,200.0,,11.0,25.0,2,1,2,7.2,3,0.0,0.0,0,0
Ruberu et al.,10.1016/j.apmt.2020.100914,0.0,0.0,0.0,0.0,0.0,5.0,0.0,0.0,0,0.0,2.0,0,0.0,0,0.0,0,0,0,0.0,0,0,0.0,0,0,0,0.0,0.0,0,0.0,0.0,0,0,0.0,0,0,0.0,0.0,0.0,0,0,0.0,0,0.0,0,0,0,0,0,0,0,0,0,0.2,0.0,0.0,0,0,0.0,0.0,0.0,0.0,0.0,20,100.0,,,9.0,200.0,,11.0,25.0,3,1,3,7.2,3,0.0,0.0,0,0
Ruberu et al.,10.1016/j.apmt.2020.100914,0.0,0.0,0.0,0.0,0.0,5.0,0.0,0.0,0,0.0,2.0,0,0.0,0,0.0,0,0,0,0.0,0,0,0.0,0,0,0,0.0,0.0,0,0.0,0.0,0,0,0.0,0,0,0.0,0.0,0.0,0,0,0.0,0,0.0,0,0,0,0,0,0,0,0,0,0.2,0.0,0.0,0,0,0.0,0.0,0.0,0.0,0.0,20,130.0,,,6.5,200.0,,11.0,25.0,2,1,2,7.2,3,0.0,0.0,0,0
Ruberu et al.,10.1016/j.apmt.2020.100914,0.0,0.0,0.0,0.0,0.0,7.5,0.0,0.0,0,0.0,2.0,0,0.0,0,0.0,0,0,0,0.0,0,0,0.0,0,0,0,0.0,0.0,0,0.0,0.0,0,0,0.0,0,0,0.0,0.0,0.0,0,0,0.0,0,0.0,0,0,0,0,0,0,0,0,0,0.2,0.0,0.0,0,0,0.0,0.0,0.0,0.0,0.0,20,320.0,,,9.5,200.0,,10.0,25.0,2,1,2,9.7,3,0.0,0.0,0,0
Ruberu et al.,10.1016/j.apmt.2020.100914,0.0,0.0,0.0,0.0,0.0,7.5,0.0,0.0,0,0.0,2.0,0,0.0,0,0.0,0,0,0,0.0,0,0,0.0,0,0,0,0.0,0.0,0,0.0,0.0,0,0,0.0,0,0,0.0,0.0,0.0,0,0,0.0,0,0.0,0,0,0,0,0,0,0,0,0,0.2,0.0,0.0,0,0,0.0,0.0,0.0,0.0,0.0,20,280.0,,,5.0,200.0,,10.0,25.0,2,1,2,9.7,3,0.0,0.0,0,0
Ruberu et al.,10.1016/j.apmt.2020.100914,0.0,0.0,0.0,0.0,0.0,7.5,0.0,0.0,0,0.0,2.0,0,0.0,0,0.0,0,0,0,0.0,0,0,0.0,0,0,0,0.0,0.0,0,0.0,0.0,0,0,0.0,0,0,0.0,0.0,0.0,0,0,0.0,0,0.0,0,0,0,0,0,0,0,0,0,0.2,0.0,0.0,0,0,0.0,0.0,0.0,0.0,0.0,20,250.0,,,11.0,200.0,,10.0,25.0,3,1,3,9.7,3,0.0,0.0,0,0
Ruberu et al.,10.1016/j.apmt.2020.100914,0.0,0.0,0.0,0.0,0.0,5.0,0.0,0.0,0,0.0,0.0,0,0.0,0,0.0,0,0,0,0.0,0,0,0.0,0,0,0,0.0,0.0,0,0.0,0.0,0,0,0.0,0,0,0.0,0.0,0.0,0,0,0.0,0,0.0,0,0,0,0,0,0,0,0,0,0.2,0.0,0.0,0,0,0.0,0.0,0.0,0.0,0.0,20,60.0,,,7.3,200.0,,25.0,15.0,2,1,2,5.2,2,0.0,0.0,0,0
Ruberu et al.,10.1016/j.apmt.2020.100914,0.0,0.0,0.0,0.0,0.0,5.0,0.0,0.0,0,0.0,0.0,0,0.0,0,0.0,0,0,0,0.0,0,0,0.0,0,0,0,0.0,0.0,0,0.0,0.0,0,0,0.0,0,0,0.0,0.0,0.0,0,0,0.0,0,0.0,0,0,0,0,0,0,0,0,0,0.2,0.0,0.0,0,0,0.0,0.0,0.0,0.0,0.0,20,170.0,,,9.9,200.0,,25.0,15.0,2,1,2,5.2,2,0.0,0.0,0,0
Ruberu et al.,10.1016/j.apmt.2020.100914,0.0,0.0,0.0,0.0,0.0,5.0,0.0,0.0,0,0.0,0.0,0,0.0,0,0.0,0,0,0,0.0,0,0,0.0,0,0,0,0.0,0.0,0,0.0,0.0,0,0,0.0,0,0,0.0,0.0,0.0,0,0,0.0,0,0.0,0,0,0,0,0,0,0,0,0,0.2,0.0,0.0,0,0,0.0,0.0,0.0,0.0,0.0,20,80.0,,,7.8,200.0,,25.0,15.0,2,1,2,5.2,2,0.0,0.0,0,0
Ruberu et al.,10.1016/j.apmt.2020.100914,0.0,0.0,0.0,0.0,0.0,7.5,0.0,0.0,0,0.0,2.0,0,0.0,0,0.0,0,0,0,0.0,0,0,0.0,0,0,0,0.0,0.0,0,0.0,0.0,0,0,0.0,0,0,0.0,0.0,0.0,0,0,0.0,0,0.0,0,0,0,0,0,0,0,0,0,0.2,0.0,0.0,0,0,0.0,0.0,0.0,0.0,0.0,20,210.0,,,12.0,200.0,,11.0,25.0,3,1,3,9.7,3,0.0,0.0,0,0
Ruberu et al.,10.1016/j.apmt.2020.100914,0.0,0.0,0.0,0.0,0.0,7.5,0.0,0.0,0,0.0,2.0,0,0.0,0,0.0,0,0,0,0.0,0,0,0.0,0,0,0,0.0,0.0,0,0.0,0.0,0,0,0.0,0,0,0.0,0.0,0.0,0,0,0.0,0,0.0,0,0,0,0,0,0,0,0,0,0.2,0.0,0.0,0,0,0.0,0.0,0.0,0.0,0.0,20,250.0,,,12.0,200.0,,11.0,25.0,3,1,3,9.7,3,0.0,0.0,0,0
Ruberu et al.,10.1016/j.apmt.2020.100914,0.0,0.0,0.0,0.0,0.0,7.5,0.0,0.0,0,0.0,2.0,0,0.0,0,0.0,0,0,0,0.0,0,0,0.0,0,0,0,0.0,0.0,0,0.0,0.0,0,0,0.0,0,0,0.0,0.0,0.0,0,0,0.0,0,0.0,0,0,0,0,0,0,0,0,0,0.2,0.0,0.0,0,0,0.0,0.0,0.0,0.0,0.0,20,340.0,,,5.0,200.0,,11.0,25.0,2,1,2,9.7,3,0.0,0.0,0,0
Ruberu et al.,10.1016/j.apmt.2020.100914,0.0,0.0,0.0,0.0,0.0,5.0,0.0,0.0,0,0.0,0.0,0,0.0,0,0.0,0,0,0,0.0,0,0,0.0,0,0,0,0.0,0.0,0,0.0,0.0,0,0,0.0,0,0,0.0,0.0,0.0,0,0,0.0,0,0.0,0,0,0,0,0,0,0,0,0,0.2,0.0,0.0,0,0,0.0,0.0,0.0,0.0,0.0,20,400.0,,,11.7,200.0,,10.0,15.0,3,1,3,5.2,2,0.0,0.0,0,0
Ruberu et al.,10.1016/j.apmt.2020.100914,0.0,0.0,0.0,0.0,0.0,5.0,0.0,0.0,0,0.0,0.0,0,0.0,0,0.0,0,0,0,0.0,0,0,0.0,0,0,0,0.0,0.0,0,0.0,0.0,0,0,0.0,0,0,0.0,0.0,0.0,0,0,0.0,0,0.0,0,0,0,0,0,0,0,0,0,0.2,0.0,0.0,0,0,0.0,0.0,0.0,0.0,0.0,20,360.0,,,11.8,200.0,,10.0,15.0,3,1,3,5.2,2,0.0,0.0,0,0
Ruberu et al.,10.1016/j.apmt.2020.100914,0.0,0.0,0.0,0.0,0.0,5.0,0.0,0.0,0,0.0,0.0,0,0.0,0,0.0,0,0,0,0.0,0,0,0.0,0,0,0,0.0,0.0,0,0.0,0.0,0,0,0.0,0,0,0.0,0.0,0.0,0,0,0.0,0,0.0,0,0,0,0,0,0,0,0,0,0.2,0.0,0.0,0,0,0.0,0.0,0.0,0.0,0.0,20,400.0,,,10.4,200.0,,10.0,15.0,3,1,3,5.2,2,0.0,0.0,0,0
Ruberu et al.,10.1016/j.apmt.2020.100914,0.0,0.0,0.0,0.0,0.0,7.5,0.0,0.0,0,0.0,2.0,0,0.0,0,0.0,0,0,0,0.0,0,0,0.0,0,0,0,0.0,0.0,0,0.0,0.0,0,0,0.0,0,0,0.0,0.0,0.0,0,0,0.0,0,0.0,0,0,0,0,0,0,0,0,0,0.2,0.0,0.0,0,0,0.0,0.0,0.0,0.0,0.0,20,130.0,,,12.5,200.0,,10.0,25.0,3,1,3,9.7,3,0.0,0.0,0,0
Ruberu et al.,10.1016/j.apmt.2020.100914,0.0,0.0,0.0,0.0,0.0,7.5,0.0,0.0,0,0.0,2.0,0,0.0,0,0.0,0,0,0,0.0,0,0,0.0,0,0,0,0.0,0.0,0,0.0,0.0,0,0,0.0,0,0,0.0,0.0,0.0,0,0,0.0,0,0.0,0,0,0,0,0,0,0,0,0,0.2,0.0,0.0,0,0,0.0,0.0,0.0,0.0,0.0,20,170.0,,,15.0,200.0,,10.0,25.0,3,1,3,9.7,3,0.0,0.0,0,0
Ruberu et al.,10.1016/j.apmt.2020.100914,0.0,0.0,0.0,0.0,0.0,7.5,0.0,0.0,0,0.0,2.0,0,0.0,0,0.0,0,0,0,0.0,0,0,0.0,0,0,0,0.0,0.0,0,0.0,0.0,0,0,0.0,0,0,0.0,0.0,0.0,0,0,0.0,0,0.0,0,0,0,0,0,0,0,0,0,0.2,0.0,0.0,0,0,0.0,0.0,0.0,0.0,0.0,20,160.0,,,9.0,200.0,,10.0,25.0,3,1,3,9.7,3,0.0,0.0,0,0
Ruberu et al.,10.1016/j.apmt.2020.100914,0.0,0.0,0.0,0.0,0.0,7.5,0.0,0.0,0,0.0,2.0,0,0.0,0,0.0,0,0,0,0.0,0,0,0.0,0,0,0,0.0,0.0,0,0.0,0.0,0,0,0.0,0,0,0.0,0.0,0.0,0,0,0.0,0,0.0,0,0,0,0,0,0,0,0,0,0.2,0.0,0.0,0,0,0.0,0.0,0.0,0.0,0.0,20,150.0,,,12.0,200.0,,10.0,25.0,3,1,3,9.7,3,0.0,0.0,0,0
Ruberu et al.,10.1016/j.apmt.2020.100914,0.0,0.0,0.0,0.0,0.0,7.5,0.0,0.0,0,0.0,2.0,0,0.0,0,0.0,0,0,0,0.0,0,0,0.0,0,0,0,0.0,0.0,0,0.0,0.0,0,0,0.0,0,0,0.0,0.0,0.0,0,0,0.0,0,0.0,0,0,0,0,0,0,0,0,0,0.2,0.0,0.0,0,0,0.0,0.0,0.0,0.0,0.0,20,140.0,,,8.0,200.0,,10.0,25.0,3,1,3,9.7,3,0.0,0.0,0,0
Ruberu et al.,10.1016/j.apmt.2020.100914,0.0,0.0,0.0,0.0,0.0,5.0,0.0,0.0,0,0.0,0.0,0,0.0,0,0.0,0,0,0,0.0,0,0,0.0,0,0,0,0.0,0.0,0,0.0,0.0,0,0,0.0,0,0,0.0,0.0,0.0,0,0,0.0,0,0.0,0,0,0,0,0,0,0,0,0,0.2,0.0,0.0,0,0,0.0,0.0,0.0,0.0,0.0,20,90.0,,,11.1,200.0,,11.0,20.0,3,1,3,5.2,2,0.0,0.0,0,0
Ruberu et al.,10.1016/j.apmt.2020.100914,0.0,0.0,0.0,0.0,0.0,5.0,0.0,0.0,0,0.0,0.0,0,0.0,0,0.0,0,0,0,0.0,0,0,0.0,0,0,0,0.0,0.0,0,0.0,0.0,0,0,0.0,0,0,0.0,0.0,0.0,0,0,0.0,0,0.0,0,0,0,0,0,0,0,0,0,0.2,0.0,0.0,0,0,0.0,0.0,0.0,0.0,0.0,20,80.0,,,9.2,200.0,,11.0,20.0,3,1,3,5.2,2,0.0,0.0,0,0
Ruberu et al.,10.1016/j.apmt.2020.100914,0.0,0.0,0.0,0.0,0.0,5.0,0.0,0.0,0,0.0,0.0,0,0.0,0,0.0,0,0,0,0.0,0,0,0.0,0,0,0,0.0,0.0,0,0.0,0.0,0,0,0.0,0,0,0.0,0.0,0.0,0,0,0.0,0,0.0,0,0,0,0,0,0,0,0,0,0.2,0.0,0.0,0,0,0.0,0.0,0.0,0.0,0.0,20,120.0,,,12.2,200.0,,11.0,20.0,3,1,3,5.2,2,0.0,0.0,0,0
Ruberu et al.,10.1016/j.apmt.2020.100914,0.0,0.0,0.0,0.0,0.0,5.0,0.0,0.0,0,0.0,0.0,0,0.0,0,0.0,0,0,0,0.0,0,0,0.0,0,0,0,0.0,0.0,0,0.0,0.0,0,0,0.0,0,0,0.0,0.0,0.0,0,0,0.0,0,0.0,0,0,0,0,0,0,0,0,0,0.2,0.0,0.0,0,0,0.0,0.0,0.0,0.0,0.0,20,50.0,,,11.8,200.0,,10.0,18.0,3,1,3,5.2,2,0.0,0.0,0,0
Ruberu et al.,10.1016/j.apmt.2020.100914,0.0,0.0,0.0,0.0,0.0,5.0,0.0,0.0,0,0.0,0.0,0,0.0,0,0.0,0,0,0,0.0,0,0,0.0,0,0,0,0.0,0.0,0,0.0,0.0,0,0,0.0,0,0,0.0,0.0,0.0,0,0,0.0,0,0.0,0,0,0,0,0,0,0,0,0,0.2,0.0,0.0,0,0,0.0,0.0,0.0,0.0,0.0,20,50.0,,,17.2,200.0,,10.0,18.0,3,1,3,5.2,2,0.0,0.0,0,0
Gao et al .2017,10.1002/adfm.201700798,2.0,0.0,0.0,0.0,0.0,0.0,0.0,0.0,0,0.0,0.0,0,0.0,0,0.0,0,0,0,0.0,0,0,0.0,0,0,0,0.0,0.0,0,100.0,0.0,0,0,0.0,0,0,0.0,0.0,0.0,100,3,0.0,0,0.0,0,0,0,0,0,0,0,0,0,0.0,0.0,0.0,0,0,0.0,0.0,0.0,10000000.0,1800.0,0,30.0,,,,1372.0,,,22.0,3,3,9,105.0,4,0.0,0.0,1,1
Gao et al .2017,10.1002/adfm.201700798,2.0,0.0,0.0,0.0,0.0,0.0,0.0,0.0,0,0.0,0.0,0,0.0,0,0.0,0,0,0,0.0,0,0,0.0,0,0,0,0.0,0.0,0,100.0,0.0,0,0,0.0,0,0,0.0,0.0,0.0,100,3,0.0,0,0.0,0,0,0,0,0,0,0,0,0,0.0,0.0,0.0,0,0,0.0,0.0,0.0,10000000.0,1800.0,0,30.0,,,,1372.0,,,22.0,3,5,15,105.0,4,0.0,0.0,1,1
Gao et al .2017,10.1002/adfm.201700798,2.0,0.0,0.0,0.0,0.0,0.0,0.0,0.0,0,0.0,0.0,0,0.0,0,0.0,0,0,0,0.0,0,0,0.0,0,0,0,0.0,0.0,0,100.0,0.0,0,0,0.0,0,0,0.0,0.0,0.0,100,3,0.0,0,0.0,0,0,0,0,0,0,0,0,0,0.0,0.0,0.0,0,0,0.0,0.0,0.0,10000000.0,1800.0,0,30.0,,,,2159.0,,,22.0,3,2,6,105.0,4,0.0,0.0,1,1
Gao et al .2017,10.1002/adfm.201700798,2.0,0.0,0.0,0.0,0.0,0.0,0.0,0.0,0,0.0,0.0,0,0.0,0,0.0,0,0,0,0.0,0,0,0.0,0,0,0,0.0,0.0,0,100.0,0.0,0,0,0.0,0,0,0.0,0.0,0.0,100,3,0.0,0,0.0,0,0,0,0,0,0,0,0,0,0.0,0.0,0.0,0,0,0.0,0.0,0.0,10000000.0,1800.0,0,30.0,,,,838.0,,,22.0,3,2,6,105.0,4,0.0,0.0,1,1
Gao et al .2017,10.1002/adfm.201700798,2.0,0.0,0.0,0.0,0.0,0.0,0.0,0.0,0,0.0,0.0,0,0.0,0,0.0,0,0,0,0.0,0,0,0.0,0,0,0,0.0,0.0,0,100.0,0.0,0,0,0.0,0,0,0.0,0.0,0.0,0,0,0.0,0,0.0,0,0,0,0,0,0,0,0,40,0.0,0.0,0.0,0,0,0.0,0.0,0.0,0.0,0.0,0,120.0,,,,,,,22.0,3,1,3,42.0,3,0.0,0.0,0,0
Gao et al .2017,10.1002/adfm.201700798,2.0,0.0,0.0,0.0,0.0,0.0,0.0,0.0,0,0.0,0.0,0,0.0,0,0.0,0,0,0,0.0,0,0,0.0,0,0,0,0.0,0.0,0,100.0,0.0,0,0,0.0,0,0,0.0,0.0,0.0,0,0,0.0,0,0.0,0,0,0,0,0,0,0,0,40,0.0,0.0,0.0,0,0,0.0,0.0,0.0,0.0,0.0,0,120.0,,,,,,,22.0,3,1,3,42.0,3,0.0,0.0,0,0
Gao et al .2017,10.1002/adfm.201700798,2.0,0.0,0.0,0.0,0.0,0.0,0.0,0.0,0,0.0,0.0,0,0.0,0,0.0,0,0,0,0.0,0,0,0.0,0,0,0,0.0,0.0,0,100.0,0.0,0,0,0.0,0,0,0.0,0.0,0.0,0,0,0.0,0,0.0,0,0,0,0,0,0,0,0,40,0.0,0.0,0.0,0,0,0.0,0.0,0.0,0.0,0.0,0,120.0,,,,,,,22.0,3,1,3,42.0,3,0.0,0.0,0,0
Yu et al. 2013,10.1115/1.4024575,4.0,0.0,0.0,0.0,0.0,0.0,0.0,0.0,0,0.0,0.0,0,0.0,0,0.0,0,0,0,0.0,0,0,0.0,0,0,0,0.0,0.0,0,360.4,0.0,0,0,0.0,0,0,0.0,0.0,0.0,0,0,0.0,0,0.0,0,0,0,0,0,0,0,0,0,0.0,0.0,0.0,0,0,0.0,0.0,0.0,2000000.0,0.0,0,34.47,,0.0333,,1190.0,,,22.0,3,3,9,4.0,2,0.0,0.0,0,1
Yu et al. 2013,10.1115/1.4024575,4.0,0.0,0.0,0.0,0.0,0.0,0.0,0.0,0,0.0,0.0,0,0.0,0,0.0,0,0,0,0.0,0,0,0.0,0,0,0,0.0,0.0,0,360.4,0.0,0,0,0.0,0,0,0.0,0.0,0.0,0,0,0.0,0,0.0,0,0,0,0,0,0,0,0,0,0.0,0.0,0.0,0,0,0.0,0.0,0.0,2000000.0,0.0,0,68.95,,0.0333,,1190.0,,,22.0,3,3,9,4.0,2,0.0,0.0,0,1
Yu et al. 2013,10.1115/1.4024575,4.0,0.0,0.0,0.0,0.0,0.0,0.0,0.0,0,0.0,0.0,0,0.0,0,0.0,0,0,0,0.0,0,0,0.0,0,0,0,0.0,0.0,0,360.4,0.0,0,0,0.0,0,0,0.0,0.0,0.0,0,0,0.0,0,0.0,0,0,0,0,0,0,0,0,0,0.0,0.0,0.0,0,0,0.0,0.0,0.0,2000000.0,0.0,0,137.9,,0.0333,,1190.0,,,22.0,3,3,9,4.0,2,0.0,0.0,0,1
Yu et al. 2013,10.1115/1.4024575,2.0,0.0,0.0,0.0,0.0,0.0,0.0,0.0,0,0.0,0.0,0,0.0,0,0.0,0,0,0,0.0,0,0,0.0,0,0,0,0.0,0.0,0,360.4,0.0,0,0,0.0,0,0,0.0,0.0,0.0,0,0,0.0,0,0.0,0,0,0,0,0,0,0,0,0,0.0,0.0,0.0,0,0,0.0,0.0,0.0,2000000.0,0.0,0,34.47,,0.0333,,1190.0,,,22.0,3,3,9,2.0,2,0.0,0.0,0,1
Yu et al. 2013,10.1115/1.4024575,4.0,0.0,0.0,0.0,0.0,0.0,0.0,0.0,0,0.0,0.0,0,0.0,0,0.0,0,0,0,0.0,0,0,0.0,0,0,0,0.0,0.0,0,360.4,0.0,0,0,0.0,0,0,0.0,0.0,0.0,0,0,0.0,0,0.0,0,0,0,0,0,0,0,0,0,0.0,0.0,0.0,0,0,0.0,0.0,0.0,2000000.0,0.0,0,34.47,,0.0333,,1190.0,,,22.0,3,3,9,4.0,2,0.0,0.0,0,1
Yu et al. 2013,10.1115/1.4024575,6.0,0.0,0.0,0.0,0.0,0.0,0.0,0.0,0,0.0,0.0,0,0.0,0,0.0,0,0,0,0.0,0,0,0.0,0,0,0,0.0,0.0,0,360.4,0.0,0,0,0.0,0,0,0.0,0.0,0.0,0,0,0.0,0,0.0,0,0,0,0,0,0,0,0,0,0.0,0.0,0.0,0,0,0.0,0.0,0.0,2000000.0,0.0,0,34.47,,0.0333,,1190.0,,,22.0,3,2,6,6.0,2,0.0,0.0,0,1
Yu et al. 2013,10.1115/1.4024575,4.0,0.0,0.0,0.0,0.0,0.0,0.0,0.0,0,0.0,0.0,0,0.0,0,0.0,0,0,0,0.0,0,0,0.0,0,0,0,0.0,0.0,0,360.4,0.0,0,0,0.0,0,0,0.0,0.0,0.0,0,0,0.0,0,0.0,0,0,0,0,0,0,0,0,0,0.0,0.0,0.0,0,0,0.0,0.0,0.0,4000000.0,0.0,0,34.47,,0.0333,,1190.0,,,22.0,3,3,9,4.0,2,0.0,0.0,0,1
Yu et al. 2013,10.1115/1.4024575,4.0,0.0,0.0,0.0,0.0,0.0,0.0,0.0,0,0.0,0.0,0,0.0,0,0.0,0,0,0,0.0,0,0,0.0,0,0,0,0.0,0.0,0,360.4,0.0,0,0,0.0,0,0,0.0,0.0,0.0,0,0,0.0,0,0.0,0,0,0,0,0,0,0,0,0,0.0,0.0,0.0,0,0,0.0,0.0,0.0,4000000.0,0.0,0,68.95,,0.0333,,1190.0,,,22.0,3,3,9,4.0,2,0.0,0.0,0,1
Yu et al. 2013,10.1115/1.4024575,4.0,0.0,0.0,0.0,0.0,0.0,0.0,0.0,0,0.0,0.0,0,0.0,0,0.0,0,0,0,0.0,0,0,0.0,0,0,0,0.0,0.0,0,360.4,0.0,0,0,0.0,0,0,0.0,0.0,0.0,0,0,0.0,0,0.0,0,0,0,0,0,0,0,0,0,0.0,0.0,0.0,0,0,0.0,0.0,0.0,4000000.0,0.0,0,137.9,,0.0333,,1190.0,,,22.0,3,3,9,4.0,2,0.0,0.0,0,1
Yu et al. 2013,10.1115/1.4024575,4.0,0.0,0.0,0.0,0.0,0.0,0.0,0.0,0,0.0,0.0,0,0.0,0,0.0,0,0,0,0.0,0,0,0.0,0,0,0,0.0,0.0,0,360.4,0.0,0,0,0.0,0,0,0.0,0.0,0.0,0,0,0.0,0,0.0,0,0,0,0,0,0,0,0,0,0.0,0.0,0.0,0,0,0.0,0.0,0.0,8000000.0,0.0,0,34.47,,0.0333,,1190.0,,,22.0,3,2,6,4.0,2,0.0,0.0,0,1
Yu et al. 2013,10.1115/1.4024575,4.0,0.0,0.0,0.0,0.0,0.0,0.0,0.0,0,0.0,0.0,0,0.0,0,0.0,0,0,0,0.0,0,0,0.0,0,0,0,0.0,0.0,0,360.4,0.0,0,0,0.0,0,0,0.0,0.0,0.0,0,0,0.0,0,0.0,0,0,0,0,0,0,0,0,0,0.0,0.0,0.0,0,0,0.0,0.0,0.0,8000000.0,0.0,0,68.95,,0.0333,,1190.0,,,22.0,3,2,6,4.0,2,0.0,0.0,0,1
Yu et al. 2013,10.1115/1.4024575,4.0,0.0,0.0,0.0,0.0,0.0,0.0,0.0,0,0.0,0.0,0,0.0,0,0.0,0,0,0,0.0,0,0,0.0,0,0,0,0.0,0.0,0,360.4,0.0,0,0,0.0,0,0,0.0,0.0,0.0,0,0,0.0,0,0.0,0,0,0,0,0,0,0,0,0,0.0,0.0,0.0,0,0,0.0,0.0,0.0,8000000.0,0.0,0,137.9,,0.0333,,1190.0,,,22.0,3,2,6,4.0,2,0.0,0.0,0,1
Yu et al. 2013,10.1115/1.4024575,4.0,0.0,0.0,0.0,0.0,0.0,0.0,0.0,0,0.0,0.0,0,0.0,0,0.0,0,0,0,0.0,0,0,0.0,0,0,0,0.0,0.0,0,360.4,0.0,0,0,0.0,0,0,0.0,0.0,0.0,0,0,0.0,0,0.0,0,0,0,0,0,0,0,0,0,0.0,0.0,0.0,0,0,0.0,0.0,0.0,2000000.0,0.0,0,34.47,,0.0333,,1190.0,,,22.0,3,3,9,4.0,2,0.0,0.0,0,1
Yu et al. 2013,10.1115/1.4024575,4.0,0.0,0.0,0.0,0.0,0.0,0.0,0.0,0,0.0,0.0,0,0.0,0,0.0,0,0,0,0.0,0,0,0.0,0,0,0,0.0,0.0,0,360.4,0.0,0,0,0.0,0,0,0.0,0.0,0.0,0,0,0.0,0,0.0,0,0,0,0,0,0,0,0,0,0.0,0.0,0.0,0,0,0.0,0.0,0.0,2000000.0,0.0,0,68.95,,0.0333,,1190.0,,,22.0,3,2,6,4.0,2,0.0,0.0,0,1
Yu et al. 2013,10.1115/1.4024575,4.0,0.0,0.0,0.0,0.0,0.0,0.0,0.0,0,0.0,0.0,0,0.0,0,0.0,0,0,0,0.0,0,0,0.0,0,0,0,0.0,0.0,0,360.4,0.0,0,0,0.0,0,0,0.0,0.0,0.0,0,0,0.0,0,0.0,0,0,0,0,0,0,0,0,0,0.0,0.0,0.0,0,0,0.0,0.0,0.0,2000000.0,0.0,0,137.9,,0.0333,,1190.0,,,22.0,3,2,6,4.0,2,0.0,0.0,0,1
Yu et al. 2013,10.1115/1.4024575,4.0,0.0,0.0,0.0,0.0,0.0,0.0,0.0,0,0.0,0.0,0,0.0,0,0.0,0,0,0,0.0,0,0,0.0,0,0,0,0.0,0.0,0,360.4,0.0,0,0,0.0,0,0,0.0,0.0,0.0,0,0,0.0,0,0.0,0,0,0,0,0,0,0,0,0,0.0,0.0,0.0,0,0,0.0,0.0,0.0,2000000.0,0.0,0,34.47,,0.0333,,1190.0,,,22.0,3,5,15,4.0,2,0.0,0.0,0,1
Yu et al. 2013,10.1115/1.4024575,4.0,0.0,0.0,0.0,0.0,0.0,0.0,0.0,0,0.0,0.0,0,0.0,0,0.0,0,0,0,0.0,0,0,0.0,0,0,0,0.0,0.0,0,360.4,0.0,0,0,0.0,0,0,0.0,0.0,0.0,0,0,0.0,0,0.0,0,0,0,0,0,0,0,0,0,0.0,0.0,0.0,0,0,0.0,0.0,0.0,2000000.0,0.0,0,68.95,,0.0333,,1190.0,,,22.0,3,5,15,4.0,2,0.0,0.0,0,1
Yu et al. 2013,10.1115/1.4024575,4.0,0.0,0.0,0.0,0.0,0.0,0.0,0.0,0,0.0,0.0,0,0.0,0,0.0,0,0,0,0.0,0,0,0.0,0,0,0,0.0,0.0,0,360.4,0.0,0,0,0.0,0,0,0.0,0.0,0.0,0,0,0.0,0,0.0,0,0,0,0,0,0,0,0,0,0.0,0.0,0.0,0,0,0.0,0.0,0.0,2000000.0,0.0,0,137.9,,0.0333,,1190.0,,,22.0,3,5,15,4.0,2,0.0,0.0,0,1
Yu et al. 2013,10.1115/1.4024575,4.0,0.0,0.0,0.0,0.0,0.0,0.0,0.0,0,0.0,0.0,0,0.0,0,0.0,0,0,0,0.0,0,0,0.0,0,0,0,0.0,0.0,0,360.4,0.0,0,0,0.0,0,0,0.0,0.0,0.0,0,0,0.0,0,0.0,0,0,0,0,0,0,0,0,0,0.0,0.0,0.0,0,0,0.0,0.0,0.0,2000000.0,0.0,0,34.7,,0.0333,,1190.0,,,22.0,3,3,9,4.0,2,0.0,0.0,0,1
Yu et al. 2013,10.1115/1.4024575,4.0,0.0,0.0,0.0,0.0,0.0,0.0,0.0,0,0.0,0.0,0,0.0,0,0.0,0,0,0,0.0,0,0,0.0,0,0,0,0.0,0.0,0,360.4,0.0,0,0,0.0,0,0,0.0,0.0,0.0,0,0,0.0,0,0.0,0,0,0,0,0,0,0,0,0,0.0,0.0,0.0,0,0,0.0,0.0,0.0,2000000.0,0.0,0,34.7,,0.0333,,1190.0,,,22.0,3,5,15,4.0,2,0.0,0.0,0,1
Yu et al. 2013,10.1115/1.4024575,4.0,0.0,0.0,0.0,0.0,0.0,0.0,0.0,0,0.0,0.0,0,0.0,0,0.0,0,0,0,0.0,0,0,0.0,0,0,0,0.0,0.0,0,360.4,0.0,0,0,0.0,0,0,0.0,0.0,0.0,0,0,0.0,0,0.0,0,0,0,0,0,0,0,0,0,0.0,0.0,0.0,0,0,0.0,0.0,0.0,2000000.0,0.0,0,68.95,,0.0333,,1190.0,,,22.0,3,2,6,4.0,2,0.0,0.0,0,1
Yu et al. 2013,10.1115/1.4024575,4.0,0.0,0.0,0.0,0.0,0.0,0.0,0.0,0,0.0,0.0,0,0.0,0,0.0,0,0,0,0.0,0,0,0.0,0,0,0,0.0,0.0,0,360.4,0.0,0,0,0.0,0,0,0.0,0.0,0.0,0,0,0.0,0,0.0,0,0,0,0,0,0,0,0,0,0.0,0.0,0.0,0,0,0.0,0.0,0.0,2000000.0,0.0,0,68.95,,0.0333,,1190.0,,,22.0,3,5,15,4.0,2,0.0,0.0,0,1
Yu et al. 2013,10.1115/1.4024575,4.0,0.0,0.0,0.0,0.0,0.0,0.0,0.0,0,0.0,0.0,0,0.0,0,0.0,0,0,0,0.0,0,0,0.0,0,0,0,0.0,0.0,0,360.4,0.0,0,0,0.0,0,0,0.0,0.0,0.0,0,0,0.0,0,0.0,0,0,0,0,0,0,0,0,0,0.0,0.0,0.0,0,0,0.0,0.0,0.0,2000000.0,0.0,0,137.9,,0.0333,,1190.0,,,22.0,3,2,6,4.0,2,0.0,0.0,0,1
Yu et al. 2013,10.1115/1.4024575,4.0,0.0,0.0,0.0,0.0,0.0,0.0,0.0,0,0.0,0.0,0,0.0,0,0.0,0,0,0,0.0,0,0,0.0,0,0,0,0.0,0.0,0,360.4,0.0,0,0,0.0,0,0,0.0,0.0,0.0,0,0,0.0,0,0.0,0,0,0,0,0,0,0,0,0,0.0,0.0,0.0,0,0,0.0,0.0,0.0,2000000.0,0.0,0,137.9,,0.0333,,1190.0,,,22.0,3,5,15,4.0,2,0.0,0.0,0,1
Zhang et al. 2013,10.1088/1758-5082/5/2/025004,4.0,0.0,0.0,0.0,0.0,0.0,0.0,0.0,0,0.0,0.0,0,0.0,0,0.0,0,0,0,0.0,0,0,0.0,0,0,0,0.0,0.0,0,2.0,0.0,0,0,0.0,0,0,0.0,0.0,0.0,0,0,0.0,0,0.0,0,0,0,0,0,0,0,0,0,0.0,0.0,0.0,0,0,0.0,0.0,0.0,0.0,0.0,0,21.0,,0.11,14.0,1270.0,,,22.0,2,1,2,4.0,2,0.0,0.0,0,0
Zhang et al. 2013,10.1088/1758-5082/5/2/025004,4.0,0.0,0.0,0.0,0.0,0.0,0.0,0.0,0,0.0,0.0,0,0.0,0,0.0,0,0,0,0.0,0,0,0.0,0,0,0,0.0,0.0,0,2.0,0.0,0,0,0.0,0,0,0.0,0.0,0.0,0,0,0.0,0,0.0,0,0,0,0,0,0,0,0,0,0.0,0.0,0.0,0,0,0.0,0.0,0.0,0.0,0.0,0,21.0,,0.11,14.0,1270.0,,,22.0,2,1,2,4.0,2,0.0,0.0,0,0
Zhang et al. 2013,10.1088/1758-5082/5/2/025004,4.0,0.0,0.0,0.0,0.0,0.0,0.0,0.0,0,0.0,0.0,0,0.0,0,0.0,0,0,0,0.0,0,0,0.0,0,0,0,0.0,0.0,0,3.0,0.0,0,0,0.0,0,0,0.0,0.0,0.0,0,0,0.0,0,0.0,0,0,0,0,0,0,0,0,0,0.0,0.0,0.0,0,0,0.0,0.0,0.0,0.0,0.0,0,21.0,,0.11,14.0,1270.0,,,22.0,3,1,3,4.0,2,0.0,0.0,0,0
Zhang et al. 2013,10.1088/1758-5082/5/2/025004,4.0,0.0,0.0,0.0,0.0,0.0,0.0,0.0,0,0.0,0.0,0,0.0,0,0.0,0,0,0,0.0,0,0,0.0,0,0,0,0.0,0.0,0,4.0,0.0,0,0,0.0,0,0,0.0,0.0,0.0,0,0,0.0,0,0.0,0,0,0,0,0,0,0,0,0,0.0,0.0,0.0,0,0,0.0,0.0,0.0,0.0,0.0,0,21.0,,0.11,14.0,1270.0,,,22.0,3,1,3,4.0,2,0.0,0.0,0,0
Zhang et al. 2013,10.1088/1758-5082/5/2/025004,4.0,0.0,0.0,0.0,0.0,0.0,0.0,0.0,0,0.0,0.0,0,0.0,0,0.0,0,0,0,0.0,0,0,0.0,0,0,0,0.0,0.0,0,5.0,0.0,0,0,0.0,0,0,0.0,0.0,0.0,0,0,0.0,0,0.0,0,0,0,0,0,0,0,0,0,0.0,0.0,0.0,0,0,0.0,0.0,0.0,0.0,0.0,0,21.0,,0.11,14.0,1270.0,,,22.0,3,1,3,4.0,2,0.0,0.0,0,0
Zhang et al. 2013,10.1088/1758-5082/5/2/025004,3.0,0.0,0.0,0.0,0.0,0.0,0.0,0.0,0,0.0,0.0,0,0.0,0,0.0,0,0,0,0.0,0,0,0.0,0,0,0,0.0,0.0,0,4.0,0.0,0,0,0.0,0,0,0.0,0.0,0.0,0,0,0.0,0,0.0,0,0,0,0,0,0,0,0,0,0.0,0.0,0.0,0,0,0.0,0.0,0.0,0.0,0.0,0,21.0,,0.11,14.0,1270.0,,,22.0,3,1,3,3.0,2,0.0,0.0,0,0
Zhang et al. 2013,10.1088/1758-5082/5/2/025004,5.0,0.0,0.0,0.0,0.0,0.0,0.0,0.0,0,0.0,0.0,0,0.0,0,0.0,0,0,0,0.0,0,0,0.0,0,0,0,0.0,0.0,0,4.0,0.0,0,0,0.0,0,0,0.0,0.0,0.0,0,0,0.0,0,0.0,0,0,0,0,0,0,0,0,0,0.0,0.0,0.0,0,0,0.0,0.0,0.0,0.0,0.0,0,21.0,,0.11,14.0,1270.0,,,22.0,3,1,3,5.0,2,0.0,0.0,0,0
Zhang et al. 2013,10.1088/1758-5082/5/2/025004,6.0,0.0,0.0,0.0,0.0,0.0,0.0,0.0,0,0.0,0.0,0,0.0,0,0.0,0,0,0,0.0,0,0,0.0,0,0,0,0.0,0.0,0,4.0,0.0,0,0,0.0,0,0,0.0,0.0,0.0,0,0,0.0,0,0.0,0,0,0,0,0,0,0,0,0,0.0,0.0,0.0,0,0,0.0,0.0,0.0,0.0,0.0,0,21.0,,0.11,14.0,1270.0,,,22.0,3,1,3,6.0,2,0.0,0.0,0,0
Zhang et al. 2013,10.1088/1758-5082/5/2/025004,4.0,0.0,0.0,0.0,0.0,0.0,0.0,0.0,0,0.0,0.0,0,0.0,0,0.0,0,0,0,0.0,0,0,0.0,0,0,0,0.0,0.0,0,4.0,0.0,0,0,0.0,0,0,0.0,0.0,0.0,0,0,0.0,0,0.0,0,0,0,0,0,0,0,0,0,0.0,0.0,0.0,0,0,0.0,0.0,0.0,0.0,0.0,0,21.0,,0.0083,14.0,1270.0,,,22.0,3,1,3,4.0,2,0.0,0.0,0,0
Zhang et al. 2013,10.1088/1758-5082/5/2/025004,4.0,0.0,0.0,0.0,0.0,0.0,0.0,0.0,0,0.0,0.0,0,0.0,0,0.0,0,0,0,0.0,0,0,0.0,0,0,0,0.0,0.0,0,4.0,0.0,0,0,0.0,0,0,0.0,0.0,0.0,0,0,0.0,0,0.0,0,0,0,0,0,0,0,0,0,0.0,0.0,0.0,0,0,0.0,0.0,0.0,0.0,0.0,0,21.0,,0.0083,14.0,1270.0,,,22.0,3,1,3,4.0,2,0.0,0.0,0,0
Zhang et al. 2013,10.1088/1758-5082/5/2/025004,4.0,0.0,0.0,0.0,0.0,0.0,0.0,0.0,0,0.0,0.0,0,0.0,0,0.0,0,0,0,0.0,0,0,0.0,0,0,0,0.0,0.0,0,4.0,0.0,0,0,0.0,0,0,0.0,0.0,0.0,0,0,0.0,0,0.0,0,0,0,0,0,0,0,0,0,0.0,0.0,0.0,0,0,0.0,0.0,0.0,0.0,0.0,0,21.0,,0.0083,14.0,1270.0,,,22.0,3,1,3,4.0,2,0.0,0.0,0,0
Zhang et al. 2013,10.1088/1758-5082/5/2/025004,4.0,0.0,0.0,0.0,0.0,0.0,0.0,0.0,0,0.0,0.0,0,0.0,0,0.0,0,0,0,0.0,0,0,0.0,0,0,0,0.0,0.0,0,4.0,0.0,0,0,0.0,0,0,0.0,0.0,0.0,0,0,0.0,0,0.0,0,0,0,0,0,0,0,0,0,0.0,0.0,0.0,0,0,0.0,0.0,0.0,0.0,0.0,0,21.0,,0.016,14.0,1270.0,,,22.0,3,1,3,4.0,2,0.0,0.0,0,0
Zhang et al. 2013,10.1088/1758-5082/5/2/025004,4.0,0.0,0.0,0.0,0.0,0.0,0.0,0.0,0,0.0,0.0,0,0.0,0,0.0,0,0,0,0.0,0,0,0.0,0,0,0,0.0,0.0,0,4.0,0.0,0,0,0.0,0,0,0.0,0.0,0.0,0,0,0.0,0,0.0,0,0,0,0,0,0,0,0,0,0.0,0.0,0.0,0,0,0.0,0.0,0.0,0.0,0.0,0,21.0,,0.2,14.0,1270.0,,,22.0,3,1,3,4.0,2,0.0,0.0,0,0
Zhang et al. 2013,10.1088/1758-5082/5/2/025004,4.0,0.0,0.0,0.0,0.0,0.0,0.0,0.0,0,0.0,0.0,0,0.0,0,0.0,0,0,0,0.0,0,0,0.0,0,0,0,0.0,0.0,0,4.0,0.0,0,0,0.0,0,0,0.0,0.0,0.0,0,0,0.0,0,0.0,0,0,0,0,0,0,0,0,0,0.0,0.0,0.0,0,0,0.0,0.0,0.0,2000000.0,0.0,0,21.0,,0.003,14.0,1270.0,,,22.0,3,3,9,4.0,2,0.0,0.0,0,1
Zhang et al. 2013,10.1088/1758-5082/5/2/025004,4.0,0.0,0.0,0.0,0.0,0.0,0.0,0.0,0,0.0,0.0,0,0.0,0,0.0,0,0,0,0.0,0,0,0.0,0,0,0,0.0,0.0,0,4.0,0.0,0,0,0.0,0,0,0.0,0.0,0.0,0,0,0.0,0,0.0,0,0,0,0,0,0,0,0,0,0.0,0.0,0.0,0,0,0.0,0.0,0.0,2000000.0,0.0,0,21.0,,0.003,14.0,1270.0,,,22.0,3,5,15,4.0,2,0.0,0.0,0,1
Zhang et al. 2015,10.1039/C4BM00234B,4.0,0.0,0.0,0.0,0.0,0.0,0.0,0.0,0,0.0,0.0,0,0.0,0,0.0,0,0,0,0.0,0,0,0.0,0,0,0,0.0,0.0,0,4.0,0.0,0,0,0.0,0,0,0.0,0.0,0.0,0,0,0.0,0,0.0,0,0,0,0,0,0,0,0,0,0.0,0.0,0.0,0,0,0.0,0.0,0.0,10000000.0,0.0,0,21.0,,,,540.0,,,22.0,3,3,9,4.0,2,0.0,0.0,0,1
Zhang et al. 2015,10.1039/C4BM00234B,4.0,0.0,0.0,0.0,0.0,0.0,0.0,0.0,0,0.0,0.0,0,0.0,0,0.0,0,0,0,0.0,0,0,0.0,0,0,0,0.0,0.0,0,4.0,0.0,0,0,0.0,0,0,0.0,0.0,0.0,0,0,0.0,0,0.0,0,0,0,0,0,0,0,0,0,0.0,0.0,0.0,0,0,0.0,0.0,0.0,10000000.0,0.0,0,21.0,,,,540.0,,,22.0,3,5,15,4.0,2,0.0,0.0,0,1
Zhang et al. 2015,10.1039/C4BM00234B,4.0,0.0,0.0,0.0,0.0,0.0,0.0,0.0,0,0.0,0.0,0,0.0,0,0.0,0,0,0,0.0,0,0,0.0,0,0,0,0.0,0.0,0,4.0,0.0,0,0,0.0,0,0,0.0,0.0,0.0,0,0,0.0,0,0.0,0,0,0,0,0,0,0,0,0,0.0,0.0,0.0,0,0,0.0,0.0,0.0,0.0,0.0,0,21.0,,,,540.0,,,22.0,3,1,3,4.0,2,0.0,0.0,0,0
Zhang et al. 2015,10.1039/C4BM00234B,3.0,0.0,0.0,0.0,0.0,0.0,0.0,0.0,0,0.0,0.0,0,0.0,0,0.0,0,0,0,0.0,0,0,0.0,0,0,0,0.0,0.0,0,4.0,0.0,0,0,0.0,0,0,0.0,0.0,0.0,0,0,0.0,0,0.0,0,0,0,0,0,0,0,0,0,0.0,0.0,0.0,0,0,0.0,0.0,0.0,0.0,0.0,0,21.0,,,,540.0,,,22.0,2,1,2,3.0,2,0.0,0.0,0,0
Zhang et al. 2015,10.1039/C4BM00234B,5.0,0.0,0.0,0.0,0.0,0.0,0.0,0.0,0,0.0,0.0,0,0.0,0,0.0,0,0,0,0.0,0,0,0.0,0,0,0,0.0,0.0,0,4.0,0.0,0,0,0.0,0,0,0.0,0.0,0.0,0,0,0.0,0,0.0,0,0,0,0,0,0,0,0,0,0.0,0.0,0.0,0,0,0.0,0.0,0.0,0.0,0.0,0,21.0,,,,540.0,,,22.0,3,1,3,5.0,2,0.0,0.0,0,0
Zhang et al. 2015,10.1039/C4BM00234B,3.0,0.0,0.0,0.0,0.0,0.0,0.0,0.0,0,0.0,0.0,0,0.0,0,0.0,0,0,0,0.0,0,0,0.0,0,0,0,0.0,0.0,0,5.0,0.0,0,0,0.0,0,0,0.0,0.0,0.0,0,0,0.0,0,0.0,0,0,0,0,0,0,0,0,0,0.0,0.0,0.0,0,0,0.0,0.0,0.0,0.0,0.0,0,21.0,,,,540.0,,,22.0,3,1,3,3.0,2,0.0,0.0,0,0
Zhang et al. 2015,10.1039/C4BM00234B,3.0,0.0,0.0,0.0,0.0,0.0,0.0,0.0,0,0.0,0.0,0,0.0,0,0.0,0,0,0,0.0,0,0,0.0,0,0,0,0.0,0.0,0,6.0,0.0,0,0,0.0,0,0,0.0,0.0,0.0,0,0,0.0,0,0.0,0,0,0,0,0,0,0,0,0,0.0,0.0,0.0,0,0,0.0,0.0,0.0,0.0,0.0,0,21.0,,,,540.0,,,22.0,3,1,3,3.0,2,0.0,0.0,0,0
Zhang et al. 2015,10.1039/C4BM00234B,4.0,0.0,0.0,0.0,0.0,0.0,0.0,0.0,0,0.0,0.0,0,0.0,0,0.0,0,0,0,0.0,0,0,0.0,0,0,0,0.0,0.0,0,5.0,0.0,0,0,0.0,0,0,0.0,0.0,0.0,0,0,0.0,0,0.0,0,0,0,0,0,0,0,0,0,0.0,0.0,0.0,0,0,0.0,0.0,0.0,0.0,0.0,0,21.0,,,,540.0,,,22.0,3,1,3,4.0,2,0.0,0.0,0,0
Zhang et al. 2015,10.1039/C4BM00234B,4.0,0.0,0.0,0.0,0.0,0.0,0.0,0.0,0,0.0,0.0,0,0.0,0,0.0,0,0,0,0.0,0,0,0.0,0,0,0,0.0,0.0,0,6.0,0.0,0,0,0.0,0,0,0.0,0.0,0.0,0,0,0.0,0,0.0,0,0,0,0,0,0,0,0,0,0.0,0.0,0.0,0,0,0.0,0.0,0.0,0.0,0.0,0,21.0,,,,540.0,,,22.0,3,1,3,4.0,2,0.0,0.0,0,0
Zhang et al. 2015,10.1039/C4BM00234B,5.0,0.0,0.0,0.0,0.0,0.0,0.0,0.0,0,0.0,0.0,0,0.0,0,0.0,0,0,0,0.0,0,0,0.0,0,0,0,0.0,0.0,0,5.0,0.0,0,0,0.0,0,0,0.0,0.0,0.0,0,0,0.0,0,0.0,0,0,0,0,0,0,0,0,0,0.0,0.0,0.0,0,0,0.0,0.0,0.0,0.0,0.0,0,21.0,,,,540.0,,,22.0,3,1,3,5.0,2,0.0,0.0,0,0
Zhang et al. 2015,10.1039/C4BM00234B,5.0,0.0,0.0,0.0,0.0,0.0,0.0,0.0,0,0.0,0.0,0,0.0,0,0.0,0,0,0,0.0,0,0,0.0,0,0,0,0.0,0.0,0,6.0,0.0,0,0,0.0,0,0,0.0,0.0,0.0,0,0,0.0,0,0.0,0,0,0,0,0,0,0,0,0,0.0,0.0,0.0,0,0,0.0,0.0,0.0,0.0,0.0,0,21.0,,,,540.0,,,22.0,3,1,3,5.0,2,0.0,0.0,0,0
Jia et al. 2016,10.1016/j.biomaterials.2016.07.038,3.0,0.0,0.0,0.0,0.0,3.0,0.0,0.0,0,0.0,0.0,0,0.0,0,0.0,0,0,0,0.0,0,0,0.0,1,0,0,0.0,0.0,0,300.0,0.0,0,0,0.0,0,0,0.0,0.0,0.0,0,0,0.0,0,0.0,0,0,0,0,0,0,0,0,0,0.0,0.0,0.0,0,0,0.0,0.0,0.0,0.0,40.0,20,,,0.0005,4.0,908.0,,,22.0,0,1,0,7.0,4,0.0,0.0,0,0
Jia et al. 2016,10.1016/j.biomaterials.2016.07.038,3.0,0.0,0.0,0.0,0.0,3.0,0.0,0.0,0,0.0,0.0,0,0.0,0,0.0,0,0,0,0.0,0,0,0.0,2,0,0,0.0,0.0,0,300.0,0.0,0,0,0.0,0,0,0.0,0.0,0.0,0,0,0.0,0,0.0,0,0,0,0,0,0,0,0,0,0.0,0.0,0.0,0,0,0.0,0.0,0.0,0.0,40.0,20,,,0.0005,4.0,908.0,,,22.0,2,1,2,8.0,4,0.0,0.0,0,0
Jia et al. 2016,10.1016/j.biomaterials.2016.07.038,3.0,0.0,0.0,0.0,0.0,3.0,0.0,0.0,0,0.0,0.0,0,0.0,0,0.0,0,0,0,0.0,0,0,0.0,3,0,0,0.0,0.0,0,300.0,0.0,0,0,0.0,0,0,0.0,0.0,0.0,0,0,0.0,0,0.0,0,0,0,0,0,0,0,0,0,0.0,0.0,0.0,0,0,0.0,0.0,0.0,0.0,40.0,20,,,0.0005,4.0,908.0,,,22.0,2,1,2,9.0,4,0.0,0.0,0,0
Jia et al. 2016,10.1016/j.biomaterials.2016.07.038,2.0,0.0,0.0,0.0,0.0,3.0,0.0,0.0,0,0.0,0.0,0,0.0,0,0.0,0,0,0,0.0,0,0,0.0,1,0,0,0.0,0.0,0,300.0,0.0,0,0,0.0,0,0,0.0,0.0,0.0,0,0,0.0,0,0.0,0,0,0,0,0,0,0,0,0,0.0,0.0,0.0,0,0,0.0,0.0,0.0,0.0,40.0,20,,,0.0005,4.0,908.0,,,22.0,0,1,0,6.0,4,0.0,0.0,0,0
Jia et al. 2016,10.1016/j.biomaterials.2016.07.038,2.0,0.0,0.0,0.0,0.0,3.0,0.0,0.0,0,0.0,0.0,0,0.0,0,0.0,0,0,0,0.0,0,0,0.0,2,0,0,0.0,0.0,0,300.0,0.0,0,0,0.0,0,0,0.0,0.0,0.0,0,0,0.0,0,0.0,0,0,0,0,0,0,0,0,0,0.0,0.0,0.0,0,0,0.0,0.0,0.0,0.0,40.0,20,,,0.0005,4.0,908.0,,,22.0,0,1,0,7.0,4,0.0,0.0,0,0
Jia et al. 2016,10.1016/j.biomaterials.2016.07.038,2.0,0.0,0.0,0.0,0.0,3.0,0.0,0.0,0,0.0,0.0,0,0.0,0,0.0,0,0,0,0.0,0,0,0.0,3,0,0,0.0,0.0,0,300.0,0.0,0,0,0.0,0,0,0.0,0.0,0.0,0,0,0.0,0,0.0,0,0,0,0,0,0,0,0,0,0.0,0.0,0.0,0,0,0.0,0.0,0.0,0.0,40.0,20,,,0.0005,4.0,908.0,,,22.0,0,1,0,8.0,4,0.0,0.0,0,0
Jia et al. 2016,10.1016/j.biomaterials.2016.07.038,1.0,0.0,0.0,0.0,0.0,3.0,0.0,0.0,0,0.0,0.0,0,0.0,0,0.0,0,0,0,0.0,0,0,0.0,1,0,0,0.0,0.0,0,300.0,0.0,0,0,0.0,0,0,0.0,0.0,0.0,0,0,0.0,0,0.0,0,0,0,0,0,0,0,0,0,0.0,0.0,0.0,0,0,0.0,0.0,0.0,0.0,40.0,20,,,0.0005,4.0,908.0,,,22.0,0,1,0,5.0,4,0.0,0.0,0,0
Jia et al. 2016,10.1016/j.biomaterials.2016.07.038,1.0,0.0,0.0,0.0,0.0,3.0,0.0,0.0,0,0.0,0.0,0,0.0,0,0.0,0,0,0,0.0,0,0,0.0,2,0,0,0.0,0.0,0,300.0,0.0,0,0,0.0,0,0,0.0,0.0,0.0,0,0,0.0,0,0.0,0,0,0,0,0,0,0,0,0,0.0,0.0,0.0,0,0,0.0,0.0,0.0,0.0,40.0,20,,,0.0005,4.0,908.0,,,22.0,0,1,0,6.0,4,0.0,0.0,0,0
Jia et al. 2016,10.1016/j.biomaterials.2016.07.038,1.0,0.0,0.0,0.0,0.0,3.0,0.0,0.0,0,0.0,0.0,0,0.0,0,0.0,0,0,0,0.0,0,0,0.0,3,0,0,0.0,0.0,0,300.0,0.0,0,0,0.0,0,0,0.0,0.0,0.0,0,0,0.0,0,0.0,0,0,0,0,0,0,0,0,0,0.0,0.0,0.0,0,0,0.0,0.0,0.0,0.0,40.0,20,,,0.0005,4.0,908.0,,,22.0,0,1,0,7.0,4,0.0,0.0,0,0
Jia et al. 2016,10.1016/j.biomaterials.2016.07.038,3.0,0.0,0.0,0.0,0.0,5.0,0.0,0.0,0,0.0,0.0,0,0.0,0,0.0,0,0,0,0.0,0,0,0.0,1,0,0,0.0,0.0,0,300.0,0.0,0,0,0.0,0,0,0.0,0.0,0.0,0,0,0.0,0,0.0,0,0,0,0,0,0,0,0,0,0.0,0.0,0.0,0,0,0.0,0.0,0.0,0.0,40.0,20,,,0.0005,4.0,908.0,,,22.0,2,1,2,9.0,4,0.0,0.0,0,0
Jia et al. 2016,10.1016/j.biomaterials.2016.07.038,3.0,0.0,0.0,0.0,0.0,5.0,0.0,0.0,0,0.0,0.0,0,0.0,0,0.0,0,0,0,0.0,0,0,0.0,2,0,0,0.0,0.0,0,300.0,0.0,0,0,0.0,0,0,0.0,0.0,0.0,0,0,0.0,0,0.0,0,0,0,0,0,0,0,0,0,0.0,0.0,0.0,0,0,0.0,0.0,0.0,0.0,40.0,20,,,0.0005,4.0,908.0,,,22.0,2,1,2,10.0,4,0.0,0.0,0,0
Jia et al. 2016,10.1016/j.biomaterials.2016.07.038,3.0,0.0,0.0,0.0,0.0,5.0,0.0,0.0,0,0.0,0.0,0,0.0,0,0.0,0,0,0,0.0,0,0,0.0,3,0,0,0.0,0.0,0,300.0,0.0,0,0,0.0,0,0,0.0,0.0,0.0,0,0,0.0,0,0.0,0,0,0,0,0,0,0,0,0,0.0,0.0,0.0,0,0,0.0,0.0,0.0,0.0,40.0,20,,,0.0005,4.0,908.0,,,22.0,2,1,2,11.0,4,0.0,0.0,0,0
Jia et al. 2016,10.1016/j.biomaterials.2016.07.038,2.0,0.0,0.0,0.0,0.0,5.0,0.0,0.0,0,0.0,0.0,0,0.0,0,0.0,0,0,0,0.0,0,0,0.0,1,0,0,0.0,0.0,0,300.0,0.0,0,0,0.0,0,0,0.0,0.0,0.0,0,0,0.0,0,0.0,0,0,0,0,0,0,0,0,0,0.0,0.0,0.0,0,0,0.0,0.0,0.0,0.0,40.0,20,,,0.0005,4.0,908.0,,,22.0,0,1,0,8.0,4,0.0,0.0,0,0
Jia et al. 2016,10.1016/j.biomaterials.2016.07.038,2.0,0.0,0.0,0.0,0.0,5.0,0.0,0.0,0,0.0,0.0,0,0.0,0,0.0,0,0,0,0.0,0,0,0.0,2,0,0,0.0,0.0,0,300.0,0.0,0,0,0.0,0,0,0.0,0.0,0.0,0,0,0.0,0,0.0,0,0,0,0,0,0,0,0,0,0.0,0.0,0.0,0,0,0.0,0.0,0.0,0.0,40.0,20,,,0.0005,4.0,908.0,,,22.0,0,1,0,9.0,4,0.0,0.0,0,0
Jia et al. 2016,10.1016/j.biomaterials.2016.07.038,2.0,0.0,0.0,0.0,0.0,5.0,0.0,0.0,0,0.0,0.0,0,0.0,0,0.0,0,0,0,0.0,0,0,0.0,3,0,0,0.0,0.0,0,300.0,0.0,0,0,0.0,0,0,0.0,0.0,0.0,0,0,0.0,0,0.0,0,0,0,0,0,0,0,0,0,0.0,0.0,0.0,0,0,0.0,0.0,0.0,0.0,40.0,20,,,0.0005,4.0,908.0,,,22.0,2,1,2,10.0,4,0.0,0.0,0,0
Jia et al. 2016,10.1016/j.biomaterials.2016.07.038,1.0,0.0,0.0,0.0,0.0,5.0,0.0,0.0,0,0.0,0.0,0,0.0,0,0.0,0,0,0,0.0,0,0,0.0,1,0,0,0.0,0.0,0,300.0,0.0,0,0,0.0,0,0,0.0,0.0,0.0,0,0,0.0,0,0.0,0,0,0,0,0,0,0,0,0,0.0,0.0,0.0,0,0,0.0,0.0,0.0,0.0,40.0,20,,,0.0005,4.0,908.0,,,22.0,0,1,0,7.0,4,0.0,0.0,0,0
Jia et al. 2016,10.1016/j.biomaterials.2016.07.038,1.0,0.0,0.0,0.0,0.0,5.0,0.0,0.0,0,0.0,0.0,0,0.0,0,0.0,0,0,0,0.0,0,0,0.0,2,0,0,0.0,0.0,0,300.0,0.0,0,0,0.0,0,0,0.0,0.0,0.0,0,0,0.0,0,0.0,0,0,0,0,0,0,0,0,0,0.0,0.0,0.0,0,0,0.0,0.0,0.0,0.0,40.0,20,,,0.0005,4.0,908.0,,,22.0,0,1,0,8.0,4,0.0,0.0,0,0
Jia et al. 2016,10.1016/j.biomaterials.2016.07.038,1.0,0.0,0.0,0.0,0.0,5.0,0.0,0.0,0,0.0,0.0,0,0.0,0,0.0,0,0,0,0.0,0,0,0.0,3,0,0,0.0,0.0,0,300.0,0.0,0,0,0.0,0,0,0.0,0.0,0.0,0,0,0.0,0,0.0,0,0,0,0,0,0,0,0,0,0.0,0.0,0.0,0,0,0.0,0.0,0.0,0.0,40.0,20,,,0.0005,4.0,908.0,,,22.0,0,1,0,9.0,4,0.0,0.0,0,0
Jia et al. 2016,10.1016/j.biomaterials.2016.07.038,3.0,0.0,0.0,0.0,0.0,7.0,0.0,0.0,0,0.0,0.0,0,0.0,0,0.0,0,0,0,0.0,0,0,0.0,1,0,0,0.0,0.0,0,300.0,0.0,0,0,0.0,0,0,0.0,0.0,0.0,0,0,0.0,0,0.0,0,0,0,0,0,0,0,0,0,0.0,0.0,0.0,0,0,0.0,0.0,0.0,0.0,40.0,30,,,0.0005,4.0,908.0,,,22.0,2,1,2,11.0,4,0.0,0.0,0,0
Jia et al. 2016,10.1016/j.biomaterials.2016.07.038,3.0,0.0,0.0,0.0,0.0,7.0,0.0,0.0,0,0.0,0.0,0,0.0,0,0.0,0,0,0,0.0,0,0,0.0,2,0,0,0.0,0.0,0,300.0,0.0,0,0,0.0,0,0,0.0,0.0,0.0,0,0,0.0,0,0.0,0,0,0,0,0,0,0,0,0,0.0,0.0,0.0,0,0,0.0,0.0,0.0,0.0,40.0,30,,,0.0005,4.0,908.0,,,22.0,3,1,3,12.0,4,0.0,0.0,0,0
Jia et al. 2016,10.1016/j.biomaterials.2016.07.038,3.0,0.0,0.0,0.0,0.0,7.0,0.0,0.0,0,0.0,0.0,0,0.0,0,0.0,0,0,0,0.0,0,0,0.0,3,0,0,0.0,0.0,0,300.0,0.0,0,0,0.0,0,0,0.0,0.0,0.0,0,0,0.0,0,0.0,0,0,0,0,0,0,0,0,0,0.0,0.0,0.0,0,0,0.0,0.0,0.0,0.0,40.0,30,,,0.0005,4.0,908.0,,,22.0,0,1,0,13.0,4,0.0,0.0,0,0
Jia et al. 2016,10.1016/j.biomaterials.2016.07.038,2.0,0.0,0.0,0.0,0.0,7.0,0.0,0.0,0,0.0,0.0,0,0.0,0,0.0,0,0,0,0.0,0,0,0.0,1,0,0,0.0,0.0,0,300.0,0.0,0,0,0.0,0,0,0.0,0.0,0.0,0,0,0.0,0,0.0,0,0,0,0,0,0,0,0,0,0.0,0.0,0.0,0,0,0.0,0.0,0.0,0.0,40.0,20,,,0.0005,4.0,908.0,,,22.0,0,1,0,10.0,4,0.0,0.0,0,0
Jia et al. 2016,10.1016/j.biomaterials.2016.07.038,2.0,0.0,0.0,0.0,0.0,7.0,0.0,0.0,0,0.0,0.0,0,0.0,0,0.0,0,0,0,0.0,0,0,0.0,2,0,0,0.0,0.0,0,300.0,0.0,0,0,0.0,0,0,0.0,0.0,0.0,0,0,0.0,0,0.0,0,0,0,0,0,0,0,0,0,0.0,0.0,0.0,0,0,0.0,0.0,0.0,0.0,40.0,20,,,0.0005,4.0,908.0,,,22.0,2,1,2,11.0,4,0.0,0.0,0,0
Jia et al. 2016,10.1016/j.biomaterials.2016.07.038,2.0,0.0,0.0,0.0,0.0,7.0,0.0,0.0,0,0.0,0.0,0,0.0,0,0.0,0,0,0,0.0,0,0,0.0,3,0,0,0.0,0.0,0,300.0,0.0,0,0,0.0,0,0,0.0,0.0,0.0,0,0,0.0,0,0.0,0,0,0,0,0,0,0,0,0,0.0,0.0,0.0,0,0,0.0,0.0,0.0,0.0,40.0,20,,,0.0005,4.0,908.0,,,22.0,2,1,2,12.0,4,0.0,0.0,0,0
Jia et al. 2016,10.1016/j.biomaterials.2016.07.038,1.0,0.0,0.0,0.0,0.0,7.0,0.0,0.0,0,0.0,0.0,0,0.0,0,0.0,0,0,0,0.0,0,0,0.0,1,0,0,0.0,0.0,0,300.0,0.0,0,0,0.0,0,0,0.0,0.0,0.0,0,0,0.0,0,0.0,0,0,0,0,0,0,0,0,0,0.0,0.0,0.0,0,0,0.0,0.0,0.0,0.0,40.0,20,,,0.0005,4.0,908.0,,,22.0,0,1,0,9.0,4,0.0,0.0,0,0
Jia et al. 2016,10.1016/j.biomaterials.2016.07.038,1.0,0.0,0.0,0.0,0.0,7.0,0.0,0.0,0,0.0,0.0,0,0.0,0,0.0,0,0,0,0.0,0,0,0.0,2,0,0,0.0,0.0,0,300.0,0.0,0,0,0.0,0,0,0.0,0.0,0.0,0,0,0.0,0,0.0,0,0,0,0,0,0,0,0,0,0.0,0.0,0.0,0,0,0.0,0.0,0.0,0.0,40.0,20,,,0.0005,4.0,908.0,,,22.0,0,1,0,10.0,4,0.0,0.0,0,0
Jia et al. 2016,10.1016/j.biomaterials.2016.07.038,1.0,0.0,0.0,0.0,0.0,7.0,0.0,0.0,0,0.0,0.0,0,0.0,0,0.0,0,0,0,0.0,0,0,0.0,3,0,0,0.0,0.0,0,300.0,0.0,0,0,0.0,0,0,0.0,0.0,0.0,0,0,0.0,0,0.0,0,0,0,0,0,0,0,0,0,0.0,0.0,0.0,0,0,0.0,0.0,0.0,0.0,40.0,20,,,0.0005,4.0,908.0,,,22.0,0,1,0,11.0,4,0.0,0.0,0,0
Jia et al. 2016,10.1016/j.biomaterials.2016.07.038,3.0,0.0,0.0,0.0,0.0,7.0,0.0,0.0,0,0.0,0.0,0,0.0,0,0.0,0,0,0,0.0,0,0,0.0,2,0,0,0.0,0.0,0,300.0,0.0,0,0,0.0,0,0,0.0,0.0,0.0,0,0,0.0,0,0.0,0,0,0,0,0,0,0,0,0,0.0,0.0,0.0,0,0,0.0,0.0,0.0,0.0,40.0,30,,,0.0005,4.0,908.0,,,22.0,3,1,3,12.0,4,0.0,0.0,0,0
Jia et al. 2016,10.1016/j.biomaterials.2016.07.038,3.0,0.0,0.0,0.0,0.0,7.0,0.0,0.0,0,0.0,0.0,0,0.0,0,0.0,0,0,0,0.0,0,0,0.0,2,0,0,0.0,0.0,0,300.0,0.0,0,0,0.0,0,0,0.0,0.0,0.0,0,0,0.0,0,0.0,0,0,0,0,0,0,0,0,0,0.0,0.0,0.0,0,0,0.0,0.0,0.0,0.0,40.0,30,,,0.0005,4.0,908.0,,,22.0,3,1,3,12.0,4,0.0,0.0,0,0
Jia et al. 2016,10.1016/j.biomaterials.2016.07.038,3.0,0.0,0.0,0.0,0.0,7.0,0.0,0.0,0,0.0,0.0,0,0.0,0,0.0,0,0,0,0.0,0,0,0.0,2,0,0,0.0,0.0,0,300.0,0.0,0,0,0.0,0,0,0.0,0.0,0.0,0,0,0.0,0,0.0,0,0,0,0,0,0,0,0,0,0.0,0.0,0.0,0,0,0.0,0.0,0.0,6000000.0,40.0,20,,,0.0005,4.0,908.0,,,22.0,3,3,9,12.0,4,0.0,0.0,0,1
Jia et al. 2016,10.1016/j.biomaterials.2016.07.038,3.0,0.0,0.0,0.0,0.0,7.0,0.0,0.0,0,0.0,0.0,0,0.0,0,0.0,0,0,0,0.0,0,0,0.0,2,0,0,0.0,0.0,0,300.0,0.0,0,0,0.0,0,0,0.0,0.0,0.0,0,0,0.0,0,0.0,0,0,0,0,0,0,0,0,0,0.0,0.0,0.0,0,0,0.0,0.0,0.0,6000000.0,40.0,20,,,0.0005,4.0,908.0,,,22.0,3,5,15,12.0,4,0.0,0.0,0,1
Jia et al. 2016,10.1016/j.biomaterials.2016.07.038,3.0,0.0,0.0,0.0,0.0,7.0,0.0,0.0,0,0.0,0.0,0,0.0,0,0.0,0,0,0,0.0,0,0,0.0,2,0,0,0.0,0.0,0,300.0,0.0,0,0,0.0,0,0,0.0,0.0,0.0,0,0,0.0,0,0.0,0,0,0,0,0,0,0,0,0,0.0,0.0,0.0,0,0,0.0,0.0,0.0,6000000.0,40.0,30,,,0.0005,4.0,908.0,,,22.0,3,3,9,12.0,4,0.0,0.0,0,1
Jia et al. 2016,10.1016/j.biomaterials.2016.07.038,3.0,0.0,0.0,0.0,0.0,7.0,0.0,0.0,0,0.0,0.0,0,0.0,0,0.0,0,0,0,0.0,0,0,0.0,2,0,0,0.0,0.0,0,300.0,0.0,0,0,0.0,0,0,0.0,0.0,0.0,0,0,0.0,0,0.0,0,0,0,0,0,0,0,0,0,0.0,0.0,0.0,0,0,0.0,0.0,0.0,6000000.0,40.0,30,,,0.0005,4.0,908.0,,,22.0,3,5,15,12.0,4,0.0,0.0,0,1
Jia et al. 2016,10.1016/j.biomaterials.2016.07.038,3.0,0.0,0.0,0.0,0.0,7.0,0.0,0.0,0,0.0,0.0,0,0.0,0,0.0,0,0,0,0.0,0,0,0.0,2,0,0,0.0,0.0,0,300.0,0.0,0,0,0.0,0,0,0.0,0.0,0.0,0,0,0.0,0,0.0,0,0,0,0,0,0,0,0,0,0.0,0.0,0.0,0,0,0.0,0.0,0.0,6000000.0,40.0,40,,,0.0005,4.0,908.0,,,22.0,3,3,9,12.0,4,0.0,0.0,0,1
Jia et al. 2016,10.1016/j.biomaterials.2016.07.038,3.0,0.0,0.0,0.0,0.0,7.0,0.0,0.0,0,0.0,0.0,0,0.0,0,0.0,0,0,0,0.0,0,0,0.0,2,0,0,0.0,0.0,0,300.0,0.0,0,0,0.0,0,0,0.0,0.0,0.0,0,0,0.0,0,0.0,0,0,0,0,0,0,0,0,0,0.0,0.0,0.0,0,0,0.0,0.0,0.0,6000000.0,40.0,40,,,0.0005,4.0,908.0,,,22.0,3,5,15,12.0,4,0.0,0.0,0,1
Idaszek et al. 2019,10.1088/1758-5090/ab2622,4.0,0.0,0.0,0.0,0.0,6.0,0.0,0.0,0,0.0,0.0,0,0.0,0,0.0,0,4,0,0.0,0,0,0.0,0,0,0,0.0,0.0,0,1.0,0.0,0,0,0.0,0,0,0.0,0.0,0.0,0,0,0.0,0,0.0,0,0,0,0,0,0,0,0,0,0.0,0.0,0.0,0,0,0.0,0.0,0.0,10000000.0,0.0,30,,,,235.0,686.0,,,,3,3,9,14.0,4,0.0,0.0,0,1
Idaszek et al. 2019,10.1088/1758-5090/ab2622,4.0,0.0,0.0,0.0,0.0,6.0,0.0,0.0,0,0.0,0.0,0,0.0,0,0.0,0,4,0,0.0,0,0,0.0,0,0,0,0.0,0.0,0,1.0,0.0,0,0,0.0,0,0,0.0,0.0,0.0,0,0,0.0,0,0.0,0,0,0,0,0,0,0,0,0,0.0,0.0,0.0,0,0,0.0,0.0,0.0,10000000.0,0.0,30,,,,235.0,686.0,,,,3,5,15,14.0,4,0.0,0.0,0,1
Idaszek et al. 2019,10.1088/1758-5090/ab2622,4.0,0.0,0.0,0.0,0.0,6.0,0.0,0.0,0,0.0,0.0,0,0.0,0,0.0,0,4,0,0.0,0,0,0.0,0,0,0,0.0,0.0,0,1.0,0.0,0,0,0.0,0,0,0.0,0.0,0.0,0,0,0.0,0,0.0,0,0,0,0,0,0,0,0,0,0.0,0.0,0.0,0,0,0.0,0.0,0.0,10000000.0,0.0,30,,,,235.0,686.0,,,,3,3,9,14.0,4,0.0,0.0,0,1
Idaszek et al. 2019,10.1088/1758-5090/ab2622,4.0,0.0,0.0,0.0,0.0,6.0,0.0,0.0,0,0.0,0.0,0,0.0,0,0.0,0,4,0,0.0,0,0,0.0,0,0,0,0.0,0.0,0,1.0,0.0,0,0,0.0,0,0,0.0,0.0,0.0,0,0,0.0,0,0.0,0,0,0,0,0,0,0,0,0,0.0,0.0,0.0,0,0,0.0,0.0,0.0,10000000.0,0.0,30,,,,235.0,686.0,,,,3,5,15,14.0,4,0.0,0.0,0,1
Idaszek et al. 2019,10.1088/1758-5090/ab2622,4.0,0.0,0.0,0.0,0.0,6.0,0.0,0.0,0,0.5,0.0,0,0.0,0,0.0,0,4,0,0.5,0,0,0.0,0,0,0,0.0,0.0,0,1.0,0.0,0,0,0.0,0,0,0.0,0.0,0.0,0,0,0.0,0,0.0,0,0,0,0,0,0,0,0,0,0.0,0.0,0.0,0,0,0.0,0.0,0.0,10000000.0,0.0,30,,,,235.0,686.0,,,,3,3,9,15.0,6,0.5,0.03333333333333333,1,1
Idaszek et al. 2019,10.1088/1758-5090/ab2622,4.0,0.0,0.0,0.0,0.0,6.0,0.0,0.0,0,0.5,0.0,0,0.0,0,0.0,0,4,0,0.5,0,0,0.0,0,0,0,0.0,0.0,0,1.0,0.0,0,0,0.0,0,0,0.0,0.0,0.0,0,0,0.0,0,0.0,0,0,0,0,0,0,0,0,0,0.0,0.0,0.0,0,0,0.0,0.0,0.0,10000000.0,0.0,30,,,,235.0,686.0,,,,3,5,15,15.0,6,0.5,0.03333333333333333,1,1
Idaszek et al. 2019,10.1088/1758-5090/ab2622,4.0,0.0,0.0,0.0,0.0,6.0,0.0,0.0,0,0.5,0.0,0,0.0,0,0.0,0,4,0,0.5,0,0,0.0,0,0,0,0.0,0.0,0,1.0,0.0,0,0,0.0,0,0,0.0,0.0,0.0,0,0,0.0,0,0.0,0,0,0,0,0,0,0,0,0,0.0,0.0,0.0,0,0,0.0,0.0,0.0,10000000.0,0.0,30,,,,235.0,686.0,,,,3,3,9,15.0,6,0.5,0.03333333333333333,1,1
Idaszek et al. 2019,10.1088/1758-5090/ab2622,4.0,0.0,0.0,0.0,0.0,6.0,0.0,0.0,0,0.5,0.0,0,0.0,0,0.0,0,4,0,0.5,0,0,0.0,0,0,0,0.0,0.0,0,1.0,0.0,0,0,0.0,0,0,0.0,0.0,0.0,0,0,0.0,0,0.0,0,0,0,0,0,0,0,0,0,0.0,0.0,0.0,0,0,0.0,0.0,0.0,10000000.0,0.0,30,,,,235.0,686.0,,,,3,5,15,15.0,6,0.5,0.03333333333333333,1,1
Gao et al. 2015,10.1016/j.biomaterials.2015.05.031,2.0,0.0,0.0,0.0,0.0,0.0,0.0,0.0,0,0.0,0.0,0,0.0,0,0.0,0,0,0,0.0,0,0,0.0,0,0,0,0.0,0.0,0,0.04,0.0,0,0,0.0,0,0,0.0,0.0,0.0,0,0,0.0,0,0.0,0,0,0,0,0,0,0,0,0,0.0,0.0,0.0,0,0,0.0,0.0,0.0,0.0,0.0,0,,,0.0167,16.67,1600.0,,,,2,3,6,2.0,2,0.0,0.0,0,0
Gao et al. 2015,10.1016/j.biomaterials.2015.05.031,2.0,0.0,0.0,0.0,0.0,0.0,0.0,0.0,0,0.0,0.0,0,0.0,0,0.0,0,0,0,0.0,0,0,0.0,0,0,0,0.0,0.0,0,0.04,0.0,0,0,0.0,0,0,0.0,0.0,0.0,0,0,0.0,0,0.0,0,0,0,0,0,0,0,0,0,0.0,0.0,0.0,0,0,0.0,0.0,0.0,0.0,0.0,0,,,0.0167,16.67,1600.0,,,,2,3,6,2.0,2,0.0,0.0,0,0
Gao et al. 2015,10.1016/j.biomaterials.2015.05.031,2.0,0.0,0.0,0.0,0.0,0.0,0.0,0.0,0,0.0,0.0,0,0.0,0,0.0,0,0,0,0.0,0,0,0.0,0,0,0,0.0,0.0,0,0.04,0.0,0,0,0.0,0,0,0.0,0.0,0.0,0,0,0.0,0,0.0,0,0,0,0,0,0,0,0,0,0.0,0.0,0.0,0,0,0.0,0.0,0.0,0.0,0.0,0,,,0.0167,16.67,1600.0,,,,2,2,4,2.0,2,0.0,0.0,0,0
Gao et al. 2015,10.1016/j.biomaterials.2015.05.031,2.0,0.0,0.0,0.0,0.0,0.0,0.0,0.0,0,0.0,0.0,0,0.0,0,0.0,0,0,0,0.0,0,0,0.0,0,0,0,0.0,0.0,0,0.04,0.0,0,0,0.0,0,0,0.0,0.0,0.0,0,0,0.0,0,0.0,0,0,0,0,0,0,0,0,0,0.0,0.0,0.0,0,0,0.0,0.0,0.0,0.0,0.0,0,,,0.0167,16.67,1600.0,,,,2,3,6,2.0,2,0.0,0.0,0,0
Gao et al. 2015,10.1016/j.biomaterials.2015.05.031,2.0,0.0,0.0,0.0,0.0,0.0,0.0,0.0,0,0.0,0.0,0,0.0,0,0.0,0,0,0,0.0,0,0,0.0,0,0,0,0.0,0.0,0,0.04,0.0,0,0,0.0,0,0,0.0,0.0,0.0,0,0,0.0,0,0.0,0,0,0,0,0,0,0,0,0,0.0,0.0,0.0,0,0,0.0,0.0,0.0,0.0,0.0,0,,,0.0167,16.67,1600.0,,,,2,2,4,2.0,2,0.0,0.0,0,0
Gao et al. 2015,10.1016/j.biomaterials.2015.05.031,2.0,0.0,0.0,0.0,0.0,0.0,0.0,0.0,0,0.0,0.0,0,0.0,0,0.0,0,0,0,0.0,0,0,0.0,0,0,0,0.0,0.0,0,0.04,0.0,0,0,0.0,0,0,0.0,0.0,0.0,0,0,0.0,0,0.0,0,0,0,0,0,0,0,0,0,0.0,0.0,0.0,0,0,0.0,0.0,0.0,0.0,0.0,0,,,0.0167,16.67,1600.0,,,,2,2,4,2.0,2,0.0,0.0,0,0
Gao et al. 2015,10.1016/j.biomaterials.2015.05.031,2.0,0.0,0.0,0.0,0.0,0.0,0.0,0.0,0,0.0,0.0,0,0.0,0,0.0,0,0,0,0.0,0,0,0.0,0,0,0,0.0,0.0,0,0.04,0.0,0,0,0.0,0,0,0.0,0.0,0.0,0,0,0.0,0,0.0,0,0,0,0,0,0,0,0,0,0.0,0.0,0.0,0,0,0.0,0.0,0.0,0.0,0.0,0,,,0.0167,16.67,1600.0,,,,2,2,4,2.0,2,0.0,0.0,0,0
Gao et al. 2015,10.1016/j.biomaterials.2015.05.031,2.0,0.0,0.0,0.0,0.0,0.0,0.0,0.0,0,0.0,0.0,0,0.0,0,0.0,0,0,0,0.0,0,0,0.0,0,0,0,0.0,0.0,0,0.02,0.0,0,0,0.0,0,0,0.0,0.0,0.0,0,0,0.0,0,0.0,0,0,0,0,0,0,0,0,0,0.0,0.0,0.0,0,0,0.0,0.0,0.0,0.0,0.0,0,,,0.0167,16.67,1600.0,,,,2,2,4,2.0,2,0.0,0.0,0,0
Gao et al. 2015,10.1016/j.biomaterials.2015.05.031,2.0,0.0,0.0,0.0,0.0,0.0,0.0,0.0,0,0.0,0.0,0,0.0,0,0.0,0,0,0,0.0,0,0,0.0,0,0,0,0.0,0.0,0,0.03,0.0,0,0,0.0,0,0,0.0,0.0,0.0,0,0,0.0,0,0.0,0,0,0,0,0,0,0,0,0,0.0,0.0,0.0,0,0,0.0,0.0,0.0,0.0,0.0,0,,,0.0167,16.67,1600.0,,,,2,2,4,2.0,2,0.0,0.0,0,0
Gao et al. 2015,10.1016/j.biomaterials.2015.05.031,2.0,0.0,0.0,0.0,0.0,0.0,0.0,0.0,0,0.0,0.0,0,0.0,0,0.0,0,0,0,0.0,0,0,0.0,0,0,0,0.0,0.0,0,0.05,0.0,0,0,0.0,0,0,0.0,0.0,0.0,0,0,0.0,0,0.0,0,0,0,0,0,0,0,0,0,0.0,0.0,0.0,0,0,0.0,0.0,0.0,0.0,0.0,0,,,0.0167,16.67,1600.0,,,,2,2,4,2.0,2,0.0,0.0,0,0
Gao et al. 2015,10.1016/j.biomaterials.2015.05.031,3.0,0.0,0.0,0.0,0.0,0.0,0.0,0.0,0,0.0,0.0,0,0.0,0,0.0,0,0,0,0.0,0,0,0.0,0,0,0,0.0,0.0,0,0.05,0.0,0,0,0.0,0,0,0.0,0.0,0.0,0,0,0.0,0,0.0,0,0,0,0,0,0,0,0,0,0.0,0.0,0.0,0,0,0.0,0.0,0.0,0.0,0.0,0,,,0.0167,16.67,1600.0,,,,2,2,4,3.0,2,0.0,0.0,0,0
Gao et al. 2015,10.1016/j.biomaterials.2015.05.031,4.0,0.0,0.0,0.0,0.0,0.0,0.0,0.0,0,0.0,0.0,0,0.0,0,0.0,0,0,0,0.0,0,0,0.0,0,0,0,0.0,0.0,0,0.05,0.0,0,0,0.0,0,0,0.0,0.0,0.0,0,0,0.0,0,0.0,0,0,0,0,0,0,0,0,0,0.0,0.0,0.0,0,0,0.0,0.0,0.0,0.0,0.0,0,,,0.0167,16.67,1600.0,,,,2,2,4,4.0,2,0.0,0.0,0,0
Gao et al. 2015,10.1016/j.biomaterials.2015.05.031,5.0,0.0,0.0,0.0,0.0,0.0,0.0,0.0,0,0.0,0.0,0,0.0,0,0.0,0,0,0,0.0,0,0,0.0,0,0,0,0.0,0.0,0,0.05,0.0,0,0,0.0,0,0,0.0,0.0,0.0,0,0,0.0,0,0.0,0,0,0,0,0,0,0,0,0,0.0,0.0,0.0,0,0,0.0,0.0,0.0,0.0,0.0,0,,,0.0167,16.67,1600.0,,,,2,2,4,5.0,2,0.0,0.0,0,0
Gao et al. 2015,10.1016/j.biomaterials.2015.05.031,5.0,0.0,0.0,0.0,0.0,0.0,0.0,0.0,0,0.0,0.0,0,0.0,0,0.0,0,0,0,0.0,0,0,0.0,0,0,0,0.0,0.0,0,0.05,0.0,0,0,0.0,0,0,0.0,0.0,0.0,0,0,0.0,0,0.0,0,0,0,0,0,0,0,0,0,0.0,0.0,0.0,0,0,0.0,0.0,0.0,0.0,0.0,0,,,0.0167,16.67,1600.0,,,,2,2,4,5.0,2,0.0,0.0,0,0
Gao et al. 2015,10.1016/j.biomaterials.2015.05.031,2.0,0.0,0.0,0.0,0.0,0.0,0.0,0.0,0,0.0,0.0,0,0.0,0,0.0,0,0,0,0.0,0,0,0.0,0,0,0,0.0,0.0,0,0.04,0.0,0,0,0.0,0,0,0.0,0.0,0.0,0,0,0.0,0,0.0,0,0,0,0,0,0,0,0,0,0.0,0.0,0.0,0,0,0.0,0.0,0.0,0.0,0.0,0,,,0.0167,16.67,1600.0,,,,2,2,4,2.0,2,0.0,0.0,0,0
Gao et al. 2015,10.1016/j.biomaterials.2015.05.031,2.0,0.0,0.0,0.0,0.0,0.0,0.0,0.0,0,0.0,0.0,0,0.0,0,0.0,0,0,0,0.0,0,0,0.0,0,0,0,0.0,0.0,0,0.03,0.0,0,0,0.0,0,0,0.0,0.0,0.0,0,0,0.0,0,0.0,0,0,0,0,0,0,0,0,0,0.0,0.0,0.0,0,0,0.0,0.0,0.0,1000000.0,0.0,0,,,0.0167,16.67,1600.0,,,,3,3,9,2.0,2,0.0,0.0,0,1
Gao et al. 2015,10.1016/j.biomaterials.2015.05.031,2.0,0.0,0.0,0.0,0.0,0.0,0.0,0.0,0,0.0,0.0,0,0.0,0,0.0,0,0,0,0.0,0,0,0.0,0,0,0,0.0,0.0,0,0.03,0.0,0,0,0.0,0,0,0.0,0.0,0.0,0,0,0.0,0,0.0,0,0,0,0,0,0,0,0,0,0.0,0.0,0.0,0,0,0.0,0.0,0.0,1000000.0,0.0,0,,,0.0167,16.67,1600.0,,,,3,5,15,2.0,2,0.0,0.0,0,1
Colosi et al. 2016,10.1002/adma.201503310,4.0,0.0,0.0,0.0,0.0,4.5,0.0,0.0,0,0.0,0.0,0,0.0,0,0.0,0,0,0,0.0,0,0,0.0,0,0,0,0.0,0.0,0,300.0,0.0,0,0,0.0,0,0,0.0,0.0,0.0,0,0,0.0,0,0.0,0,0,0,0,0,0,0,0,0,0.0,0.0,0.0,0,0,0.0,0.0,0.0,10000000.0,0.0,15,,,8.33e-05,4.0,210.0,,37.0,22.0,3,3,9,8.5,3,0.0,0.0,0,1
Colosi et al. 2016,10.1002/adma.201503310,4.0,0.0,0.0,0.0,0.0,4.5,0.0,0.0,0,0.0,0.0,0,0.0,0,0.0,0,0,0,0.0,0,0,0.0,0,0,0,0.0,0.0,0,300.0,0.0,0,0,0.0,0,0,0.0,0.0,0.0,0,0,0.0,0,0.0,0,0,0,0,0,0,0,0,0,0.0,0.0,0.0,0,0,0.0,0.0,0.0,10000000.0,0.0,20,,,8.33e-05,4.0,210.0,,37.0,22.0,3,3,9,8.5,3,0.0,0.0,0,1
Colosi et al. 2016,10.1002/adma.201503310,4.0,0.0,0.0,0.0,0.0,4.5,0.0,0.0,0,0.0,0.0,0,0.0,0,0.0,0,0,0,0.0,0,0,0.0,0,0,0,0.0,0.0,0,300.0,0.0,0,0,0.0,0,0,0.0,0.0,0.0,0,0,0.0,0,0.0,0,0,0,0,0,0,0,0,0,0.0,0.0,0.0,0,0,0.0,0.0,0.0,10000000.0,0.0,25,,,8.33e-05,4.0,210.0,,37.0,22.0,3,3,9,8.5,3,0.0,0.0,0,1
Colosi et al. 2016,10.1002/adma.201503310,4.0,0.0,0.0,0.0,0.0,4.5,0.0,0.0,0,0.0,0.0,0,0.0,0,0.0,0,0,0,0.0,0,0,0.0,0,0,0,0.0,0.0,0,300.0,0.0,0,0,0.0,0,0,0.0,0.0,0.0,0,0,0.0,0,0.0,0,0,0,0,0,0,0,0,0,0.0,0.0,0.0,0,0,0.0,0.0,0.0,10000000.0,0.0,30,,,8.33e-05,4.0,210.0,,37.0,22.0,3,3,9,8.5,3,0.0,0.0,0,1
Colosi et al. 2016,10.1002/adma.201503310,4.0,0.0,0.0,0.0,0.0,4.5,0.0,0.0,0,0.0,0.0,0,0.0,0,0.0,0,0,0,0.0,0,0,0.0,0,0,0,0.0,0.0,0,300.0,0.0,0,0,0.0,0,0,0.0,0.0,0.0,0,0,0.0,0,0.0,0,0,0,0,0,0,0,0,0,0.0,0.0,0.0,0,0,0.0,0.0,0.0,10000000.0,0.0,30,,,8.33e-05,4.0,210.0,,37.0,22.0,3,5,15,8.5,3,0.0,0.0,0,1
Colosi et al. 2016,10.1002/adma.201503310,4.0,0.0,0.0,0.0,0.0,4.5,0.0,0.0,0,0.0,0.0,0,0.0,0,0.0,0,0,0,0.0,0,0,0.0,0,0,0,0.0,0.0,0,300.0,0.0,0,0,0.0,0,0,0.0,0.0,0.0,0,0,0.0,0,0.0,0,0,0,0,0,0,0,0,0,0.0,0.0,0.0,0,0,0.0,0.0,0.0,10000000.0,0.0,45,,,8.33e-05,4.0,210.0,,37.0,22.0,3,2,6,8.5,3,0.0,0.0,0,1
Colosi et al. 2016,10.1002/adma.201503310,4.0,0.0,0.0,0.0,0.0,4.5,0.0,0.0,0,0.0,0.0,0,0.0,0,0.0,0,0,0,0.0,0,0,0.0,0,0,0,0.0,0.0,0,300.0,0.0,0,0,0.0,0,0,0.0,0.0,0.0,0,0,0.0,0,0.0,0,0,0,0,0,0,0,0,0,0.0,0.0,0.0,0,0,0.0,0.0,0.0,10000000.0,0.0,60,,,8.33e-05,4.0,210.0,,37.0,22.0,3,2,6,8.5,3,0.0,0.0,0,1
Colosi et al. 2016,10.1002/adma.201503310,4.0,0.0,0.0,0.0,0.0,4.5,0.0,0.0,0,0.0,0.0,0,0.0,0,0.0,0,0,0,0.0,0,0,0.0,0,0,0,0.0,0.0,0,300.0,0.0,0,0,0.0,0,0,0.0,0.0,0.0,0,0,0.0,0,0.0,0,0,0,0,0,0,0,0,0,0.0,0.0,0.0,0,0,0.0,0.0,0.0,0.0,0.0,0,,,8.33e-05,4.0,210.0,,37.0,22.0,0,1,0,8.5,3,0.0,0.0,0,0
Colosi et al. 2016,10.1002/adma.201503310,1.0,0.0,0.0,0.0,0.0,4.5,0.0,0.0,0,0.0,0.0,0,0.0,0,0.0,0,0,0,0.0,0,0,0.0,0,0,0,0.0,0.0,0,300.0,0.0,0,0,0.0,0,0,0.0,0.0,0.0,0,0,0.0,0,0.0,0,0,0,0,0,0,0,0,0,0.0,0.0,0.0,0,0,0.0,0.0,0.0,0.0,0.0,0,,,8.33e-05,4.0,210.0,,37.0,22.0,0,1,0,5.5,3,0.0,0.0,0,0
Colosi et al. 2016,10.1002/adma.201503310,1.0,0.0,0.0,0.0,0.0,4.5,0.0,0.0,0,0.0,0.0,0,0.0,0,0.0,0,0,0,0.0,0,0,0.0,0,0,0,0.0,0.0,0,400.0,0.0,0,0,0.0,0,0,0.0,0.0,0.0,0,0,0.0,0,0.0,0,0,0,0,0,0,0,0,0,0.0,0.0,0.0,0,0,0.0,0.0,0.0,0.0,0.0,0,,,8.33e-05,4.0,210.0,,37.0,22.0,0,1,0,5.5,3,0.0,0.0,0,0
Colosi et al. 2016,10.1002/adma.201503310,1.0,0.0,0.0,0.0,0.0,4.5,0.0,0.0,0,0.0,0.0,0,0.0,0,0.0,0,0,0,0.0,0,0,0.0,0,0,0,0.0,0.0,0,500.0,0.0,0,0,0.0,0,0,0.0,0.0,0.0,0,0,0.0,0,0.0,0,0,0,0,0,0,0,0,0,0.0,0.0,0.0,0,0,0.0,0.0,0.0,0.0,0.0,0,,,8.33e-05,4.0,210.0,,37.0,22.0,0,1,0,5.5,3,0.0,0.0,0,0
Colosi et al. 2016,10.1002/adma.201503310,1.0,0.0,0.0,0.0,0.0,4.5,0.0,0.0,0,0.0,0.0,0,0.0,0,0.0,0,0,0,0.0,0,0,0.0,0,0,0,0.0,0.0,0,600.0,0.0,0,0,0.0,0,0,0.0,0.0,0.0,0,0,0.0,0,0.0,0,0,0,0,0,0,0,0,0,0.0,0.0,0.0,0,0,0.0,0.0,0.0,0.0,0.0,0,,,8.33e-05,4.0,210.0,,37.0,22.0,1,1,1,5.5,3,0.0,0.0,0,0
Colosi et al. 2016,10.1002/adma.201503310,2.0,0.0,0.0,0.0,0.0,4.5,0.0,0.0,0,0.0,0.0,0,0.0,0,0.0,0,0,0,0.0,0,0,0.0,0,0,0,0.0,0.0,0,300.0,0.0,0,0,0.0,0,0,0.0,0.0,0.0,0,0,0.0,0,0.0,0,0,0,0,0,0,0,0,0,0.0,0.0,0.0,0,0,0.0,0.0,0.0,0.0,0.0,0,,,8.33e-05,4.0,210.0,,37.0,22.0,0,1,0,6.5,3,0.0,0.0,0,0
Colosi et al. 2016,10.1002/adma.201503310,2.0,0.0,0.0,0.0,0.0,4.5,0.0,0.0,0,0.0,0.0,0,0.0,0,0.0,0,0,0,0.0,0,0,0.0,0,0,0,0.0,0.0,0,400.0,0.0,0,0,0.0,0,0,0.0,0.0,0.0,0,0,0.0,0,0.0,0,0,0,0,0,0,0,0,0,0.0,0.0,0.0,0,0,0.0,0.0,0.0,0.0,0.0,0,,,8.33e-05,4.0,210.0,,37.0,22.0,0,1,0,6.5,3,0.0,0.0,0,0
Colosi et al. 2016,10.1002/adma.201503310,2.0,0.0,0.0,0.0,0.0,4.5,0.0,0.0,0,0.0,0.0,0,0.0,0,0.0,0,0,0,0.0,0,0,0.0,0,0,0,0.0,0.0,0,500.0,0.0,0,0,0.0,0,0,0.0,0.0,0.0,0,0,0.0,0,0.0,0,0,0,0,0,0,0,0,0,0.0,0.0,0.0,0,0,0.0,0.0,0.0,0.0,0.0,0,,,8.33e-05,4.0,210.0,,37.0,22.0,1,1,1,6.5,3,0.0,0.0,0,0
Colosi et al. 2016,10.1002/adma.201503310,2.0,0.0,0.0,0.0,0.0,4.5,0.0,0.0,0,0.0,0.0,0,0.0,0,0.0,0,0,0,0.0,0,0,0.0,0,0,0,0.0,0.0,0,600.0,0.0,0,0,0.0,0,0,0.0,0.0,0.0,0,0,0.0,0,0.0,0,0,0,0,0,0,0,0,0,0.0,0.0,0.0,0,0,0.0,0.0,0.0,0.0,0.0,0,,,8.33e-05,4.0,210.0,,37.0,22.0,1,1,1,6.5,3,0.0,0.0,0,0
Colosi et al. 2016,10.1002/adma.201503310,3.0,0.0,0.0,0.0,0.0,4.5,0.0,0.0,0,0.0,0.0,0,0.0,0,0.0,0,0,0,0.0,0,0,0.0,0,0,0,0.0,0.0,0,300.0,0.0,0,0,0.0,0,0,0.0,0.0,0.0,0,0,0.0,0,0.0,0,0,0,0,0,0,0,0,0,0.0,0.0,0.0,0,0,0.0,0.0,0.0,0.0,0.0,0,,,8.33e-05,4.0,210.0,,37.0,22.0,0,1,0,7.5,3,0.0,0.0,0,0
Colosi et al. 2016,10.1002/adma.201503310,3.0,0.0,0.0,0.0,0.0,4.5,0.0,0.0,0,0.0,0.0,0,0.0,0,0.0,0,0,0,0.0,0,0,0.0,0,0,0,0.0,0.0,0,400.0,0.0,0,0,0.0,0,0,0.0,0.0,0.0,0,0,0.0,0,0.0,0,0,0,0,0,0,0,0,0,0.0,0.0,0.0,0,0,0.0,0.0,0.0,0.0,0.0,0,,,8.33e-05,4.0,210.0,,37.0,22.0,1,1,1,7.5,3,0.0,0.0,0,0
Colosi et al. 2016,10.1002/adma.201503310,3.0,0.0,0.0,0.0,0.0,4.5,0.0,0.0,0,0.0,0.0,0,0.0,0,0.0,0,0,0,0.0,0,0,0.0,0,0,0,0.0,0.0,0,500.0,0.0,0,0,0.0,0,0,0.0,0.0,0.0,0,0,0.0,0,0.0,0,0,0,0,0,0,0,0,0,0.0,0.0,0.0,0,0,0.0,0.0,0.0,0.0,0.0,0,,,8.33e-05,4.0,210.0,,37.0,22.0,1,1,1,7.5,3,0.0,0.0,0,0
Colosi et al. 2016,10.1002/adma.201503310,3.0,0.0,0.0,0.0,0.0,4.5,0.0,0.0,0,0.0,0.0,0,0.0,0,0.0,0,0,0,0.0,0,0,0.0,0,0,0,0.0,0.0,0,600.0,0.0,0,0,0.0,0,0,0.0,0.0,0.0,0,0,0.0,0,0.0,0,0,0,0,0,0,0,0,0,0.0,0.0,0.0,0,0,0.0,0.0,0.0,0.0,0.0,0,,,8.33e-05,4.0,210.0,,37.0,22.0,0,1,0,7.5,3,0.0,0.0,0,0
Colosi et al. 2016,10.1002/adma.201503310,4.0,0.0,0.0,0.0,0.0,4.5,0.0,0.0,0,0.0,0.0,0,0.0,0,0.0,0,0,0,0.0,0,0,0.0,0,0,0,0.0,0.0,0,400.0,0.0,0,0,0.0,0,0,0.0,0.0,0.0,0,0,0.0,0,0.0,0,0,0,0,0,0,0,0,0,0.0,0.0,0.0,0,0,0.0,0.0,0.0,0.0,0.0,0,,,8.33e-05,4.0,210.0,,37.0,22.0,1,1,1,8.5,3,0.0,0.0,0,0
Colosi et al. 2016,10.1002/adma.201503310,4.0,0.0,0.0,0.0,0.0,4.5,0.0,0.0,0,0.0,0.0,0,0.0,0,0.0,0,0,0,0.0,0,0,0.0,0,0,0,0.0,0.0,0,500.0,0.0,0,0,0.0,0,0,0.0,0.0,0.0,0,0,0.0,0,0.0,0,0,0,0,0,0,0,0,0,0.0,0.0,0.0,0,0,0.0,0.0,0.0,0.0,0.0,0,,,8.33e-05,4.0,210.0,,37.0,22.0,0,1,0,8.5,3,0.0,0.0,0,0
Colosi et al. 2016,10.1002/adma.201503310,4.0,0.0,0.0,0.0,0.0,4.5,0.0,0.0,0,0.0,0.0,0,0.0,0,0.0,0,0,0,0.0,0,0,0.0,0,0,0,0.0,0.0,0,600.0,0.0,0,0,0.0,0,0,0.0,0.0,0.0,0,0,0.0,0,0.0,0,0,0,0,0,0,0,0,0,0.0,0.0,0.0,0,0,0.0,0.0,0.0,0.0,0.0,0,,,8.33e-05,4.0,210.0,,37.0,22.0,0,1,0,8.5,3,0.0,0.0,0,0
Ouyang et al. 2017,10.1002/adma.201604983,0.0,0.0,0.0,0.0,0.0,0.0,0.0,0.0,0,0.0,5.0,0,0.0,0,0.0,0,0,0,0.0,0,0,0.0,0,0,0,0.0,0.0,0,0.0,0.0,0,0,0.0,0,0,0.0,0.0,0.0,0,0,0.0,0,0.0,0,0,0,0,0,0,0,0,0,0.0,0.0,0.0,0,0,0.0,0.0,0.0,2500000.0,0.0,10,,,6e-05,0.5,127.0,,,,3,3,9,5.0,1,0.0,0.0,0,1
Ouyang et al. 2017,10.1002/adma.201604983,0.0,0.0,0.0,0.0,0.0,0.0,0.0,0.0,0,0.0,5.0,0,0.0,0,0.0,0,0,0,0.0,0,0,0.0,0,0,0,0.0,0.0,0,0.0,0.0,0,0,0.0,0,0,0.0,0.0,0.0,0,0,0.0,0,0.0,0,0,0,0,0,0,0,0,0,0.0,0.0,0.0,0,0,0.0,0.0,0.0,2500000.0,0.0,20,,,6e-05,0.5,127.0,,,,3,3,9,5.0,1,0.0,0.0,0,1
Ouyang et al. 2017,10.1002/adma.201604983,0.0,0.0,0.0,0.0,0.0,0.0,0.0,0.0,0,0.0,5.0,0,0.0,0,0.0,0,0,0,0.0,0,0,0.0,0,0,0,0.0,0.0,0,0.0,0.0,0,0,0.0,0,0,0.0,0.0,0.0,0,0,0.0,0,0.0,0,0,0,0,0,0,0,0,0,0.0,0.0,0.0,0,0,0.0,0.0,0.0,2500000.0,0.0,30,,,6e-05,0.5,127.0,,,,3,2,6,5.0,1,0.0,0.0,0,1
Ouyang et al. 2017,10.1002/adma.201604983,0.0,0.0,0.0,0.0,0.0,0.0,0.0,0.0,0,0.0,5.0,0,0.0,0,0.0,0,0,0,0.0,0,0,0.0,0,0,0,0.0,0.0,0,0.0,0.0,0,0,0.0,0,0,0.0,0.0,0.0,0,0,0.0,0,0.0,0,0,0,0,0,0,0,0,0,0.0,0.0,0.0,0,0,0.0,0.0,0.0,2500000.0,0.0,120,,,6e-05,0.5,127.0,,,,3,3,9,5.0,1,0.0,0.0,0,1
Ouyang et al. 2017,10.1002/adma.201604983,0.0,0.0,0.0,0.0,0.0,0.0,0.0,0.0,0,0.0,5.0,0,0.0,0,0.0,0,0,0,0.0,0,0,0.0,0,0,0,0.0,0.0,0,0.0,0.0,0,0,0.0,0,0,0.0,0.0,0.0,0,0,0.0,0,0.0,0,0,0,0,0,0,0,0,0,0.0,0.0,0.0,0,0,0.0,0.0,0.0,2500000.0,0.0,120,,,6e-05,0.5,127.0,,,,3,5,15,5.0,1,0.0,0.0,0,1
Ouyang et al. 2017,10.1002/adma.201604983,0.0,0.0,0.0,0.0,0.0,0.0,0.0,0.0,0,0.0,2.5,0,0.0,0,0.0,0,0,0,0.0,0,0,0.0,0,0,0,0.0,0.0,0,0.0,0.0,0,0,0.0,0,0,0.0,0.0,0.0,0,0,0.0,0,0.0,0,0,0,0,0,0,0,0,0,0.0,0.0,0.0,0,0,0.0,0.0,0.0,2500000.0,0.0,120,,,6e-05,0.5,127.0,,,,3,3,9,2.5,1,0.0,0.0,0,1
Ouyang et al. 2017,10.1002/adma.201604983,0.0,0.0,0.0,0.0,0.0,0.0,0.0,0.0,0,0.0,2.5,0,0.0,0,0.0,0,0,0,0.0,0,0,0.0,0,0,0,0.0,0.0,0,0.0,0.0,0,0,0.0,0,0,0.0,0.0,0.0,0,0,0.0,0,0.0,0,0,0,0,0,0,0,0,0,0.0,0.0,0.0,0,0,0.0,0.0,0.0,2500000.0,0.0,120,,,6e-05,0.5,127.0,,,,3,5,15,2.5,1,0.0,0.0,0,1
Ouyang et al. 2017,10.1002/adma.201604983,0.0,0.0,0.0,0.0,0.0,5.0,0.0,0.0,0,0.0,0.0,0,0.0,0,0.0,0,0,0,0.0,0,0,0.0,0,0,0,0.0,0.0,0,0.0,0.0,0,0,0.0,0,0,0.0,0.0,0.0,0,0,0.0,0,0.0,0,0,0,0,0,0,0,0,0,0.0,0.0,0.0,0,0,0.0,0.0,0.0,2500000.0,0.0,120,,,6e-05,0.5,127.0,,,,3,3,9,5.0,1,0.0,0.0,0,1
Ouyang et al. 2017,10.1002/adma.201604983,0.0,0.0,0.0,0.0,0.0,5.0,0.0,0.0,0,0.0,0.0,0,0.0,0,0.0,0,0,0,0.0,0,0,0.0,0,0,0,0.0,0.0,0,0.0,0.0,0,0,0.0,0,0,0.0,0.0,0.0,0,0,0.0,0,0.0,0,0,0,0,0,0,0,0,0,0.0,0.0,0.0,0,0,0.0,0.0,0.0,2500000.0,0.0,120,,,6e-05,0.5,127.0,,,,3,5,15,5.0,1,0.0,0.0,0,1
Ouyang et al. 2017,10.1002/adma.201604983,0.0,0.0,0.0,0.0,0.0,0.0,0.0,0.0,0,0.0,0.0,0,0.0,0,0.0,0,0,0,0.0,0,0,0.0,0,0,5,0.0,0.0,0,0.0,0.0,0,0,0.0,0,0,0.0,0.0,0.0,0,0,0.0,0,0.0,0,0,0,0,0,0,0,0,0,0.0,0.0,0.0,0,0,0.0,0.0,0.0,2500000.0,0.0,120,,,6e-05,0.5,127.0,,,,3,3,9,5.0,1,0.0,0.0,0,1
Ouyang et al. 2017,10.1002/adma.201604983,0.0,0.0,0.0,0.0,0.0,0.0,0.0,0.0,0,0.0,0.0,0,0.0,0,0.0,0,0,3,0.0,0,0,0.0,0,0,5,0.0,0.0,0,0.0,0.0,0,0,0.0,0,0,0.0,0.0,0.0,0,0,0.0,0,0.0,0,0,0,0,0,0,0,0,0,0.0,0.0,0.0,0,0,0.0,0.0,0.0,2500000.0,0.0,120,,,6e-05,0.5,127.0,,,,3,5,15,5.0,2,0.0,0.0,0,1
Ouyang et al. 2017,10.1002/adma.201604983,0.0,0.0,0.0,0.0,0.0,0.0,0.05,0.0,0,0.0,0.0,2,0.0,0,0.0,0,0,0,0.0,0,0,0.0,0,0,0,0.0,0.0,0,0.0,0.0,0,0,0.0,0,0,0.0,0.0,0.0,0,0,0.0,0,0.0,0,0,0,0,0,0,0,0,0,0.0,0.0,0.0,0,0,0.0,0.0,0.0,2500000.0,0.0,120,,,6e-05,0.5,127.0,,,,3,3,9,2.05,2,0.0,0.0,1,1
Ouyang et al. 2017,10.1002/adma.201604983,0.0,0.0,0.0,0.0,0.0,0.0,0.05,0.0,0,0.0,0.0,2,0.0,0,0.0,0,0,0,0.0,0,0,0.0,0,0,0,0.0,0.0,0,0.0,0.0,0,0,0.0,0,0,0.0,0.0,0.0,0,0,0.0,0,0.0,0,0,0,0,0,0,0,0,0,0.0,0.0,0.0,0,0,0.0,0.0,0.0,2500000.0,0.0,120,,,6e-05,0.5,127.0,,,,3,5,15,2.05,2,0.0,0.0,1,1
Ouyang et al. 2017,10.1002/adma.201604983,0.0,0.0,0.0,0.0,0.0,0.0,0.0,0.0,0,0.0,0.0,2,0.0,0,0.0,0,0,0,0.0,0,0,0.0,0,0,0,0.0,0.0,0,0.0,0.0,0,0,0.0,0,0,0.0,0.0,0.0,0,0,0.0,0,0.0,0,0,0,0,0,0,0,0,0,0.0,0.0,0.0,0,0,0.0,0.0,0.0,2500000.0,0.0,120,,,6e-05,0.5,127.0,,,,3,3,9,2.0,1,0.0,0.0,0,1
Ouyang et al. 2017,10.1002/adma.201604983,0.0,0.0,0.0,0.0,0.0,0.0,0.0,0.0,0,0.0,0.0,2,0.0,0,0.0,0,0,0,0.0,0,0,0.0,0,0,0,0.0,0.0,0,0.0,0.0,0,0,0.0,0,0,0.0,0.0,0.0,0,0,0.0,0,0.0,0,0,0,0,0,0,0,0,0,0.0,0.0,0.0,0,0,0.0,0.0,0.0,2500000.0,0.0,120,,,4e-05,0.5,127.0,,,,3,5,15,2.0,1,0.0,0.0,0,1
Kosik-Koziol et al. 2019,10.1088/1758-5090/ab15cb,4.0,0.0,0.0,0.0,0.0,6.0,0.0,0.0,0,0.0,0.0,0,0.0,0,0.0,0,0,0,0.0,0,0,0.0,0,0,0,0.0,0.0,0,190.0,0.0,0,0,0.0,0,0,0.0,0.0,0.0,0,0,0.0,0,0.0,0,0,0,0,0,0,0,0,0,0.0,0.0,0.0,0,0,0.0,0.0,0.0,10000000.0,0.0,30,,,8.5e-05,3.9,250.0,,,,3,3,9,10.0,3,0.0,0.0,0,1
Kosik-Koziol et al. 2019,10.1088/1758-5090/ab15cb,4.0,0.0,0.0,0.0,0.0,6.0,0.0,0.0,0,0.0,0.0,0,0.0,0,0.0,0,0,0,0.0,0,0,0.0,0,0,0,0.0,0.0,0,190.0,0.0,0,0,0.0,0,0,0.0,0.0,0.0,0,0,0.0,0,0.0,0,0,0,0,0,0,0,0,0,0.0,0.0,0.0,0,0,0.0,0.0,0.0,10000000.0,0.0,30,,,8.5e-05,3.9,250.0,,,,3,5,15,10.0,3,0.0,0.0,0,1
Kosik-Koziol et al. 2019,10.1088/1758-5090/ab15cb,4.0,0.0,0.0,0.0,0.0,6.0,0.0,0.0,0,0.0,0.0,0,0.0,0,0.0,0,0,0,0.5,0,0,0.0,0,0,0,0.0,0.0,0,190.0,0.0,0,0,0.0,0,0,0.0,0.0,0.0,0,0,0.0,0,0.0,0,0,0,0,0,0,0,0,0,0.0,0.0,0.0,0,0,0.0,0.0,0.0,10000000.0,0.0,30,,,8.5e-05,3.9,250.0,,,,3,3,9,10.5,4,0.5,0.047619047619047616,1,1
Kosik-Koziol et al. 2019,10.1088/1758-5090/ab15cb,4.0,0.0,0.0,0.0,0.0,6.0,0.0,0.0,0,0.0,0.0,0,0.0,0,0.0,0,0,0,0.5,0,0,0.0,0,0,0,0.0,0.0,0,190.0,0.0,0,0,0.0,0,0,0.0,0.0,0.0,0,0,0.0,0,0.0,0,0,0,0,0,0,0,0,0,0.0,0.0,0.0,0,0,0.0,0.0,0.0,10000000.0,0.0,30,,,8.5e-05,3.9,250.0,,,,3,5,15,10.5,4,0.5,0.047619047619047616,1,1
Kosik-Koziol et al. 2019,10.1088/1758-5090/ab15cb,4.0,0.0,0.0,0.0,0.0,6.0,0.0,0.0,0,0.0,0.0,0,0.0,0,0.0,0,0,0,1.0,0,0,0.0,0,0,0,0.0,0.0,0,190.0,0.0,0,0,0.0,0,0,0.0,0.0,0.0,0,0,0.0,0,0.0,0,0,0,0,0,0,0,0,0,0.0,0.0,0.0,0,0,0.0,0.0,0.0,0.0,0.0,30,,,8.5e-05,3.9,250.0,,,,2,1,2,11.0,4,1.0,0.09090909090909091,1,0
Kosik-Koziol et al. 2019,10.1088/1758-5090/ab15cb,4.0,0.0,0.0,0.0,0.0,6.0,0.0,0.0,0,0.0,0.0,0,0.0,0,0.0,0,0,0,2.0,0,0,0.0,0,0,0,0.0,0.0,0,190.0,0.0,0,0,0.0,0,0,0.0,0.0,0.0,0,0,0.0,0,0.0,0,0,0,0,0,0,0,0,0,0.0,0.0,0.0,0,0,0.0,0.0,0.0,0.0,0.0,30,,,8.5e-05,3.9,250.0,,,,2,1,2,12.0,4,2.0,0.16666666666666666,1,0
Kosik-Koziol et al. 2019,10.1088/1758-5090/ab15cb,4.0,0.0,0.0,0.0,0.0,6.0,0.0,0.0,0,0.0,0.0,0,0.0,0,0.0,0,0,0,3.0,0,0,0.0,0,0,0,0.0,0.0,0,190.0,0.0,0,0,0.0,0,0,0.0,0.0,0.0,0,0,0.0,0,0.0,0,0,0,0,0,0,0,0,0,0.0,0.0,0.0,0,0,0.0,0.0,0.0,0.0,0.0,30,,,8.5e-05,3.9,250.0,,,,2,1,2,13.0,4,3.0,0.23076923076923078,1,0
Akkineni et al. 2016,10.1088/1758-5090/8/4/045001,16.7,0.0,0.0,0.0,3.0,0.0,0.0,0.0,0,0.0,0.0,0,0.0,0,0.0,0,0,0,0.0,0,0,0.0,0,0,0,0.0,0.0,0,1000.0,0.0,0,0,0.0,1,6,0.0,0.0,0.0,0,0,0.0,0,0.0,0,0,0,0,0,0,0,0,0,0.0,0.0,0.0,0,0,0.0,0.0,0.0,0.0,3600.0,0,10.0,,,,200.0,,,22.0,3,1,3,20.7,5,0.0,0.0,0,0
Akkineni et al. 2016,10.1088/1758-5090/8/4/045001,16.7,0.0,0.0,0.0,0.0,0.0,0.0,0.0,0,0.0,0.0,0,0.0,0,0.6,0,0,0,0.0,0,0,0.0,0,0,0,0.0,0.0,0,1000.0,0.0,0,0,0.0,1,6,0.0,0.0,0.0,0,0,0.0,0,0.0,0,0,0,0,0,0,0,0,0,0.0,0.0,0.0,0,0,0.0,0.0,0.0,0.0,3600.0,0,30.0,,,,200.0,,,22.0,3,1,3,18.3,5,0.0,0.0,1,0
Akkineni et al. 2016,10.1088/1758-5090/8/4/045001,16.7,0.0,0.0,0.0,0.0,0.0,0.0,0.0,0,0.0,0.0,0,0.0,0,0.0,1,0,0,0.0,0,0,0.0,0,0,0,0.0,0.0,0,1000.0,0.0,0,0,0.0,0,6,0.0,0.0,0.0,0,0,0.0,0,0.0,0,0,0,0,0,0,0,0,0,0.0,0.0,0.0,0,0,0.0,0.0,0.0,0.0,3600.0,0,10.0,,,,200.0,,,22.0,3,1,3,17.7,4,0.0,0.0,1,0
Akkineni et al. 2016,10.1088/1758-5090/8/4/045001,16.7,0.0,0.0,0.0,0.0,0.0,0.0,0.0,0,0.0,0.0,0,0.0,0,0.0,0,0,0,0.0,1,0,0.0,0,0,0,0.0,0.0,0,1000.0,0.0,0,0,0.0,0,6,0.0,0.0,0.0,0,0,0.0,0,0.0,0,0,0,0,0,0,0,0,0,0.0,0.0,0.0,0,0,0.0,0.0,0.0,0.0,3600.0,0,30.0,,,,200.0,,,22.0,3,1,3,17.7,4,0.0,0.0,0,0
Akkineni et al. 2016,10.1088/1758-5090/8/4/045001,16.7,0.0,0.0,0.0,0.0,0.0,0.0,0.0,0,0.0,0.0,0,0.0,0,0.0,0,0,0,0.0,0,0,0.0,0,0,0,0.0,0.0,0,1000.0,0.0,0,0,0.0,0,0,0.0,0.0,0.0,0,0,0.0,0,0.0,0,0,0,0,0,0,0,0,0,0.0,0.0,0.0,0,0,0.0,0.0,0.0,0.0,3600.0,0,20.0,,,,200.0,,,22.0,3,1,3,16.7,2,0.0,0.0,0,0
Akkineni et al. 2016,10.1088/1758-5090/8/4/045001,16.7,0.0,0.0,0.0,3.0,0.0,0.0,0.0,0,0.0,0.0,0,0.0,0,0.0,0,0,0,0.0,0,0,0.0,0,0,0,0.0,0.0,0,1000.0,0.0,0,0,0.0,1,6,0.0,0.0,0.0,0,0,0.0,0,0.0,0,0,0,0,0,0,0,0,0,0.0,0.0,0.0,0,0,0.0,0.0,0.0,0.0,3600.0,0,10.0,,,,200.0,,,22.0,3,1,3,20.7,5,0.0,0.0,0,0
Akkineni et al. 2016,10.1088/1758-5090/8/4/045001,16.7,0.0,0.0,0.0,0.0,0.0,0.0,0.0,0,0.0,0.0,0,0.0,0,0.0,1,0,0,0.0,0,0,0.0,0,0,0,0.0,0.0,0,1000.0,0.0,0,0,0.0,0,6,0.0,0.0,0.0,0,0,0.0,0,0.0,0,0,0,0,0,0,0,0,0,0.0,0.0,0.0,0,0,0.0,0.0,0.0,0.0,3600.0,0,10.0,,,,200.0,,,22.0,3,1,3,17.7,4,0.0,0.0,1,0
Akkineni et al. 2016,10.1088/1758-5090/8/4/045001,16.7,0.0,0.0,0.0,0.0,0.0,0.0,0.0,0,0.0,0.0,0,0.0,0,0.0,0,0,0,0.0,1,0,0.0,0,0,0,0.0,0.0,0,1000.0,0.0,0,0,0.0,0,6,0.0,0.0,0.0,0,0,0.0,0,0.0,0,0,0,0,0,0,0,0,0,0.0,0.0,0.0,0,0,0.0,0.0,0.0,0.0,3600.0,0,30.0,,,,200.0,,,22.0,3,1,3,17.7,4,0.0,0.0,0,0
Bendtsen et al. 2017,10.1002/jbm.a.36036,1.5,0.0,0.4,0.12,0.0,0.0,0.0,0.0,0,0.0,0.0,0,0.0,0,0.0,0,0,0,0.0,0,0,0.0,0,0,0,0.0,0.0,0,0.9,0.0,0,0,0.0,0,0,0.0,0.0,0.0,0,0,0.0,0,0.0,0,0,0,0,0,0,0,0,0,0.0,0.0,0.0,0,0,0.0,0.0,0.0,0.0,3600.0,0,,,,,430.0,,25.0,25.0,1,1,1,2.02,4,0.0,0.0,0,0
Bendtsen et al. 2017,10.1002/jbm.a.36036,2.0,0.0,0.4,0.12,0.0,0.0,0.0,0.0,0,0.0,0.0,0,0.0,0,0.0,0,0,0,0.0,0,0,0.0,0,0,0,0.0,0.0,0,0.9,0.0,0,0,0.0,0,0,0.0,0.0,0.0,0,0,0.0,0,0.0,0,0,0,0,0,0,0,0,0,0.0,0.0,0.0,0,0,0.0,0.0,0.0,0.0,3600.0,0,,,,,430.0,,25.0,25.0,1,1,1,2.52,4,0.0,0.0,0,0
Bendtsen et al. 2017,10.1002/jbm.a.36036,2.0,2.5,0.4,0.12,0.0,0.0,0.0,0.0,0,0.0,0.0,0,0.0,0,0.0,0,0,0,0.0,0,0,0.0,0,0,0,0.0,0.0,0,0.9,0.0,0,0,0.0,0,0,0.0,0.0,0.0,0,0,0.0,0,0.0,0,0,0,0,0,0,0,0,0,0.0,0.0,0.0,0,0,0.0,0.0,0.0,0.0,3600.0,0,,,,,430.0,,25.0,25.0,1,1,1,5.0200000000000005,5,0.0,0.0,1,0
Bendtsen et al. 2017,10.1002/jbm.a.36036,2.0,2.5,0.2,0.12,0.0,0.0,0.0,0.0,0,0.0,0.0,0,0.0,0,0.0,0,0,0,0.0,0,0,0.0,0,0,0,0.0,0.0,0,0.9,0.0,0,0,0.0,0,0,0.0,0.0,0.0,0,0,0.0,0,0.0,0,0,0,0,0,0,0,0,0,0.0,0.0,0.0,0,0,0.0,0.0,0.0,0.0,3600.0,0,,,,,430.0,,25.0,25.0,1,1,1,4.82,5,0.0,0.0,1,0
Bendtsen et al. 2017,10.1002/jbm.a.36036,2.5,2.5,0.2,0.15,0.0,0.0,0.0,0.0,0,0.0,0.0,0,0.0,0,0.0,0,0,0,0.0,0,0,0.0,0,0,0,0.0,0.0,0,0.9,0.0,0,0,0.0,0,0,0.0,0.0,0.0,0,0,0.0,0,0.0,0,0,0,0,0,0,0,0,0,0.0,0.0,0.0,0,0,0.0,0.0,0.0,0.0,3600.0,0,,,,,430.0,,25.0,25.0,3,1,3,5.3500000000000005,5,0.0,0.0,1,0
Bendtsen et al. 2017,10.1002/jbm.a.36036,2.5,2.5,0.2,0.15,0.0,0.0,0.0,0.0,0,0.0,0.0,0,0.0,0,0.0,0,0,0,0.0,0,0,0.0,0,0,0,0.0,0.0,0,0.9,0.72,0,0,0.0,0,0,0.0,0.0,0.0,0,0,0.0,0,0.0,0,0,0,0,0,0,0,0,0,0.0,0.0,0.0,0,0,0.0,0.0,0.0,0.0,3600.0,0,,,,,430.0,,25.0,25.0,3,1,3,5.3500000000000005,6,0.0,0.0,1,0
Bendtsen et al. 2017,10.1002/jbm.a.36036,2.5,2.5,0.2,0.15,0.0,0.0,0.0,0.0,0,0.0,0.0,0,0.0,0,0.0,0,0,0,0.0,0,0,0.0,0,0,0,0.0,0.0,0,0.9,0.72,0,0,0.0,0,0,0.0,0.0,0.0,0,0,0.0,0,0.0,0,0,0,0,0,0,0,0,0,0.0,0.0,0.0,0,0,0.0,0.0,0.0,250000.0,3600.0,0,,,,,430.0,,25.0,25.0,3,3,9,5.3500000000000005,6,0.0,0.0,1,1
Bendtsen et al. 2017,10.1002/jbm.a.36036,2.5,2.5,0.2,0.15,0.0,0.0,0.0,0.0,0,0.0,0.0,0,0.0,0,0.0,0,0,0,0.0,0,0,0.0,0,0,0,0.0,0.0,0,0.9,0.72,0,0,0.0,0,0,0.0,0.0,0.0,0,0,0.0,0,0.0,0,0,0,0,0,0,0,0,0,0.0,0.0,0.0,0,0,0.0,0.0,0.0,250000.0,3600.0,0,,,,,430.0,,25.0,25.0,3,5,15,5.3500000000000005,6,0.0,0.0,1,1
Bendtsen et al. 2017,10.1002/jbm.a.36036,2.5,0.0,0.2,0.15,0.0,0.0,0.0,0.0,0,0.0,0.0,0,0.0,0,0.0,0,0,0,0.0,0,0,0.0,0,0,0,0.0,0.0,0,0.9,0.0,0,0,0.0,0,0,0.0,0.0,0.0,0,0,0.0,0,0.0,0,0,0,0,0,0,0,0,0,0.0,0.0,0.0,0,0,0.0,0.0,0.0,0.0,3600.0,0,,,,,430.0,,25.0,25.0,1,1,1,2.85,4,0.0,0.0,0,0
Blaeser et al. 2013,10.1089/biores.2013.0031,3.0,0.0,0.0,0.0,0.0,0.0,0.0,0.0,0,0.0,0.0,0,0.0,0,0.0,0,0,0,0.0,0,0,0.0,0,0,0,0.0,0.0,0,0.05,0.0,0,0,0.0,0,0,0.0,0.0,0.0,0,0,0.0,0,0.0,0,0,0,0,0,0,0,0,0,0.0,0.0,0.0,0,0,0.0,0.0,0.0,2000000.0,0.0,0,,,,2.75,430.0,,36.0,25.0,3,3,9,3.0,2,0.0,0.0,0,1
Blaeser et al. 2013,10.1089/biores.2013.0031,3.0,0.0,0.0,0.0,0.0,0.0,0.0,0.0,0,0.0,0.0,0,0.0,0,0.0,0,0,0,0.0,0,0,0.0,0,0,0,0.0,0.0,0,0.05,0.0,0,0,0.0,0,0,0.0,0.0,0.0,0,0,0.0,0,0.0,0,0,0,0,0,0,0,0,0,0.0,0.0,0.0,0,0,0.0,0.0,0.0,2000000.0,0.0,0,,,,2.75,430.0,,36.0,22.0,3,5,15,3.0,2,0.0,0.0,0,1
Blaeser et al. 2013,10.1089/biores.2013.0031,0.0,0.0,0.0,0.0,0.0,0.0,0.0,0.0,0,0.0,0.0,0,0.0,0,0.0,0,0,0,0.0,0,0,0.0,0,0,0,3.0,0.0,0,0.0,0.0,0,0,0.0,0,0,0.0,0.0,0.0,0,0,0.0,0,0.0,0,0,0,0,0,0,0,0,0,0.0,0.0,0.0,0,0,0.0,0.0,0.0,5000000.0,0.0,0,,,,2.75,430.0,,39.0,22.0,3,3,9,3.0,1,0.0,0.0,0,1
Blaeser et al. 2013,10.1089/biores.2013.0031,0.0,0.0,0.0,0.0,0.0,0.0,0.0,0.0,0,0.0,0.0,0,0.0,0,0.0,0,0,0,0.0,0,0,0.0,0,0,0,3.0,0.0,0,0.0,0.0,0,0,0.0,0,0,0.0,0.0,0.0,0,0,0.0,0,0.0,0,0,0,0,0,0,0,0,0,0.0,0.0,0.0,0,0,0.0,0.0,0.0,0.0,0.0,0,,,,2.75,430.0,,39.0,22.0,3,1,3,3.0,1,0.0,0.0,0,0
Blaeser et al. 2016,10.1002/adhm.201500677,0.5,0.0,0.0,0.0,0.0,0.0,0.0,0.0,0,0.0,0.0,0,0.0,0,0.0,0,0,0,0.0,0,0,0.0,0,0,0,0.0,0.0,0,0.45,0.0,0,0,0.0,0,0,0.0,0.0,0.0,0,0,0.0,0,0.0,0,0,0,0,0,0,0,0,0,0.0,0.0,0.0,0,0,0.0,0.0,0.0,1000000.0,0.0,0,50.0,,,,150.0,,20.0,22.0,2,3,6,0.5,2,0.0,0.0,0,1
Blaeser et al. 2016,10.1002/adhm.201500677,0.5,0.0,0.0,0.0,0.0,0.0,0.0,0.0,0,0.0,0.0,0,0.0,0,0.0,0,0,0,0.0,0,0,0.0,0,0,0,0.0,0.0,0,0.45,0.0,0,0,0.0,0,0,0.0,0.0,0.0,0,0,0.0,0,0.0,0,0,0,0,0,0,0,0,0,0.0,0.0,0.0,0,0,0.0,0.0,0.0,1000000.0,0.0,0,50.0,,,,150.0,,20.0,22.0,2,3,6,0.5,2,0.0,0.0,0,1
Blaeser et al. 2016,10.1002/adhm.201500677,0.5,0.0,0.0,0.0,0.0,0.0,0.0,0.0,0,0.0,0.0,0,0.0,0,0.0,0,0,0,0.0,0,0,0.0,0,0,0,0.0,0.0,0,0.45,0.0,0,0,0.0,0,0,0.0,0.0,0.0,0,0,0.0,0,0.0,0,0,0,0,0,0,0,0,0,0.0,0.0,0.0,0,0,0.0,0.0,0.0,1000000.0,0.0,0,50.0,,,,150.0,,20.0,22.0,2,2,4,0.5,2,0.0,0.0,0,1
Blaeser et al. 2016,10.1002/adhm.201500677,0.5,0.0,0.0,0.0,0.0,0.0,0.0,0.0,0,0.0,0.0,0,0.0,0,0.0,0,0,0,0.0,0,0,0.0,0,0,0,0.0,0.0,0,0.45,0.0,0,0,0.0,0,0,0.0,0.0,0.0,0,0,0.0,0,0.0,0,0,0,0,0,0,0,0,0,0.0,0.0,0.0,0,0,0.0,0.0,0.0,1000000.0,0.0,0,50.0,,,,150.0,,20.0,22.0,2,3,6,0.5,2,0.0,0.0,0,1
Blaeser et al. 2016,10.1002/adhm.201500677,0.5,0.0,0.0,0.0,0.0,0.0,0.0,0.0,0,0.0,0.0,0,0.0,0,0.0,0,0,0,0.0,0,0,0.0,0,0,0,0.0,0.0,0,0.45,0.0,0,0,0.0,0,0,0.0,0.0,0.0,0,0,0.0,0,0.0,0,0,0,0,0,0,0,0,0,0.0,0.0,0.0,0,0,0.0,0.0,0.0,1000000.0,0.0,0,50.0,,,,150.0,,20.0,22.0,2,3,6,0.5,2,0.0,0.0,0,1
Blaeser et al. 2016,10.1002/adhm.201500677,0.5,0.0,0.0,0.0,0.0,0.0,0.0,0.0,0,0.0,0.0,0,0.0,0,0.0,0,0,0,0.0,0,0,0.0,0,0,0,0.0,0.0,0,0.45,0.0,0,0,0.0,0,0,0.0,0.0,0.0,0,0,0.0,0,0.0,0,0,0,0,0,0,0,0,0,0.0,0.0,0.0,0,0,0.0,0.0,0.0,1000000.0,0.0,0,50.0,,,,150.0,,20.0,22.0,2,3,6,0.5,2,0.0,0.0,0,1
Blaeser et al. 2016,10.1002/adhm.201500677,0.5,0.0,0.0,0.0,0.0,0.0,0.0,0.0,0,0.0,0.0,0,0.0,0,0.0,0,0,0,0.0,0,0,0.0,0,0,0,0.0,0.0,0,0.45,0.0,0,0,0.0,0,0,0.0,0.0,0.0,0,0,0.0,0,0.0,0,0,0,0,0,0,0,0,0,0.0,0.0,0.0,0,0,0.0,0.0,0.0,1000000.0,0.0,0,50.0,,,,150.0,,20.0,22.0,2,3,6,0.5,2,0.0,0.0,0,1
Blaeser et al. 2016,10.1002/adhm.201500677,0.5,0.0,0.0,0.0,0.0,0.0,0.0,0.0,0,0.0,0.0,0,0.0,0,0.0,0,0,0,0.0,0,0,0.0,0,0,0,0.0,0.0,0,0.45,0.0,0,0,0.0,0,0,0.0,0.0,0.0,0,0,0.0,0,0.0,0,0,0,0,0,0,0,0,0,0.0,0.0,0.0,0,0,0.0,0.0,0.0,1000000.0,0.0,0,50.0,,,,150.0,,20.0,22.0,2,3,6,0.5,2,0.0,0.0,0,1
Blaeser et al. 2016,10.1002/adhm.201500677,0.5,0.0,0.0,0.0,0.0,0.0,0.0,0.0,0,0.0,0.0,0,0.0,0,0.0,0,0,0,0.0,0,0,0.0,0,0,0,0.0,0.0,0,0.45,0.0,0,0,0.0,0,0,0.0,0.0,0.0,0,0,0.0,0,0.0,0,0,0,0,0,0,0,0,0,0.0,0.0,0.0,0,0,0.0,0.0,0.0,1000000.0,0.0,0,50.0,,,,150.0,,20.0,22.0,2,3,6,0.5,2,0.0,0.0,0,1
Blaeser et al. 2016,10.1002/adhm.201500677,0.5,0.0,0.0,0.0,0.0,0.0,0.0,0.0,0,0.0,0.0,0,0.0,0,0.0,0,0,0,0.0,0,0,0.0,0,0,0,0.0,0.0,0,0.45,0.0,0,0,0.0,0,0,0.0,0.0,0.0,0,0,0.0,0,0.0,0,0,0,0,0,0,0,0,0,0.0,0.0,0.0,0,0,0.0,0.0,0.0,0.0,0.0,0,100.0,,,,150.0,,20.0,22.0,1,1,1,0.5,2,0.0,0.0,0,0
Blaeser et al. 2016,10.1002/adhm.201500677,0.5,0.0,0.0,0.0,0.0,0.0,0.0,0.0,0,0.0,0.0,0,0.0,0,0.0,0,0,0,0.0,0,0,0.0,0,0,0,0.0,0.0,0,0.45,0.0,0,0,0.0,0,0,0.0,0.0,0.0,0,0,0.0,0,0.0,0,0,0,0,0,0,0,0,0,0.0,0.0,0.0,0,0,0.0,0.0,0.0,10000000.0,0.0,0,100.0,,,,150.0,,20.0,22.0,1,1,1,0.5,2,0.0,0.0,0,1
Blaeser et al. 2016,10.1002/adhm.201500677,1.0,0.0,0.0,0.0,0.0,0.0,0.0,0.0,0,0.0,0.0,0,0.0,0,0.0,0,0,0,0.0,0,0,0.0,0,0,0,0.0,0.0,0,0.45,0.0,0,0,0.0,0,0,0.0,0.0,0.0,0,0,0.0,0,0.0,0,0,0,0,0,0,0,0,0,0.0,0.0,0.0,0,0,0.0,0.0,0.0,0.0,0.0,0,100.0,,,,150.0,,20.0,22.0,1,1,1,1.0,2,0.0,0.0,0,0
Blaeser et al. 2016,10.1002/adhm.201500677,1.0,0.0,0.0,0.0,0.0,0.0,0.0,0.0,0,0.0,0.0,0,0.0,0,0.0,0,0,0,0.0,0,0,0.0,0,0,0,0.0,0.0,0,0.45,0.0,0,0,0.0,0,0,0.0,0.0,0.0,0,0,0.0,0,0.0,0,0,0,0,0,0,0,0,0,0.0,0.0,0.0,0,0,0.0,0.0,0.0,1000000.0,0.0,0,100.0,,,,150.0,,20.0,22.0,1,1,1,1.0,2,0.0,0.0,0,1
Blaeser et al. 2016,10.1002/adhm.201500677,1.0,0.0,0.0,0.0,0.0,0.0,0.0,0.0,0,0.0,0.0,0,0.0,0,0.0,0,0,0,0.0,0,0,0.0,0,0,0,0.0,0.0,0,0.45,0.0,0,0,0.0,0,0,0.0,0.0,0.0,0,0,0.0,0,0.0,0,0,0,0,0,0,0,0,0,0.0,0.0,0.0,0,0,0.0,0.0,0.0,10000000.0,0.0,0,100.0,,,,150.0,,20.0,22.0,1,1,1,1.0,2,0.0,0.0,0,1
Blaeser et al. 2016,10.1002/adhm.201500677,1.5,0.0,0.0,0.0,0.0,0.0,0.0,0.0,0,0.0,0.0,0,0.0,0,0.0,0,0,0,0.0,0,0,0.0,0,0,0,0.0,0.0,0,0.45,0.0,0,0,0.0,0,0,0.0,0.0,0.0,0,0,0.0,0,0.0,0,0,0,0,0,0,0,0,0,0.0,0.0,0.0,0,0,0.0,0.0,0.0,0.0,0.0,0,100.0,,,,150.0,,20.0,22.0,1,1,1,1.5,2,0.0,0.0,0,0
Blaeser et al. 2016,10.1002/adhm.201500677,1.5,0.0,0.0,0.0,0.0,0.0,0.0,0.0,0,0.0,0.0,0,0.0,0,0.0,0,0,0,0.0,0,0,0.0,0,0,0,0.0,0.0,0,0.45,0.0,0,0,0.0,0,0,0.0,0.0,0.0,0,0,0.0,0,0.0,0,0,0,0,0,0,0,0,0,0.0,0.0,0.0,0,0,0.0,0.0,0.0,1000000.0,0.0,0,100.0,,,,150.0,,20.0,22.0,1,1,1,1.5,2,0.0,0.0,0,1
Blaeser et al. 2016,10.1002/adhm.201500677,1.5,0.0,0.0,0.0,0.0,0.0,0.0,0.0,0,0.0,0.0,0,0.0,0,0.0,0,0,0,0.0,0,0,0.0,0,0,0,0.0,0.0,0,0.45,0.0,0,0,0.0,0,0,0.0,0.0,0.0,0,0,0.0,0,0.0,0,0,0,0,0,0,0,0,0,0.0,0.0,0.0,0,0,0.0,0.0,0.0,10000000.0,0.0,0,100.0,,,,150.0,,20.0,22.0,1,1,1,1.5,2,0.0,0.0,0,1
Blaeser et al. 2016,10.1002/adhm.201500677,0.0,0.0,0.0,0.0,5.0,0.0,0.0,0.0,0,0.0,0.0,0,0.0,0,0.0,0,0,0,0.0,0,0,0.0,0,0,0,0.5,0.0,0,0.0,0.0,0,0,0.0,0,0,0.0,0.0,0.0,0,0,0.0,0,0.0,0,0,0,0,0,0,0,0,0,0.0,0.0,0.0,0,0,0.0,0.0,0.0,0.0,0.0,0,100.0,,,,150.0,,20.0,22.0,3,1,3,5.5,2,0.0,0.0,0,0
Chang et al. 2008 (a),10.1089/ten.tec.2007.0392,3.0,0.0,0.0,0.0,0.0,0.0,0.0,0.0,0,0.0,0.0,0,0.0,0,0.0,0,0,0,0.0,0,0,0.0,0,0,0,0.0,0.0,0,0.0,0.0,0,0,0.0,0,0,0.0,0.0,0.0,0,0,0.0,0,0.0,0,0,0,0,0,0,0,0,0,0.0,0.0,0.0,0,0,0.0,0.0,0.0,1000000.0,0.0,0,13.789,,7e-05,,200.0,,22.0,22.0,3,3,9,3.0,1,0.0,0.0,0,1
Chang et al. 2008 (a),10.1089/ten.tec.2007.0392,3.0,0.0,0.0,0.0,0.0,0.0,0.0,0.0,0,0.0,0.0,0,0.0,0,0.0,0,0,0,0.0,0,0,0.0,0,0,0,0.0,0.0,0,0.0,0.0,0,0,0.0,0,0,0.0,0.0,0.0,0,0,0.0,0,0.0,0,0,0,0,0,0,0,0,0,0.0,0.0,0.0,0,0,0.0,0.0,0.0,1000000.0,0.0,0,9.65266,,4e-06,,250.0,,22.0,22.0,3,3,9,3.0,1,0.0,0.0,0,1
Chang et al. 2008 (a),10.1089/ten.tec.2007.0392,3.0,0.0,0.0,0.0,0.0,0.0,0.0,0.0,0,0.0,0.0,0,0.0,0,0.0,0,0,0,0.0,0,0,0.0,0,0,0,0.0,0.0,0,454.0,0.0,0,0,0.0,0,0,0.0,0.0,0.0,0,0,0.0,0,0.0,0,0,0,0,0,0,0,0,0,0.0,0.0,0.0,0,0,0.0,0.0,0.0,1000000.0,0.0,0,9.65266,,4e-06,,250.0,,22.0,22.0,3,3,9,3.0,2,0.0,0.0,0,1
Chang et al. 2008 (a),10.1089/ten.tec.2007.0392,3.0,0.0,0.0,0.0,0.0,0.0,0.0,0.0,0,0.0,0.0,0,0.0,0,0.0,0,0,0,0.0,0,0,0.0,0,0,0,0.0,0.0,0,0.0,0.0,0,0,0.0,0,0,0.0,0.0,0.0,0,0,0.0,0,0.0,0,0,0,0,0,0,0,0,0,0.0,0.0,0.0,0,0,0.0,0.0,0.0,1000000.0,0.0,0,9.65266,,4e-06,,250.0,,22.0,22.0,3,3,9,3.0,1,0.0,0.0,0,1
Chang et al. 2008 (a),10.1089/ten.tec.2007.0392,3.0,0.0,0.0,0.0,0.0,0.0,0.0,0.0,0,0.0,0.0,0,0.0,0,0.0,0,0,0,0.0,0,0,0.0,0,0,0,0.0,0.0,0,454.0,0.0,0,0,0.0,0,0,0.0,0.0,0.0,0,0,0.0,0,0.0,0,0,0,0,0,0,0,0,0,0.0,0.0,0.0,0,0,0.0,0.0,0.0,1000000.0,0.0,0,82.737,,4e-06,,410.0,,22.0,22.0,3,3,9,3.0,2,0.0,0.0,0,1
Chang et al. 2008 (a),10.1089/ten.tec.2007.0392,3.0,0.0,0.0,0.0,0.0,0.0,0.0,0.0,0,0.0,0.0,0,0.0,0,0.0,0,0,0,0.0,0,0,0.0,0,0,0,0.0,0.0,0,454.0,0.0,0,0,0.0,0,0,0.0,0.0,0.0,0,0,0.0,0,0.0,0,0,0,0,0,0,0,0,0,0.0,0.0,0.0,0,0,0.0,0.0,0.0,1000000.0,0.0,0,82.737,,4e-06,,410.0,,22.0,22.0,3,5,15,3.0,2,0.0,0.0,0,1
Chang et al. 2008 (a),10.1089/ten.tec.2007.0392,3.0,0.0,0.0,0.0,0.0,0.0,0.0,0.0,0,0.0,0.0,0,0.0,0,0.0,0,0,0,0.0,0,0,0.0,0,0,0,0.0,0.0,0,454.0,0.0,0,0,0.0,0,0,0.0,0.0,0.0,0,0,0.0,0,0.0,0,0,0,0,0,0,0,0,0,0.0,0.0,0.0,0,0,0.0,0.0,0.0,1000000.0,0.0,0,82.737,,4e-06,,250.0,,22.0,22.0,3,3,9,3.0,2,0.0,0.0,0,1
Chang et al. 2008 (a),10.1089/ten.tec.2007.0392,3.0,0.0,0.0,0.0,0.0,0.0,0.0,0.0,0,0.0,0.0,0,0.0,0,0.0,0,0,0,0.0,0,0,0.0,0,0,0,0.0,0.0,0,454.0,0.0,0,0,0.0,0,0,0.0,0.0,0.0,0,0,0.0,0,0.0,0,0,0,0,0,0,0,0,0,0.0,0.0,0.0,0,0,0.0,0.0,0.0,1000000.0,0.0,0,82.737,,4e-06,,250.0,,22.0,22.0,3,5,15,3.0,2,0.0,0.0,0,1
Chang et al. 2008 (a),10.1089/ten.tec.2007.0392,3.0,0.0,0.0,0.0,0.0,0.0,0.0,0.0,0,0.0,0.0,0,0.0,0,0.0,0,0,0,0.0,0,0,0.0,0,0,0,0.0,0.0,0,454.0,0.0,0,0,0.0,0,0,0.0,0.0,0.0,0,0,0.0,0,0.0,0,0,0,0,0,0,0,0,0,0.0,0.0,0.0,0,0,0.0,0.0,0.0,1000000.0,0.0,0,82.737,,4e-06,,100.0,,22.0,22.0,3,3,9,3.0,2,0.0,0.0,0,1
Chang et al. 2008 (a),10.1089/ten.tec.2007.0392,3.0,0.0,0.0,0.0,0.0,0.0,0.0,0.0,0,0.0,0.0,0,0.0,0,0.0,0,0,0,0.0,0,0,0.0,0,0,0,0.0,0.0,0,454.0,0.0,0,0,0.0,0,0,0.0,0.0,0.0,0,0,0.0,0,0.0,0,0,0,0,0,0,0,0,0,0.0,0.0,0.0,0,0,0.0,0.0,0.0,1000000.0,0.0,0,82.737,,4e-06,,100.0,,22.0,22.0,3,5,15,3.0,2,0.0,0.0,0,1
Chang et al. 2008 (a),10.1089/ten.tec.2007.0392,3.0,0.0,0.0,0.0,0.0,0.0,0.0,0.0,0,0.0,0.0,0,0.0,0,0.0,0,0,0,0.0,0,0,0.0,0,0,0,0.0,0.0,0,454.0,0.0,0,0,0.0,0,0,0.0,0.0,0.0,0,0,0.0,0,0.0,0,0,0,0,0,0,0,0,0,0.0,0.0,0.0,0,0,0.0,0.0,0.0,1000000.0,0.0,0,55.158,,4e-06,,410.0,,22.0,22.0,3,3,9,3.0,2,0.0,0.0,0,1
Chang et al. 2008 (a),10.1089/ten.tec.2007.0392,3.0,0.0,0.0,0.0,0.0,0.0,0.0,0.0,0,0.0,0.0,0,0.0,0,0.0,0,0,0,0.0,0,0,0.0,0,0,0,0.0,0.0,0,454.0,0.0,0,0,0.0,0,0,0.0,0.0,0.0,0,0,0.0,0,0.0,0,0,0,0,0,0,0,0,0,0.0,0.0,0.0,0,0,0.0,0.0,0.0,1000000.0,0.0,0,55.158,,4e-06,,410.0,,22.0,22.0,3,5,15,3.0,2,0.0,0.0,0,1
Chang et al. 2008 (a),10.1089/ten.tec.2007.0392,3.0,0.0,0.0,0.0,0.0,0.0,0.0,0.0,0,0.0,0.0,0,0.0,0,0.0,0,0,0,0.0,0,0,0.0,0,0,0,0.0,0.0,0,454.0,0.0,0,0,0.0,0,0,0.0,0.0,0.0,0,0,0.0,0,0.0,0,0,0,0,0,0,0,0,0,0.0,0.0,0.0,0,0,0.0,0.0,0.0,1000000.0,0.0,0,55.158,,4e-06,,250.0,,22.0,22.0,3,3,9,3.0,2,0.0,0.0,0,1
Chang et al. 2008 (a),10.1089/ten.tec.2007.0392,3.0,0.0,0.0,0.0,0.0,0.0,0.0,0.0,0,0.0,0.0,0,0.0,0,0.0,0,0,0,0.0,0,0,0.0,0,0,0,0.0,0.0,0,454.0,0.0,0,0,0.0,0,0,0.0,0.0,0.0,0,0,0.0,0,0.0,0,0,0,0,0,0,0,0,0,0.0,0.0,0.0,0,0,0.0,0.0,0.0,1000000.0,0.0,0,55.158,,4e-06,,250.0,,22.0,22.0,3,5,15,3.0,2,0.0,0.0,0,1
Chang et al. 2008 (a),10.1089/ten.tec.2007.0392,3.0,0.0,0.0,0.0,0.0,0.0,0.0,0.0,0,0.0,0.0,0,0.0,0,0.0,0,0,0,0.0,0,0,0.0,0,0,0,0.0,0.0,0,454.0,0.0,0,0,0.0,0,0,0.0,0.0,0.0,0,0,0.0,0,0.0,0,0,0,0,0,0,0,0,0,0.0,0.0,0.0,0,0,0.0,0.0,0.0,1000000.0,0.0,0,27.59,,4e-06,,410.0,,22.0,22.0,3,3,9,3.0,2,0.0,0.0,0,1
Chang et al. 2008 (a),10.1089/ten.tec.2007.0392,3.0,0.0,0.0,0.0,0.0,0.0,0.0,0.0,0,0.0,0.0,0,0.0,0,0.0,0,0,0,0.0,0,0,0.0,0,0,0,0.0,0.0,0,454.0,0.0,0,0,0.0,0,0,0.0,0.0,0.0,0,0,0.0,0,0.0,0,0,0,0,0,0,0,0,0,0.0,0.0,0.0,0,0,0.0,0.0,0.0,1000000.0,0.0,0,27.59,,4e-06,,410.0,,22.0,22.0,3,5,15,3.0,2,0.0,0.0,0,1
Chang et al. 2008 (a),10.1089/ten.tec.2007.0392,3.0,0.0,0.0,0.0,0.0,0.0,0.0,0.0,0,0.0,0.0,0,0.0,0,0.0,0,0,0,0.0,0,0,0.0,0,0,0,0.0,0.0,0,454.0,0.0,0,0,0.0,0,0,0.0,0.0,0.0,0,0,0.0,0,0.0,0,0,0,0,0,0,0,0,0,0.0,0.0,0.0,0,0,0.0,0.0,0.0,1000000.0,0.0,0,27.59,,4e-06,,250.0,,22.0,22.0,3,3,9,3.0,2,0.0,0.0,0,1
Chang et al. 2008 (a),10.1089/ten.tec.2007.0392,3.0,0.0,0.0,0.0,0.0,0.0,0.0,0.0,0,0.0,0.0,0,0.0,0,0.0,0,0,0,0.0,0,0,0.0,0,0,0,0.0,0.0,0,454.0,0.0,0,0,0.0,0,0,0.0,0.0,0.0,0,0,0.0,0,0.0,0,0,0,0,0,0,0,0,0,0.0,0.0,0.0,0,0,0.0,0.0,0.0,1000000.0,0.0,0,27.59,,4e-06,,250.0,,22.0,22.0,3,5,15,3.0,2,0.0,0.0,0,1
Chang et al. 2008 (b),10.1089/ten.a.2007.0004,3.0,0.0,0.0,0.0,0.0,0.0,0.0,0.0,0,0.0,0.0,0,0.0,0,0.0,0,0,0,0.0,0,0,0.0,0,0,0,0.0,0.0,0,454.0,0.0,0,0,0.0,0,0,0.0,0.0,0.0,0,0,0.0,0,0.0,0,0,0,0,0,0,0,0,0,0.0,0.0,0.0,0,0,0.0,0.0,0.0,1000000.0,300.0,0,275.79,,,,250.0,,22.0,22.0,3,3,9,3.0,2,0.0,0.0,0,1
Chang et al. 2008 (b),10.1089/ten.a.2007.0004,3.0,0.0,0.0,0.0,0.0,0.0,0.0,0.0,0,0.0,0.0,0,0.0,0,0.0,0,0,0,0.0,0,0,0.0,0,0,0,0.0,0.0,0,454.0,0.0,0,0,0.0,0,0,0.0,0.0,0.0,0,0,0.0,0,0.0,0,0,0,0,0,0,0,0,0,0.0,0.0,0.0,0,0,0.0,0.0,0.0,1000000.0,300.0,0,275.79,,,,400.0,,22.0,22.0,3,3,9,3.0,2,0.0,0.0,0,1
Chang et al. 2008 (b),10.1089/ten.a.2007.0004,3.0,0.0,0.0,0.0,0.0,0.0,0.0,0.0,0,0.0,0.0,0,0.0,0,0.0,0,0,0,0.0,0,0,0.0,0,0,0,0.0,0.0,0,454.0,0.0,0,0,0.0,0,0,0.0,0.0,0.0,0,0,0.0,0,0.0,0,0,0,0,0,0,0,0,0,0.0,0.0,0.0,0,0,0.0,0.0,0.0,1000000.0,300.0,0,275.79,,,,150.0,,22.0,22.0,3,3,9,3.0,2,0.0,0.0,0,1
Chang et al. 2008 (b),10.1089/ten.a.2007.0004,3.0,0.0,0.0,0.0,0.0,0.0,0.0,0.0,0,0.0,0.0,0,0.0,0,0.0,0,0,0,0.0,0,0,0.0,0,0,0,0.0,0.0,0,454.0,0.0,0,0,0.0,0,0,0.0,0.0,0.0,0,0,0.0,0,0.0,0,0,0,0,0,0,0,0,0,0.0,0.0,0.0,0,0,0.0,0.0,0.0,1000000.0,300.0,0,275.79,,,,250.0,,22.0,22.0,3,5,15,3.0,2,0.0,0.0,0,1
Chang et al. 2008 (b),10.1089/ten.a.2007.0004,3.0,0.0,0.0,0.0,0.0,0.0,0.0,0.0,0,0.0,0.0,0,0.0,0,0.0,0,0,0,0.0,0,0,0.0,0,0,0,0.0,0.0,0,454.0,0.0,0,0,0.0,0,0,0.0,0.0,0.0,0,0,0.0,0,0.0,0,0,0,0,0,0,0,0,0,0.0,0.0,0.0,0,0,0.0,0.0,0.0,1000000.0,300.0,0,275.79,,,,400.0,,22.0,22.0,3,5,15,3.0,2,0.0,0.0,0,1
Chang et al. 2008 (b),10.1089/ten.a.2007.0004,3.0,0.0,0.0,0.0,0.0,0.0,0.0,0.0,0,0.0,0.0,0,0.0,0,0.0,0,0,0,0.0,0,0,0.0,0,0,0,0.0,0.0,0,454.0,0.0,0,0,0.0,0,0,0.0,0.0,0.0,0,0,0.0,0,0.0,0,0,0,0,0,0,0,0,0,0.0,0.0,0.0,0,0,0.0,0.0,0.0,1000000.0,300.0,0,275.79,,,,150.0,,22.0,22.0,3,5,15,3.0,2,0.0,0.0,0,1
Chang et al. 2008 (b),10.1089/ten.a.2007.0004,3.0,0.0,0.0,0.0,0.0,0.0,0.0,0.0,0,0.0,0.0,0,0.0,0,0.0,0,0,0,0.0,0,0,0.0,0,0,0,0.0,0.0,0,454.0,0.0,0,0,0.0,0,0,0.0,0.0,0.0,0,0,0.0,0,0.0,0,0,0,0,0,0,0,0,0,0.0,0.0,0.0,0,0,0.0,0.0,0.0,1000000.0,300.0,0,34.4738,,,,150.0,,22.0,22.0,3,3,9,3.0,2,0.0,0.0,0,1
Chang et al. 2008 (b),10.1089/ten.a.2007.0004,3.0,0.0,0.0,0.0,0.0,0.0,0.0,0.0,0,0.0,0.0,0,0.0,0,0.0,0,0,0,0.0,0,0,0.0,0,0,0,0.0,0.0,0,454.0,0.0,0,0,0.0,0,0,0.0,0.0,0.0,0,0,0.0,0,0.0,0,0,0,0,0,0,0,0,0,0.0,0.0,0.0,0,0,0.0,0.0,0.0,1000000.0,300.0,0,68.9476,,,,150.0,,22.0,22.0,3,3,9,3.0,2,0.0,0.0,0,1
Chang et al. 2008 (b),10.1089/ten.a.2007.0004,3.0,0.0,0.0,0.0,0.0,0.0,0.0,0.0,0,0.0,0.0,0,0.0,0,0.0,0,0,0,0.0,0,0,0.0,0,0,0,0.0,0.0,0,454.0,0.0,0,0,0.0,0,0,0.0,0.0,0.0,0,0,0.0,0,0.0,0,0,0,0,0,0,0,0,0,0.0,0.0,0.0,0,0,0.0,0.0,0.0,1000000.0,300.0,0,137.895,,,,150.0,,22.0,22.0,3,3,9,3.0,2,0.0,0.0,0,1
Chang et al. 2008 (b),10.1089/ten.a.2007.0004,3.0,0.0,0.0,0.0,0.0,0.0,0.0,0.0,0,0.0,0.0,0,0.0,0,0.0,0,0,0,0.0,0,0,0.0,0,0,0,0.0,0.0,0,454.0,0.0,0,0,0.0,0,0,0.0,0.0,0.0,0,0,0.0,0,0.0,0,0,0,0,0,0,0,0,0,0.0,0.0,0.0,0,0,0.0,0.0,0.0,1000000.0,300.0,0,275.79,,,,150.0,,22.0,22.0,3,3,9,3.0,2,0.0,0.0,0,1
Chang et al. 2008 (b),10.1089/ten.a.2007.0004,3.0,0.0,0.0,0.0,0.0,0.0,0.0,0.0,0,0.0,0.0,0,0.0,0,0.0,0,0,0,0.0,0,0,0.0,0,0,0,0.0,0.0,0,454.0,0.0,0,0,0.0,0,0,0.0,0.0,0.0,0,0,0.0,0,0.0,0,0,0,0,0,0,0,0,0,0.0,0.0,0.0,0,0,0.0,0.0,0.0,1000000.0,300.0,0,34.4738,,,,150.0,,22.0,22.0,3,5,15,3.0,2,0.0,0.0,0,1
Chang et al. 2008 (b),10.1089/ten.a.2007.0004,3.0,0.0,0.0,0.0,0.0,0.0,0.0,0.0,0,0.0,0.0,0,0.0,0,0.0,0,0,0,0.0,0,0,0.0,0,0,0,0.0,0.0,0,454.0,0.0,0,0,0.0,0,0,0.0,0.0,0.0,0,0,0.0,0,0.0,0,0,0,0,0,0,0,0,0,0.0,0.0,0.0,0,0,0.0,0.0,0.0,1000000.0,300.0,0,68.9476,,,,150.0,,22.0,22.0,3,5,15,3.0,2,0.0,0.0,0,1
Chang et al. 2008 (b),10.1089/ten.a.2007.0004,3.0,0.0,0.0,0.0,0.0,0.0,0.0,0.0,0,0.0,0.0,0,0.0,0,0.0,0,0,0,0.0,0,0,0.0,0,0,0,0.0,0.0,0,454.0,0.0,0,0,0.0,0,0,0.0,0.0,0.0,0,0,0.0,0,0.0,0,0,0,0,0,0,0,0,0,0.0,0.0,0.0,0,0,0.0,0.0,0.0,1000000.0,300.0,0,137.895,,,,150.0,,22.0,22.0,3,5,15,3.0,2,0.0,0.0,0,1
Chang et al. 2008 (b),10.1089/ten.a.2007.0004,3.0,0.0,0.0,0.0,0.0,0.0,0.0,0.0,0,0.0,0.0,0,0.0,0,0.0,0,0,0,0.0,0,0,0.0,0,0,0,0.0,0.0,0,454.0,0.0,0,0,0.0,0,0,0.0,0.0,0.0,0,0,0.0,0,0.0,0,0,0,0,0,0,0,0,0,0.0,0.0,0.0,0,0,0.0,0.0,0.0,1000000.0,300.0,0,275.79,,,,150.0,,22.0,22.0,3,5,15,3.0,2,0.0,0.0,0,1
Dai et al. 2016,10.1088/1758-5090/8/4/045005,1.0,0.0,0.0,0.0,10.0,0.0,0.0,0.0,0,0.0,0.0,0,1.0,0,0.0,0,0,0,0.0,0,0,0.0,0,0,0,0.0,0.0,0,0.0,0.0,0,0,0.0,0,0,1.0,0.0,0.0,0,0,0.0,0,0.0,0,0,0,0,0,0,0,0,0,0.0,0.0,0.0,0,0,0.0,0.0,0.0,5000000.0,0.0,0,,,,,260.0,,25.0,4.0,3,3,9,13.0,4,0.0,0.0,1,1
Dai et al. 2016,10.1088/1758-5090/8/4/045005,1.0,0.0,0.0,0.0,10.0,0.0,0.0,0.0,0,0.0,0.0,0,1.0,0,0.0,0,0,0,0.0,0,0,0.0,0,0,0,0.0,0.0,0,0.0,0.0,0,0,0.0,0,0,1.0,0.0,0.0,0,0,0.0,0,0.0,0,0,0,0,0,0,0,0,0,0.0,0.0,0.0,0,0,0.0,0.0,0.0,5000000.0,0.0,0,,,,,260.0,,25.0,4.0,3,5,15,13.0,4,0.0,0.0,1,1
Dai et al. 2016,10.1088/1758-5090/8/4/045005,1.0,0.0,0.0,0.0,10.0,0.0,0.0,0.0,0,0.0,0.0,0,1.0,0,0.0,0,0,0,0.0,0,0,0.0,0,0,0,0.0,0.0,0,0.0,0.0,0,0,0.0,0,0,1.0,0.0,0.0,0,0,0.0,0,0.0,0,0,0,0,0,0,0,0,0,0.0,0.0,0.0,0,0,0.0,0.0,0.0,5000000.0,0.0,0,,,,,260.0,,25.0,4.0,3,3,9,13.0,4,0.0,0.0,1,1
Dai et al. 2016,10.1088/1758-5090/8/4/045005,4.0,0.0,0.0,0.0,20.0,0.0,0.0,0.0,0,0.0,0.0,0,4.0,0,0.0,0,0,0,0.0,0,0,0.0,0,0,0,0.0,0.0,0,0.0,0.0,0,0,0.0,0,0,1.0,0.0,0.0,0,0,0.0,0,0.0,0,0,0,0,0,0,0,0,0,0.0,0.0,0.0,0,0,0.0,0.0,0.0,0.0,0.0,0,,,,,260.0,4.0,25.0,4.0,3,1,3,29.0,4,0.0,0.0,1,0
Dai et al. 2016,10.1088/1758-5090/8/4/045005,4.0,0.0,0.0,0.0,20.0,0.0,0.0,0.0,0,0.0,0.0,0,4.0,0,0.0,0,0,0,0.0,0,0,0.0,0,0,0,0.0,0.0,0,0.0,0.0,0,0,0.0,0,0,1.5,0.0,0.0,0,0,0.0,0,0.0,0,0,0,0,0,0,0,0,0,0.0,0.0,0.0,0,0,0.0,0.0,0.0,5000000.0,0.0,0,,,,,260.0,4.0,25.0,4.0,3,3,9,29.5,4,0.0,0.0,1,1
Dai et al. 2016,10.1088/1758-5090/8/4/045005,4.0,0.0,0.0,0.0,20.0,0.0,0.0,0.0,0,0.0,0.0,0,4.0,0,0.0,0,0,0,0.0,0,0,0.0,0,0,0,0.0,0.0,0,0.0,0.0,0,0,0.0,0,0,3.0,0.0,0.0,0,0,0.0,0,0.0,0,0,0,0,0,0,0,0,0,0.0,0.0,0.0,0,0,0.0,0.0,0.0,5000000.0,0.0,0,,,,,260.0,4.0,25.0,4.0,3,3,9,31.0,4,0.0,0.0,1,1
Dai et al. 2016,10.1088/1758-5090/8/4/045005,4.0,0.0,0.0,0.0,20.0,0.0,0.0,0.0,0,0.0,0.0,0,4.0,0,0.0,0,0,0,0.0,0,0,0.0,0,0,0,0.0,0.0,0,0.0,0.0,0,0,0.0,0,0,6.0,0.0,0.0,0,0,0.0,0,0.0,0,0,0,0,0,0,0,0,0,0.0,0.0,0.0,0,0,0.0,0.0,0.0,5000000.0,0.0,0,,,,,260.0,4.0,25.0,4.0,3,3,9,34.0,4,0.0,0.0,1,1
Dai et al. 2016,10.1088/1758-5090/8/4/045005,4.0,0.0,0.0,0.0,20.0,0.0,0.0,0.0,0,0.0,0.0,0,4.0,0,0.0,0,0,0,0.0,0,0,0.0,0,0,0,0.0,0.0,0,135.0,0.0,0,0,0.0,0,0,0.0,0.0,0.0,0,0,0.0,0,0.0,0,0,0,0,0,0,0,0,0,0.0,0.0,0.0,0,0,0.0,0.0,0.0,5000000.0,0.0,0,,,,,260.0,4.0,25.0,4.0,2,2,4,28.0,4,0.0,0.0,1,1
Dai et al. 2016,10.1088/1758-5090/8/4/045005,4.0,0.0,0.0,0.0,20.0,0.0,0.0,0.0,0,0.0,0.0,0,4.0,0,0.0,0,0,0,0.0,0,0,0.0,0,0,0,0.0,0.0,0,270.0,0.0,0,0,0.0,0,0,0.0,0.0,0.0,0,0,0.0,0,0.0,0,0,0,0,0,0,0,0,0,0.0,0.0,0.0,0,0,0.0,0.0,0.0,5000000.0,0.0,0,,,,,260.0,4.0,25.0,4.0,2,2,4,28.0,4,0.0,0.0,1,1
Dai et al. 2016,10.1088/1758-5090/8/4/045005,4.0,0.0,0.0,0.0,20.0,0.0,0.0,0.0,0,0.0,0.0,0,4.0,0,0.0,0,0,0,0.0,0,0,0.0,0,0,0,0.0,0.0,0,540.0,0.0,0,0,0.0,0,0,0.0,0.0,0.0,0,0,0.0,0,0.0,0,0,0,0,0,0,0,0,0,0.0,0.0,0.0,0,0,0.0,0.0,0.0,5000000.0,0.0,0,,,,,260.0,4.0,25.0,4.0,2,2,4,28.0,4,0.0,0.0,1,1
Duin et al. 2019,10.1002/adhm.201801631,3.0,0.0,0.0,0.0,0.0,0.0,0.0,0.0,0,0.0,0.0,0,0.0,0,0.0,0,0,0,0.0,0,0,9.0,0,0,0,0.0,0.0,0,0.0,0.0,0,70,0.0,0,0,0.0,0.0,0.0,0,0,0.0,0,0.0,0,0,0,0,0,0,0,0,0,0.0,0.0,0.0,0,0,0.0,0.0,0.0,45000.0,600.0,0,45.0,,,10.0,840.0,,22.0,22.0,3,3,9,12.0,3,0.0,0.0,0,1
Duin et al. 2019,10.1002/adhm.201801631,3.0,0.0,0.0,0.0,0.0,0.0,0.0,0.0,0,0.0,0.0,0,0.0,0,0.0,0,0,0,0.0,0,0,9.0,0,0,0,0.0,0.0,0,0.0,0.0,0,70,0.0,0,0,0.0,0.0,0.0,0,0,0.0,0,0.0,0,0,0,0,0,0,0,0,0,0.0,0.0,0.0,0,0,0.0,0.0,0.0,45000.0,600.0,0,45.0,,,10.0,840.0,,22.0,22.0,3,5,15,12.0,3,0.0,0.0,0,1
Emmermacher et al. 2020,10.1088/1758-5090/ab7553,3.0,0.0,0.0,0.0,0.0,0.0,0.0,0.0,0,0.0,0.0,0,0.0,0,0.0,0,0,0,0.0,0,0,3.0,0,0,0,1.0,0.0,0,0.0,0.0,0,0,0.0,0,0,0.0,0.0,0.0,0,0,0.0,0,0.0,0,0,0,0,0,0,0,0,0,0.0,0.0,0.0,0,0,0.0,0.0,0.0,10000000.0,0.0,0,150.0,,,,840.0,,22.0,22.0,3,2,6,7.0,3,0.0,0.0,0,1
Emmermacher et al. 2020,10.1088/1758-5090/ab7553,3.0,0.0,0.0,0.0,0.0,0.0,0.0,0.0,0,0.0,0.0,0,0.0,0,0.0,0,0,0,0.0,0,0,3.0,0,0,0,1.0,0.0,0,0.0,0.0,0,0,0.0,0,0,0.0,0.0,0.0,0,0,0.0,0,0.0,0,0,0,0,0,0,0,0,0,0.0,0.0,0.0,0,0,0.0,0.0,0.0,10000000.0,0.0,0,300.0,,,,840.0,,22.0,22.0,3,2,6,7.0,3,0.0,0.0,0,1
Emmermacher et al. 2020,10.1088/1758-5090/ab7553,3.0,0.0,0.0,0.0,0.0,0.0,0.0,0.0,0,0.0,0.0,0,0.0,0,0.0,0,0,0,0.0,0,0,3.0,0,0,0,1.0,0.0,0,0.0,0.0,0,0,0.0,0,0,0.0,0.0,0.0,0,0,0.0,0,0.0,0,0,0,0,0,0,0,0,0,0.0,0.0,0.0,0,0,0.0,0.0,0.0,10000000.0,0.0,0,150.0,,,,250.0,,22.0,22.0,3,2,6,7.0,3,0.0,0.0,0,1
Emmermacher et al. 2020,10.1088/1758-5090/ab7553,3.0,0.0,0.0,0.0,0.0,0.0,0.0,0.0,0,0.0,0.0,0,0.0,0,0.0,0,0,0,0.0,0,0,3.0,0,0,0,1.0,0.0,0,0.0,0.0,0,0,0.0,0,0,0.0,0.0,0.0,0,0,0.0,0,0.0,0,0,0,0,0,0,0,0,0,0.0,0.0,0.0,0,0,0.0,0.0,0.0,10000000.0,0.0,0,300.0,,,,250.0,,22.0,22.0,3,2,6,7.0,3,0.0,0.0,0,1
Emmermacher et al. 2020,10.1088/1758-5090/ab7553,3.0,0.0,0.0,0.0,0.0,0.0,0.0,0.0,0,0.0,0.0,0,0.0,0,0.0,0,0,0,0.0,0,0,3.0,0,0,0,1.0,0.0,0,0.0,0.0,0,0,0.0,0,0,0.0,0.0,0.0,0,0,0.0,0,0.0,0,0,0,0,0,0,0,0,0,0.0,0.0,0.0,0,0,0.0,0.0,0.0,,0.0,0,150.0,,,,840.0,,22.0,22.0,3,3,9,7.0,3,0.0,0.0,0,0
Emmermacher et al. 2020,10.1088/1758-5090/ab7553,3.0,0.0,0.0,0.0,0.0,0.0,0.0,0.0,0,0.0,0.0,0,0.0,0,0.0,0,0,0,0.0,0,0,3.0,0,0,0,1.0,0.0,0,0.0,0.0,0,0,0.0,0,0,0.0,0.0,0.0,0,0,0.0,0,0.0,0,0,0,0,0,0,0,0,0,0.0,0.0,0.0,0,0,0.0,0.0,0.0,,0.0,0,300.0,,,,840.0,,22.0,22.0,3,3,9,7.0,3,0.0,0.0,0,0
Emmermacher et al. 2020,10.1088/1758-5090/ab7553,3.0,0.0,0.0,0.0,0.0,0.0,0.0,0.0,0,0.0,0.0,0,0.0,0,0.0,0,0,0,0.0,0,0,3.0,0,0,0,1.0,0.0,0,0.0,0.0,0,0,0.0,0,0,0.0,0.0,0.0,0,0,0.0,0,0.0,0,0,0,0,0,0,0,0,0,0.0,0.0,0.0,0,0,0.0,0.0,0.0,,0.0,0,150.0,,,,250.0,,22.0,22.0,3,3,9,7.0,3,0.0,0.0,0,0
Emmermacher et al. 2020,10.1088/1758-5090/ab7553,3.0,0.0,0.0,0.0,0.0,0.0,0.0,0.0,0,0.0,0.0,0,0.0,0,0.0,0,0,0,0.0,0,0,3.0,0,0,0,1.0,0.0,0,0.0,0.0,0,0,0.0,0,0,0.0,0.0,0.0,0,0,0.0,0,0.0,0,0,0,0,0,0,0,0,0,0.0,0.0,0.0,0,0,0.0,0.0,0.0,,0.0,0,300.0,,,,250.0,,22.0,22.0,3,3,9,7.0,3,0.0,0.0,0,0
Emmermacher et al. 2020,10.1088/1758-5090/ab7553,0.0,0.0,0.0,0.0,0.0,0.0,0.0,0.0,0,0.0,0.0,0,0.0,0,0.0,0,0,0,0.0,0,0,3.0,0,0,0,1.0,0.0,0,0.0,0.0,0,0,0.0,0,0,0.0,0.0,0.0,0,0,0.0,0,0.0,0,0,0,0,0,0,0,0,0,0.0,0.0,0.0,0,0,0.0,0.0,0.0,0.0,0.0,0,40.0,,,,610.0,,22.0,22.0,2,1,2,4.0,2,0.0,0.0,0,0
Faulkner-Jones et al. 2015,10.1088/1758-5090/7/4/044102,1.5,0.0,0.0,0.0,0.0,0.0,0.0,0.0,0,0.0,0.0,0,0.0,0,0.0,0,0,0,0.0,0,0,0.0,0,0,0,0.0,0.0,0,60.0,0.0,55,0,0.0,0,0,0.0,0.0,0.0,0,0,0.0,0,0.0,0,0,0,0,0,0,0,0,0,0.0,0.0,0.0,0,0,0.0,0.0,0.0,1000000.0,120.0,0,50.0,,,,101.6,,22.0,22.0,3,3,9,1.5,3,0.0,0.0,0,1
Faulkner-Jones et al. 2015,10.1088/1758-5090/7/4/044102,1.5,0.0,0.0,0.0,0.0,0.0,0.0,0.0,0,0.0,0.0,0,0.0,0,0.0,0,0,0,0.0,0,0,0.0,0,0,0,0.0,0.0,0,60.0,0.0,55,0,0.0,0,0,0.0,0.0,0.0,0,0,0.0,0,0.0,0,0,0,0,0,0,0,0,0,0.0,0.0,0.0,0,0,0.0,0.0,0.0,1000000.0,120.0,0,70.0,,,,101.6,,22.0,22.0,3,3,9,1.5,3,0.0,0.0,0,1
Faulkner-Jones et al. 2015,10.1088/1758-5090/7/4/044102,1.5,0.0,0.0,0.0,0.0,0.0,0.0,0.0,0,0.0,0.0,0,0.0,0,0.0,0,0,0,0.0,0,0,0.0,0,0,0,0.0,0.0,0,60.0,0.0,55,0,0.0,0,0,0.0,0.0,0.0,0,0,0.0,0,0.0,0,0,0,0,0,0,0,0,0,0.0,0.0,0.0,0,0,0.0,0.0,0.0,1000000.0,120.0,0,100.0,,,,101.6,,22.0,22.0,3,3,9,1.5,3,0.0,0.0,0,1
Faulkner-Jones et al. 2015,10.1088/1758-5090/7/4/044102,1.5,0.0,0.0,0.0,0.0,0.0,0.0,0.0,0,0.0,0.0,0,0.0,0,0.0,0,0,0,0.0,0,0,0.0,0,0,0,0.0,0.0,0,60.0,0.0,55,0,0.0,0,0,0.0,0.0,0.0,0,0,0.0,0,0.0,0,0,0,0,0,0,0,0,0,0.0,0.0,0.0,0,0,0.0,0.0,0.0,1000000.0,120.0,0,140.0,,,,101.6,,22.0,22.0,3,3,9,1.5,3,0.0,0.0,0,1
Faulkner-Jones et al. 2015,10.1088/1758-5090/7/4/044102,1.5,0.0,0.0,0.0,0.0,0.0,0.0,0.0,0,0.0,0.0,0,0.0,0,0.0,0,0,0,0.0,0,0,0.0,0,0,0,0.0,0.0,0,60.0,0.0,55,0,0.0,0,0,0.0,0.0,0.0,0,0,0.0,0,0.0,0,0,0,0,0,0,0,0,0,0.0,0.0,0.0,0,0,0.0,0.0,0.0,1000000.0,120.0,0,50.0,,,,101.6,,22.0,22.0,3,3,9,1.5,3,0.0,0.0,0,1
Faulkner-Jones et al. 2015,10.1088/1758-5090/7/4/044102,1.5,0.0,0.0,0.0,0.0,0.0,0.0,0.0,0,0.0,0.0,0,0.0,0,0.0,0,0,0,0.0,0,0,0.0,0,0,0,0.0,0.0,0,60.0,0.0,55,0,0.0,0,0,0.0,0.0,0.0,0,0,0.0,0,0.0,0,0,0,0,0,0,0,0,0,0.0,0.0,0.0,0,0,0.0,0.0,0.0,1000000.0,120.0,0,70.0,,,,101.6,,22.0,22.0,3,3,9,1.5,3,0.0,0.0,0,1
Faulkner-Jones et al. 2015,10.1088/1758-5090/7/4/044102,1.5,0.0,0.0,0.0,0.0,0.0,0.0,0.0,0,0.0,0.0,0,0.0,0,0.0,0,0,0,0.0,0,0,0.0,0,0,0,0.0,0.0,0,60.0,0.0,55,0,0.0,0,0,0.0,0.0,0.0,0,0,0.0,0,0.0,0,0,0,0,0,0,0,0,0,0.0,0.0,0.0,0,0,0.0,0.0,0.0,1000000.0,120.0,0,100.0,,,,101.6,,22.0,22.0,3,3,9,1.5,3,0.0,0.0,0,1
Faulkner-Jones et al. 2015,10.1088/1758-5090/7/4/044102,1.5,0.0,0.0,0.0,0.0,0.0,0.0,0.0,0,0.0,0.0,0,0.0,0,0.0,0,0,0,0.0,0,0,0.0,0,0,0,0.0,0.0,0,60.0,0.0,55,0,0.0,0,0,0.0,0.0,0.0,0,0,0.0,0,0.0,0,0,0,0,0,0,0,0,0,0.0,0.0,0.0,0,0,0.0,0.0,0.0,1000000.0,120.0,0,140.0,,,,101.6,,22.0,22.0,3,2,6,1.5,3,0.0,0.0,0,1
Faulkner-Jones et al. 2015,10.1088/1758-5090/7/4/044102,1.5,0.0,0.0,0.0,0.0,0.0,0.0,0.0,0,0.0,0.0,0,0.0,0,0.0,0,0,0,0.0,0,0,0.0,0,0,0,0.0,0.0,0,60.0,0.0,55,0,0.0,0,0,0.0,0.0,0.0,0,0,0.0,0,0.0,0,0,0,0,0,0,0,0,0,0.0,0.0,0.0,0,0,0.0,0.0,0.0,1000000.0,120.0,0,60.0,,,,101.6,,22.0,22.0,3,3,9,1.5,3,0.0,0.0,0,1
Faulkner-Jones et al. 2015,10.1088/1758-5090/7/4/044102,1.5,0.0,0.0,0.0,0.0,0.0,0.0,0.0,0,0.0,0.0,0,0.0,0,0.0,0,0,0,0.0,0,0,0.0,0,0,0,0.0,0.0,0,60.0,0.0,55,0,0.0,0,0,0.0,0.0,0.0,0,0,0.0,0,0.0,0,0,0,0,0,0,0,0,0,0.0,0.0,0.0,0,0,0.0,0.0,0.0,1000000.0,120.0,0,60.0,,,,101.6,,22.0,22.0,3,2,6,1.5,3,0.0,0.0,0,1
Faulkner-Jones et al. 2015,10.1088/1758-5090/7/4/044102,1.5,0.0,0.0,0.0,0.0,0.0,0.0,0.0,0,0.0,0.0,0,0.0,0,0.0,0,0,0,0.0,0,0,0.0,0,0,0,0.0,0.0,0,60.0,0.0,55,0,0.0,0,0,0.0,0.0,0.0,0,0,0.0,0,0.0,0,0,0,0,0,0,0,0,0,0.0,0.0,0.0,0,0,0.0,0.0,0.0,10000000.0,120.0,0,60.0,,,,101.6,,22.0,22.0,3,2,6,1.5,3,0.0,0.0,0,1
Faulkner-Jones et al. 2015,10.1088/1758-5090/7/4/044102,1.5,0.0,0.0,0.0,0.0,0.0,0.0,0.0,0,0.0,0.0,0,0.0,0,0.0,0,0,0,0.0,0,0,0.0,0,0,0,0.0,0.0,0,60.0,0.0,55,0,0.0,0,0,0.0,0.0,0.0,0,0,0.0,0,0.0,0,0,0,0,0,0,0,0,0,0.0,0.0,0.0,0,0,0.0,0.0,0.0,10000000.0,120.0,0,60.0,,,,101.6,,22.0,22.0,3,5,15,1.5,3,0.0,0.0,0,1
Faulkner-Jones et al. 2015,10.1088/1758-5090/7/4/044102,1.5,0.0,0.0,0.0,0.0,0.0,0.0,0.0,0,0.0,0.0,0,0.0,0,0.0,0,0,0,0.0,0,0,0.0,0,0,0,0.0,0.0,0,60.0,0.0,55,0,0.0,0,0,0.0,0.0,0.0,0,0,0.0,0,0.0,0,0,0,0,0,0,0,0,0,0.0,0.0,0.0,0,0,0.0,0.0,0.0,10000000.0,120.0,0,60.0,,,,101.6,,22.0,22.0,3,2,6,1.5,3,0.0,0.0,0,1
"Freeman and Kelly, 2017",10.1038/s41598-017-17286-1,3.5,0.0,15.88,0.0,0.0,0.0,0.0,0.0,0,0.0,0.0,0,0.0,0,0.0,0,0,0,0.0,0,0,0.0,0,0,0,0.0,0.0,0,0.0,0.0,0,0,0.0,0,0,0.0,0.0,0.0,0,0,0.0,0,0.0,0,0,0,0,0,0,0,0,0,0.0,0.0,0.0,0,0,0.0,0.0,0.0,20000000.0,0.0,0,,,,8.0,250.0,,22.0,22.0,3,1,3,19.380000000000003,2,0.0,0.0,0,1
"Freeman and Kelly, 2017",10.1038/s41598-017-17286-1,3.5,0.0,18.0,0.0,0.0,0.0,0.0,0.0,0,0.0,0.0,0,0.0,0,0.0,0,0,0,0.0,0,0,0.0,0,0,0,0.0,0.0,0,0.0,0.0,0,0,0.0,0,0,0.0,0.0,0.0,0,0,0.0,0,0.0,0,0,0,0,0,0,0,0,0,0.0,0.0,0.0,0,0,0.0,0.0,0.0,20000000.0,0.0,0,,,,8.0,250.0,,22.0,22.0,1,1,1,21.5,2,0.0,0.0,0,1
"Freeman and Kelly, 2017",10.1038/s41598-017-17286-1,3.5,0.0,20.0,0.0,0.0,0.0,0.0,0.0,0,0.0,0.0,0,0.0,0,0.0,0,0,0,0.0,0,0,0.0,0,0,0,0.0,0.0,0,0.0,0.0,0,0,0.0,0,0,0.0,0.0,0.0,0,0,0.0,0,0.0,0,0,0,0,0,0,0,0,0,0.0,0.0,0.0,0,0,0.0,0.0,0.0,0.0,0.0,0,,,,8.0,250.0,,22.0,22.0,1,1,1,23.5,2,0.0,0.0,0,0
"Freeman and Kelly, 2017",10.1038/s41598-017-17286-1,3.5,0.0,25.71,0.0,0.0,0.0,0.0,0.0,0,0.0,0.0,0,0.0,0,0.0,0,0,0,0.0,0,0,0.0,0,0,0,0.0,0.0,0,0.0,0.0,0,0,0.0,0,0,0.0,0.0,0.0,0,0,0.0,0,0.0,0,0,0,0,0,0,0,0,0,0.0,0.0,0.0,0,0,0.0,0.0,0.0,0.0,0.0,0,,,,8.0,250.0,,22.0,22.0,1,1,1,29.21,2,0.0,0.0,0,0
"Freeman and Kelly, 2017",10.1038/s41598-017-17286-1,3.5,0.0,0.0,0.0,0.0,0.0,0.0,0.0,0,0.0,0.0,0,0.0,0,0.0,0,0,0,0.0,0,0,0.0,0,0,0,0.0,0.0,0,15.88,0.0,0,0,0.0,0,0,0.0,0.0,0.0,0,0,0.0,0,0.0,0,0,0,0,0,0,0,0,0,0.0,0.0,0.0,0,0,0.0,0.0,0.0,0.0,0.0,0,,,,8.0,250.0,,22.0,22.0,3,1,3,3.5,2,0.0,0.0,0,0
"Freeman and Kelly, 2017",10.1038/s41598-017-17286-1,3.5,0.0,0.0,0.0,0.0,0.0,0.0,0.0,0,0.0,0.0,0,0.0,0,0.0,0,0,0,0.0,0,0,0.0,0,0,0,0.0,0.0,0,18.0,0.0,0,0,0.0,0,0,0.0,0.0,0.0,0,0,0.0,0,0.0,0,0,0,0,0,0,0,0,0,0.0,0.0,0.0,0,0,0.0,0.0,0.0,0.0,0.0,0,,,,8.0,250.0,,22.0,22.0,1,1,1,3.5,2,0.0,0.0,0,0
"Freeman and Kelly, 2017",10.1038/s41598-017-17286-1,3.5,0.0,0.0,0.0,0.0,0.0,0.0,0.0,0,0.0,0.0,0,0.0,0,0.0,0,0,0,0.0,0,0,0.0,0,0,0,0.0,0.0,0,20.0,0.0,0,0,0.0,0,0,0.0,0.0,0.0,0,0,0.0,0,0.0,0,0,0,0,0,0,0,0,0,0.0,0.0,0.0,0,0,0.0,0.0,0.0,0.0,0.0,0,,,,8.0,250.0,,22.0,22.0,1,1,1,3.5,2,0.0,0.0,0,0
"Freeman and Kelly, 2017",10.1038/s41598-017-17286-1,3.5,0.0,0.0,0.0,0.0,0.0,0.0,0.0,0,0.0,0.0,0,0.0,0,0.0,0,0,0,0.0,0,0,0.0,0,0,0,0.0,0.0,0,25.71,0.0,0,0,0.0,0,0,0.0,0.0,0.0,0,0,0.0,0,0.0,0,0,0,0,0,0,0,0,0,0.0,0.0,0.0,0,0,0.0,0.0,0.0,0.0,0.0,0,,,,8.0,250.0,,22.0,22.0,1,1,1,3.5,2,0.0,0.0,0,0
"Freeman and Kelly, 2017",10.1038/s41598-017-17286-1,3.5,0.0,0.0,0.0,0.0,0.0,0.0,0.0,0,0.0,0.0,0,0.0,0,0.0,0,0,0,0.0,0,0,0.0,0,0,0,0.0,0.0,0,0.0,0.0,0,0,15.88,0,0,0.0,0.0,0.0,0,0,0.0,0,0.0,0,0,0,0,0,0,0,0,0,0.0,0.0,0.0,0,0,0.0,0.0,0.0,0.0,0.0,0,,,,8.0,250.0,,22.0,22.0,3,1,3,3.5,2,0.0,0.0,0,0
"Freeman and Kelly, 2017",10.1038/s41598-017-17286-1,3.5,0.0,0.0,0.0,0.0,0.0,0.0,0.0,0,0.0,0.0,0,0.0,0,0.0,0,0,0,0.0,0,0,0.0,0,0,0,0.0,0.0,0,0.0,0.0,0,0,18.0,0,0,0.0,0.0,0.0,0,0,0.0,0,0.0,0,0,0,0,0,0,0,0,0,0.0,0.0,0.0,0,0,0.0,0.0,0.0,0.0,0.0,0,,,,8.0,250.0,,22.0,22.0,1,1,1,3.5,2,0.0,0.0,0,0
"Freeman and Kelly, 2017",10.1038/s41598-017-17286-1,3.5,0.0,0.0,0.0,0.0,0.0,0.0,0.0,0,0.0,0.0,0,0.0,0,0.0,0,0,0,0.0,0,0,0.0,0,0,0,0.0,0.0,0,0.0,0.0,0,0,20.0,0,0,0.0,0.0,0.0,0,0,0.0,0,0.0,0,0,0,0,0,0,0,0,0,0.0,0.0,0.0,0,0,0.0,0.0,0.0,0.0,0.0,0,,,,8.0,250.0,,22.0,22.0,1,1,1,3.5,2,0.0,0.0,0,0
"Freeman and Kelly, 2017",10.1038/s41598-017-17286-1,3.5,0.0,0.0,0.0,0.0,0.0,0.0,0.0,0,0.0,0.0,0,0.0,0,0.0,0,0,0,0.0,0,0,0.0,0,0,0,0.0,0.0,0,0.0,0.0,0,0,25.71,0,0,0.0,0.0,0.0,0,0,0.0,0,0.0,0,0,0,0,0,0,0,0,0,0.0,0.0,0.0,0,0,0.0,0.0,0.0,0.0,0.0,0,,,,8.0,250.0,,22.0,22.0,1,1,1,3.5,2,0.0,0.0,0,0
"Freeman and Kelly, 2017",10.1038/s41598-017-17286-1,3.5,0.0,0.0,0.0,0.0,0.0,0.0,0.0,0,0.0,0.0,0,0.0,0,0.0,0,0,0,0.0,0,0,0.0,0,0,0,0.0,0.0,0,0.0,0.0,0,0,15.88,0,0,0.0,0.0,0.0,0,0,0.0,0,0.0,0,0,0,0,0,0,0,0,0,0.0,0.0,0.0,0,0,0.0,0.0,0.0,0.0,0.0,0,,,,8.0,250.0,,22.0,22.0,0,1,0,3.5,2,0.0,0.0,0,0
"Freeman and Kelly, 2017",10.1038/s41598-017-17286-1,3.5,0.0,0.0,0.0,0.0,0.0,0.0,0.0,0,0.0,0.0,0,0.0,0,0.0,0,0,0,0.0,0,0,0.0,0,0,0,0.0,0.0,0,0.0,0.0,0,0,18.0,0,0,0.0,0.0,0.0,0,0,0.0,0,0.0,0,0,0,0,0,0,0,0,0,0.0,0.0,0.0,0,0,0.0,0.0,0.0,0.0,0.0,0,,,,8.0,250.0,,22.0,22.0,0,1,0,3.5,2,0.0,0.0,0,0
"Freeman and Kelly, 2017",10.1038/s41598-017-17286-1,3.5,0.0,0.0,0.0,0.0,0.0,0.0,0.0,0,0.0,0.0,0,0.0,0,0.0,0,0,0,0.0,0,0,0.0,0,0,0,0.0,0.0,0,0.0,0.0,0,0,20.0,0,0,0.0,0.0,0.0,0,0,0.0,0,0.0,0,0,0,0,0,0,0,0,0,0.0,0.0,0.0,0,0,0.0,0.0,0.0,0.0,0.0,0,,,,8.0,250.0,,22.0,22.0,1,1,1,3.5,2,0.0,0.0,0,0
"Freeman and Kelly, 2017",10.1038/s41598-017-17286-1,3.5,0.0,0.0,0.0,0.0,0.0,0.0,0.0,0,0.0,0.0,0,0.0,0,0.0,0,0,0,0.0,0,0,0.0,0,0,0,0.0,0.0,0,0.0,0.0,0,0,25.71,0,0,0.0,0.0,0.0,0,0,0.0,0,0.0,0,0,0,0,0,0,0,0,0,0.0,0.0,0.0,0,0,0.0,0.0,0.0,0.0,0.0,0,,,,8.0,250.0,,22.0,22.0,3,1,3,3.5,2,0.0,0.0,0,0
"Freeman and Kelly, 2017",10.1038/s41598-017-17286-1,3.5,0.0,0.0,0.0,0.0,0.0,0.0,0.0,0,0.0,0.0,0,0.0,0,0.0,0,0,0,0.0,0,0,0.0,0,0,0,0.0,0.0,0,15.88,0.0,0,0,0.0,0,0,0.0,0.0,0.0,0,0,0.0,0,0.0,0,0,0,0,0,0,0,0,0,0.0,0.0,0.0,0,0,0.0,0.0,0.0,0.0,0.0,0,,,,8.0,250.0,,22.0,22.0,0,1,0,3.5,2,0.0,0.0,0,0
"Freeman and Kelly, 2017",10.1038/s41598-017-17286-1,3.5,0.0,0.0,0.0,0.0,0.0,0.0,0.0,0,0.0,0.0,0,0.0,0,0.0,0,0,0,0.0,0,0,0.0,0,0,0,0.0,0.0,0,18.0,0.0,0,0,0.0,0,0,0.0,0.0,0.0,0,0,0.0,0,0.0,0,0,0,0,0,0,0,0,0,0.0,0.0,0.0,0,0,0.0,0.0,0.0,0.0,0.0,0,,,,8.0,250.0,,22.0,22.0,0,1,0,3.5,2,0.0,0.0,0,0
"Freeman and Kelly, 2017",10.1038/s41598-017-17286-1,3.5,0.0,0.0,0.0,0.0,0.0,0.0,0.0,0,0.0,0.0,0,0.0,0,0.0,0,0,0,0.0,0,0,0.0,0,0,0,0.0,0.0,0,20.0,0.0,0,0,0.0,0,0,0.0,0.0,0.0,0,0,0.0,0,0.0,0,0,0,0,0,0,0,0,0,0.0,0.0,0.0,0,0,0.0,0.0,0.0,0.0,0.0,0,,,,8.0,250.0,,22.0,22.0,1,1,1,3.5,2,0.0,0.0,0,0
"Freeman and Kelly, 2017",10.1038/s41598-017-17286-1,3.5,0.0,0.0,0.0,0.0,0.0,0.0,0.0,0,0.0,0.0,0,0.0,0,0.0,0,0,0,0.0,0,0,0.0,0,0,0,0.0,0.0,0,25.71,0.0,0,0,0.0,0,0,0.0,0.0,0.0,0,0,0.0,0,0.0,0,0,0,0,0,0,0,0,0,0.0,0.0,0.0,0,0,0.0,0.0,0.0,0.0,0.0,0,,,,8.0,250.0,,22.0,22.0,3,1,3,3.5,2,0.0,0.0,0,0
"Freeman and Kelly, 2017",10.1038/s41598-017-17286-1,3.5,0.0,15.88,0.0,0.0,0.0,0.0,0.0,0,0.0,0.0,0,0.0,0,0.0,0,0,0,0.0,0,0,0.0,0,0,0,0.0,0.0,0,0.0,0.0,0,0,0.0,0,0,0.0,0.0,0.0,0,0,0.0,0,0.0,0,0,0,0,0,0,0,0,0,0.0,0.0,0.0,0,0,0.0,0.0,0.0,0.0,0.0,0,,,,8.0,250.0,,22.0,22.0,0,1,0,19.380000000000003,2,0.0,0.0,0,0
"Freeman and Kelly, 2017",10.1038/s41598-017-17286-1,3.5,0.0,18.0,0.0,0.0,0.0,0.0,0.0,0,0.0,0.0,0,0.0,0,0.0,0,0,0,0.0,0,0,0.0,0,0,0,0.0,0.0,0,0.0,0.0,0,0,0.0,0,0,0.0,0.0,0.0,0,0,0.0,0,0.0,0,0,0,0,0,0,0,0,0,0.0,0.0,0.0,0,0,0.0,0.0,0.0,0.0,0.0,0,,,,8.0,250.0,,22.0,22.0,0,1,0,21.5,2,0.0,0.0,0,0
"Freeman and Kelly, 2017",10.1038/s41598-017-17286-1,3.5,0.0,20.0,0.0,0.0,0.0,0.0,0.0,0,0.0,0.0,0,0.0,0,0.0,0,0,0,0.0,0,0,0.0,0,0,0,0.0,0.0,0,0.0,0.0,0,0,0.0,0,0,0.0,0.0,0.0,0,0,0.0,0,0.0,0,0,0,0,0,0,0,0,0,0.0,0.0,0.0,0,0,0.0,0.0,0.0,0.0,0.0,0,,,,8.0,250.0,,22.0,22.0,1,1,1,23.5,2,0.0,0.0,0,0
"Freeman and Kelly, 2017",10.1038/s41598-017-17286-1,3.5,0.0,25.71,0.0,0.0,0.0,0.0,0.0,0,0.0,0.0,0,0.0,0,0.0,0,0,0,0.0,0,0,0.0,0,0,0,0.0,0.0,0,0.0,0.0,0,0,0.0,0,0,0.0,0.0,0.0,0,0,0.0,0,0.0,0,0,0,0,0,0,0,0,0,0.0,0.0,0.0,0,0,0.0,0.0,0.0,0.0,0.0,0,,,,8.0,250.0,,22.0,22.0,3,1,3,29.21,2,0.0,0.0,0,0
"Freeman and Kelly, 2017",10.1038/s41598-017-17286-1,3.5,0.0,15.88,0.0,0.0,0.0,0.0,0.0,0,0.0,0.0,0,0.0,0,0.0,0,0,0,0.0,0,0,0.0,0,0,0,0.0,0.0,0,0.0,0.0,0,0,0.0,0,0,0.0,0.0,0.0,0,0,0.0,0,0.0,0,0,0,0,0,0,0,0,0,0.0,0.0,0.0,0,0,0.0,0.0,0.0,20000000.0,0.0,0,,,,8.0,250.0,,22.0,22.0,3,3,9,19.380000000000003,2,0.0,0.0,0,1
"Freeman and Kelly, 2017",10.1038/s41598-017-17286-1,3.5,0.0,0.0,0.0,0.0,0.0,0.0,0.0,0,0.0,0.0,0,0.0,0,0.0,0,0,0,0.0,0,0,0.0,0,0,0,0.0,0.0,0,0.0,0.0,0,0,0.0,0,0,0.0,0.0,0.0,0,0,0.0,0,0.0,0,0,0,0,0,0,0,0,0,0.0,0.0,0.0,0,0,0.0,0.0,0.0,20000000.0,0.0,0,,,,8.0,250.0,,22.0,22.0,3,3,9,3.5,1,0.0,0.0,0,1
"Freeman and Kelly, 2017",10.1038/s41598-017-17286-1,3.5,0.0,0.0,0.0,0.0,0.0,0.0,0.0,0,0.0,0.0,0,0.0,0,0.0,0,0,0,0.0,0,0,0.0,0,0,0,0.0,0.0,0,15.88,0.0,0,0,0.0,0,0,0.0,0.0,0.0,0,0,0.0,0,0.0,0,0,0,0,0,0,0,0,0,0.0,0.0,0.0,0,0,0.0,0.0,0.0,20000000.0,0.0,0,,,,8.0,250.0,,22.0,22.0,3,3,9,3.5,2,0.0,0.0,0,1
"Freeman and Kelly, 2017",10.1038/s41598-017-17286-1,3.5,0.0,25.71,0.0,0.0,0.0,0.0,0.0,0,0.0,0.0,0,0.0,0,0.0,0,0,0,0.0,0,0,0.0,0,0,0,0.0,0.0,0,0.0,0.0,0,0,15.88,0,0,0.0,0.0,0.0,0,0,0.0,0,0.0,0,0,0,0,0,0,0,0,0,0.0,0.0,0.0,0,0,0.0,0.0,0.0,20000000.0,0.0,0,,,,8.0,250.0,,22.0,22.0,3,3,9,29.21,3,0.0,0.0,0,1
"Freeman and Kelly, 2017",10.1038/s41598-017-17286-1,3.5,0.0,0.0,0.0,0.0,0.0,0.0,0.0,0,0.0,0.0,0,0.0,0,0.0,0,0,0,0.0,0,0,0.0,0,0,0,0.0,0.0,0,25.71,0.0,0,0,0.0,0,0,0.0,0.0,0.0,0,0,0.0,0,0.0,0,0,0,0,0,0,0,0,0,0.0,0.0,0.0,0,0,0.0,0.0,0.0,20000000.0,0.0,0,,,,8.0,250.0,,22.0,22.0,3,3,9,3.5,2,0.0,0.0,0,1
"Freeman and Kelly, 2017",10.1038/s41598-017-17286-1,3.5,0.0,0.0,0.0,0.0,0.0,0.0,0.0,0,0.0,0.0,0,0.0,0,0.0,0,0,0,0.0,0,0,0.0,0,0,0,0.0,0.0,0,0.0,0.0,0,0,25.71,0,0,0.0,0.0,0.0,0,0,0.0,0,0.0,0,0,0,0,0,0,0,0,0,0.0,0.0,0.0,0,0,0.0,0.0,0.0,20000000.0,0.0,0,,,,8.0,250.0,,22.0,22.0,3,3,9,3.5,2,0.0,0.0,0,1
Giuseppe et al. 2018,10.1016/j.jmbbm.2017.12.018,5.0,0.0,0.0,0.0,6.0,0.0,0.0,0.0,0,0.0,0.0,0,0.0,0,0.0,0,0,0,0.0,0,0,0.0,0,0,0,0.0,0.0,0,300.0,0.0,0,0,0.0,0,0,0.0,0.0,0.0,0,0,0.0,0,0.0,0,0,0,0,0,0,0,0,0,0.0,0.0,0.0,0,0,0.0,0.0,0.0,0.0,900.0,0,103.0,,,5.0,230.0,,37.0,22.0,3,1,3,11.0,3,0.0,0.0,0,0
Giuseppe et al. 2018,10.1016/j.jmbbm.2017.12.018,5.0,0.0,0.0,0.0,8.0,0.0,0.0,0.0,0,0.0,0.0,0,0.0,0,0.0,0,0,0,0.0,0,0,0.0,0,0,0,0.0,0.0,0,300.0,0.0,0,0,0.0,0,0,0.0,0.0,0.0,0,0,0.0,0,0.0,0,0,0,0,0,0,0,0,0,0.0,0.0,0.0,0,0,0.0,0.0,0.0,0.0,900.0,0,172.0,,,5.0,230.0,,37.0,22.0,3,1,3,13.0,3,0.0,0.0,0,0
Giuseppe et al. 2018,10.1016/j.jmbbm.2017.12.018,7.0,0.0,0.0,0.0,8.0,0.0,0.0,0.0,0,0.0,0.0,0,0.0,0,0.0,0,0,0,0.0,0,0,0.0,0,0,0,0.0,0.0,0,300.0,0.0,0,0,0.0,0,0,0.0,0.0,0.0,0,0,0.0,0,0.0,0,0,0,0,0,0,0,0,0,0.0,0.0,0.0,0,0,0.0,0.0,0.0,0.0,900.0,0,193.0,,,5.0,230.0,,37.0,22.0,3,1,3,15.0,3,0.0,0.0,0,0
Giuseppe et al. 2018,10.1016/j.jmbbm.2017.12.018,7.0,0.0,0.0,0.0,6.0,0.0,0.0,0.0,0,0.0,0.0,0,0.0,0,0.0,0,0,0,0.0,0,0,0.0,0,0,0,0.0,0.0,0,300.0,0.0,0,0,0.0,0,0,0.0,0.0,0.0,0,0,0.0,0,0.0,0,0,0,0,0,0,0,0,0,0.0,0.0,0.0,0,0,0.0,0.0,0.0,0.0,900.0,0,186.0,,,5.0,230.0,,37.0,22.0,3,1,3,13.0,3,0.0,0.0,0,0
Giuseppe et al. 2018,10.1016/j.jmbbm.2017.12.018,9.0,0.0,0.0,0.0,6.0,0.0,0.0,0.0,0,0.0,0.0,0,0.0,0,0.0,0,0,0,0.0,0,0,0.0,0,0,0,0.0,0.0,0,300.0,0.0,0,0,0.0,0,0,0.0,0.0,0.0,0,0,0.0,0,0.0,0,0,0,0,0,0,0,0,0,0.0,0.0,0.0,0,0,0.0,0.0,0.0,0.0,900.0,0,276.0,,,5.0,230.0,,37.0,22.0,3,1,3,15.0,3,0.0,0.0,0,0
Giuseppe et al. 2018,10.1016/j.jmbbm.2017.12.018,5.0,0.0,0.0,0.0,10.0,0.0,0.0,0.0,0,0.0,0.0,0,0.0,0,0.0,0,0,0,0.0,0,0,0.0,0,0,0,0.0,0.0,0,300.0,0.0,0,0,0.0,0,0,0.0,0.0,0.0,0,0,0.0,0,0.0,0,0,0,0,0,0,0,0,0,0.0,0.0,0.0,0,0,0.0,0.0,0.0,0.0,900.0,0,310.0,,,5.0,230.0,,37.0,22.0,3,1,3,15.0,3,0.0,0.0,0,0
Giuseppe et al. 2018,10.1016/j.jmbbm.2017.12.018,7.0,0.0,0.0,0.0,8.0,0.0,0.0,0.0,0,0.0,0.0,0,0.0,0,0.0,0,0,0,0.0,0,0,0.0,0,0,0,0.0,0.0,0,300.0,0.0,0,0,0.0,0,0,0.0,0.0,0.0,0,0,0.0,0,0.0,0,0,0,0,0,0,0,0,0,0.0,0.0,0.0,0,0,0.0,0.0,0.0,0.0,900.0,0,103.0,,,5.0,100.0,,37.0,22.0,3,1,3,15.0,3,0.0,0.0,0,0
Giuseppe et al. 2018,10.1016/j.jmbbm.2017.12.018,7.0,0.0,0.0,0.0,8.0,0.0,0.0,0.0,0,0.0,0.0,0,0.0,0,0.0,0,0,0,0.0,0,0,0.0,0,0,0,0.0,0.0,0,300.0,0.0,0,0,0.0,0,0,0.0,0.0,0.0,0,0,0.0,0,0.0,0,0,0,0,0,0,0,0,0,0.0,0.0,0.0,0,0,0.0,0.0,0.0,0.0,900.0,0,103.0,,,5.0,150.0,,37.0,22.0,3,1,3,15.0,3,0.0,0.0,0,0
Giuseppe et al. 2018,10.1016/j.jmbbm.2017.12.018,7.0,0.0,0.0,0.0,8.0,0.0,0.0,0.0,0,0.0,0.0,0,0.0,0,0.0,0,0,0,0.0,0,0,0.0,0,0,0,0.0,0.0,0,300.0,0.0,0,0,0.0,0,0,0.0,0.0,0.0,0,0,0.0,0,0.0,0,0,0,0,0,0,0,0,0,0.0,0.0,0.0,0,0,0.0,0.0,0.0,0.0,900.0,0,103.0,,,5.0,300.0,,37.0,22.0,3,1,3,15.0,3,0.0,0.0,0,0
Giuseppe et al. 2018,10.1016/j.jmbbm.2017.12.018,7.0,0.0,0.0,0.0,8.0,0.0,0.0,0.0,0,0.0,0.0,0,0.0,0,0.0,0,0,0,0.0,0,0,0.0,0,0,0,0.0,0.0,0,300.0,0.0,0,0,0.0,0,0,0.0,0.0,0.0,0,0,0.0,0,0.0,0,0,0,0,0,0,0,0,0,0.0,0.0,0.0,0,0,0.0,0.0,0.0,0.0,900.0,0,103.0,,,5.0,400.0,,37.0,22.0,3,1,3,15.0,3,0.0,0.0,0,0
Giuseppe et al. 2018,10.1016/j.jmbbm.2017.12.018,5.0,0.0,0.0,0.0,6.0,0.0,0.0,0.0,0,0.0,0.0,0,0.0,0,0.0,0,0,0,0.0,0,0,0.0,0,0,0,0.0,0.0,0,300.0,0.0,0,0,0.0,0,0,0.0,0.0,0.0,0,0,0.0,0,0.0,0,0,0,0,0,0,0,0,0,0.0,0.0,0.0,0,0,0.0,0.0,0.0,,900.0,0,103.0,,,5.0,230.0,,37.0,22.0,3,3,9,11.0,3,0.0,0.0,0,0
Giuseppe et al. 2018,10.1016/j.jmbbm.2017.12.018,5.0,0.0,0.0,0.0,8.0,0.0,0.0,0.0,0,0.0,0.0,0,0.0,0,0.0,0,0,0,0.0,0,0,0.0,0,0,0,0.0,0.0,0,300.0,0.0,0,0,0.0,0,0,0.0,0.0,0.0,0,0,0.0,0,0.0,0,0,0,0,0,0,0,0,0,0.0,0.0,0.0,0,0,0.0,0.0,0.0,,900.0,0,172.0,,,5.0,230.0,,37.0,22.0,3,3,9,13.0,3,0.0,0.0,0,0
Giuseppe et al. 2018,10.1016/j.jmbbm.2017.12.018,7.0,0.0,0.0,0.0,8.0,0.0,0.0,0.0,0,0.0,0.0,0,0.0,0,0.0,0,0,0,0.0,0,0,0.0,0,0,0,0.0,0.0,0,300.0,0.0,0,0,0.0,0,0,0.0,0.0,0.0,0,0,0.0,0,0.0,0,0,0,0,0,0,0,0,0,0.0,0.0,0.0,0,0,0.0,0.0,0.0,,900.0,0,193.0,,,5.0,230.0,,37.0,22.0,3,3,9,15.0,3,0.0,0.0,0,0
Izadifar et al. 2016,10.1089/ten.tec.2015.0307,2.5,0.0,0.0,0.0,0.0,0.0,0.0,0.0,0,0.0,0.0,0,0.0,0,0.0,0,0,0,0.0,0,0,0.0,0,0,0,0.0,0.0,0,100.0,0.0,0,0,0.0,0,0,0.0,0.0,0.0,0,0,0.0,0,0.0,0,0,0,0,0,0,0,0,0,0.0,0.0,0.0,0,0,0.0,0.0,0.0,0.0,1200.0,0,10.0,,,25.0,200.0,,10.0,22.0,2,3,6,2.5,2,0.0,0.0,0,0
Izadifar et al. 2016,10.1089/ten.tec.2015.0307,0.0,0.0,0.0,0.0,0.0,0.0,0.0,0.0,0,0.0,0.0,0,0.0,0,0.0,0,0,0,0.0,0,0,0.0,0,0,0,0.0,0.0,0,0.0,0.0,0,0,0.0,0,0,0.0,0.0,0.0,0,0,0.0,0,0.0,0,0,0,0,0,100,0,0,0,0.0,0.0,0.0,0,0,0.0,0.0,0.0,0.0,1200.0,0,800.0,,,1.0,300.0,,60.0,22.0,2,1,2,100.0,1,0.0,0.0,1,0
Izadifar et al. 2016,10.1089/ten.tec.2015.0307,0.0,0.0,0.0,0.0,0.0,0.0,0.0,0.0,0,0.0,0.0,0,0.0,0,0.0,0,0,0,0.0,0,0,0.0,0,0,0,0.0,0.0,0,0.0,0.0,0,0,0.0,0,0,0.0,0.0,0.0,0,0,0.0,0,0.0,0,0,0,0,0,100,0,0,0,0.0,0.0,0.0,0,0,0.0,0.0,0.0,0.0,1200.0,0,800.0,,,1.0,300.0,,70.0,22.0,2,1,2,100.0,1,0.0,0.0,1,0
Izadifar et al. 2016,10.1089/ten.tec.2015.0307,0.0,0.0,0.0,0.0,0.0,0.0,0.0,0.0,0,0.0,0.0,0,0.0,0,0.0,0,0,0,0.0,0,0,0.0,0,0,0,0.0,0.0,0,0.0,0.0,0,0,0.0,0,0,0.0,0.0,0.0,0,0,0.0,0,0.0,0,0,0,0,0,100,0,0,0,0.0,0.0,0.0,0,0,0.0,0.0,0.0,0.0,1200.0,0,800.0,,,1.0,300.0,,75.0,22.0,3,1,3,100.0,1,0.0,0.0,1,0
Izadifar et al. 2016,10.1089/ten.tec.2015.0307,0.0,0.0,0.0,0.0,0.0,0.0,0.0,0.0,0,0.0,0.0,0,0.0,0,0.0,0,0,0,0.0,0,0,0.0,0,0,0,0.0,0.0,0,0.0,0.0,0,0,0.0,0,0,0.0,0.0,0.0,0,0,0.0,0,0.0,0,0,0,0,0,100,0,0,0,0.0,0.0,0.0,0,0,0.0,0.0,0.0,0.0,1200.0,0,800.0,,,1.0,300.0,,80.0,22.0,2,1,2,100.0,1,0.0,0.0,1,0
Izadifar et al. 2016,10.1089/ten.tec.2015.0307,2.5,0.0,0.0,0.0,0.0,0.0,0.0,0.0,0,0.0,0.0,0,0.0,0,0.0,0,0,0,0.0,0,0,0.0,0,0,0,0.0,0.0,0,100.0,0.0,0,0,0.0,0,0,0.0,0.0,0.0,0,0,0.0,0,0.0,0,0,0,0,0,0,0,0,0,0.0,0.0,0.0,0,0,0.0,0.0,0.0,5680000.0,1200.0,0,10.0,,,25.0,200.0,,10.0,22.0,3,3,9,2.5,2,0.0,0.0,0,1
Izadifar et al. 2016,10.1089/ten.tec.2015.0307,2.5,0.0,0.0,0.0,0.0,0.0,0.0,0.0,0,0.0,0.0,0,0.0,0,0.0,0,0,0,0.0,0,0,0.0,0,0,0,0.0,0.0,0,100.0,0.0,0,0,0.0,0,0,0.0,0.0,0.0,0,0,0.0,0,0.0,0,0,0,0,0,0,0,0,0,0.0,0.0,0.0,0,0,0.0,0.0,0.0,5680000.0,1200.0,0,10.0,,,25.0,200.0,,10.0,22.0,3,5,15,2.5,2,0.0,0.0,0,1
Izadifar et al. 2016,10.1089/ten.tec.2015.0307,2.5,0.0,0.0,0.0,0.0,0.0,0.0,0.0,0,0.0,0.0,0,0.0,0,0.0,0,0,0,0.0,0,0,0.0,0,0,0,0.0,0.0,0,100.0,0.0,0,0,0.0,0,0,0.0,0.0,0.0,0,0,0.0,0,0.0,0,0,0,0,0,0,0,0,0,0.0,0.0,0.0,0,0,0.0,0.0,0.0,5680000.0,1200.0,0,10.0,,,25.0,200.0,,10.0,22.0,3,3,9,2.5,2,0.0,0.0,0,1
Izadifar et al. 2016,10.1089/ten.tec.2015.0307,2.5,0.0,0.0,0.0,0.0,0.0,0.0,0.0,0,0.0,0.0,0,0.0,0,0.0,0,0,0,0.0,0,0,0.0,0,0,0,0.0,0.0,0,100.0,0.0,0,0,0.0,0,0,0.0,0.0,0.0,0,0,0.0,0,0.0,0,0,0,0,0,0,0,0,0,0.0,0.0,0.0,0,0,0.0,0.0,0.0,5680000.0,1200.0,0,10.0,,,25.0,200.0,,10.0,22.0,3,5,15,2.5,2,0.0,0.0,0,1
Izadifar et al. 2016,10.1089/ten.tec.2015.0307,2.5,0.0,0.0,0.0,0.0,0.0,0.0,0.0,0,0.0,0.0,0,0.0,0,0.0,0,0,0,0.0,0,0,0.0,0,0,0,0.0,0.0,0,100.0,0.0,0,0,0.0,0,0,0.0,0.0,0.0,0,0,0.0,0,0.0,0,0,0,0,0,0,0,0,0,0.0,0.0,0.0,0,0,0.0,0.0,0.0,5680000.0,1200.0,0,10.0,,,25.0,200.0,,10.0,22.0,3,3,9,2.5,2,0.0,0.0,0,1
Izadifar et al. 2016,10.1089/ten.tec.2015.0307,2.5,0.0,0.0,0.0,0.0,0.0,0.0,0.0,0,0.0,0.0,0,0.0,0,0.0,0,0,0,0.0,0,0,0.0,0,0,0,0.0,0.0,0,100.0,0.0,0,0,0.0,0,0,0.0,0.0,0.0,0,0,0.0,0,0.0,0,0,0,0,0,0,0,0,0,0.0,0.0,0.0,0,0,0.0,0.0,0.0,5680000.0,1200.0,0,10.0,,,25.0,200.0,,10.0,22.0,3,5,15,2.5,2,0.0,0.0,0,1
"Khalil and Sun, 2009",10.1115/1.3128729,1.5,0.0,0.0,0.0,0.0,0.0,0.0,0.0,0,0.0,0.0,0,0.0,0,0.0,0,0,0,0.0,0,0,0.0,0,0,0,0.0,0.0,0,4.5,0.0,0,0,0.0,0,0,0.0,0.0,0.0,0,0,0.0,0,0.0,0,0,0,0,0,0,0,0,0,0.0,0.0,0.0,0,0,0.0,0.0,0.0,500000.0,0.0,0,55.16,,,10.5,250.0,,22.0,22.0,3,3,9,1.5,2,0.0,0.0,0,1
"Khalil and Sun, 2009",10.1115/1.3128729,1.5,0.0,0.0,0.0,0.0,0.0,0.0,0.0,0,0.0,0.0,0,0.0,0,0.0,0,0,0,0.0,0,0,0.0,0,0,0,0.0,0.0,0,4.5,0.0,0,0,0.0,0,0,0.0,0.0,0.0,0,0,0.0,0,0.0,0,0,0,0,0,0,0,0,0,0.0,0.0,0.0,0,0,0.0,0.0,0.0,500000.0,0.0,0,110.32,,,10.5,250.0,,22.0,22.0,3,3,9,1.5,2,0.0,0.0,0,1
"Khalil and Sun, 2009",10.1115/1.3128729,1.5,0.0,0.0,0.0,0.0,0.0,0.0,0.0,0,0.0,0.0,0,0.0,0,0.0,0,0,0,0.0,0,0,0.0,0,0,0,0.0,0.0,0,4.5,0.0,0,0,0.0,0,0,0.0,0.0,0.0,0,0,0.0,0,0.0,0,0,0,0,0,0,0,0,0,0.0,0.0,0.0,0,0,0.0,0.0,0.0,500000.0,0.0,0,165.47,,,10.5,250.0,,22.0,22.0,3,3,9,1.5,2,0.0,0.0,0,1
"Khalil and Sun, 2009",10.1115/1.3128729,1.5,0.0,0.0,0.0,0.0,0.0,0.0,0.0,0,0.0,0.0,0,0.0,0,0.0,0,0,0,0.0,0,0,0.0,0,0,0,0.0,0.0,0,4.5,0.0,0,0,0.0,0,0,0.0,0.0,0.0,0,0,0.0,0,0.0,0,0,0,0,0,0,0,0,0,0.0,0.0,0.0,0,0,0.0,0.0,0.0,500000.0,0.0,0,220.63,,,10.5,250.0,,22.0,22.0,3,3,9,1.5,2,0.0,0.0,0,1
"Khalil and Sun, 2009",10.1115/1.3128729,1.5,0.0,0.0,0.0,0.0,0.0,0.0,0.0,0,0.0,0.0,0,0.0,0,0.0,0,0,0,0.0,0,0,0.0,0,0,0,0.0,0.0,0,4.5,0.0,0,0,0.0,0,0,0.0,0.0,0.0,0,0,0.0,0,0.0,0,0,0,0,0,0,0,0,0,0.0,0.0,0.0,0,0,0.0,0.0,0.0,500000.0,0.0,0,137.89,,,10.5,250.0,,22.0,22.0,3,3,9,1.5,2,0.0,0.0,0,1
"Khalil and Sun, 2009",10.1115/1.3128729,1.5,0.0,0.0,0.0,0.0,0.0,0.0,0.0,0,0.0,0.0,0,0.0,0,0.0,0,0,0,0.0,0,0,0.0,0,0,0,0.0,0.0,0,4.5,0.0,0,0,0.0,0,0,0.0,0.0,0.0,0,0,0.0,0,0.0,0,0,0,0,0,0,0,0,0,0.0,0.0,0.0,0,0,0.0,0.0,0.0,500000.0,0.0,0,137.89,,,10.5,250.0,,22.0,22.0,3,5,15,1.5,2,0.0,0.0,0,1
Kundu et al. 2013,10.1002/term.1682,4.0,0.0,0.0,0.0,0.0,0.0,0.0,0.0,0,0.0,0.0,0,0.0,0,0.0,0,0,0,0.0,0,0,0.0,0,0,0,0.0,0.0,0,100.0,145.0,0,0,0.0,0,0,0.0,0.0,0.0,0,0,0.0,0,0.0,0,0,0,0,0,0,0,0,0,0.0,0.0,0.0,0,0,0.0,0.0,0.0,100000.0,600.0,0,9.0,,,6.67,250.0,,22.0,22.0,3,3,9,4.0,3,0.0,0.0,0,1
Kundu et al. 2013,10.1002/term.1682,6.0,0.0,0.0,0.0,0.0,0.0,0.0,0.0,0,0.0,0.0,0,0.0,0,0.0,0,0,0,0.0,0,0,0.0,0,0,0,0.0,0.0,0,100.0,145.0,0,0,0.0,0,0,0.0,0.0,0.0,0,0,0.0,0,0.0,0,0,0,0,0,0,0,0,0,0.0,0.0,0.0,0,0,0.0,0.0,0.0,100000.0,600.0,0,20.0,,,6.67,250.0,,22.0,22.0,3,5,15,6.0,3,0.0,0.0,0,1
Kundu et al. 2013,10.1002/term.1682,4.0,0.0,0.0,0.0,0.0,0.0,0.0,0.0,0,0.0,0.0,0,0.0,0,0.0,0,0,0,0.0,0,0,0.0,0,0,0,0.0,0.0,0,100.0,145.0,0,0,0.0,0,0,0.0,0.0,0.0,0,0,0.0,0,0.0,0,0,0,0,0,0,0,0,0,0.0,0.0,0.0,0,0,0.0,0.0,0.0,100000.0,600.0,0,9.0,,,6.67,250.0,,22.0,22.0,3,3,9,4.0,3,0.0,0.0,0,1
Kundu et al. 2013,10.1002/term.1682,6.0,0.0,0.0,0.0,0.0,0.0,0.0,0.0,0,0.0,0.0,0,0.0,0,0.0,0,0,0,0.0,0,0,0.0,0,0,0,0.0,0.0,0,100.0,145.0,0,0,0.0,0,0,0.0,0.0,0.0,0,0,0.0,0,0.0,0,0,0,0,0,0,0,0,0,0.0,0.0,0.0,0,0,0.0,0.0,0.0,100000.0,600.0,0,20.0,,,6.67,250.0,,22.0,22.0,3,5,15,6.0,3,0.0,0.0,0,1
Kundu et al. 2013,10.1002/term.1682,0.0,0.0,0.0,0.0,0.0,0.0,0.0,0.0,0,0.0,0.0,0,0.0,0,0.0,0,0,0,0.0,0,0,0.0,0,0,0,0.0,0.0,0,0.0,0.0,0,0,0.0,0,0,0.0,0.0,0.0,0,0,0.0,0,0.0,0,0,0,0,0,100,0,0,0,0.0,0.0,0.0,0,0,0.0,0.0,0.0,0.0,0.0,0,650.0,,,1.37,250.0,,80.0,22.0,3,1,3,100.0,1,0.0,0.0,1,0
Othman et al. 2020,10.1007/s00289-020-03421-y,10.0,0.0,0.0,0.0,50.0,0.0,0.0,0.0,0,0.0,0.0,0,0.0,0,0.0,0,0,0,0.0,0,0,0.0,0,0,0,0.0,0.0,0,18.0,0.0,0,0,0.0,0,0,0.0,0.0,0.0,0,0,0.0,0,0.0,0,0,0,0,0,0,0,0,0,0.0,0.0,0.0,0,0,0.0,0.0,0.0,150000000.0,1200.0,0,,50.0,0.0167,,1000.0,,22.0,22.0,3,3,9,60.0,3,0.0,0.0,0,1
Othman et al. 2020,10.1007/s00289-020-03421-y,10.0,0.0,0.0,0.0,50.0,0.0,0.0,0.0,0,0.0,0.0,0,0.0,0,0.0,0,0,0,0.0,0,0,0.0,0,0,0,0.0,0.0,0,18.0,0.0,0,0,0.0,0,0,0.0,0.0,0.0,0,0,0.0,0,0.0,0,0,0,0,0,0,0,0,0,0.0,0.0,0.0,0,0,0.0,0.0,0.0,150000000.0,1200.0,0,,50.0,0.0167,,1000.0,,22.0,22.0,3,5,15,60.0,3,0.0,0.0,0,1
Othman et al. 2020,10.1007/s00289-020-03421-y,10.0,0.0,0.0,0.0,40.0,0.0,0.0,0.0,0,0.0,0.0,0,0.0,0,0.0,0,0,0,0.0,0,0,0.0,0,0,0,0.0,0.0,0,18.0,0.0,0,0,0.0,0,0,0.0,0.0,0.0,0,0,0.0,0,0.0,0,0,0,0,0,0,0,0,0,0.0,0.0,0.0,0,0,0.0,0.0,0.0,0.0,1800.0,0,,,0.0167,,1000.0,,22.0,22.0,2,1,2,50.0,3,0.0,0.0,0,0
Othman et al. 2020,10.1007/s00289-020-03421-y,10.0,0.0,0.0,0.0,30.0,0.0,0.0,0.0,0,0.0,0.0,0,0.0,0,0.0,0,0,0,0.0,0,0,0.0,0,0,0,0.0,0.0,0,18.0,0.0,0,0,0.0,0,0,0.0,0.0,0.0,0,0,0.0,0,0.0,0,0,0,0,0,0,0,0,0,0.0,0.0,0.0,0,0,0.0,0.0,0.0,0.0,1800.0,0,,,0.0167,,1000.0,,22.0,22.0,2,1,2,40.0,3,0.0,0.0,0,0
Othman et al. 2020,10.1007/s00289-020-03421-y,10.0,0.0,0.0,0.0,20.0,0.0,0.0,0.0,0,0.0,0.0,0,0.0,0,0.0,0,0,0,0.0,0,0,0.0,0,0,0,0.0,0.0,0,18.0,0.0,0,0,0.0,0,0,0.0,0.0,0.0,0,0,0.0,0,0.0,0,0,0,0,0,0,0,0,0,0.0,0.0,0.0,0,0,0.0,0.0,0.0,0.0,1800.0,0,,,0.0167,,1000.0,,22.0,22.0,0,1,0,30.0,3,0.0,0.0,0,0
Othman et al. 2020,10.1007/s00289-020-03421-y,10.0,0.0,0.0,0.0,10.0,0.0,0.0,0.0,0,0.0,0.0,0,0.0,0,0.0,0,0,0,0.0,0,0,0.0,0,0,0,0.0,0.0,0,18.0,0.0,0,0,0.0,0,0,0.0,0.0,0.0,0,0,0.0,0,0.0,0,0,0,0,0,0,0,0,0,0.0,0.0,0.0,0,0,0.0,0.0,0.0,0.0,1800.0,0,,,0.0167,,1000.0,,22.0,22.0,0,1,0,20.0,3,0.0,0.0,0,0
Othman et al. 2020,10.1007/s00289-020-03421-y,10.0,0.0,0.0,0.0,50.0,0.0,0.0,0.0,0,0.0,0.0,0,0.0,0,0.0,0,0,0,0.0,0,0,0.0,0,0,0,0.0,0.0,0,18.0,0.0,0,0,0.0,0,0,0.0,0.0,0.0,0,0,0.0,0,0.0,0,0,0,0,0,0,0,0,0,0.0,0.0,0.0,0,0,0.0,0.0,0.0,0.0,1200.0,0,,10.0,0.0167,,1000.0,,22.0,22.0,2,1,2,60.0,3,0.0,0.0,0,0
Othman et al. 2020,10.1007/s00289-020-03421-y,10.0,0.0,0.0,0.0,50.0,0.0,0.0,0.0,0,0.0,0.0,0,0.0,0,0.0,0,0,0,0.0,0,0,0.0,0,0,0,0.0,0.0,0,18.0,0.0,0,0,0.0,0,0,0.0,0.0,0.0,0,0,0.0,0,0.0,0,0,0,0,0,0,0,0,0,0.0,0.0,0.0,0,0,0.0,0.0,0.0,0.0,1200.0,0,,10.0,0.0334,,1000.0,,22.0,22.0,2,1,2,60.0,3,0.0,0.0,0,0
Othman et al. 2020,10.1007/s00289-020-03421-y,10.0,0.0,0.0,0.0,50.0,0.0,0.0,0.0,0,0.0,0.0,0,0.0,0,0.0,0,0,0,0.0,0,0,0.0,0,0,0,0.0,0.0,0,18.0,0.0,0,0,0.0,0,0,0.0,0.0,0.0,0,0,0.0,0,0.0,0,0,0,0,0,0,0,0,0,0.0,0.0,0.0,0,0,0.0,0.0,0.0,0.0,1200.0,0,,10.0,0.0667,,1000.0,,22.0,22.0,2,1,2,60.0,3,0.0,0.0,0,0
Othman et al. 2020,10.1007/s00289-020-03421-y,10.0,0.0,0.0,0.0,50.0,0.0,0.0,0.0,0,0.0,0.0,0,0.0,0,0.0,0,0,0,0.0,0,0,0.0,0,0,0,0.0,0.0,0,18.0,0.0,0,0,0.0,0,0,0.0,0.0,0.0,0,0,0.0,0,0.0,0,0,0,0,0,0,0,0,0,0.0,0.0,0.0,0,0,0.0,0.0,0.0,0.0,1200.0,0,,10.0,0.0834,,1000.0,,22.0,22.0,2,1,2,60.0,3,0.0,0.0,0,0
Othman et al. 2020,10.1007/s00289-020-03421-y,10.0,0.0,0.0,0.0,50.0,0.0,0.0,0.0,0,0.0,0.0,0,0.0,0,0.0,0,0,0,0.0,0,0,0.0,0,0,0,0.0,0.0,0,18.0,0.0,0,0,0.0,0,0,0.0,0.0,0.0,0,0,0.0,0,0.0,0,0,0,0,0,0,0,0,0,0.0,0.0,0.0,0,0,0.0,0.0,0.0,0.0,1200.0,0,,20.0,0.0167,,1000.0,,22.0,22.0,2,1,2,60.0,3,0.0,0.0,0,0
Othman et al. 2020,10.1007/s00289-020-03421-y,10.0,0.0,0.0,0.0,50.0,0.0,0.0,0.0,0,0.0,0.0,0,0.0,0,0.0,0,0,0,0.0,0,0,0.0,0,0,0,0.0,0.0,0,18.0,0.0,0,0,0.0,0,0,0.0,0.0,0.0,0,0,0.0,0,0.0,0,0,0,0,0,0,0,0,0,0.0,0.0,0.0,0,0,0.0,0.0,0.0,0.0,1200.0,0,,20.0,0.0334,,1000.0,,22.0,22.0,2,1,2,60.0,3,0.0,0.0,0,0
Othman et al. 2020,10.1007/s00289-020-03421-y,10.0,0.0,0.0,0.0,50.0,0.0,0.0,0.0,0,0.0,0.0,0,0.0,0,0.0,0,0,0,0.0,0,0,0.0,0,0,0,0.0,0.0,0,18.0,0.0,0,0,0.0,0,0,0.0,0.0,0.0,0,0,0.0,0,0.0,0,0,0,0,0,0,0,0,0,0.0,0.0,0.0,0,0,0.0,0.0,0.0,0.0,1200.0,0,,20.0,0.0667,,1000.0,,22.0,22.0,2,1,2,60.0,3,0.0,0.0,0,0
Othman et al. 2020,10.1007/s00289-020-03421-y,10.0,0.0,0.0,0.0,50.0,0.0,0.0,0.0,0,0.0,0.0,0,0.0,0,0.0,0,0,0,0.0,0,0,0.0,0,0,0,0.0,0.0,0,18.0,0.0,0,0,0.0,0,0,0.0,0.0,0.0,0,0,0.0,0,0.0,0,0,0,0,0,0,0,0,0,0.0,0.0,0.0,0,0,0.0,0.0,0.0,0.0,1200.0,0,,20.0,0.0834,,1000.0,,22.0,22.0,2,1,2,60.0,3,0.0,0.0,0,0
Othman et al. 2020,10.1007/s00289-020-03421-y,10.0,0.0,0.0,0.0,50.0,0.0,0.0,0.0,0,0.0,0.0,0,0.0,0,0.0,0,0,0,0.0,0,0,0.0,0,0,0,0.0,0.0,0,18.0,0.0,0,0,0.0,0,0,0.0,0.0,0.0,0,0,0.0,0,0.0,0,0,0,0,0,0,0,0,0,0.0,0.0,0.0,0,0,0.0,0.0,0.0,0.0,1200.0,0,,30.0,0.0167,,1000.0,,22.0,22.0,2,1,2,60.0,3,0.0,0.0,0,0
Othman et al. 2020,10.1007/s00289-020-03421-y,10.0,0.0,0.0,0.0,50.0,0.0,0.0,0.0,0,0.0,0.0,0,0.0,0,0.0,0,0,0,0.0,0,0,0.0,0,0,0,0.0,0.0,0,18.0,0.0,0,0,0.0,0,0,0.0,0.0,0.0,0,0,0.0,0,0.0,0,0,0,0,0,0,0,0,0,0.0,0.0,0.0,0,0,0.0,0.0,0.0,0.0,1200.0,0,,20.0,0.0334,,1000.0,,22.0,22.0,2,1,2,60.0,3,0.0,0.0,0,0
Othman et al. 2020,10.1007/s00289-020-03421-y,10.0,0.0,0.0,0.0,50.0,0.0,0.0,0.0,0,0.0,0.0,0,0.0,0,0.0,0,0,0,0.0,0,0,0.0,0,0,0,0.0,0.0,0,18.0,0.0,0,0,0.0,0,0,0.0,0.0,0.0,0,0,0.0,0,0.0,0,0,0,0,0,0,0,0,0,0.0,0.0,0.0,0,0,0.0,0.0,0.0,0.0,1200.0,0,,30.0,0.0667,,1000.0,,22.0,22.0,2,1,2,60.0,3,0.0,0.0,0,0
Othman et al. 2020,10.1007/s00289-020-03421-y,10.0,0.0,0.0,0.0,50.0,0.0,0.0,0.0,0,0.0,0.0,0,0.0,0,0.0,0,0,0,0.0,0,0,0.0,0,0,0,0.0,0.0,0,18.0,0.0,0,0,0.0,0,0,0.0,0.0,0.0,0,0,0.0,0,0.0,0,0,0,0,0,0,0,0,0,0.0,0.0,0.0,0,0,0.0,0.0,0.0,0.0,1200.0,0,,30.0,0.0834,,1000.0,,22.0,22.0,2,1,2,60.0,3,0.0,0.0,0,0
Othman et al. 2020,10.1007/s00289-020-03421-y,10.0,0.0,0.0,0.0,50.0,0.0,0.0,0.0,0,0.0,0.0,0,0.0,0,0.0,0,0,0,0.0,0,0,0.0,0,0,0,0.0,0.0,0,18.0,0.0,0,0,0.0,0,0,0.0,0.0,0.0,0,0,0.0,0,0.0,0,0,0,0,0,0,0,0,0,0.0,0.0,0.0,0,0,0.0,0.0,0.0,0.0,1200.0,0,,40.0,0.0167,,1000.0,,22.0,22.0,2,1,2,60.0,3,0.0,0.0,0,0
Othman et al. 2020,10.1007/s00289-020-03421-y,10.0,0.0,0.0,0.0,50.0,0.0,0.0,0.0,0,0.0,0.0,0,0.0,0,0.0,0,0,0,0.0,0,0,0.0,0,0,0,0.0,0.0,0,18.0,0.0,0,0,0.0,0,0,0.0,0.0,0.0,0,0,0.0,0,0.0,0,0,0,0,0,0,0,0,0,0.0,0.0,0.0,0,0,0.0,0.0,0.0,0.0,1200.0,0,,40.0,0.0334,,1000.0,,22.0,22.0,2,1,2,60.0,3,0.0,0.0,0,0
Othman et al. 2020,10.1007/s00289-020-03421-y,10.0,0.0,0.0,0.0,50.0,0.0,0.0,0.0,0,0.0,0.0,0,0.0,0,0.0,0,0,0,0.0,0,0,0.0,0,0,0,0.0,0.0,0,18.0,0.0,0,0,0.0,0,0,0.0,0.0,0.0,0,0,0.0,0,0.0,0,0,0,0,0,0,0,0,0,0.0,0.0,0.0,0,0,0.0,0.0,0.0,0.0,1200.0,0,,30.0,0.0667,,1000.0,,22.0,22.0,2,1,2,60.0,3,0.0,0.0,0,0
Othman et al. 2020,10.1007/s00289-020-03421-y,10.0,0.0,0.0,0.0,50.0,0.0,0.0,0.0,0,0.0,0.0,0,0.0,0,0.0,0,0,0,0.0,0,0,0.0,0,0,0,0.0,0.0,0,18.0,0.0,0,0,0.0,0,0,0.0,0.0,0.0,0,0,0.0,0,0.0,0,0,0,0,0,0,0,0,0,0.0,0.0,0.0,0,0,0.0,0.0,0.0,0.0,1200.0,0,,40.0,0.0834,,1000.0,,22.0,22.0,2,1,2,60.0,3,0.0,0.0,0,0
Othman et al. 2020,10.1007/s00289-020-03421-y,10.0,0.0,0.0,0.0,50.0,0.0,0.0,0.0,0,0.0,0.0,0,0.0,0,0.0,0,0,0,0.0,0,0,0.0,0,0,0,0.0,0.0,0,18.0,0.0,0,0,0.0,0,0,0.0,0.0,0.0,0,0,0.0,0,0.0,0,0,0,0,0,0,0,0,0,0.0,0.0,0.0,0,0,0.0,0.0,0.0,0.0,1200.0,0,,50.0,0.0334,,1000.0,,22.0,22.0,2,1,2,60.0,3,0.0,0.0,0,0
Othman et al. 2020,10.1007/s00289-020-03421-y,10.0,0.0,0.0,0.0,50.0,0.0,0.0,0.0,0,0.0,0.0,0,0.0,0,0.0,0,0,0,0.0,0,0,0.0,0,0,0,0.0,0.0,0,18.0,0.0,0,0,0.0,0,0,0.0,0.0,0.0,0,0,0.0,0,0.0,0,0,0,0,0,0,0,0,0,0.0,0.0,0.0,0,0,0.0,0.0,0.0,0.0,1200.0,0,,50.0,0.0667,,1000.0,,22.0,22.0,2,1,2,60.0,3,0.0,0.0,0,0
Othman et al. 2020,10.1007/s00289-020-03421-y,10.0,0.0,0.0,0.0,50.0,0.0,0.0,0.0,0,0.0,0.0,0,0.0,0,0.0,0,0,0,0.0,0,0,0.0,0,0,0,0.0,0.0,0,18.0,0.0,0,0,0.0,0,0,0.0,0.0,0.0,0,0,0.0,0,0.0,0,0,0,0,0,0,0,0,0,0.0,0.0,0.0,0,0,0.0,0.0,0.0,0.0,1200.0,0,,50.0,0.0834,,1000.0,,22.0,22.0,2,1,2,60.0,3,0.0,0.0,0,0
Othman et al. 2020,10.1007/s00289-020-03421-y,10.0,0.0,0.0,0.0,50.0,0.0,0.0,0.0,0,0.0,0.0,0,0.0,0,0.0,0,0,0,0.0,0,0,0.0,0,0,0,0.0,0.0,0,18.0,0.0,0,0,0.0,0,0,0.0,0.0,0.0,0,0,0.0,0,0.0,0,0,0,0,0,0,0,0,0,0.0,0.0,0.0,0,0,0.0,0.0,0.0,0.0,1200.0,0,,50.0,0.0167,,1000.0,,22.0,22.0,3,1,3,60.0,3,0.0,0.0,0,0
Ouyang et al. 2015,10.1088/1758-5090/7/4/044101,4.0,0.0,0.0,0.0,15.0,0.0,0.0,0.0,0,0.0,0.0,0,0.0,0,0.0,0,0,0,0.0,0,0,0.0,0,0,0,0.0,0.0,0,100.0,0.0,0,0,0.0,0,0,0.0,0.0,0.0,0,0,0.0,0,0.0,0,0,0,0,0,0,0,0,0,0.0,0.0,0.0,0,0,0.0,0.0,0.0,2000000.0,180.0,0,,,,,,10.0,30.0,22.0,3,3,9,19.0,3,0.0,0.0,0,1
Ouyang et al. 2015,10.1088/1758-5090/7/4/044101,4.0,0.0,0.0,0.0,15.0,0.0,0.0,0.0,0,0.0,0.0,0,0.0,0,0.0,0,0,0,0.0,0,0,0.0,0,0,0,0.0,0.0,0,100.0,0.0,0,0,0.0,0,0,0.0,0.0,0.0,0,0,0.0,0,0.0,0,0,0,0,0,0,0,0,0,0.0,0.0,0.0,0,0,0.0,0.0,0.0,2000000.0,180.0,0,,,,,,10.0,30.0,22.0,3,3,9,19.0,3,0.0,0.0,0,1
Ouyang et al. 2015,10.1088/1758-5090/7/4/044101,4.0,0.0,0.0,0.0,15.0,0.0,0.0,0.0,0,0.0,0.0,0,0.0,0,0.0,0,0,0,0.0,0,0,0.0,0,0,0,0.0,0.0,0,100.0,0.0,0,0,0.0,0,0,0.0,0.0,0.0,0,0,0.0,0,0.0,0,0,0,0,0,0,0,0,0,0.0,0.0,0.0,0,0,0.0,0.0,0.0,2000000.0,180.0,0,,,,,,10.0,30.0,22.0,3,3,9,19.0,3,0.0,0.0,0,1
Ouyang et al. 2015,10.1088/1758-5090/7/4/044101,4.0,0.0,0.0,0.0,15.0,0.0,0.0,0.0,0,0.0,0.0,0,0.0,0,0.0,0,0,0,0.0,0,0,0.0,0,0,0,0.0,0.0,0,100.0,0.0,0,0,0.0,0,0,0.0,0.0,0.0,0,0,0.0,0,0.0,0,0,0,0,0,0,0,0,0,0.0,0.0,0.0,0,0,0.0,0.0,0.0,2000000.0,180.0,0,,,,,,10.0,30.0,22.0,3,3,9,19.0,3,0.0,0.0,0,1
Ouyang et al. 2015,10.1088/1758-5090/7/4/044101,4.0,0.0,0.0,0.0,15.0,0.0,0.0,0.0,0,0.0,0.0,0,0.0,0,0.0,0,0,0,0.0,0,0,0.0,0,0,0,0.0,0.0,0,100.0,0.0,0,0,0.0,0,0,0.0,0.0,0.0,0,0,0.0,0,0.0,0,0,0,0,0,0,0,0,0,0.0,0.0,0.0,0,0,0.0,0.0,0.0,2000000.0,180.0,0,,,,,,4.0,30.0,22.0,3,3,9,19.0,3,0.0,0.0,0,1
Ouyang et al. 2015,10.1088/1758-5090/7/4/044101,4.0,0.0,0.0,0.0,15.0,0.0,0.0,0.0,0,0.0,0.0,0,0.0,0,0.0,0,0,0,0.0,0,0,0.0,0,0,0,0.0,0.0,0,100.0,0.0,0,0,0.0,0,0,0.0,0.0,0.0,0,0,0.0,0,0.0,0,0,0,0,0,0,0,0,0,0.0,0.0,0.0,0,0,0.0,0.0,0.0,2000000.0,180.0,0,,,,,,7.0,30.0,22.0,3,3,9,19.0,3,0.0,0.0,0,1
Ouyang et al. 2015,10.1088/1758-5090/7/4/044101,4.0,0.0,0.0,0.0,15.0,0.0,0.0,0.0,0,0.0,0.0,0,0.0,0,0.0,0,0,0,0.0,0,0,0.0,0,0,0,0.0,0.0,0,100.0,0.0,0,0,0.0,0,0,0.0,0.0,0.0,0,0,0.0,0,0.0,0,0,0,0,0,0,0,0,0,0.0,0.0,0.0,0,0,0.0,0.0,0.0,2000000.0,180.0,0,,,,,,10.0,30.0,22.0,3,3,9,19.0,3,0.0,0.0,0,1
Ouyang et al. 2015,10.1088/1758-5090/7/4/044101,4.0,0.0,0.0,0.0,15.0,0.0,0.0,0.0,0,0.0,0.0,0,0.0,0,0.0,0,0,0,0.0,0,0,0.0,0,0,0,0.0,0.0,0,100.0,0.0,0,0,0.0,0,0,0.0,0.0,0.0,0,0,0.0,0,0.0,0,0,0,0,0,0,0,0,0,0.0,0.0,0.0,0,0,0.0,0.0,0.0,2000000.0,180.0,0,,,,,,4.0,25.0,22.0,3,2,6,19.0,3,0.0,0.0,0,1
Ouyang et al. 2015,10.1088/1758-5090/7/4/044101,4.0,0.0,0.0,0.0,15.0,0.0,0.0,0.0,0,0.0,0.0,0,0.0,0,0.0,0,0,0,0.0,0,0,0.0,0,0,0,0.0,0.0,0,100.0,0.0,0,0,0.0,0,0,0.0,0.0,0.0,0,0,0.0,0,0.0,0,0,0,0,0,0,0,0,0,0.0,0.0,0.0,0,0,0.0,0.0,0.0,2000000.0,180.0,0,,,,,,7.0,25.0,22.0,3,2,6,19.0,3,0.0,0.0,0,1
Ouyang et al. 2015,10.1088/1758-5090/7/4/044101,4.0,0.0,0.0,0.0,15.0,0.0,0.0,0.0,0,0.0,0.0,0,0.0,0,0.0,0,0,0,0.0,0,0,0.0,0,0,0,0.0,0.0,0,100.0,0.0,0,0,0.0,0,0,0.0,0.0,0.0,0,0,0.0,0,0.0,0,0,0,0,0,0,0,0,0,0.0,0.0,0.0,0,0,0.0,0.0,0.0,2000000.0,180.0,0,,,,,,10.0,25.0,22.0,3,3,9,19.0,3,0.0,0.0,0,1
Ouyang et al. 2015,10.1088/1758-5090/7/4/044101,4.0,0.0,0.0,0.0,15.0,0.0,0.0,0.0,0,0.0,0.0,0,0.0,0,0.0,0,0,0,0.0,0,0,0.0,0,0,0,0.0,0.0,0,100.0,0.0,0,0,0.0,0,0,0.0,0.0,0.0,0,0,0.0,0,0.0,0,0,0,0,0,0,0,0,0,0.0,0.0,0.0,0,0,0.0,0.0,0.0,500000.0,180.0,0,,,,,,10.0,30.0,22.0,3,3,9,19.0,3,0.0,0.0,0,1
Ouyang et al. 2015,10.1088/1758-5090/7/4/044101,4.0,0.0,0.0,0.0,15.0,0.0,0.0,0.0,0,0.0,0.0,0,0.0,0,0.0,0,0,0,0.0,0,0,0.0,0,0,0,0.0,0.0,0,100.0,0.0,0,0,0.0,0,0,0.0,0.0,0.0,0,0,0.0,0,0.0,0,0,0,0,0,0,0,0,0,0.0,0.0,0.0,0,0,0.0,0.0,0.0,500000.0,180.0,0,,,,,,10.0,30.0,22.0,3,5,15,19.0,3,0.0,0.0,0,1
Ouyang et al. 2015,10.1088/1758-5090/7/4/044101,4.0,0.0,0.0,0.0,15.0,0.0,0.0,0.0,0,0.0,0.0,0,0.0,0,0.0,0,0,0,0.0,0,0,0.0,0,0,0,0.0,0.0,0,100.0,0.0,0,0,0.0,0,0,0.0,0.0,0.0,0,0,0.0,0,0.0,0,0,0,0,0,0,0,0,0,0.0,0.0,0.0,0,0,0.0,0.0,0.0,1000000.0,180.0,0,,,,,,10.0,30.0,22.0,3,3,9,19.0,3,0.0,0.0,0,1
Ouyang et al. 2015,10.1088/1758-5090/7/4/044101,4.0,0.0,0.0,0.0,15.0,0.0,0.0,0.0,0,0.0,0.0,0,0.0,0,0.0,0,0,0,0.0,0,0,0.0,0,0,0,0.0,0.0,0,100.0,0.0,0,0,0.0,0,0,0.0,0.0,0.0,0,0,0.0,0,0.0,0,0,0,0,0,0,0,0,0,0.0,0.0,0.0,0,0,0.0,0.0,0.0,1000000.0,180.0,0,,,,,,10.0,30.0,22.0,3,5,15,19.0,3,0.0,0.0,0,1
Ouyang et al. 2015,10.1088/1758-5090/7/4/044101,4.0,0.0,0.0,0.0,15.0,0.0,0.0,0.0,0,0.0,0.0,0,0.0,0,0.0,0,0,0,0.0,0,0,0.0,0,0,0,0.0,0.0,0,100.0,0.0,0,0,0.0,0,0,0.0,0.0,0.0,0,0,0.0,0,0.0,0,0,0,0,0,0,0,0,0,0.0,0.0,0.0,0,0,0.0,0.0,0.0,2000000.0,180.0,0,,,,,,10.0,30.0,22.0,3,3,9,19.0,3,0.0,0.0,0,1
Ouyang et al. 2015,10.1088/1758-5090/7/4/044101,4.0,0.0,0.0,0.0,15.0,0.0,0.0,0.0,0,0.0,0.0,0,0.0,0,0.0,0,0,0,0.0,0,0,0.0,0,0,0,0.0,0.0,0,100.0,0.0,0,0,0.0,0,0,0.0,0.0,0.0,0,0,0.0,0,0.0,0,0,0,0,0,0,0,0,0,0.0,0.0,0.0,0,0,0.0,0.0,0.0,2000000.0,180.0,0,,,,,,10.0,30.0,22.0,3,5,15,19.0,3,0.0,0.0,0,1
Ouyang et al. 2016,10.1088/1758-5090/8/3/035020,1.0,0.0,0.0,0.0,5.0,0.0,0.0,0.0,0,0.0,0.0,0,0.0,0,0.0,0,0,0,0.0,0,0,0.0,0,0,0,0.0,0.0,0,100.0,0.0,0,0,0.0,0,0,0.0,0.0,0.0,0,0,0.0,0,0.0,0,0,0,0,0,0,0,0,0,0.0,0.0,0.0,0,0,0.0,0.0,0.0,1000000.0,180.0,0,,,0.00068,,,22.5,22.5,,1,2,2,6.0,3,0.0,0.0,0,1
Ouyang et al. 2016,10.1088/1758-5090/8/3/035020,1.0,0.0,0.0,0.0,5.0,0.0,0.0,0.0,0,0.0,0.0,0,0.0,0,0.0,0,0,0,0.0,0,0,0.0,0,0,0,0.0,0.0,0,100.0,0.0,0,0,0.0,0,0,0.0,0.0,0.0,0,0,0.0,0,0.0,0,0,0,0,0,0,0,0,0,0.0,0.0,0.0,0,0,0.0,0.0,0.0,1000000.0,180.0,0,,,0.00068,,,22.5,25.0,,3,3,9,6.0,3,0.0,0.0,0,1
Ouyang et al. 2016,10.1088/1758-5090/8/3/035020,1.0,0.0,0.0,0.0,5.0,0.0,0.0,0.0,0,0.0,0.0,0,0.0,0,0.0,0,0,0,0.0,0,0,0.0,0,0,0,0.0,0.0,0,100.0,0.0,0,0,0.0,0,0,0.0,0.0,0.0,0,0,0.0,0,0.0,0,0,0,0,0,0,0,0,0,0.0,0.0,0.0,0,0,0.0,0.0,0.0,1000000.0,180.0,0,,,0.00068,,,22.5,27.5,,1,3,3,6.0,3,0.0,0.0,0,1
Ouyang et al. 2016,10.1088/1758-5090/8/3/035020,1.0,0.0,0.0,0.0,5.0,0.0,0.0,0.0,0,0.0,0.0,0,0.0,0,0.0,0,0,0,0.0,0,0,0.0,0,0,0,0.0,0.0,0,100.0,0.0,0,0,0.0,0,0,0.0,0.0,0.0,0,0,0.0,0,0.0,0,0,0,0,0,0,0,0,0,0.0,0.0,0.0,0,0,0.0,0.0,0.0,1000000.0,180.0,0,,,0.00068,,,22.5,30.0,,1,3,3,6.0,3,0.0,0.0,0,1
Ouyang et al. 2016,10.1088/1758-5090/8/3/035020,1.0,0.0,0.0,0.0,7.5,0.0,0.0,0.0,0,0.0,0.0,0,0.0,0,0.0,0,0,0,0.0,0,0,0.0,0,0,0,0.0,0.0,0,100.0,0.0,0,0,0.0,0,0,0.0,0.0,0.0,0,0,0.0,0,0.0,0,0,0,0,0,0,0,0,0,0.0,0.0,0.0,0,0,0.0,0.0,0.0,1000000.0,180.0,0,,,0.00068,,,22.5,22.5,,1,2,2,8.5,3,0.0,0.0,0,1
Ouyang et al. 2016,10.1088/1758-5090/8/3/035020,1.0,0.0,0.0,0.0,7.5,0.0,0.0,0.0,0,0.0,0.0,0,0.0,0,0.0,0,0,0,0.0,0,0,0.0,0,0,0,0.0,0.0,0,100.0,0.0,0,0,0.0,0,0,0.0,0.0,0.0,0,0,0.0,0,0.0,0,0,0,0,0,0,0,0,0,0.0,0.0,0.0,0,0,0.0,0.0,0.0,1000000.0,180.0,0,,,0.00068,,,22.5,25.0,,1,2,2,8.5,3,0.0,0.0,0,1
Ouyang et al. 2016,10.1088/1758-5090/8/3/035020,1.0,0.0,0.0,0.0,7.5,0.0,0.0,0.0,0,0.0,0.0,0,0.0,0,0.0,0,0,0,0.0,0,0,0.0,0,0,0,0.0,0.0,0,100.0,0.0,0,0,0.0,0,0,0.0,0.0,0.0,0,0,0.0,0,0.0,0,0,0,0,0,0,0,0,0,0.0,0.0,0.0,0,0,0.0,0.0,0.0,1000000.0,180.0,0,,,0.00068,,,22.5,27.5,,3,3,9,8.5,3,0.0,0.0,0,1
Ouyang et al. 2016,10.1088/1758-5090/8/3/035020,1.0,0.0,0.0,0.0,7.5,0.0,0.0,0.0,0,0.0,0.0,0,0.0,0,0.0,0,0,0,0.0,0,0,0.0,0,0,0,0.0,0.0,0,100.0,0.0,0,0,0.0,0,0,0.0,0.0,0.0,0,0,0.0,0,0.0,0,0,0,0,0,0,0,0,0,0.0,0.0,0.0,0,0,0.0,0.0,0.0,1000000.0,180.0,0,,,0.00068,,,22.5,30.0,,3,3,9,8.5,3,0.0,0.0,0,1
Ouyang et al. 2016,10.1088/1758-5090/8/3/035020,1.0,0.0,0.0,0.0,10.0,0.0,0.0,0.0,0,0.0,0.0,0,0.0,0,0.0,0,0,0,0.0,0,0,0.0,0,0,0,0.0,0.0,0,100.0,0.0,0,0,0.0,0,0,0.0,0.0,0.0,0,0,0.0,0,0.0,0,0,0,0,0,0,0,0,0,0.0,0.0,0.0,0,0,0.0,0.0,0.0,1000000.0,180.0,0,,,0.00068,,,22.5,22.5,,0,2,0,11.0,3,0.0,0.0,0,1
Ouyang et al. 2016,10.1088/1758-5090/8/3/035020,1.0,0.0,0.0,0.0,10.0,0.0,0.0,0.0,0,0.0,0.0,0,0.0,0,0.0,0,0,0,0.0,0,0,0.0,0,0,0,0.0,0.0,0,100.0,0.0,0,0,0.0,0,0,0.0,0.0,0.0,0,0,0.0,0,0.0,0,0,0,0,0,0,0,0,0,0.0,0.0,0.0,0,0,0.0,0.0,0.0,1000000.0,180.0,0,,,0.00068,,,22.5,25.0,,1,2,2,11.0,3,0.0,0.0,0,1
Ouyang et al. 2016,10.1088/1758-5090/8/3/035020,1.0,0.0,0.0,0.0,10.0,0.0,0.0,0.0,0,0.0,0.0,0,0.0,0,0.0,0,0,0,0.0,0,0,0.0,0,0,0,0.0,0.0,0,100.0,0.0,0,0,0.0,0,0,0.0,0.0,0.0,0,0,0.0,0,0.0,0,0,0,0,0,0,0,0,0,0.0,0.0,0.0,0,0,0.0,0.0,0.0,1000000.0,180.0,0,,,0.00068,,,22.5,27.5,,1,2,2,11.0,3,0.0,0.0,0,1
Ouyang et al. 2016,10.1088/1758-5090/8/3/035020,1.0,0.0,0.0,0.0,10.0,0.0,0.0,0.0,0,0.0,0.0,0,0.0,0,0.0,0,0,0,0.0,0,0,0.0,0,0,0,0.0,0.0,0,100.0,0.0,0,0,0.0,0,0,0.0,0.0,0.0,0,0,0.0,0,0.0,0,0,0,0,0,0,0,0,0,0.0,0.0,0.0,0,0,0.0,0.0,0.0,1000000.0,180.0,0,,,0.00068,,,22.5,30.0,,2,3,6,11.0,3,0.0,0.0,0,1
Yao et al. 2019,10.1088/1758-5090/ab38ef,1.0,0.0,0.0,0.0,3.0,0.0,0.0,0.0,0,0.0,0.0,0,0.0,0,0.01,0,0,0,0.0,0,0,0.0,0,0,0,0.0,0.0,0,18.0,0.0,0,0,0.0,0,0,0.0,0.0,0.0,0,0,0.0,0,0.0,0,0,0,0,0,0,0,0,0,0.0,0.0,0.0,0,0,0.0,0.0,0.0,10000000.0,600.0,0,,,,,260.0,,15.0,4.0,3,3,9,4.01,4,0.0,0.0,1,1
Yao et al. 2019,10.1088/1758-5090/ab38ef,1.0,0.0,0.0,0.0,3.0,0.0,0.0,0.0,0,0.0,0.0,0,0.0,0,0.01,0,0,0,0.0,0,0,0.0,0,0,0,0.0,0.0,0,18.0,0.0,0,0,0.0,0,0,0.0,0.0,0.0,0,0,0.0,0,0.0,0,0,0,0,0,0,0,0,0,0.0,0.0,0.0,0,0,0.0,0.0,0.0,10000000.0,600.0,0,,,,,260.0,,15.0,4.0,3,5,15,4.01,4,0.0,0.0,1,1
Yao et al. 2019,10.1088/1758-5090/ab38ef,1.0,0.0,0.0,0.0,3.0,0.0,0.0,0.0,0,0.0,0.0,0,0.0,0,0.01,0,0,0,0.0,0,0,0.0,0,0,0,0.0,0.0,0,18.0,0.0,0,0,0.0,0,0,0.0,0.5,0.0,0,0,0.0,0,0.0,0,0,0,0,0,0,0,0,0,0.0,0.0,0.0,0,0,0.0,0.0,0.0,10000000.0,600.0,0,,,,,260.0,,15.0,4.0,3,3,9,4.01,5,0.0,0.0,1,1
Yao et al. 2019,10.1088/1758-5090/ab38ef,1.0,0.0,0.0,0.0,3.0,0.0,0.0,0.0,0,0.0,0.0,0,0.0,0,0.01,0,0,0,0.0,0,0,0.0,0,0,0,0.0,0.0,0,18.0,0.0,0,0,0.0,0,0,0.0,0.5,0.0,0,0,0.0,0,0.0,0,0,0,0,0,0,0,0,0,0.0,0.0,0.0,0,0,0.0,0.0,0.0,10000000.0,600.0,0,,,,,260.0,,15.0,4.0,3,5,15,4.01,5,0.0,0.0,1,1
Yao et al. 2019,10.1088/1758-5090/ab38ef,1.0,0.0,0.0,0.0,3.0,0.0,0.0,0.0,0,0.0,0.0,0,0.0,0,0.01,0,0,0,0.0,0,0,0.0,0,0,0,0.0,0.0,0,18.0,0.0,0,0,0.0,0,0,0.0,5.0,0.0,0,0,0.0,0,0.0,0,0,0,0,0,0,0,0,0,0.0,0.0,0.0,0,0,0.0,0.0,0.0,10000000.0,600.0,0,,,,,260.0,,15.0,4.0,3,3,9,4.01,5,0.0,0.0,1,1
Yao et al. 2019,10.1088/1758-5090/ab38ef,1.0,0.0,0.0,0.0,3.0,0.0,0.0,0.0,0,0.0,0.0,0,0.0,0,0.01,0,0,0,0.0,0,0,0.0,0,0,0,0.0,0.0,0,18.0,0.0,0,0,0.0,0,0,0.0,5.0,0.0,0,0,0.0,0,0.0,0,0,0,0,0,0,0,0,0,0.0,0.0,0.0,0,0,0.0,0.0,0.0,10000000.0,600.0,0,,,,,260.0,,15.0,4.0,3,5,15,4.01,5,0.0,0.0,1,1
Yao et al. 2019,10.1088/1758-5090/ab38ef,1.0,0.0,0.0,0.0,3.0,0.0,0.0,0.0,0,0.0,0.0,0,0.0,0,0.01,0,0,0,0.0,0,0,0.0,0,0,0,0.0,0.0,0,18.0,0.0,0,0,0.0,0,0,0.0,50.0,0.0,0,0,0.0,0,0.0,0,0,0,0,0,0,0,0,0,0.0,0.0,0.0,0,0,0.0,0.0,0.0,10000000.0,600.0,0,,,,,260.0,,15.0,4.0,1,2,2,4.01,5,0.0,0.0,1,1
Yao et al. 2019,10.1088/1758-5090/ab38ef,1.0,0.0,0.0,0.0,3.0,0.0,0.0,0.0,0,0.0,0.0,0,0.0,0,0.01,0,0,0,0.0,0,0,0.0,0,0,0,0.0,0.0,0,18.0,0.0,0,0,0.0,0,0,0.0,20.0,0.0,0,0,0.0,0,0.0,0,0,0,0,0,0,0,0,0,0.0,0.0,0.0,0,0,0.0,0.0,0.0,10000000.0,600.0,0,,,,,260.0,,15.0,4.0,1,2,2,4.01,5,0.0,0.0,1,1
Yao et al. 2019,10.1088/1758-5090/ab38ef,1.0,0.0,0.0,0.0,3.0,0.0,0.0,0.0,0,0.0,0.0,0,0.0,0,0.01,0,0,0,0.0,0,0,0.0,0,0,0,0.0,0.0,0,18.0,0.0,0,0,0.0,0,0,0.0,500.0,0.0,0,0,0.0,0,0.0,0,0,0,0,0,0,0,0,0,0.0,0.0,0.0,0,0,0.0,0.0,0.0,10000000.0,600.0,0,,,,,260.0,,15.0,4.0,1,2,2,4.01,5,0.0,0.0,1,1
Zhao et al. 2014,10.1088/1758-5082/6/3/035001,1.0,0.0,0.0,0.0,10.0,0.0,0.0,0.0,0,0.0,0.0,0,2.0,0,0.0,0,0,0,0.0,0,0,0.0,0,0,0,0.0,0.0,0,27.0,0.0,0,0,0.0,0,0,0.0,0.0,0.0,0,0,0.0,0,0.0,0,0,0,0,0,0,0,0,0,0.0,0.0,0.0,0,0,0.0,0.0,0.0,1000000.0,900.0,0,,,0.00017,,250.0,,25.0,10.0,3,3,9,13.0,4,0.0,0.0,1,1
Zhao et al. 2014,10.1088/1758-5082/6/3/035001,1.0,0.0,0.0,0.0,10.0,0.0,0.0,0.0,0,0.0,0.0,0,2.0,0,0.0,0,0,0,0.0,0,0,0.0,0,0,0,0.0,0.0,0,27.0,0.0,0,0,0.0,0,0,0.0,0.0,0.0,0,0,0.0,0,0.0,0,0,0,0,0,0,0,0,0,0.0,0.0,0.0,0,0,0.0,0.0,0.0,1000000.0,900.0,0,,,0.00017,,250.0,10.0,20.0,10.0,3,3,9,13.0,4,0.0,0.0,1,1
Zhao et al. 2014,10.1088/1758-5082/6/3/035001,1.0,0.0,0.0,0.0,10.0,0.0,0.0,0.0,0,0.0,0.0,0,2.0,0,0.0,0,0,0,0.0,0,0,0.0,0,0,0,0.0,0.0,0,27.0,0.0,0,0,0.0,0,0,0.0,0.0,0.0,0,0,0.0,0,0.0,0,0,0,0,0,0,0,0,0,0.0,0.0,0.0,0,0,0.0,0.0,0.0,1000000.0,900.0,0,,,0.00017,,250.0,10.0,15.0,10.0,3,3,9,13.0,4,0.0,0.0,1,1
Zhao et al. 2014,10.1088/1758-5082/6/3/035001,1.0,0.0,0.0,0.0,10.0,0.0,0.0,0.0,0,0.0,0.0,0,2.0,0,0.0,0,0,0,0.0,0,0,0.0,0,0,0,0.0,0.0,0,27.0,0.0,0,0,0.0,0,0,0.0,0.0,0.0,0,0,0.0,0,0.0,0,0,0,0,0,0,0,0,0,0.0,0.0,0.0,0,0,0.0,0.0,0.0,1000000.0,900.0,0,,,0.00017,,250.0,10.0,10.0,10.0,3,2,6,13.0,4,0.0,0.0,1,1
Zhao et al. 2014,10.1088/1758-5082/6/3/035001,1.0,0.0,0.0,0.0,10.0,0.0,0.0,0.0,0,0.0,0.0,0,2.0,0,0.0,0,0,0,0.0,0,0,0.0,0,0,0,0.0,0.0,0,27.0,0.0,0,0,0.0,0,0,0.0,0.0,0.0,0,0,0.0,0,0.0,0,0,0,0,0,0,0,0,0,0.0,0.0,0.0,0,0,0.0,0.0,0.0,1000000.0,900.0,0,,,0.00017,,250.0,10.0,25.0,10.0,3,5,15,13.0,4,0.0,0.0,1,1
Gantumur et al. 2020,10.18063/ijb.v6i1.250,0.5,0.0,0.0,0.0,0.0,0.0,0.0,0.0,0,0.0,0.0,0,0.0,0,0.0,0,0,0,0.0,0,0,1.5,0,0,0,0.0,0.0,0,0.0,0.0,0,0,0.0,0,0,0.0,0.0,4.4,0,0,0.0,0,0.0,0,0,0,0,0,0,0,100,0,0.0,0.0,0.0,0,0,0.0,0.0,0.0,500000.0,0.0,0,,22.0,,22.0,210.0,,22.0,22.0,3,5,15,6.4,4,0.0,0.0,0,1
Gantumur et al. 2020,10.18063/ijb.v6i1.250,0.5,0.0,0.0,0.0,0.0,0.0,0.0,0.0,0,0.0,0.0,0,0.0,0,0.0,0,0,0,0.0,0,0,1.5,0,0,0,0.0,0.0,0,0.0,0.0,0,0,0.0,0,0,0.0,0.0,4.4,0,0,0.0,0,0.0,0,0,0,0,0,0,0,100,0,0.0,0.0,0.0,0,0,0.0,0.0,0.0,500000.0,0.0,0,,22.0,,22.0,210.0,,22.0,22.0,3,2,6,6.4,4,0.0,0.0,0,1
Gantumur et al. 2020,10.18063/ijb.v6i1.250,0.5,0.0,0.0,0.0,0.0,0.0,0.0,0.0,0,0.0,0.0,0,0.0,0,0.0,0,0,0,0.0,0,0,1.0,0,0,0,0.0,0.0,0,0.0,0.0,0,0,0.0,0,0,0.0,0.0,4.4,0,0,0.0,0,0.0,0,0,0,0,0,0,0,100,0,0.0,0.0,0.0,0,0,0.0,0.0,0.0,0.0,0.0,0,,22.0,,22.0,210.0,,22.0,22.0,2,1,2,5.9,4,0.0,0.0,0,0
Gantumur et al. 2020,10.18063/ijb.v6i1.250,0.5,0.0,0.0,0.0,0.0,0.0,0.0,0.0,0,0.0,0.0,0,0.0,0,0.0,0,0,0,0.0,0,0,0.5,0,0,0,0.0,0.0,0,0.0,0.0,0,0,0.0,0,0,0.0,0.0,4.4,0,0,0.0,0,0.0,0,0,0,0,0,0,0,100,0,0.0,0.0,0.0,0,0,0.0,0.0,0.0,0.0,0.0,0,,22.0,,22.0,210.0,,22.0,22.0,2,1,2,5.4,4,0.0,0.0,0,0
Gantumur et al. 2020,10.18063/ijb.v6i1.250,0.5,0.0,0.0,0.0,0.0,0.0,0.0,0.0,0,0.0,0.0,0,0.0,0,0.0,0,0,0,0.0,0,0,0.0,0,0,0,0.0,0.0,0,0.0,0.0,0,0,0.0,0,0,0.0,0.0,4.4,0,0,0.0,0,0.0,0,0,0,0,0,0,0,100,0,0.0,0.0,0.0,0,0,0.0,0.0,0.0,0.0,0.0,0,,22.0,,22.0,210.0,,22.0,22.0,1,1,1,4.9,3,0.0,0.0,0,0
Bociaga et al. 2020,10.3390/ma13194237,5.0,0.0,0.0,0.0,3.0,0.0,0.0,0.0,0,0.0,0.0,0,0.0,0,0.0,0,0,0,0.0,0,0,0.0,0,0,0,0.0,0.0,0,0.0,0.0,0,0,0.0,0,0,0.0,0.0,0.0,0,0,0.0,0,0.0,0,0,0,0,0,0,0,0,0,0.0,0.0,0.0,0,0,0.0,0.0,0.0,,3600.0,0,100.0,5.0,,2.0,300.0,,34.0,10.0,2,3,6,8.0,2,0.0,0.0,0,0
Bociaga et al. 2020,10.3390/ma13194237,5.0,0.0,0.0,0.0,3.0,0.0,0.0,0.0,0,0.0,0.0,0,0.0,0,0.0,0,0,0,0.0,0,0,0.0,0,0,0,0.0,0.0,0,0.0,0.0,0,0,0.0,0,0,0.0,0.0,0.0,0,0,0.0,0,0.0,0,0,0,0,0,0,0,0,0,0.0,0.0,0.0,0,0,0.0,0.0,0.0,,3600.0,0,100.0,3.5,,2.0,300.0,,37.0,10.0,3,3,9,8.0,2,0.0,0.0,0,0
Bociaga et al. 2020,10.3390/ma13194237,5.0,0.0,0.0,0.0,3.0,0.0,0.0,0.0,0,0.0,0.0,0,0.0,0,0.0,0,0,0,0.0,0,0,0.0,0,0,0,0.0,0.0,0,0.0,0.0,0,0,0.0,0,0,0.0,0.0,0.0,0,0,0.0,0,0.0,0,0,0,0,0,0,0,0,0,0.0,0.0,0.0,0,0,0.0,0.0,0.0,,3600.0,0,100.0,5.0,,2.0,300.0,,40.0,10.0,2,3,6,8.0,2,0.0,0.0,0,0
Bociaga et al. 2020,10.3390/ma13194237,6.0,0.0,0.0,0.0,4.0,0.0,0.0,0.0,0,0.0,0.0,0,0.0,0,0.0,0,0,0,0.0,0,0,0.0,0,0,0,0.0,0.0,0,0.0,0.0,0,0,0.0,0,0,0.0,0.0,0.0,0,0,0.0,0,0.0,0,0,0,0,0,0,0,0,0,0.0,0.0,0.0,0,0,0.0,0.0,0.0,0.0,3600.0,0,100.0,5.0,,2.0,300.0,,34.0,10.0,2,1,2,10.0,2,0.0,0.0,0,0
Bociaga et al. 2020,10.3390/ma13194237,6.0,0.0,0.0,0.0,4.0,0.0,0.0,0.0,0,0.0,0.0,0,0.0,0,0.0,0,0,0,0.0,0,0,0.0,0,0,0,0.0,0.0,0,0.0,0.0,0,0,0.0,0,0,0.0,0.0,0.0,0,0,0.0,0,0.0,0,0,0,0,0,0,0,0,0,0.0,0.0,0.0,0,0,0.0,0.0,0.0,0.0,3600.0,0,100.0,5.0,,2.0,300.0,,37.0,10.0,3,1,3,10.0,2,0.0,0.0,0,0
Bociaga et al. 2020,10.3390/ma13194237,6.0,0.0,0.0,0.0,4.0,0.0,0.0,0.0,0,0.0,0.0,0,0.0,0,0.0,0,0,0,0.0,0,0,0.0,0,0,0,0.0,0.0,0,0.0,0.0,0,0,0.0,0,0,0.0,0.0,0.0,0,0,0.0,0,0.0,0,0,0,0,0,0,0,0,0,0.0,0.0,0.0,0,0,0.0,0.0,0.0,0.0,3600.0,0,100.0,5.0,,2.0,300.0,,40.0,10.0,2,1,2,10.0,2,0.0,0.0,0,0
Fisch et al. 2021,10.1088/1758-5090/abc39b,2.0,0.0,0.0,0.0,0.0,0.0,0.0,0.0,0,0.0,0.0,0,0.0,0,0.0,0,0,0,0.0,3,0,0.0,0,0,0,0.0,0.0,0,20.0,0.0,0,0,0.0,0,0,0.0,0.0,0.0,0,0,0.0,0,0.0,0,0,0,0,0,0,0,0,0,0.0,0.0,0.0,0,0,0.0,0.0,0.0,0.0,0.0,0,26.0,13.33,0.00224,13.33,410.0,,22.0,22.0,3,1,3,5.0,3,0.0,0.0,0,0
Fisch et al. 2021,10.1088/1758-5090/abc39b,2.0,0.0,0.0,0.0,0.0,0.0,0.0,0.0,0,0.0,0.0,0,0.0,0,0.0,0,0,0,0.0,3,0,0.0,0,0,0,0.0,0.0,0,20.0,0.0,0,0,0.0,0,0,0.0,0.0,0.0,0,0,0.0,0,0.0,0,0,0,0,0,0,0,0,0,0.0,0.0,0.0,0,0,0.0,0.0,0.0,0.0,0.0,0,26.0,13.33,0.00224,13.33,410.0,,22.0,22.0,3,1,3,5.0,3,0.0,0.0,0,0
Fisch et al. 2021,10.1088/1758-5090/abc39b,2.0,0.0,0.0,0.0,0.0,0.0,0.0,0.0,0,0.0,0.0,0,0.0,0,0.0,0,0,0,0.0,4,0,0.0,0,0,0,0.0,0.0,0,20.0,0.0,0,0,0.0,0,0,0.0,0.0,0.0,0,0,0.0,0,0.0,0,0,0,0,0,0,0,0,0,0.0,0.0,0.0,0,0,0.0,0.0,0.0,0.0,0.0,0,26.0,13.33,0.00224,13.33,410.0,,22.0,22.0,3,1,3,6.0,3,0.0,0.0,0,0
Fisch et al. 2021,10.1088/1758-5090/abc39b,2.0,0.0,0.0,0.0,0.0,0.0,0.0,0.0,5,0.0,0.0,0,0.0,0,0.0,0,0,0,0.0,3,0,0.0,0,0,0,0.0,0.0,0,20.0,0.0,0,0,0.0,0,0,0.0,0.0,0.0,0,0,0.0,0,0.0,0,0,0,0,0,0,0,0,0,0.0,0.0,0.0,0,0,0.0,0.0,0.0,0.0,0.0,0,26.0,13.33,0.00224,13.33,410.0,,22.0,22.0,3,1,3,10.0,4,5.0,0.5,1,0
Fisch et al. 2021,10.1088/1758-5090/abc39b,2.0,0.0,0.0,0.0,0.0,0.0,0.0,0.0,0,0.0,0.0,0,0.0,0,0.0,0,0,0,0.0,3,0,0.0,0,0,0,0.0,0.0,0,20.0,0.0,0,0,0.0,0,0,0.0,0.0,0.0,0,0,0.0,0,0.0,0,0,0,0,0,0,0,0,0,0.0,0.0,0.0,0,0,0.0,0.0,0.0,0.0,0.0,0,26.0,16.67,0.00224,13.33,410.0,,22.0,22.0,3,1,3,5.0,3,0.0,0.0,0,0
Fisch et al. 2021,10.1088/1758-5090/abc39b,2.0,0.0,0.0,0.0,0.0,0.0,0.0,0.0,0,0.0,0.0,0,0.0,0,0.0,0,0,0,0.0,4,0,0.0,0,0,0,0.0,0.0,0,20.0,0.0,0,0,0.0,0,0,0.0,0.0,0.0,0,0,0.0,0,0.0,0,0,0,0,0,0,0,0,0,0.0,0.0,0.0,0,0,0.0,0.0,0.0,0.0,0.0,0,26.0,16.67,0.00224,13.33,410.0,,22.0,22.0,3,1,3,6.0,3,0.0,0.0,0,0
Fisch et al. 2021,10.1088/1758-5090/abc39b,2.0,0.0,0.0,0.0,0.0,0.0,0.0,0.0,5,0.0,0.0,0,0.0,0,0.0,0,0,0,0.0,3,0,0.0,0,0,0,0.0,0.0,0,20.0,0.0,0,0,0.0,0,0,0.0,0.0,0.0,0,0,0.0,0,0.0,0,0,0,0,0,0,0,0,0,0.0,0.0,0.0,0,0,0.0,0.0,0.0,0.0,0.0,0,26.0,16.67,0.00224,13.33,410.0,,22.0,22.0,3,1,3,10.0,4,5.0,0.5,1,0
Fisch et al. 2021,10.1088/1758-5090/abc39b,2.0,0.0,0.0,0.0,0.0,0.0,0.0,0.0,0,0.0,0.0,0,0.0,0,0.0,0,0,0,0.0,3,0,0.0,0,0,0,0.0,0.0,0,20.0,0.0,0,0,0.0,0,0,0.0,0.0,0.0,0,0,0.0,0,0.0,0,0,0,0,0,0,0,0,0,0.0,0.0,0.0,0,0,0.0,0.0,0.0,0.0,0.0,0,26.0,13.33,0.00224,13.33,840.0,,22.0,22.0,3,1,3,5.0,3,0.0,0.0,0,0
Fisch et al. 2021,10.1088/1758-5090/abc39b,2.0,0.0,0.0,0.0,0.0,0.0,0.0,0.0,0,0.0,0.0,0,0.0,0,0.0,0,0,0,0.0,4,0,0.0,0,0,0,0.0,0.0,0,20.0,0.0,0,0,0.0,0,0,0.0,0.0,0.0,0,0,0.0,0,0.0,0,0,0,0,0,0,0,0,0,0.0,0.0,0.0,0,0,0.0,0.0,0.0,0.0,0.0,0,26.0,13.33,0.00224,13.33,840.0,,22.0,22.0,3,1,3,6.0,3,0.0,0.0,0,0
Fisch et al. 2021,10.1088/1758-5090/abc39b,2.0,0.0,0.0,0.0,0.0,0.0,0.0,0.0,5,0.0,0.0,0,0.0,0,0.0,0,0,0,0.0,3,0,0.0,0,0,0,0.0,0.0,0,20.0,0.0,0,0,0.0,0,0,0.0,0.0,0.0,0,0,0.0,0,0.0,0,0,0,0,0,0,0,0,0,0.0,0.0,0.0,0,0,0.0,0.0,0.0,0.0,0.0,0,26.0,13.33,0.00224,13.33,840.0,,22.0,22.0,3,1,3,10.0,4,5.0,0.5,1,0
Fisch et al. 2021,10.1088/1758-5090/abc39b,2.0,0.0,0.0,0.0,0.0,0.0,0.0,0.0,0,0.0,0.0,0,0.0,0,0.0,0,0,0,0.0,3,0,0.0,0,0,0,0.0,0.0,0,20.0,0.0,0,0,0.0,0,0,0.0,0.0,0.0,0,0,0.0,0,0.0,0,0,0,0,0,0,0,0,0,0.0,0.0,0.0,0,0,0.0,0.0,0.0,3000000.0,0.0,0,26.0,13.33,0.00224,13.33,410.0,,22.0,22.0,3,3,9,5.0,3,0.0,0.0,0,1
Kharel et al. 2019,10.1115/1.4043960,2.0,0.0,0.0,0.0,3.0,0.0,0.0,0.0,0,0.0,0.0,0,0.25,0,0.0,0,0,0,0.0,0,0,0.0,0,0,0,0.0,0.0,0,500.0,0.0,0,0,0.0,0,0,0.0,0.0,0.0,0,0,0.0,0,0.0,0,0,0,0,0,0,0,0,100,0.0,0.0,0.0,0,0,0.0,0.0,0.0,6700000.0,600.0,0,,5.0,,4.0,600.0,,22.0,22.0,3,3,9,105.25,5,0.0,0.0,1,1
Kharel et al. 2019,10.1115/1.4043960,2.0,0.0,0.0,0.0,3.0,0.0,0.0,0.0,0,0.0,0.0,0,0.25,0,0.0,0,0,0,0.0,0,0,0.0,0,0,0,0.0,0.0,0,500.0,0.0,0,0,0.0,0,0,0.0,0.0,0.0,0,0,0.0,0,0.0,0,0,0,0,0,0,0,0,100,0.0,0.0,0.0,0,0,0.0,0.0,0.0,6700000.0,600.0,0,,5.0,,4.0,600.0,,22.0,22.0,3,5,15,105.25,5,0.0,0.0,1,1
Kharel et al. 2019,10.1115/1.4043960,2.0,0.0,0.0,0.0,3.0,0.0,0.0,0.0,0,0.0,0.0,0,0.25,0,0.0,0,0,0,0.0,0,0,0.0,0,0,0,0.0,0.0,0,500.0,0.0,0,0,0.0,0,0,0.0,0.0,0.0,0,0,0.0,0,0.0,0,0,0,0,0,0,0,0,100,0.0,0.0,0.0,0,0,0.0,0.0,0.0,0.0,600.0,0,,5.0,,4.0,600.0,,22.0,22.0,3,1,3,105.25,5,0.0,0.0,1,0
Kharel et al. 2019,10.1115/1.4043960,2.0,0.0,0.0,0.0,3.0,0.0,0.0,0.0,0,0.0,0.0,0,0.0,0,0.0,0,0,0,0.0,0,0,0.0,0,0,0,0.0,0.0,0,500.0,0.0,0,0,0.0,0,0,0.0,0.0,0.0,0,0,0.0,0,0.0,0,0,0,0,0,0,0,0,100,0.0,0.0,0.0,0,0,0.0,0.0,0.0,0.0,600.0,0,,5.0,,4.0,600.0,,22.0,22.0,3,1,3,105.0,4,0.0,0.0,0,0
Li et al. 2021,10.1016/j.addma.2020.101640,0.0,0.0,0.0,0.0,0.0,10.0,0.0,0.0,0,0.0,0.0,0,0.0,0,0.0,0,0,0,0.0,0,0,0.0,0,0,0,0.0,0.0,0,0.0,0.0,0,0,0.0,0,0,0.0,0.0,0.0,0,0,0.0,0,0.0,0,0,0,0,0,0,0,0,0,0.0,0.0,0.0,0,0,0.0,0.0,0.0,366000.0,0.0,10,,,,,250.0,,26.0,22.0,2,3,6,10.0,1,0.0,0.0,0,1
Li et al. 2021,10.1016/j.addma.2020.101640,0.0,0.0,0.0,0.0,0.0,10.0,0.0,0.0,0,0.0,0.0,0,0.0,0,0.0,0,0,0,0.0,0,0,0.0,0,0,0,0.0,0.0,0,0.0,0.0,0,0,0.0,0,0,0.0,0.0,0.0,0,0,0.0,0,0.0,0,0,0,0,0,0,0,0,0,0.0,0.0,0.0,0,0,0.0,0.0,0.0,366000.0,0.0,10,,,,,250.0,,26.0,22.0,2,5,10,10.0,1,0.0,0.0,0,1
Li et al. 2021,10.1016/j.addma.2020.101640,0.0,0.0,0.0,0.0,0.0,10.0,0.0,0.0,0,0.0,0.0,0,0.0,0,0.0,0,0,0,0.0,0,0,0.0,0,0,0,0.0,0.0,0,0.0,0.0,0,0,0.0,0,0,0.0,0.0,0.0,0,0,0.0,0,0.0,0,0,0,0,0,0,0,0,0,0.0,0.0,0.0,0,0,0.0,0.0,0.0,0.0,0.0,60,,,,,250.0,,26.0,22.0,2,1,2,10.0,1,0.0,0.0,0,0
Li et al. 2021,10.1016/j.addma.2020.101640,3.0,0.0,0.0,0.0,0.0,0.0,0.0,0.0,0,0.0,0.0,0,0.0,0,0.0,0,0,0,0.0,0,0,1.0,0,0,0,0.0,0.0,0,0.0,0.0,0,0,0.0,0,0,0.0,0.0,0.0,0,0,0.0,0,0.0,0,0,0,0,0,0,0,0,0,0.0,0.0,0.0,0,0,0.0,0.0,0.0,0.0,0.0,0,,,,,250.0,,26.0,22.0,1,1,1,4.0,2,0.0,0.0,0,0
Li et al. 2021,10.1016/j.addma.2020.101640,6.0,0.0,0.0,0.0,0.0,0.0,0.0,0.0,0,0.0,0.0,0,0.0,0,0.0,0,0,0,0.0,0,0,1.0,0,0,0,0.0,0.0,0,0.0,0.0,0,0,0.0,0,0,0.0,0.0,0.0,0,0,0.0,0,0.0,0,0,0,0,0,0,0,0,0,0.0,0.0,0.0,0,0,0.0,0.0,0.0,0.0,0.0,0,,,,,250.0,,26.0,22.0,1,1,1,7.0,2,0.0,0.0,0,0
Li et al. 2021,10.1016/j.addma.2020.101640,9.0,0.0,0.0,0.0,0.0,0.0,0.0,0.0,0,0.0,0.0,0,0.0,0,0.0,0,0,0,0.0,0,0,1.0,0,0,0,0.0,0.0,0,0.0,0.0,0,0,0.0,0,0,0.0,0.0,0.0,0,0,0.0,0,0.0,0,0,0,0,0,0,0,0,0,0.0,0.0,0.0,0,0,0.0,0.0,0.0,0.0,0.0,0,,,,,250.0,,26.0,22.0,1,1,1,10.0,2,0.0,0.0,0,0
Li et al. 2021,10.1016/j.addma.2020.101640,12.0,0.0,0.0,0.0,0.0,0.0,0.0,0.0,0,0.0,0.0,0,0.0,0,0.0,0,0,0,0.0,0,0,1.0,0,0,0,0.0,0.0,0,0.0,0.0,0,0,0.0,0,0,0.0,0.0,0.0,0,0,0.0,0,0.0,0,0,0,0,0,0,0,0,0,0.0,0.0,0.0,0,0,0.0,0.0,0.0,0.0,0.0,0,,,,,250.0,,26.0,22.0,1,1,1,13.0,2,0.0,0.0,0,0
Li et al. 2021,10.1016/j.addma.2020.101640,3.0,0.0,0.0,0.0,0.0,0.0,0.0,0.0,0,0.0,0.0,0,0.0,0,0.0,0,0,0,0.0,0,0,3.0,0,0,0,0.0,0.0,0,0.0,0.0,0,0,0.0,0,0,0.0,0.0,0.0,0,0,0.0,0,0.0,0,0,0,0,0,0,0,0,0,0.0,0.0,0.0,0,0,0.0,0.0,0.0,0.0,0.0,0,,,,,250.0,,26.0,22.0,1,1,1,6.0,2,0.0,0.0,0,0
Li et al. 2021,10.1016/j.addma.2020.101640,6.0,0.0,0.0,0.0,0.0,0.0,0.0,0.0,0,0.0,0.0,0,0.0,0,0.0,0,0,0,0.0,0,0,3.0,0,0,0,0.0,0.0,0,0.0,0.0,0,0,0.0,0,0,0.0,0.0,0.0,0,0,0.0,0,0.0,0,0,0,0,0,0,0,0,0,0.0,0.0,0.0,0,0,0.0,0.0,0.0,0.0,0.0,0,,,,,250.0,,26.0,22.0,1,1,1,9.0,2,0.0,0.0,0,0
Li et al. 2021,10.1016/j.addma.2020.101640,9.0,0.0,0.0,0.0,0.0,0.0,0.0,0.0,0,0.0,0.0,0,0.0,0,0.0,0,0,0,0.0,0,0,3.0,0,0,0,0.0,0.0,0,0.0,0.0,0,0,0.0,0,0,0.0,0.0,0.0,0,0,0.0,0,0.0,0,0,0,0,0,0,0,0,0,0.0,0.0,0.0,0,0,0.0,0.0,0.0,0.0,0.0,0,,,,,250.0,,26.0,22.0,1,1,1,12.0,2,0.0,0.0,0,0
Li et al. 2021,10.1016/j.addma.2020.101640,12.0,0.0,0.0,0.0,0.0,0.0,0.0,0.0,0,0.0,0.0,0,0.0,0,0.0,0,0,0,0.0,0,0,3.0,0,0,0,0.0,0.0,0,0.0,0.0,0,0,0.0,0,0,0.0,0.0,0.0,0,0,0.0,0,0.0,0,0,0,0,0,0,0,0,0,0.0,0.0,0.0,0,0,0.0,0.0,0.0,0.0,0.0,0,,,,,250.0,,26.0,22.0,1,1,1,15.0,2,0.0,0.0,0,0
Li et al. 2021,10.1016/j.addma.2020.101640,3.0,0.0,0.0,0.0,0.0,0.0,0.0,0.0,0,0.0,0.0,0,0.0,0,0.0,0,0,0,0.0,0,0,6.0,0,0,0,0.0,0.0,0,0.0,0.0,0,0,0.0,0,0,0.0,0.0,0.0,0,0,0.0,0,0.0,0,0,0,0,0,0,0,0,0,0.0,0.0,0.0,0,0,0.0,0.0,0.0,0.0,0.0,0,,,,,250.0,,26.0,22.0,1,1,1,9.0,2,0.0,0.0,0,0
Li et al. 2021,10.1016/j.addma.2020.101640,6.0,0.0,0.0,0.0,0.0,0.0,0.0,0.0,0,0.0,0.0,0,0.0,0,0.0,0,0,0,0.0,0,0,6.0,0,0,0,0.0,0.0,0,0.0,0.0,0,0,0.0,0,0,0.0,0.0,0.0,0,0,0.0,0,0.0,0,0,0,0,0,0,0,0,0,0.0,0.0,0.0,0,0,0.0,0.0,0.0,0.0,0.0,0,,,,,250.0,,26.0,22.0,1,1,1,12.0,2,0.0,0.0,0,0
Li et al. 2021,10.1016/j.addma.2020.101640,9.0,0.0,0.0,0.0,0.0,0.0,0.0,0.0,0,0.0,0.0,0,0.0,0,0.0,0,0,0,0.0,0,0,6.0,0,0,0,0.0,0.0,0,0.0,0.0,0,0,0.0,0,0,0.0,0.0,0.0,0,0,0.0,0,0.0,0,0,0,0,0,0,0,0,0,0.0,0.0,0.0,0,0,0.0,0.0,0.0,0.0,0.0,0,,,,,250.0,,26.0,22.0,1,1,1,15.0,2,0.0,0.0,0,0
Li et al. 2021,10.1016/j.addma.2020.101640,12.0,0.0,0.0,0.0,0.0,0.0,0.0,0.0,0,0.0,0.0,0,0.0,0,0.0,0,0,0,0.0,0,0,6.0,0,0,0,0.0,0.0,0,0.0,0.0,0,0,0.0,0,0,0.0,0.0,0.0,0,0,0.0,0,0.0,0,0,0,0,0,0,0,0,0,0.0,0.0,0.0,0,0,0.0,0.0,0.0,0.0,0.0,0,,,,,250.0,,26.0,22.0,1,1,1,18.0,2,0.0,0.0,0,0
Li et al. 2021,10.1016/j.addma.2020.101640,3.0,0.0,0.0,0.0,0.0,0.0,0.0,0.0,0,0.0,0.0,0,0.0,0,0.0,0,0,0,0.0,0,0,9.0,0,0,0,0.0,0.0,0,0.0,0.0,0,0,0.0,0,0,0.0,0.0,0.0,0,0,0.0,0,0.0,0,0,0,0,0,0,0,0,0,0.0,0.0,0.0,0,0,0.0,0.0,0.0,0.0,0.0,0,,,,,250.0,,26.0,22.0,3,1,3,12.0,2,0.0,0.0,0,0
Li et al. 2021,10.1016/j.addma.2020.101640,6.0,0.0,0.0,0.0,0.0,0.0,0.0,0.0,0,0.0,0.0,0,0.0,0,0.0,0,0,0,0.0,0,0,9.0,0,0,0,0.0,0.0,0,0.0,0.0,0,0,0.0,0,0,0.0,0.0,0.0,0,0,0.0,0,0.0,0,0,0,0,0,0,0,0,0,0.0,0.0,0.0,0,0,0.0,0.0,0.0,0.0,0.0,0,,,,,250.0,,26.0,22.0,3,1,3,15.0,2,0.0,0.0,0,0
Li et al. 2021,10.1016/j.addma.2020.101640,9.0,0.0,0.0,0.0,0.0,0.0,0.0,0.0,0,0.0,0.0,0,0.0,0,0.0,0,0,0,0.0,0,0,9.0,0,0,0,0.0,0.0,0,0.0,0.0,0,0,0.0,0,0,0.0,0.0,0.0,0,0,0.0,0,0.0,0,0,0,0,0,0,0,0,0,0.0,0.0,0.0,0,0,0.0,0.0,0.0,0.0,0.0,0,,,,,250.0,,26.0,22.0,3,1,3,18.0,2,0.0,0.0,0,0
Li et al. 2021,10.1016/j.addma.2020.101640,12.0,0.0,0.0,0.0,0.0,0.0,0.0,0.0,0,0.0,0.0,0,0.0,0,0.0,0,0,0,0.0,0,0,9.0,0,0,0,0.0,0.0,0,0.0,0.0,0,0,0.0,0,0,0.0,0.0,0.0,0,0,0.0,0,0.0,0,0,0,0,0,0,0,0,0,0.0,0.0,0.0,0,0,0.0,0.0,0.0,0.0,0.0,0,,,,,250.0,,26.0,22.0,1,1,1,21.0,2,0.0,0.0,0,0
Li et al. 2021,10.1016/j.addma.2020.101640,3.0,0.0,0.0,0.0,0.0,0.0,0.0,0.0,0,0.0,0.0,0,0.0,0,0.0,0,0,0,0.0,0,0,12.0,0,0,0,0.0,0.0,0,0.0,0.0,0,0,0.0,0,0,0.0,0.0,0.0,0,0,0.0,0,0.0,0,0,0,0,0,0,0,0,0,0.0,0.0,0.0,0,0,0.0,0.0,0.0,0.0,0.0,0,,,,,250.0,,26.0,22.0,0,1,0,15.0,2,0.0,0.0,0,0
Li et al. 2021,10.1016/j.addma.2020.101640,6.0,0.0,0.0,0.0,0.0,0.0,0.0,0.0,0,0.0,0.0,0,0.0,0,0.0,0,0,0,0.0,0,0,12.0,0,0,0,0.0,0.0,0,0.0,0.0,0,0,0.0,0,0,0.0,0.0,0.0,0,0,0.0,0,0.0,0,0,0,0,0,0,0,0,0,0.0,0.0,0.0,0,0,0.0,0.0,0.0,0.0,0.0,0,,,,,250.0,,26.0,22.0,0,1,0,18.0,2,0.0,0.0,0,0
Li et al. 2021,10.1016/j.addma.2020.101640,9.0,0.0,0.0,0.0,0.0,0.0,0.0,0.0,0,0.0,0.0,0,0.0,0,0.0,0,0,0,0.0,0,0,12.0,0,0,0,0.0,0.0,0,0.0,0.0,0,0,0.0,0,0,0.0,0.0,0.0,0,0,0.0,0,0.0,0,0,0,0,0,0,0,0,0,0.0,0.0,0.0,0,0,0.0,0.0,0.0,0.0,0.0,0,,,,,250.0,,26.0,22.0,0,1,0,21.0,2,0.0,0.0,0,0
Li et al. 2021,10.1016/j.addma.2020.101640,12.0,0.0,0.0,0.0,0.0,0.0,0.0,0.0,0,0.0,0.0,0,0.0,0,0.0,0,0,0,0.0,0,0,12.0,0,0,0,0.0,0.0,0,0.0,0.0,0,0,0.0,0,0,0.0,0.0,0.0,0,0,0.0,0,0.0,0,0,0,0,0,0,0,0,0,0.0,0.0,0.0,0,0,0.0,0.0,0.0,0.0,0.0,0,,,,,250.0,,26.0,22.0,0,1,0,24.0,2,0.0,0.0,0,0
Mistry et al. 2018,10.1002/mabi.201600472,0.0,0.0,0.0,0.0,0.0,5.0,0.13,0.0,0,0.0,0.0,0,0.0,0,0.0,0,0,0,0.0,0,0,0.0,0,0,0,0.0,0.0,0,0.0,0.0,0,0,0.0,0,0,0.0,0.0,0.0,0,0,0.0,0,0.0,0,0,0,0,0,0,0,0,0,0.0,0.0,0.0,0,0,0.0,0.0,0.0,4000000.0,0.0,60,,,0.000167,,0.0,,5.0,22.0,3,3,9,5.13,2,0.0,0.0,1,1
Mistry et al. 2018,10.1002/mabi.201600472,0.0,0.0,0.0,0.0,0.0,5.0,0.13,0.0,0,0.0,0.0,0,0.0,0,0.0,0,0,0,0.0,0,0,0.0,0,0,0,0.0,0.0,0,0.0,0.0,0,0,0.0,0,0,0.0,0.0,0.0,0,0,0.0,0,0.0,0,0,0,0,0,0,0,0,0,0.0,0.0,0.0,0,0,0.0,0.0,0.0,4000000.0,0.0,60,,,0.000167,,0.0,,5.0,22.0,3,5,15,5.13,2,0.0,0.0,1,1
Mistry et al. 2018,10.1002/mabi.201600472,0.0,0.0,0.0,0.0,0.0,0.0,0.0,0.0,0,0.0,0.0,0,0.0,0,0.3,0,0,0,0.0,0,0,0.0,0,0,0,0.0,0.0,0,0.0,0.0,0,0,0.0,0,0,0.0,0.0,0.0,0,0,0.0,0,0.0,0,0,0,0,0,0,0,0,0,0.0,0.0,0.0,0,0,0.0,0.0,0.0,4000000.0,0.0,0,,,0.000167,,0.0,,5.0,22.0,3,3,9,0.3,1,0.0,0.0,1,1
Mistry et al. 2018,10.1002/mabi.201600472,0.0,0.0,0.0,0.0,0.0,0.0,0.0,0.0,0,0.0,0.0,0,0.0,0,0.3,0,0,0,0.0,0,0,0.0,0,0,0,0.0,0.0,0,0.0,0.0,0,0,0.0,0,0,0.0,0.0,0.0,0,0,0.0,0,0.0,0,0,0,0,0,0,0,0,0,0.0,0.0,0.0,0,0,0.0,0.0,0.0,4000000.0,0.0,0,,,0.000167,,0.0,,5.0,22.0,3,5,15,0.3,1,0.0,0.0,1,1
Mistry et al. 2018,10.1002/mabi.201600472,0.0,0.0,0.0,0.0,0.0,0.0,0.0,0.0,0,0.0,0.0,0,0.0,0,0.0,0,0,0,0.0,0,0,0.0,0,0,0,0.0,0.0,11,0.0,0.0,0,0,0.0,0,0,0.0,0.0,0.0,0,0,0.0,0,0.0,0,0,0,0,0,0,0,0,0,0.0,0.0,0.0,0,0,0.0,0.0,0.0,4000000.0,0.0,0,,,0.000167,,0.0,,5.0,22.0,3,3,9,11.0,1,0.0,0.0,0,1
Mistry et al. 2018,10.1002/mabi.201600472,0.0,0.0,0.0,0.0,0.0,0.0,0.0,0.0,0,0.0,0.0,0,0.0,0,0.0,0,0,0,0.0,0,0,0.0,0,0,0,0.0,0.0,11,0.0,0.0,0,0,0.0,0,0,0.0,0.0,0.0,0,0,0.0,0,0.0,0,0,0,0,0,0,0,0,0,0.0,0.0,0.0,0,0,0.0,0.0,0.0,4000000.0,0.0,0,,,0.000167,,0.0,,5.0,22.0,3,5,15,11.0,1,0.0,0.0,0,1
Mistry et al. 2018,10.1002/mabi.201600472,0.0,0.0,0.0,0.0,0.0,0.0,0.0,0.0,0,0.0,0.0,0,0.0,0,0.0,0,0,0,0.0,0,0,0.0,0,0,0,0.0,0.0,11,0.0,0.0,0,0,0.0,0,0,0.0,0.0,0.0,0,0,0.0,0,0.0,0,0,0,0,0,0,0,0,0,0.0,0.0,0.0,0,0,0.0,0.0,0.0,4000000.0,0.0,0,,,0.000167,,0.0,,5.0,22.0,3,3,9,11.0,1,0.0,0.0,0,1
Mistry et al. 2018,10.1002/mabi.201600472,0.0,0.0,0.0,0.0,0.0,0.0,0.0,0.0,0,0.0,0.0,0,0.0,0,0.0,0,0,0,0.0,0,0,0.0,0,0,0,0.0,0.0,11,0.0,0.0,0,0,0.0,0,0,0.0,0.0,0.0,0,0,0.0,0,0.0,0,0,0,0,0,0,0,0,0,0.0,0.0,0.0,0,0,0.0,0.0,0.0,4000000.0,0.0,0,,,0.000167,,0.0,,5.0,22.0,3,5,15,11.0,1,0.0,0.0,0,1
Mistry et al. 2018,10.1002/mabi.201600472,1.0,0.0,0.0,0.0,0.0,0.0,0.0,0.0,0,0.0,0.0,0,0.0,0,0.0,0,0,0,0.0,0,0,0.0,0,0,10,0.0,0.0,0,17.0,0.0,0,0,0.0,0,0,0.0,0.0,0.0,0,0,0.0,0,0.0,0,0,0,0,0,0,0,0,0,0.0,0.0,0.0,0,0,0.0,0.0,0.0,0.0,0.0,60,,,0.00167,,840.0,,5.0,22.0,3,1,3,11.0,3,0.0,0.0,0,0
Mistry et al. 2018,10.1002/mabi.201600472,2.0,0.0,0.0,0.0,0.0,0.0,0.0,0.0,0,0.0,0.0,0,0.0,0,0.0,0,0,0,0.0,0,0,0.0,0,0,9,0.0,0.0,0,17.0,0.0,0,0,0.0,0,0,0.0,0.0,0.0,0,0,0.0,0,0.0,0,0,0,0,0,0,0,0,0,0.0,0.0,0.0,0,0,0.0,0.0,0.0,0.0,0.0,60,,,0.00167,,840.0,,5.0,22.0,3,1,3,11.0,3,0.0,0.0,0,0
Mistry et al. 2018,10.1002/mabi.201600472,2.0,0.0,0.0,0.0,0.0,0.0,0.13,0.0,0,0.0,0.0,0,0.0,0,0.0,0,0,0,0.0,0,0,0.0,0,0,9,0.0,0.0,0,17.0,0.0,0,0,0.0,0,0,0.0,0.0,0.0,0,0,0.0,0,0.0,0,0,0,0,0,0,0,0,0,0.0,0.0,0.0,0,0,0.0,0.0,0.0,0.0,0.0,60,,,0.00167,,840.0,,5.0,22.0,3,1,3,11.129999999999999,4,0.0,0.0,1,0
Mistry et al. 2018,10.1002/mabi.201600472,3.0,0.0,0.0,0.0,0.0,0.0,0.0,0.0,0,0.0,0.0,0,0.0,0,0.0,0,0,0,0.0,0,0,0.0,0,0,8,0.0,0.0,0,17.0,0.0,0,0,0.0,0,0,0.0,0.0,0.0,0,0,0.0,0,0.0,0,0,0,0,0,0,0,0,0,0.0,0.0,0.0,0,0,0.0,0.0,0.0,0.0,0.0,60,,,0.00167,,840.0,,5.0,22.0,3,1,3,11.0,3,0.0,0.0,0,0
Mistry et al. 2018,10.1002/mabi.201600472,2.0,0.0,0.1328,0.0,0.0,0.0,0.0,0.0,0,0.0,0.0,0,0.0,0,0.0,0,0,0,0.0,0,0,0.0,0,0,0,0.0,0.0,0,100.0,0.0,0,0,0.0,0,0,0.0,0.0,0.0,0,0,0.0,0,0.0,0,0,0,0,0,0,0,0,0,0.0,0.0,0.0,0,0,0.0,0.0,0.0,0.0,0.0,60,,,0.00167,,840.0,,5.0,22.0,3,1,3,2.1328,3,0.0,0.0,0,0
Mistry et al. 2018,10.1002/mabi.201600472,2.0,0.0,0.0,0.0,0.0,0.0,0.0,0.0,0,0.0,0.0,0,0.0,0,0.0,0,0,0,0.0,0,0,0.0,0,0,9,0.0,0.0,0,17.0,150.0,0,0,0.0,0,0,0.0,0.0,0.0,0,0,0.0,0,0.0,0,0,0,0,0,0,0,0,0,0.0,0.0,0.0,0,0,0.0,0.0,0.0,4000000.0,0.0,60,,,0.00167,,840.0,,5.0,22.0,2,2,4,11.0,4,0.0,0.0,0,1
Mistry et al. 2018,10.1002/mabi.201600472,0.0,0.0,0.0,0.0,6.0,0.0,0.0,0.0,0,0.0,0.0,0,0.0,0,0.0,0,0,0,0.0,0,0,0.0,0,0,0,0.0,0.0,0,0.0,0.0,0,0,0.0,0,0,0.0,0.0,0.0,0,0,0.0,0,0.0,0,0,0,0,0,0,0,0,0,0.0,0.0,0.0,0,0,0.0,0.0,0.0,0.0,0.0,0,,,0.000167,,0.0,,5.0,22.0,3,1,3,6.0,1,0.0,0.0,0,0
Ojansivu et al. 2019,10.1088/1758-5090/ab0692,4.0,0.0,0.0,0.0,5.0,0.0,0.0,0.0,0,0.0,0.0,0,0.0,0,0.0,0,0,0,0.0,0,0,0.0,0,0,0,0.0,0.0,0,100.0,0.0,0,0,0.0,0,0,0.0,0.0,0.0,0,0,0.0,0,0.0,0,0,0,0,0,0,0,0,0,0.0,0.0,0.0,0,0,0.0,0.0,0.0,5000000.0,0.0,0,270.0,,,43.5,510.0,4.0,26.0,,3,3,9,9.0,3,0.0,0.0,0,1
Ojansivu et al. 2019,10.1088/1758-5090/ab0692,4.0,0.0,0.0,0.0,5.0,0.0,0.0,0.0,0,0.0,0.0,0,0.0,0,0.0,0,0,0,0.0,0,0,0.0,0,0,0,0.0,0.0,0,100.0,0.0,0,0,0.0,0,0,0.0,0.0,0.0,0,0,0.0,0,0.0,0,0,0,0,0,0,0,0,0,0.0,0.0,0.0,0,0,0.0,0.0,0.0,5000000.0,0.0,0,270.0,,,43.5,510.0,4.0,26.0,,3,5,15,9.0,3,0.0,0.0,0,1
Ojansivu et al. 2019,10.1088/1758-5090/ab0692,4.0,0.0,0.0,0.0,5.0,0.0,0.0,0.0,0,0.0,0.0,0,0.0,0,0.0,0,0,0,0.0,0,0,0.25,0,0,0,0.0,0.0,0,100.0,0.0,0,0,0.0,0,0,0.0,0.0,0.0,0,0,0.0,0,0.0,0,0,0,0,0,0,0,0,0,0.0,0.0,0.0,0,0,0.0,0.0,0.0,5000000.0,0.0,0,270.0,,,43.5,510.0,4.0,26.0,,3,3,9,9.25,4,0.0,0.0,0,1
Ojansivu et al. 2019,10.1088/1758-5090/ab0692,4.0,0.0,0.0,0.0,5.0,0.0,0.0,0.0,0,0.0,0.0,0,0.0,0,0.0,0,0,0,0.0,0,0,0.25,0,0,0,0.0,0.0,0,100.0,0.0,0,0,0.0,0,0,0.0,0.0,0.0,0,0,0.0,0,0.0,0,0,0,0,0,0,0,0,0,0.0,0.0,0.0,0,0,0.0,0.0,0.0,5000000.0,600.0,0,270.0,,,43.5,510.0,4.0,26.0,,3,4,12,9.25,4,0.0,0.0,0,1
Ojansivu et al. 2019,10.1088/1758-5090/ab0692,4.0,0.0,0.0,0.0,5.0,0.0,0.0,0.0,0,0.0,0.0,0,0.0,0,0.0,0,0,0,0.0,0,0,0.0,0,0,0,0.0,0.0,0,100.0,0.0,0,0,0.0,0,0,0.0,0.0,0.0,0,0,0.0,0,0.0,0,0,0,0,0,0,0,0,0,0.0,0.0,0.0,0,0,0.0,0.0,0.0,5000000.0,600.0,0,145.0,,,27.0,510.0,4.0,26.0,,3,3,9,9.0,3,0.0,0.0,0,1
Ojansivu et al. 2019,10.1088/1758-5090/ab0692,4.0,0.0,0.0,0.0,5.0,0.0,0.0,0.0,0,0.0,0.0,0,0.0,0,0.0,0,0,0,0.0,0,0,0.0,0,0,0,0.0,0.0,0,100.0,0.0,0,0,0.0,0,0,0.0,0.0,0.0,0,0,0.0,0,0.0,0,0,0,0,0,0,0,0,0,0.0,0.0,0.0,0,0,0.0,0.0,0.0,5000000.0,600.0,0,145.0,,,27.0,510.0,4.0,26.0,,3,5,15,9.0,3,0.0,0.0,0,1
Ojansivu et al. 2019,10.1088/1758-5090/ab0692,4.0,0.0,0.0,0.0,5.0,0.0,0.0,0.0,0,0.0,0.0,0,0.0,0,0.0,0,0,0,0.0,0,0,0.0,0,0,0,0.0,0.0,0,100.0,0.0,0,0,0.0,0,0,0.0,0.0,0.0,0,0,0.0,0,0.0,0,0,0,0,0,0,0,0,0,0.0,0.0,0.0,0,0,0.0,0.0,0.0,0.0,600.0,0,185.0,,,20.0,510.0,4.0,26.0,,3,1,3,9.0,3,0.0,0.0,0,0
Ojansivu et al. 2019,10.1088/1758-5090/ab0692,4.0,0.0,0.0,0.0,5.0,0.0,0.0,0.0,0,0.0,0.0,0,0.0,0,0.0,0,0,0,0.0,0,0,0.25,0,0,0,0.0,0.0,0,100.0,0.0,0,0,0.0,0,0,0.0,0.0,0.0,0,0,0.0,0,0.0,0,0,0,0,0,0,0,0,0,0.0,0.0,0.0,0,0,0.0,0.0,0.0,5000000.0,600.0,0,175.0,,,40.0,510.0,4.0,26.0,,3,3,9,9.25,4,0.0,0.0,0,1
Ojansivu et al. 2019,10.1088/1758-5090/ab0692,4.0,0.0,0.0,0.0,5.0,0.0,0.0,0.0,0,0.0,0.0,0,0.0,0,0.0,0,0,0,0.0,0,0,0.25,0,0,0,0.0,0.0,0,100.0,0.0,0,0,0.0,0,0,0.0,0.0,0.0,0,0,0.0,0,0.0,0,0,0,0,0,0,0,0,0,0.0,0.0,0.0,0,0,0.0,0.0,0.0,5000000.0,600.0,0,175.0,,,40.0,510.0,4.0,26.0,,3,5,15,9.25,4,0.0,0.0,0,1
Ojansivu et al. 2019,10.1088/1758-5090/ab0692,4.0,0.0,0.0,0.0,5.0,0.0,0.0,0.0,0,0.0,0.0,0,0.0,0,0.0,0,0,0,0.0,0,0,0.25,0,0,0,0.0,0.0,0,100.0,0.0,0,0,0.0,0,0,0.0,0.0,0.0,0,0,0.0,0,0.0,0,0,0,0,0,0,0,0,0,0.0,0.0,0.0,0,0,0.0,0.0,0.0,0.0,600.0,0,180.0,,,37.0,510.0,4.0,26.0,,3,1,3,9.25,4,0.0,0.0,0,0
Ojansivu et al. 2019,10.1088/1758-5090/ab0692,4.0,0.0,0.0,0.0,5.0,0.0,0.0,0.0,0,0.0,0.0,0,0.0,0,0.0,0,0,0,0.0,0,1,0.0,0,0,0,0.0,0.0,0,100.0,0.0,0,0,0.0,0,0,0.0,0.0,0.0,0,0,0.0,0,0.0,0,0,0,0,0,0,0,0,0,0.0,0.0,0.0,0,0,0.0,0.0,0.0,5000000.0,600.0,0,245.0,,,20.0,510.0,4.0,26.0,,3,2,6,10.0,4,1.0,0.1,1,1
Ojansivu et al. 2019,10.1088/1758-5090/ab0692,4.0,0.0,0.0,0.0,5.0,0.0,0.0,0.0,0,0.0,0.0,0,0.0,0,0.0,0,0,0,0.0,0,1,0.0,0,0,0,0.0,0.0,0,100.0,0.0,0,0,0.0,0,0,0.0,0.0,0.0,0,0,0.0,0,0.0,0,0,0,0,0,0,0,0,0,0.0,0.0,0.0,0,0,0.0,0.0,0.0,5000000.0,600.0,0,245.0,,,20.0,510.0,4.0,26.0,,3,4,12,10.0,4,1.0,0.1,1,1
Ojansivu et al. 2019,10.1088/1758-5090/ab0692,4.0,0.0,0.0,0.0,5.0,0.0,0.0,0.0,0,0.0,0.0,0,0.0,0,0.0,0,0,0,0.0,0,1,0.0,0,0,0,0.0,0.0,0,100.0,0.0,0,0,0.0,0,0,0.0,0.0,0.0,0,0,0.0,0,0.0,0,0,0,0,0,0,0,0,0,0.0,0.0,0.0,0,0,0.0,0.0,0.0,0.0,600.0,0,255.0,,,21.0,510.0,4.0,26.0,,3,1,3,10.0,4,1.0,0.1,1,0
Ojansivu et al. 2019,10.1088/1758-5090/ab0692,4.0,0.0,0.0,0.0,5.0,0.0,0.0,0.0,0,0.0,0.0,0,0.0,0,0.0,0,0,0,0.0,0,1,0.25,0,0,0,0.0,0.0,0,100.0,0.0,0,0,0.0,0,0,0.0,0.0,0.0,0,0,0.0,0,0.0,0,0,0,0,0,0,0,0,0,0.0,0.0,0.0,0,0,0.0,0.0,0.0,5000000.0,600.0,0,260.0,,,56.0,510.0,4.0,26.0,,3,2,6,10.25,5,1.0,0.0975609756097561,1,1
Ojansivu et al. 2019,10.1088/1758-5090/ab0692,4.0,0.0,0.0,0.0,5.0,0.0,0.0,0.0,0,0.0,0.0,0,0.0,0,0.0,0,0,0,0.0,0,1,0.25,0,0,0,0.0,0.0,0,100.0,0.0,0,0,0.0,0,0,0.0,0.0,0.0,0,0,0.0,0,0.0,0,0,0,0,0,0,0,0,0,0.0,0.0,0.0,0,0,0.0,0.0,0.0,5000000.0,600.0,0,260.0,,,56.0,510.0,4.0,26.0,,3,4,12,10.25,5,1.0,0.0975609756097561,1,1
Ojansivu et al. 2019,10.1088/1758-5090/ab0692,4.0,0.0,0.0,0.0,5.0,0.0,0.0,0.0,0,0.0,0.0,0,0.0,0,0.0,0,0,0,0.0,0,1,0.25,0,0,0,0.0,0.0,0,100.0,0.0,0,0,0.0,0,0,0.0,0.0,0.0,0,0,0.0,0,0.0,0,0,0,0,0,0,0,0,0,0.0,0.0,0.0,0,0,0.0,0.0,0.0,0.0,600.0,0,260.0,,,57.0,510.0,4.0,26.0,,3,1,3,10.25,5,1.0,0.0975609756097561,1,0
Sakai et al. 2020,10.1016/j.mtbio.2020.100078,0.0,0.0,0.0,0.0,1.0,0.0,0.0,0.0,0,0.9,0.0,0,1.0,0,0.0,0,0,0,0.0,0,0,0.0,0,0,0,0.0,0.1,0,0.0,0.0,0,0,0.0,0,0,0.0,0.0,0.0,0,0,0.0,0,0.0,0,0,0,0,0,0,0,5,0,0.0,0.0,0.0,0,0,0.0,0.0,0.0,500000.0,0.0,0,,,,22.0,220.0,,22.0,22.0,3,3,9,3.0,5,0.0,0.0,1,1
Sakai et al. 2020,10.1016/j.mtbio.2020.100078,0.0,0.0,0.0,0.0,1.0,0.0,0.0,0.0,0,0.9,0.0,0,1.0,0,0.0,0,0,0,0.0,0,0,0.0,0,0,0,0.0,0.1,0,0.0,0.0,0,0,0.0,0,0,0.0,0.0,0.0,0,0,0.0,0,0.0,0,0,0,0,0,0,0,5,0,0.0,0.0,0.0,0,0,0.0,0.0,0.0,500000.0,0.0,0,,,,22.0,220.0,,22.0,22.0,3,5,15,3.0,5,0.0,0.0,1,1
Sakai et al. 2020,10.1016/j.mtbio.2020.100078,0.0,0.0,0.0,0.0,1.0,0.0,0.0,0.0,0,0.9,0.0,0,0.0,0,0.0,0,0,0,0.0,0,0,0.0,0,0,0,0.0,0.1,0,0.0,0.0,0,0,0.0,0,0,0.0,0.0,0.0,0,0,0.0,0,0.0,0,0,0,0,0,0,0,5,0,0.0,0.0,0.0,0,0,0.0,0.0,0.0,500000.0,0.0,0,,,,22.0,220.0,,22.0,22.0,3,3,9,2.0,4,0.0,0.0,0,1
Sakai et al. 2020,10.1016/j.mtbio.2020.100078,0.0,0.0,0.0,0.0,1.0,0.0,0.0,0.0,0,0.9,0.0,0,0.0,0,0.0,0,0,0,0.0,0,0,0.0,0,0,0,0.0,0.1,0,0.0,0.0,0,0,0.0,0,0,0.0,0.0,0.0,0,0,0.0,0,0.0,0,0,0,0,0,0,0,5,0,0.0,0.0,0.0,0,0,0.0,0.0,0.0,500000.0,0.0,0,,,,22.0,220.0,,22.0,22.0,3,5,15,2.0,4,0.0,0.0,0,1
Sakai et al. 2020,10.1016/j.mtbio.2020.100078,0.0,0.0,0.0,0.0,0.0,0.0,0.0,0.0,0,0.0,0.0,0,1.0,0,0.0,0,0,0,0.0,0,0,0.0,0,0,0,0.0,1.5,0,0.0,0.0,0,0,0.0,0,0,0.0,0.0,0.0,0,0,0.0,0,0.0,0,0,0,0,0,0,0,5,0,0.0,0.0,0.0,0,0,0.0,0.0,0.0,500000.0,0.0,0,,,,22.0,220.0,,22.0,22.0,3,3,9,2.5,3,0.0,0.0,1,1
Sakai et al. 2020,10.1016/j.mtbio.2020.100078,0.0,0.0,0.0,0.0,0.0,0.0,0.0,0.0,0,0.0,0.0,0,1.0,0,0.0,0,0,0,0.0,0,0,0.0,0,0,0,0.0,1.5,0,0.0,0.0,0,0,0.0,0,0,0.0,0.0,0.0,0,0,0.0,0,0.0,0,0,0,0,0,0,0,5,0,0.0,0.0,0.0,0,0,0.0,0.0,0.0,500000.0,0.0,0,,,,22.0,220.0,,22.0,22.0,3,5,15,2.5,3,0.0,0.0,1,1
Sakai et al. 2020,10.1016/j.mtbio.2020.100078,0.0,0.0,0.0,0.0,0.0,0.0,0.0,0.0,0,0.0,0.0,0,0.0,0,0.0,0,0,0,0.0,0,0,0.0,0,0,0,0.0,1.5,0,0.0,0.0,0,0,0.0,0,0,0.0,0.0,0.0,0,0,0.0,0,0.0,0,0,0,0,0,0,0,5,0,0.0,0.0,0.0,0,0,0.0,0.0,0.0,500000.0,0.0,0,,,,22.0,220.0,,22.0,22.0,3,3,9,1.5,2,0.0,0.0,0,1
Sakai et al. 2020,10.1016/j.mtbio.2020.100078,0.0,0.0,0.0,0.0,0.0,0.0,0.0,0.0,0,0.0,0.0,0,0.0,0,0.0,0,0,0,0.0,0,0,0.0,0,0,0,0.0,1.5,0,0.0,0.0,0,0,0.0,0,0,0.0,0.0,0.0,0,0,0.0,0,0.0,0,0,0,0,0,0,0,5,0,0.0,0.0,0.0,0,0,0.0,0.0,0.0,500000.0,0.0,0,,,,22.0,220.0,,22.0,22.0,3,5,15,1.5,2,0.0,0.0,0,1
Sanz-Garcia et al. 2020,10.3390/polym12102346,0.0,0.0,0.0,0.0,10.0,0.0,0.0,0.0,0,0.0,0.0,0,0.0,0,0.0,0,0,0,0.0,0,0,0.0,0,0,0,0.0,0.0,0,27.0,0.0,0,0,0.0,0,0,0.0,0.0,0.0,0,0,0.0,0,0.0,0,0,0,0,0,0,0,0,0,0.0,0.0,0.0,0,0,0.0,0.0,0.0,0.0,360.0,0,103.0,,,14.0,250.0,,20.0,20.0,3,1,3,10.0,2,0.0,0.0,0,0
Sanz-Garcia et al. 2020,10.3390/polym12102346,1.0,0.0,0.0,0.0,10.0,0.0,0.0,0.0,0,0.0,0.0,0,0.0,0,0.0,0,0,0,0.0,0,0,0.0,0,0,0,0.0,0.0,0,27.0,0.0,0,0,0.0,0,0,0.0,0.0,0.0,0,0,0.0,0,0.0,0,0,0,0,0,0,0,0,0,0.0,0.0,0.0,0,0,0.0,0.0,0.0,0.0,360.0,0,103.0,,,14.0,250.0,,20.0,20.0,3,1,3,11.0,3,0.0,0.0,0,0
Sanz-Garcia et al. 2020,10.3390/polym12102346,2.0,0.0,0.0,0.0,10.0,0.0,0.0,0.0,0,0.0,0.0,0,0.0,0,0.0,0,0,0,0.0,0,0,0.0,0,0,0,0.0,0.0,0,27.0,0.0,0,0,0.0,0,0,0.0,0.0,0.0,0,0,0.0,0,0.0,0,0,0,0,0,0,0,0,0,0.0,0.0,0.0,0,0,0.0,0.0,0.0,1000000.0,360.0,0,103.0,,,14.0,250.0,,20.0,20.0,3,3,9,12.0,3,0.0,0.0,0,1
Sanz-Garcia et al. 2020,10.3390/polym12102346,2.0,0.0,0.0,0.0,10.0,0.0,0.0,0.0,0,0.0,0.0,0,0.0,0,0.0,0,0,0,0.0,0,0,0.0,0,0,0,0.0,0.0,0,27.0,0.0,0,0,0.0,0,0,0.0,0.0,0.0,0,0,0.0,0,0.0,0,0,0,0,0,0,0,0,0,0.0,0.0,0.0,0,0,0.0,0.0,0.0,0.0,360.0,0,103.0,,,14.0,250.0,,22.0,20.0,3,1,3,12.0,3,0.0,0.0,0,0
Sanz-Garcia et al. 2020,10.3390/polym12102346,2.0,0.0,0.0,0.0,10.0,0.0,0.0,0.0,0,0.0,0.0,0,0.0,0,0.0,0,0,0,0.0,0,0,0.0,0,0,0,0.0,0.0,0,27.0,0.0,0,0,0.0,0,0,0.0,0.0,0.0,0,0,0.0,0,0.0,0,0,0,0,0,0,0,0,0,0.0,0.0,0.0,0,0,0.0,0.0,0.0,0.0,360.0,0,103.0,,,14.0,250.0,,24.0,20.0,3,1,3,12.0,3,0.0,0.0,0,0
Sanz-Garcia et al. 2020,10.3390/polym12102346,0.0,0.0,0.0,0.0,0.0,0.0,0.0,0.0,0,0.0,0.0,0,0.0,0,0.0,0,0,0,0.0,0,0,0.0,0,0,0,0.0,0.0,0,0.0,0.0,0,0,0.0,0,0,0.0,0.0,0.0,0,0,0.0,0,0.0,0,0,0,0,0,0,0,0,40,0.0,0.0,0.0,0,0,0.0,0.0,0.0,0.0,0.0,0,124.0,,,15.0,200.0,,22.0,20.0,3,1,3,40.0,1,0.0,0.0,0,0
Sanz-Garcia et al. 2020,10.3390/polym12102346,0.0,0.0,0.0,0.0,0.0,0.0,0.0,0.0,0,0.0,0.0,0,0.0,0,0.0,0,0,0,0.0,0,0,0.0,0,0,0,0.0,0.0,0,0.0,0.0,0,0,0.0,0,0,0.0,0.0,0.0,0,0,0.0,0,0.0,0,0,0,0,0,0,0,0,40,0.0,0.0,0.0,0,0,0.0,0.0,0.0,0.0,0.0,0,124.0,,,2.5,200.0,,22.0,20.0,3,1,3,40.0,1,0.0,0.0,0,0
Sanz-Garcia et al. 2020,10.3390/polym12102346,0.0,0.0,0.0,0.0,0.0,0.0,0.0,0.0,0,0.0,0.0,0,0.0,0,0.0,0,0,0,0.0,0,0,0.0,0,0,0,0.0,0.0,0,0.0,0.0,0,0,0.0,0,0,0.0,0.0,0.0,0,0,0.0,0,0.0,0,0,0,0,0,0,0,0,40,0.0,0.0,0.0,0,0,0.0,0.0,0.0,0.0,0.0,0,124.0,,,5.0,200.0,,22.0,20.0,3,1,3,40.0,1,0.0,0.0,0,0
Sanz-Garcia et al. 2020,10.3390/polym12102346,0.0,0.0,0.0,0.0,0.0,0.0,0.0,0.0,0,0.0,0.0,0,0.0,0,0.0,0,0,0,0.0,0,0,0.0,0,0,0,0.0,0.0,0,0.0,0.0,0,0,0.0,0,0,0.0,0.0,0.0,0,0,0.0,0,0.0,0,0,0,0,0,0,0,0,40,0.0,0.0,0.0,0,0,0.0,0.0,0.0,0.0,0.0,0,124.0,,,8.3,200.0,,22.0,20.0,3,1,3,40.0,1,0.0,0.0,0,0
Zhang et al. 2020,10.1016/j.actbio.2020.07.016,0.8,0.0,0.0,0.0,4.1,0.0,0.0,0.0,0,0.0,0.0,0,0.0,0,0.0,0,0,0,0.0,0,0,0.0,0,0,0,0.0,0.0,0,90.0,0.0,0,0,0.0,0,0,0.0,0.0,0.0,0,0,0.0,0,0.0,0,0,0,0,0,0,0,0,0,0.0,0.0,0.0,0,0,0.0,0.0,0.0,1670000.0,600.0,0,35.0,,,2.0,210.0,,10.0,10.0,3,3,9,4.8999999999999995,3,0.0,0.0,0,1
Zhang et al. 2020,10.1016/j.actbio.2020.07.016,0.8,0.0,0.0,0.0,4.1,0.0,0.0,0.0,0,0.0,0.0,0,0.0,0,0.0,0,0,0,0.0,0,0,0.0,0,0,0,0.0,0.0,0,90.0,0.0,0,0,0.0,0,0,0.0,0.0,0.0,0,0,0.0,0,0.0,0,0,0,0,0,0,0,0,0,0.0,0.0,0.0,0,0,0.0,0.0,0.0,1670000.0,600.0,0,35.0,,,2.0,210.0,,10.0,10.0,3,5,15,4.8999999999999995,3,0.0,0.0,0,1
Zhang et al. 2020,10.1016/j.actbio.2020.07.016,0.8,0.0,0.0,0.0,4.1,0.0,0.0,0.0,0,0.0,0.0,0,0.0,0,0.0,0,0,0,0.0,0,0,0.0,0,0,0,0.0,0.0,0,90.0,0.0,0,0,0.0,0,0,0.0,0.0,0.0,0,0,0.0,0,0.0,0,0,0,0,0,0,0,0,0,0.0,0.0,0.0,0,0,0.0,0.0,0.0,5000000.0,600.0,0,35.0,,,2.0,210.0,,10.0,10.0,3,3,9,4.8999999999999995,3,0.0,0.0,0,1
Zhang et al. 2020,10.1016/j.actbio.2020.07.016,0.8,0.0,0.0,0.0,4.1,0.0,0.0,0.0,0,0.0,0.0,0,0.0,0,0.0,0,0,0,0.0,0,0,0.0,0,0,0,0.0,0.0,0,90.0,0.0,0,0,0.0,0,0,0.0,0.0,0.0,0,0,0.0,0,0.0,0,0,0,0,0,0,0,0,0,0.0,0.0,0.0,0,0,0.0,0.0,0.0,5000000.0,600.0,0,35.0,,,2.0,210.0,,10.0,10.0,3,5,15,4.8999999999999995,3,0.0,0.0,0,1
Zhang et al. 2020,10.1016/j.actbio.2020.07.016,0.8,0.0,0.0,0.0,4.1,0.0,0.0,0.0,0,0.0,0.0,0,0.0,0,0.0,0,0,0,0.0,0,0,0.0,0,0,0,0.0,0.0,0,90.0,0.0,0,0,0.0,0,0,0.0,0.0,0.0,0,0,0.0,0,0.0,0,0,0,0,0,0,0,0,0,0.0,0.0,0.0,0,0,0.0,0.0,0.0,15000000.0,600.0,0,35.0,,,2.0,210.0,,10.0,10.0,3,3,9,4.8999999999999995,3,0.0,0.0,0,1
Zhang et al. 2020,10.1016/j.actbio.2020.07.016,0.8,0.0,0.0,0.0,4.1,0.0,0.0,0.0,0,0.0,0.0,0,0.0,0,0.0,0,0,0,0.0,0,0,0.0,0,0,0,0.0,0.0,0,90.0,0.0,0,0,0.0,0,0,0.0,0.0,0.0,0,0,0.0,0,0.0,0,0,0,0,0,0,0,0,0,0.0,0.0,0.0,0,0,0.0,0.0,0.0,15000000.0,600.0,0,35.0,,,2.0,210.0,,10.0,10.0,3,5,15,4.8999999999999995,3,0.0,0.0,0,1
Zhang et al. 2020,10.1016/j.actbio.2020.07.016,0.8,0.0,0.0,0.0,4.1,0.0,0.0,0.0,0,0.0,0.0,0,0.0,0,0.0,0,0,0,0.0,0,0,0.0,0,0,0,0.0,0.0,0,90.0,0.0,0,0,0.0,0,0,0.0,0.0,0.0,0,0,0.0,0,0.0,0,0,0,0,0,0,0,0,0,0.0,0.0,0.0,0,0,0.0,0.0,0.0,0.0,600.0,0,35.0,,,2.0,210.0,,10.0,10.0,3,1,3,4.8999999999999995,3,0.0,0.0,0,0
Zhang et al. 2020,10.1016/j.actbio.2020.07.016,1.8,0.0,0.0,0.0,4.1,0.0,0.0,0.0,0,0.0,0.0,0,0.0,0,0.0,0,0,0,0.0,0,0,0.0,0,0,0,0.0,0.0,0,90.0,0.0,0,0,0.0,0,0,0.0,0.0,0.0,0,0,0.0,0,0.0,0,0,0,0,0,0,0,0,0,0.0,0.0,0.0,0,0,0.0,0.0,0.0,5000000.0,600.0,0,35.0,,,2.0,210.0,,10.0,10.0,3,3,9,5.8999999999999995,3,0.0,0.0,0,1
Zhang et al. 2020,10.1016/j.actbio.2020.07.016,1.8,0.0,0.0,0.0,4.1,0.0,0.0,0.0,0,0.0,0.0,0,0.0,0,0.0,0,0,0,0.0,0,0,0.0,0,0,0,0.0,0.0,0,90.0,0.0,0,0,0.0,0,0,0.0,0.0,0.0,0,0,0.0,0,0.0,0,0,0,0,0,0,0,0,0,0.0,0.0,0.0,0,0,0.0,0.0,0.0,5000000.0,600.0,0,35.0,,,2.0,210.0,,10.0,10.0,3,4,12,5.8999999999999995,3,0.0,0.0,0,1
Zhang et al. 2020,10.1016/j.actbio.2020.07.016,1.8,0.0,0.0,0.0,4.1,0.0,0.0,0.0,0,0.0,0.0,0,0.0,0,0.0,0,0,0,0.0,0,0,0.0,0,0,0,0.0,0.0,0,90.0,0.0,0,0,0.0,0,0,0.0,0.0,0.0,0,0,0.0,0,0.0,0,0,0,0,0,0,0,0,0,0.0,0.0,0.0,0,0,0.0,0.0,0.0,0.0,600.0,0,35.0,,,2.0,210.0,,10.0,10.0,3,1,3,5.8999999999999995,3,0.0,0.0,0,0
Mondal et al. 2019,10.1038/s41598-019-55034-9,3.0,0.0,0.0,0.0,4.0,0.0,0.0,0.0,0,0.0,0.0,0,0.0,0,0.0,0,0,0,0.0,0,0,0.0,0,0,0,0.0,0.0,0,100.0,0.0,0,0,0.0,0,0,0.0,0.0,0.0,0,0,0.0,0,0.0,0,0,0,0,0,0,0,0,0,0.0,0.0,0.0,0,0,0.0,0.0,0.0,10000000.0,180.0,0,20.0,,,,410.0,,22.0,22.0,1,3,3,7.0,3,0.0,0.0,0,1
Mondal et al. 2019,10.1038/s41598-019-55034-9,3.0,0.0,0.0,0.0,4.0,0.0,0.0,0.0,0,0.0,0.0,0,0.0,0,0.0,0,0,0,0.0,0,0,0.0,0,0,0,0.0,0.0,0,100.0,0.0,0,0,0.0,0,0,0.0,0.0,0.0,0,0,0.0,0,0.0,0,0,0,0,0,0,0,0,0,0.0,0.0,0.0,0,0,0.0,0.0,0.0,10000000.0,180.0,0,20.0,,,,410.0,,22.0,22.0,1,4,4,7.0,3,0.0,0.0,0,1
Mondal et al. 2019,10.1038/s41598-019-55034-9,3.25,0.0,0.0,0.0,4.0,0.0,0.0,0.0,0,0.0,0.0,0,0.0,0,0.0,0,0,0,0.0,0,0,0.0,0,0,0,0.0,0.0,0,100.0,0.0,0,0,0.0,0,0,0.0,0.0,0.0,0,0,0.0,0,0.0,0,0,0,0,0,0,0,0,0,0.0,0.0,0.0,0,0,0.0,0.0,0.0,10000000.0,180.0,0,35.0,,,,410.0,,22.0,22.0,3,3,9,7.25,3,0.0,0.0,0,1
Mondal et al. 2019,10.1038/s41598-019-55034-9,3.25,0.0,0.0,0.0,4.0,0.0,0.0,0.0,0,0.0,0.0,0,0.0,0,0.0,0,0,0,0.0,0,0,0.0,0,0,0,0.0,0.0,0,100.0,0.0,0,0,0.0,0,0,0.0,0.0,0.0,0,0,0.0,0,0.0,0,0,0,0,0,0,0,0,0,0.0,0.0,0.0,0,0,0.0,0.0,0.0,10000000.0,180.0,0,35.0,,,,410.0,,22.0,22.0,3,5,15,7.25,3,0.0,0.0,0,1
Mondal et al. 2019,10.1038/s41598-019-55034-9,3.5,0.0,0.0,0.0,4.0,0.0,0.0,0.0,0,0.0,0.0,0,0.0,0,0.0,0,0,0,0.0,0,0,0.0,0,0,0,0.0,0.0,0,100.0,0.0,0,0,0.0,0,0,0.0,0.0,0.0,0,0,0.0,0,0.0,0,0,0,0,0,0,0,0,0,0.0,0.0,0.0,0,0,0.0,0.0,0.0,10000000.0,180.0,0,60.0,,,,410.0,,22.0,22.0,3,3,9,7.5,3,0.0,0.0,0,1
Mondal et al. 2019,10.1038/s41598-019-55034-9,3.5,0.0,0.0,0.0,4.0,0.0,0.0,0.0,0,0.0,0.0,0,0.0,0,0.0,0,0,0,0.0,0,0,0.0,0,0,0,0.0,0.0,0,100.0,0.0,0,0,0.0,0,0,0.0,0.0,0.0,0,0,0.0,0,0.0,0,0,0,0,0,0,0,0,0,0.0,0.0,0.0,0,0,0.0,0.0,0.0,10000000.0,180.0,0,60.0,,,,410.0,,22.0,22.0,3,5,15,7.5,3,0.0,0.0,0,1
Mondal et al. 2019,10.1038/s41598-019-55034-9,3.75,0.0,0.0,0.0,4.0,0.0,0.0,0.0,0,0.0,0.0,0,0.0,0,0.0,0,0,0,0.0,0,0,0.0,0,0,0,0.0,0.0,0,100.0,0.0,0,0,0.0,0,0,0.0,0.0,0.0,0,0,0.0,0,0.0,0,0,0,0,0,0,0,0,0,0.0,0.0,0.0,0,0,0.0,0.0,0.0,10000000.0,180.0,0,90.0,,,,410.0,,22.0,22.0,3,3,9,7.75,3,0.0,0.0,0,1
Mondal et al. 2019,10.1038/s41598-019-55034-9,3.75,0.0,0.0,0.0,4.0,0.0,0.0,0.0,0,0.0,0.0,0,0.0,0,0.0,0,0,0,0.0,0,0,0.0,0,0,0,0.0,0.0,0,100.0,0.0,0,0,0.0,0,0,0.0,0.0,0.0,0,0,0.0,0,0.0,0,0,0,0,0,0,0,0,0,0.0,0.0,0.0,0,0,0.0,0.0,0.0,10000000.0,180.0,0,90.0,,,,410.0,,22.0,22.0,3,4,12,7.75,3,0.0,0.0,0,1
Mondal et al. 2019,10.1038/s41598-019-55034-9,4.0,0.0,0.0,0.0,4.0,0.0,0.0,0.0,0,0.0,0.0,0,0.0,0,0.0,0,0,0,0.0,0,0,0.0,0,0,0,0.0,0.0,0,100.0,0.0,0,0,0.0,0,0,0.0,0.0,0.0,0,0,0.0,0,0.0,0,0,0,0,0,0,0,0,0,0.0,0.0,0.0,0,0,0.0,0.0,0.0,10000000.0,180.0,0,120.0,,,,410.0,,22.0,22.0,3,2,6,8.0,3,0.0,0.0,0,1
Mondal et al. 2019,10.1038/s41598-019-55034-9,4.0,0.0,0.0,0.0,4.0,0.0,0.0,0.0,0,0.0,0.0,0,0.0,0,0.0,0,0,0,0.0,0,0,0.0,0,0,0,0.0,0.0,0,100.0,0.0,0,0,0.0,0,0,0.0,0.0,0.0,0,0,0.0,0,0.0,0,0,0,0,0,0,0,0,0,0.0,0.0,0.0,0,0,0.0,0.0,0.0,10000000.0,180.0,0,120.0,,,,410.0,,22.0,22.0,3,4,12,8.0,3,0.0,0.0,0,1
Mondal et al. 2019,10.1038/s41598-019-55034-9,7.0,0.0,0.0,0.0,3.0,0.0,0.0,0.0,0,0.0,0.0,0,0.0,0,0.0,0,0,0,0.0,0,0,0.0,0,0,0,0.0,0.0,0,100.0,0.0,0,0,0.0,0,0,0.0,0.0,0.0,0,0,0.0,0,0.0,0,0,0,0,0,0,0,0,0,0.0,0.0,0.0,0,0,0.0,0.0,0.0,10000000.0,180.0,0,115.0,,,,410.0,,22.0,22.0,3,3,9,10.0,3,0.0,0.0,0,1
Mondal et al. 2019,10.1038/s41598-019-55034-9,6.0,0.0,0.0,0.0,4.0,0.0,0.0,0.0,0,0.0,0.0,0,0.0,0,0.0,0,0,0,0.0,0,0,0.0,0,0,0,0.0,0.0,0,100.0,0.0,0,0,0.0,0,0,0.0,0.0,0.0,0,0,0.0,0,0.0,0,0,0,0,0,0,0,0,0,0.0,0.0,0.0,0,0,0.0,0.0,0.0,10000000.0,180.0,0,145.0,,,,410.0,,22.0,22.0,3,2,6,10.0,3,0.0,0.0,0,1
Mondal et al. 2019,10.1038/s41598-019-55034-9,4.0,0.0,0.0,0.0,8.0,0.0,0.0,0.0,0,0.0,0.0,0,0.0,0,0.0,0,0,0,0.0,0,0,0.0,0,0,0,0.0,0.0,0,100.0,0.0,0,0,0.0,0,0,0.0,0.0,0.0,0,0,0.0,0,0.0,0,0,0,0,0,0,0,0,0,0.0,0.0,0.0,0,0,0.0,0.0,0.0,10000000.0,180.0,0,250.0,,,,410.0,,22.0,22.0,3,2,6,12.0,3,0.0,0.0,0,1
Mondal et al. 2019,10.1038/s41598-019-55034-9,3.25,0.0,0.0,0.0,4.0,0.0,0.0,0.0,0,0.0,0.0,0,0.0,0,0.0,0,0,0,0.0,0,0,0.0,0,0,0,0.0,0.0,0,100.0,0.0,0,0,0.0,0,0,0.0,0.0,0.0,0,0,0.0,0,0.0,0,0,0,0,0,0,0,0,0,0.0,0.0,0.0,0,0,0.0,0.0,0.0,5000000.0,180.0,0,35.0,,,,410.0,,22.0,22.0,3,5,15,7.25,3,0.0,0.0,0,1
Lee et al. 2022,10.1016/j.ceramint.2021.12.227,0.0,0.0,0.0,0.0,20.0,0.0,0.0,0.0,70,0.0,0.0,0,0.0,0,0.0,0,0,0,0.0,0,0,0.0,0,0,0,0.0,0.0,0,0.0,0.0,0,0,0.0,0,0,0.0,0.0,0.0,0,0,0.0,0,0.0,0,0,0,0,0,0,0,0,0,0.0,0.0,0.0,0,0,0.0,0.25,0.0,0.0,86400.0,0,500.0,10.0,,,510.0,,45.0,,0,1,0,90.25,3,70.0,0.775623268698061,1,0
Lee et al. 2022,10.1016/j.ceramint.2021.12.227,0.0,0.0,0.0,0.0,20.0,0.0,0.0,0.0,70,0.0,0.0,0,0.0,0,0.0,0,0,0,0.0,0,0,0.0,0,0,0,0.0,0.0,0,0.0,0.0,0,0,0.0,0,0,0.0,0.0,0.0,0,0,0.0,0,0.0,0,0,0,0,0,0,0,0,0,0.0,0.0,0.0,0,0,0.0,0.25,0.0,0.0,86400.0,0,500.0,10.0,,,510.0,,45.0,,0,1,0,90.25,3,70.0,0.775623268698061,1,0
Lee et al. 2022,10.1016/j.ceramint.2021.12.227,0.0,0.0,0.0,0.0,20.0,0.0,0.0,0.0,70,0.0,0.0,0,0.0,0,0.0,0,0,0,0.0,0,0,0.0,0,0,0,0.0,0.0,0,0.0,0.0,0,0,0.0,0,0,0.0,0.0,0.0,0,0,0.0,0,0.0,0,0,0,0,0,0,0,0,0,0.0,0.0,0.0,0,0,0.0,0.25,0.0,0.0,86400.0,0,500.0,10.0,,,510.0,,45.0,,0,1,0,90.25,3,70.0,0.775623268698061,1,0
Lee et al. 2022,10.1016/j.ceramint.2021.12.227,0.0,0.0,0.0,0.0,20.0,0.0,0.0,0.0,70,0.0,0.0,0,0.0,0,0.0,0,0,0,0.0,0,0,0.0,0,0,0,0.0,0.0,0,0.0,0.0,0,0,0.0,0,0,0.0,0.0,0.0,0,0,0.0,0,0.0,0,0,0,0,0,0,0,0,0,0.0,0.0,0.0,0,0,0.0,0.25,0.0,0.0,86400.0,0,500.0,10.0,,,510.0,,45.0,,1,1,1,90.25,3,70.0,0.775623268698061,1,0
Lee et al. 2022,10.1016/j.ceramint.2021.12.227,0.0,0.0,0.0,0.0,20.0,0.0,0.0,0.0,70,0.0,0.0,0,0.0,0,0.0,0,0,0,0.0,0,0,0.0,0,0,0,0.0,0.0,0,0.0,0.0,0,0,0.0,0,0,0.0,0.0,0.0,0,0,0.0,0,0.0,0,0,0,0,0,0,0,0,0,0.0,0.0,0.0,0,0,0.0,0.25,0.0,0.0,86400.0,0,500.0,10.0,,,510.0,,45.0,,3,1,3,90.25,3,70.0,0.775623268698061,1,0
Lee et al. 2022,10.1016/j.ceramint.2021.12.227,0.0,0.0,0.0,0.0,20.0,0.0,0.0,0.0,70,0.0,0.0,0,0.0,0,0.0,0,0,0,0.0,0,0,0.0,0,0,0,0.0,0.0,0,0.0,0.0,0,0,0.0,0,0,0.0,0.0,0.0,0,0,0.0,0,0.0,0,0,0,0,0,0,0,0,0,0.0,0.0,0.0,0,0,0.0,0.25,0.0,0.0,86400.0,0,500.0,10.0,,,510.0,,45.0,,2,1,2,90.25,3,70.0,0.775623268698061,1,0
Lee et al. 2022,10.1016/j.ceramint.2021.12.227,0.0,0.0,0.0,0.0,20.0,0.0,0.0,0.0,70,0.0,0.0,0,0.0,0,0.0,0,0,0,0.0,0,0,0.0,0,0,0,0.0,0.0,0,0.0,0.0,0,0,0.0,0,0,0.0,0.0,0.0,0,0,0.0,0,0.0,0,0,0,0,0,0,0,0,0,0.0,0.0,0.0,0,0,0.0,0.25,0.0,0.0,86400.0,0,500.0,10.0,,,510.0,,45.0,,2,1,2,90.25,3,70.0,0.775623268698061,1,0
Lee et al. 2022,10.1016/j.ceramint.2021.12.227,0.0,0.0,0.0,0.0,20.0,0.0,0.0,0.5,70,0.0,0.0,0,0.0,0,0.0,0,0,0,0.0,0,0,0.0,0,0,0,0.0,0.0,0,0.0,0.0,0,0,0.0,0,0,0.0,0.0,0.0,0,0,0.0,0,0.0,0,0,0,0,0,0,0,0,0,0.0,0.0,0.0,0,0,0.0,0.25,0.0,0.0,86400.0,0,500.0,10.0,,,510.0,,45.0,,0,1,0,90.75,4,70.0,0.7713498622589532,1,0
Lee et al. 2022,10.1016/j.ceramint.2021.12.227,0.0,0.0,0.0,0.0,20.0,0.0,0.0,0.5,70,0.0,0.0,0,0.0,0,0.0,0,0,0,0.0,0,0,0.0,0,0,0,0.0,0.0,0,0.0,0.0,0,0,0.0,0,0,0.0,0.0,0.0,0,0,0.0,0,0.0,0,0,0,0,0,0,0,0,0,0.0,0.0,0.0,0,0,0.0,0.25,0.0,0.0,86400.0,0,500.0,10.0,,,510.0,,45.0,,0,1,0,90.75,4,70.0,0.7713498622589532,1,0
Lee et al. 2022,10.1016/j.ceramint.2021.12.227,0.0,0.0,0.0,0.0,20.0,0.0,0.0,0.5,70,0.0,0.0,0,0.0,0,0.0,0,0,0,0.0,0,0,0.0,0,0,0,0.0,0.0,0,0.0,0.0,0,0,0.0,0,0,0.0,0.0,0.0,0,0,0.0,0,0.0,0,0,0,0,0,0,0,0,0,0.0,0.0,0.0,0,0,0.0,0.25,0.0,0.0,86400.0,0,500.0,10.0,,,510.0,,45.0,,0,1,0,90.75,4,70.0,0.7713498622589532,1,0
Lee et al. 2022,10.1016/j.ceramint.2021.12.227,0.0,0.0,0.0,0.0,20.0,0.0,0.0,0.5,70,0.0,0.0,0,0.0,0,0.0,0,0,0,0.0,0,0,0.0,0,0,0,0.0,0.0,0,0.0,0.0,0,0,0.0,0,0,0.0,0.0,0.0,0,0,0.0,0,0.0,0,0,0,0,0,0,0,0,0,0.0,0.0,0.0,0,0,0.0,0.25,0.0,0.0,86400.0,0,500.0,10.0,,,510.0,,45.0,,1,1,1,90.75,4,70.0,0.7713498622589532,1,0
Lee et al. 2022,10.1016/j.ceramint.2021.12.227,0.0,0.0,0.0,0.0,20.0,0.0,0.0,0.5,70,0.0,0.0,0,0.0,0,0.0,0,0,0,0.0,0,0,0.0,0,0,0,0.0,0.0,0,0.0,0.0,0,0,0.0,0,0,0.0,0.0,0.0,0,0,0.0,0,0.0,0,0,0,0,0,0,0,0,0,0.0,0.0,0.0,0,0,0.0,0.25,0.0,0.0,86400.0,0,500.0,10.0,,,510.0,,45.0,,2,1,2,90.75,4,70.0,0.7713498622589532,1,0
Lee et al. 2022,10.1016/j.ceramint.2021.12.227,0.0,0.0,0.0,0.0,20.0,0.0,0.0,0.5,70,0.0,0.0,0,0.0,0,0.0,0,0,0,0.0,0,0,0.0,0,0,0,0.0,0.0,0,0.0,0.0,0,0,0.0,0,0,0.0,0.0,0.0,0,0,0.0,0,0.0,0,0,0,0,0,0,0,0,0,0.0,0.0,0.0,0,0,0.0,0.25,0.0,0.0,86400.0,0,500.0,10.0,,,510.0,,45.0,,3,1,3,90.75,4,70.0,0.7713498622589532,1,0
Lee et al. 2022,10.1016/j.ceramint.2021.12.227,0.0,0.0,0.0,0.0,20.0,0.0,0.0,0.5,70,0.0,0.0,0,0.0,0,0.0,0,0,0,0.0,0,0,0.0,0,0,0,0.0,0.0,0,0.0,0.0,0,0,0.0,0,0,0.0,0.0,0.0,0,0,0.0,0,0.0,0,0,0,0,0,0,0,0,0,0.0,0.0,0.0,0,0,0.0,0.25,0.0,0.0,86400.0,0,500.0,10.0,,,510.0,,45.0,,3,1,3,90.75,4,70.0,0.7713498622589532,1,0
Lee et al. 2022,10.1016/j.ceramint.2021.12.227,0.0,0.0,0.0,0.0,20.0,0.0,0.0,1.0,70,0.0,0.0,0,0.0,0,0.0,0,0,0,0.0,0,0,0.0,0,0,0,0.0,0.0,0,0.0,0.0,0,0,0.0,0,0,0.0,0.0,0.0,0,0,0.0,0,0.0,0,0,0,0,0,0,0,0,0,0.0,0.0,0.0,0,0,0.0,0.25,0.0,0.0,86400.0,0,500.0,4.0,,,510.0,,45.0,,0,1,0,91.25,4,70.0,0.7671232876712328,1,0
Lee et al. 2022,10.1016/j.ceramint.2021.12.227,0.0,0.0,0.0,0.0,20.0,0.0,0.0,1.0,70,0.0,0.0,0,0.0,0,0.0,0,0,0,0.0,0,0,0.0,0,0,0,0.0,0.0,0,0.0,0.0,0,0,0.0,0,0,0.0,0.0,0.0,0,0,0.0,0,0.0,0,0,0,0,0,0,0,0,0,0.0,0.0,0.0,0,0,0.0,0.25,0.0,0.0,86400.0,0,500.0,4.0,,,510.0,,45.0,,0,1,0,91.25,4,70.0,0.7671232876712328,1,0
Lee et al. 2022,10.1016/j.ceramint.2021.12.227,0.0,0.0,0.0,0.0,20.0,0.0,0.0,1.0,70,0.0,0.0,0,0.0,0,0.0,0,0,0,0.0,0,0,0.0,0,0,0,0.0,0.0,0,0.0,0.0,0,0,0.0,0,0,0.0,0.0,0.0,0,0,0.0,0,0.0,0,0,0,0,0,0,0,0,0,0.0,0.0,0.0,0,0,0.0,0.25,0.0,0.0,86400.0,0,500.0,4.0,,,510.0,,45.0,,0,1,0,91.25,4,70.0,0.7671232876712328,1,0
Lee et al. 2022,10.1016/j.ceramint.2021.12.227,0.0,0.0,0.0,0.0,20.0,0.0,0.0,1.0,70,0.0,0.0,0,0.0,0,0.0,0,0,0,0.0,0,0,0.0,0,0,0,0.0,0.0,0,0.0,0.0,0,0,0.0,0,0,0.0,0.0,0.0,0,0,0.0,0,0.0,0,0,0,0,0,0,0,0,0,0.0,0.0,0.0,0,0,0.0,0.25,0.0,0.0,86400.0,0,500.0,4.0,,,510.0,,45.0,,0,1,0,91.25,4,70.0,0.7671232876712328,1,0
Lee et al. 2022,10.1016/j.ceramint.2021.12.227,0.0,0.0,0.0,0.0,20.0,0.0,0.0,1.0,70,0.0,0.0,0,0.0,0,0.0,0,0,0,0.0,0,0,0.0,0,0,0,0.0,0.0,0,0.0,0.0,0,0,0.0,0,0,0.0,0.0,0.0,0,0,0.0,0,0.0,0,0,0,0,0,0,0,0,0,0.0,0.0,0.0,0,0,0.0,0.25,0.0,0.0,86400.0,0,500.0,4.0,,,510.0,,45.0,,1,1,1,91.25,4,70.0,0.7671232876712328,1,0
Lee et al. 2022,10.1016/j.ceramint.2021.12.227,0.0,0.0,0.0,0.0,20.0,0.0,0.0,1.0,70,0.0,0.0,0,0.0,0,0.0,0,0,0,0.0,0,0,0.0,0,0,0,0.0,0.0,0,0.0,0.0,0,0,0.0,0,0,0.0,0.0,0.0,0,0,0.0,0,0.0,0,0,0,0,0,0,0,0,0,0.0,0.0,0.0,0,0,0.0,0.25,0.0,0.0,86400.0,0,500.0,4.0,,,510.0,,45.0,,3,1,3,91.25,4,70.0,0.7671232876712328,1,0
Lee et al. 2022,10.1016/j.ceramint.2021.12.227,0.0,0.0,0.0,0.0,20.0,0.0,0.0,1.0,70,0.0,0.0,0,0.0,0,0.0,0,0,0,0.0,0,0,0.0,0,0,0,0.0,0.0,0,0.0,0.0,0,0,0.0,0,0,0.0,0.0,0.0,0,0,0.0,0,0.0,0,0,0,0,0,0,0,0,0,0.0,0.0,0.0,0,0,0.0,0.25,0.0,0.0,86400.0,0,500.0,4.0,,,510.0,,45.0,,2,1,2,91.25,4,70.0,0.7671232876712328,1,0
Lee et al. 2022,10.1016/j.ceramint.2021.12.227,0.0,0.0,0.0,0.0,20.0,0.0,0.0,0.0,70,0.0,0.0,0,0.0,0,0.0,0,0,0,0.0,0,0,0.0,0,0,0,0.0,0.0,0,0.0,0.0,0,0,0.0,0,0,0.0,0.0,0.0,0,0,0.0,0,0.0,0,0,0,0,0,0,0,0,0,0.0,0.0,0.0,0,0,0.0,0.25,0.0,0.0,86400.0,0,200.0,10.0,,,510.0,,45.0,,2,1,2,90.25,3,70.0,0.775623268698061,1,0
Lee et al. 2022,10.1016/j.ceramint.2021.12.227,0.0,0.0,0.0,0.0,20.0,0.0,0.0,0.0,70,0.0,0.0,0,0.0,0,0.0,0,0,0,0.0,0,0,0.0,0,0,0,0.0,0.0,0,0.0,0.0,0,0,0.0,0,0,0.0,0.0,0.0,0,0,0.0,0,0.0,0,0,0,0,0,0,0,0,0,0.0,0.0,0.0,0,0,0.0,0.25,0.0,0.0,86400.0,0,250.0,10.0,,,510.0,,45.0,,2,1,2,90.25,3,70.0,0.775623268698061,1,0
Lee et al. 2022,10.1016/j.ceramint.2021.12.227,0.0,0.0,0.0,0.0,20.0,0.0,0.0,0.0,70,0.0,0.0,0,0.0,0,0.0,0,0,0,0.0,0,0,0.0,0,0,0,0.0,0.0,0,0.0,0.0,0,0,0.0,0,0,0.0,0.0,0.0,0,0,0.0,0,0.0,0,0,0,0,0,0,0,0,0,0.0,0.0,0.0,0,0,0.0,0.25,0.0,0.0,86400.0,0,300.0,10.0,,,510.0,,45.0,,2,1,2,90.25,3,70.0,0.775623268698061,1,0
Lee et al. 2022,10.1016/j.ceramint.2021.12.227,0.0,0.0,0.0,0.0,20.0,0.0,0.0,0.0,70,0.0,0.0,0,0.0,0,0.0,0,0,0,0.0,0,0,0.0,0,0,0,0.0,0.0,0,0.0,0.0,0,0,0.0,0,0,0.0,0.0,0.0,0,0,0.0,0,0.0,0,0,0,0,0,0,0,0,0,0.0,0.0,0.0,0,0,0.0,0.25,0.0,0.0,86400.0,0,350.0,10.0,,,510.0,,45.0,,2,1,2,90.25,3,70.0,0.775623268698061,1,0
Lee et al. 2022,10.1016/j.ceramint.2021.12.227,0.0,0.0,0.0,0.0,20.0,0.0,0.0,0.0,70,0.0,0.0,0,0.0,0,0.0,0,0,0,0.0,0,0,0.0,0,0,0,0.0,0.0,0,0.0,0.0,0,0,0.0,0,0,0.0,0.0,0.0,0,0,0.0,0,0.0,0,0,0,0,0,0,0,0,0,0.0,0.0,0.0,0,0,0.0,0.25,0.0,0.0,86400.0,0,400.0,10.0,,,510.0,,45.0,,2,1,2,90.25,3,70.0,0.775623268698061,1,0
Lee et al. 2022,10.1016/j.ceramint.2021.12.227,0.0,0.0,0.0,0.0,20.0,0.0,0.0,0.0,70,0.0,0.0,0,0.0,0,0.0,0,0,0,0.0,0,0,0.0,0,0,0,0.0,0.0,0,0.0,0.0,0,0,0.0,0,0,0.0,0.0,0.0,0,0,0.0,0,0.0,0,0,0,0,0,0,0,0,0,0.0,0.0,0.0,0,0,0.0,0.25,0.0,0.0,86400.0,0,450.0,10.0,,,510.0,,45.0,,2,1,2,90.25,3,70.0,0.775623268698061,1,0
Lee et al. 2022,10.1016/j.ceramint.2021.12.227,0.0,0.0,0.0,0.0,20.0,0.0,0.0,0.0,70,0.0,0.0,0,0.0,0,0.0,0,0,0,0.0,0,0,0.0,0,0,0,0.0,0.0,0,0.0,0.0,0,0,0.0,0,0,0.0,0.0,0.0,0,0,0.0,0,0.0,0,0,0,0,0,0,0,0,0,0.0,0.0,0.0,0,0,0.0,0.25,0.0,0.0,86400.0,0,500.0,10.0,,,510.0,,45.0,,2,1,2,90.25,3,70.0,0.775623268698061,1,0
Lee et al. 2022,10.1016/j.ceramint.2021.12.227,0.0,0.0,0.0,0.0,20.0,0.0,0.0,0.5,70,0.0,0.0,0,0.0,0,0.0,0,0,0,0.0,0,0,0.0,0,0,0,0.0,0.0,0,0.0,0.0,0,0,0.0,0,0,0.0,0.0,0.0,0,0,0.0,0,0.0,0,0,0,0,0,0,0,0,0,0.0,0.0,0.0,0,0,0.0,0.25,0.0,0.0,86400.0,0,200.0,10.0,,,510.0,,45.0,,2,1,2,90.75,4,70.0,0.7713498622589532,1,0
Lee et al. 2022,10.1016/j.ceramint.2021.12.227,0.0,0.0,0.0,0.0,20.0,0.0,0.0,0.5,70,0.0,0.0,0,0.0,0,0.0,0,0,0,0.0,0,0,0.0,0,0,0,0.0,0.0,0,0.0,0.0,0,0,0.0,0,0,0.0,0.0,0.0,0,0,0.0,0,0.0,0,0,0,0,0,0,0,0,0,0.0,0.0,0.0,0,0,0.0,0.25,0.0,0.0,86400.0,0,250.0,10.0,,,510.0,,45.0,,2,1,2,90.75,4,70.0,0.7713498622589532,1,0
Lee et al. 2022,10.1016/j.ceramint.2021.12.227,0.0,0.0,0.0,0.0,20.0,0.0,0.0,0.5,70,0.0,0.0,0,0.0,0,0.0,0,0,0,0.0,0,0,0.0,0,0,0,0.0,0.0,0,0.0,0.0,0,0,0.0,0,0,0.0,0.0,0.0,0,0,0.0,0,0.0,0,0,0,0,0,0,0,0,0,0.0,0.0,0.0,0,0,0.0,0.25,0.0,0.0,86400.0,0,300.0,10.0,,,510.0,,45.0,,2,1,2,90.75,4,70.0,0.7713498622589532,1,0
Lee et al. 2022,10.1016/j.ceramint.2021.12.227,0.0,0.0,0.0,0.0,20.0,0.0,0.0,0.5,70,0.0,0.0,0,0.0,0,0.0,0,0,0,0.0,0,0,0.0,0,0,0,0.0,0.0,0,0.0,0.0,0,0,0.0,0,0,0.0,0.0,0.0,0,0,0.0,0,0.0,0,0,0,0,0,0,0,0,0,0.0,0.0,0.0,0,0,0.0,0.25,0.0,0.0,86400.0,0,350.0,10.0,,,510.0,,45.0,,2,1,2,90.75,4,70.0,0.7713498622589532,1,0
Lee et al. 2022,10.1016/j.ceramint.2021.12.227,0.0,0.0,0.0,0.0,20.0,0.0,0.0,0.5,70,0.0,0.0,0,0.0,0,0.0,0,0,0,0.0,0,0,0.0,0,0,0,0.0,0.0,0,0.0,0.0,0,0,0.0,0,0,0.0,0.0,0.0,0,0,0.0,0,0.0,0,0,0,0,0,0,0,0,0,0.0,0.0,0.0,0,0,0.0,0.25,0.0,0.0,86400.0,0,400.0,10.0,,,510.0,,45.0,,2,1,2,90.75,4,70.0,0.7713498622589532,1,0
Lee et al. 2022,10.1016/j.ceramint.2021.12.227,0.0,0.0,0.0,0.0,20.0,0.0,0.0,0.5,70,0.0,0.0,0,0.0,0,0.0,0,0,0,0.0,0,0,0.0,0,0,0,0.0,0.0,0,0.0,0.0,0,0,0.0,0,0,0.0,0.0,0.0,0,0,0.0,0,0.0,0,0,0,0,0,0,0,0,0,0.0,0.0,0.0,0,0,0.0,0.25,0.0,0.0,86400.0,0,450.0,10.0,,,510.0,,45.0,,2,1,2,90.75,4,70.0,0.7713498622589532,1,0
Lee et al. 2022,10.1016/j.ceramint.2021.12.227,0.0,0.0,0.0,0.0,20.0,0.0,0.0,0.5,70,0.0,0.0,0,0.0,0,0.0,0,0,0,0.0,0,0,0.0,0,0,0,0.0,0.0,0,0.0,0.0,0,0,0.0,0,0,0.0,0.0,0.0,0,0,0.0,0,0.0,0,0,0,0,0,0,0,0,0,0.0,0.0,0.0,0,0,0.0,0.25,0.0,0.0,86400.0,0,500.0,10.0,,,510.0,,45.0,,2,1,2,90.75,4,70.0,0.7713498622589532,1,0
Lee et al. 2022,10.1016/j.ceramint.2021.12.227,0.0,0.0,0.0,0.0,20.0,0.0,0.0,1.0,70,0.0,0.0,0,0.0,0,0.0,0,0,0,0.0,0,0,0.0,0,0,0,0.0,0.0,0,0.0,0.0,0,0,0.0,0,0,0.0,0.0,0.0,0,0,0.0,0,0.0,0,0,0,0,0,0,0,0,0,0.0,0.0,0.0,0,0,0.0,0.25,0.0,0.0,86400.0,0,200.0,4.0,,,510.0,,47.5,,2,1,2,91.25,4,70.0,0.7671232876712328,1,0
Lee et al. 2022,10.1016/j.ceramint.2021.12.227,0.0,0.0,0.0,0.0,20.0,0.0,0.0,1.0,70,0.0,0.0,0,0.0,0,0.0,0,0,0,0.0,0,0,0.0,0,0,0,0.0,0.0,0,0.0,0.0,0,0,0.0,0,0,0.0,0.0,0.0,0,0,0.0,0,0.0,0,0,0,0,0,0,0,0,0,0.0,0.0,0.0,0,0,0.0,0.25,0.0,0.0,86400.0,0,250.0,4.0,,,510.0,,47.5,,2,1,2,91.25,4,70.0,0.7671232876712328,1,0
Lee et al. 2022,10.1016/j.ceramint.2021.12.227,0.0,0.0,0.0,0.0,20.0,0.0,0.0,1.0,70,0.0,0.0,0,0.0,0,0.0,0,0,0,0.0,0,0,0.0,0,0,0,0.0,0.0,0,0.0,0.0,0,0,0.0,0,0,0.0,0.0,0.0,0,0,0.0,0,0.0,0,0,0,0,0,0,0,0,0,0.0,0.0,0.0,0,0,0.0,0.25,0.0,0.0,86400.0,0,300.0,4.0,,,510.0,,47.5,,2,1,2,91.25,4,70.0,0.7671232876712328,1,0
Lee et al. 2022,10.1016/j.ceramint.2021.12.227,0.0,0.0,0.0,0.0,20.0,0.0,0.0,1.0,70,0.0,0.0,0,0.0,0,0.0,0,0,0,0.0,0,0,0.0,0,0,0,0.0,0.0,0,0.0,0.0,0,0,0.0,0,0,0.0,0.0,0.0,0,0,0.0,0,0.0,0,0,0,0,0,0,0,0,0,0.0,0.0,0.0,0,0,0.0,0.25,0.0,0.0,86400.0,0,350.0,4.0,,,510.0,,47.5,,2,1,2,91.25,4,70.0,0.7671232876712328,1,0
Lee et al. 2022,10.1016/j.ceramint.2021.12.227,0.0,0.0,0.0,0.0,20.0,0.0,0.0,1.0,70,0.0,0.0,0,0.0,0,0.0,0,0,0,0.0,0,0,0.0,0,0,0,0.0,0.0,0,0.0,0.0,0,0,0.0,0,0,0.0,0.0,0.0,0,0,0.0,0,0.0,0,0,0,0,0,0,0,0,0,0.0,0.0,0.0,0,0,0.0,0.25,0.0,0.0,86400.0,0,400.0,4.0,,,510.0,,47.5,,2,1,2,91.25,4,70.0,0.7671232876712328,1,0
Lee et al. 2022,10.1016/j.ceramint.2021.12.227,0.0,0.0,0.0,0.0,20.0,0.0,0.0,1.0,70,0.0,0.0,0,0.0,0,0.0,0,0,0,0.0,0,0,0.0,0,0,0,0.0,0.0,0,0.0,0.0,0,0,0.0,0,0,0.0,0.0,0.0,0,0,0.0,0,0.0,0,0,0,0,0,0,0,0,0,0.0,0.0,0.0,0,0,0.0,0.25,0.0,0.0,86400.0,0,450.0,4.0,,,510.0,,47.5,,2,1,2,91.25,4,70.0,0.7671232876712328,1,0
Lee et al. 2022,10.1016/j.ceramint.2021.12.227,0.0,0.0,0.0,0.0,20.0,0.0,0.0,1.0,70,0.0,0.0,0,0.0,0,0.0,0,0,0,0.0,0,0,0.0,0,0,0,0.0,0.0,0,0.0,0.0,0,0,0.0,0,0,0.0,0.0,0.0,0,0,0.0,0,0.0,0,0,0,0,0,0,0,0,0,0.0,0.0,0.0,0,0,0.0,0.25,0.0,0.0,86400.0,0,500.0,4.0,,,510.0,,47.5,,2,1,2,91.25,4,70.0,0.7671232876712328,1,0
Lee et al. 2022,10.1016/j.ceramint.2021.12.227,0.0,0.0,0.0,0.0,20.0,0.0,0.0,0.0,70,0.0,0.0,0,0.0,0,0.0,0,0,0,0.0,0,0,0.0,0,0,0,0.0,0.0,0,0.0,0.0,0,0,0.0,0,0,0.0,0.0,0.0,0,0,0.0,0,0.0,0,0,0,0,0,0,0,0,0,0.0,0.0,0.0,0,0,0.0,0.25,0.0,0.0,86400.0,0,350.0,1.0,,,510.0,,45.0,,1,1,1,90.25,3,70.0,0.775623268698061,1,0
Lee et al. 2022,10.1016/j.ceramint.2021.12.227,0.0,0.0,0.0,0.0,20.0,0.0,0.0,0.0,70,0.0,0.0,0,0.0,0,0.0,0,0,0,0.0,0,0,0.0,0,0,0,0.0,0.0,0,0.0,0.0,0,0,0.0,0,0,0.0,0.0,0.0,0,0,0.0,0,0.0,0,0,0,0,0,0,0,0,0,0.0,0.0,0.0,0,0,0.0,0.25,0.0,0.0,86400.0,0,350.0,4.0,,,510.0,,45.0,,2,1,2,90.25,3,70.0,0.775623268698061,1,0
Lee et al. 2022,10.1016/j.ceramint.2021.12.227,0.0,0.0,0.0,0.0,20.0,0.0,0.0,0.0,70,0.0,0.0,0,0.0,0,0.0,0,0,0,0.0,0,0,0.0,0,0,0,0.0,0.0,0,0.0,0.0,0,0,0.0,0,0,0.0,0.0,0.0,0,0,0.0,0,0.0,0,0,0,0,0,0,0,0,0,0.0,0.0,0.0,0,0,0.0,0.25,0.0,0.0,86400.0,0,350.0,7.0,,,510.0,,45.0,,3,1,3,90.25,3,70.0,0.775623268698061,1,0
Lee et al. 2022,10.1016/j.ceramint.2021.12.227,0.0,0.0,0.0,0.0,20.0,0.0,0.0,0.0,70,0.0,0.0,0,0.0,0,0.0,0,0,0,0.0,0,0,0.0,0,0,0,0.0,0.0,0,0.0,0.0,0,0,0.0,0,0,0.0,0.0,0.0,0,0,0.0,0,0.0,0,0,0,0,0,0,0,0,0,0.0,0.0,0.0,0,0,0.0,0.25,0.0,0.0,86400.0,0,350.0,10.0,,,510.0,,45.0,,2,1,2,90.25,3,70.0,0.775623268698061,1,0
Lee et al. 2022,10.1016/j.ceramint.2021.12.227,0.0,0.0,0.0,0.0,20.0,0.0,0.0,0.5,70,0.0,0.0,0,0.0,0,0.0,0,0,0,0.0,0,0,0.0,0,0,0,0.0,0.0,0,0.0,0.0,0,0,0.0,0,0,0.0,0.0,0.0,0,0,0.0,0,0.0,0,0,0,0,0,0,0,0,0,0.0,0.0,0.0,0,0,0.0,0.25,0.0,0.0,86400.0,0,350.0,1.0,,,510.0,,45.0,,1,1,1,90.75,4,70.0,0.7713498622589532,1,0
Lee et al. 2022,10.1016/j.ceramint.2021.12.227,0.0,0.0,0.0,0.0,20.0,0.0,0.0,0.5,70,0.0,0.0,0,0.0,0,0.0,0,0,0,0.0,0,0,0.0,0,0,0,0.0,0.0,0,0.0,0.0,0,0,0.0,0,0,0.0,0.0,0.0,0,0,0.0,0,0.0,0,0,0,0,0,0,0,0,0,0.0,0.0,0.0,0,0,0.0,0.25,0.0,0.0,86400.0,0,350.0,4.0,,,510.0,,45.0,,2,1,2,90.75,4,70.0,0.7713498622589532,1,0
Lee et al. 2022,10.1016/j.ceramint.2021.12.227,0.0,0.0,0.0,0.0,20.0,0.0,0.0,0.5,70,0.0,0.0,0,0.0,0,0.0,0,0,0,0.0,0,0,0.0,0,0,0,0.0,0.0,0,0.0,0.0,0,0,0.0,0,0,0.0,0.0,0.0,0,0,0.0,0,0.0,0,0,0,0,0,0,0,0,0,0.0,0.0,0.0,0,0,0.0,0.25,0.0,0.0,86400.0,0,350.0,7.0,,,510.0,,45.0,,3,1,3,90.75,4,70.0,0.7713498622589532,1,0
Lee et al. 2022,10.1016/j.ceramint.2021.12.227,0.0,0.0,0.0,0.0,20.0,0.0,0.0,0.5,70,0.0,0.0,0,0.0,0,0.0,0,0,0,0.0,0,0,0.0,0,0,0,0.0,0.0,0,0.0,0.0,0,0,0.0,0,0,0.0,0.0,0.0,0,0,0.0,0,0.0,0,0,0,0,0,0,0,0,0,0.0,0.0,0.0,0,0,0.0,0.25,0.0,0.0,86400.0,0,350.0,10.0,,,510.0,,45.0,,2,1,2,90.75,4,70.0,0.7713498622589532,1,0
Lee et al. 2022,10.1016/j.ceramint.2021.12.227,0.0,0.0,0.0,0.0,20.0,0.0,0.0,1.0,70,0.0,0.0,0,0.0,0,0.0,0,0,0,0.0,0,0,0.0,0,0,0,0.0,0.0,0,0.0,0.0,0,0,0.0,0,0,0.0,0.0,0.0,0,0,0.0,0,0.0,0,0,0,0,0,0,0,0,0,0.0,0.0,0.0,0,0,0.0,0.25,0.0,0.0,86400.0,0,350.0,1.0,,,510.0,,47.5,,1,1,1,91.25,4,70.0,0.7671232876712328,1,0
Lee et al. 2022,10.1016/j.ceramint.2021.12.227,0.0,0.0,0.0,0.0,20.0,0.0,0.0,1.0,70,0.0,0.0,0,0.0,0,0.0,0,0,0,0.0,0,0,0.0,0,0,0,0.0,0.0,0,0.0,0.0,0,0,0.0,0,0,0.0,0.0,0.0,0,0,0.0,0,0.0,0,0,0,0,0,0,0,0,0,0.0,0.0,0.0,0,0,0.0,0.25,0.0,0.0,86400.0,0,350.0,2.0,,,510.0,,47.5,,2,1,2,91.25,4,70.0,0.7671232876712328,1,0
Lee et al. 2022,10.1016/j.ceramint.2021.12.227,0.0,0.0,0.0,0.0,20.0,0.0,0.0,1.0,70,0.0,0.0,0,0.0,0,0.0,0,0,0,0.0,0,0,0.0,0,0,0,0.0,0.0,0,0.0,0.0,0,0,0.0,0,0,0.0,0.0,0.0,0,0,0.0,0,0.0,0,0,0,0,0,0,0,0,0,0.0,0.0,0.0,0,0,0.0,0.25,0.0,0.0,86400.0,0,350.0,3.0,,,510.0,,47.5,,3,1,3,91.25,4,70.0,0.7671232876712328,1,0
Lee et al. 2022,10.1016/j.ceramint.2021.12.227,0.0,0.0,0.0,0.0,20.0,0.0,0.0,1.0,70,0.0,0.0,0,0.0,0,0.0,0,0,0,0.0,0,0,0.0,0,0,0,0.0,0.0,0,0.0,0.0,0,0,0.0,0,0,0.0,0.0,0.0,0,0,0.0,0,0.0,0,0,0,0,0,0,0,0,0,0.0,0.0,0.0,0,0,0.0,0.25,0.0,0.0,86400.0,0,350.0,4.0,,,510.0,,47.5,,2,1,2,91.25,4,70.0,0.7671232876712328,1,0
