sample_id,family,topology,mode,grid,n_cells,unit_cell_mm,strut_d,strut_spacing,n_struts,n_layers,stagger,target_porosity,porosity,relative_density,E_rel_z,E_rel_x,anisotropy_z_over_x,K_sc_z,K_sc_x,D_eff_z,D_eff_x,D_anisotropy_z_over_x,tortuosity_z,specific_surface_per_mm,pore_size_um,strut_thickness_um,solid_connectivity,pore_connected,cg_converged
SIM0000,FDM,fdm_strut,aligned,44,,0.3333333333333333,0.1307,0.1667,6.0,12.0,0.0,,0.3058,0.6942,0.493313,0.395187,1.2483,2.478,3.006,0.138897,0.165059,0.8415,2.2015,9.9835,128.6,203.3,1.0,1,1
SIM0001,FDM,fdm_strut,aligned,44,,0.3333333333333333,0.1328,0.1667,6.0,16.0,0.0,,0.3058,0.6942,0.461565,0.414995,1.1122,2.609,2.749,0.154125,0.177813,0.8668,1.984,10.0992,128.6,257.1,1.0,1,1
SIM0002,FDM,fdm_strut,aligned,44,,0.5,0.196,0.25,4.0,8.0,0.0,,0.314,0.686,0.407981,0.36551,1.1162,2.991,2.946,0.17049,0.172646,0.9875,1.842,7.0909,181.8,327.8,1.0,1,1
SIM0003,FDM,fdm_strut,aligned,44,,0.5,0.1886,0.25,4.0,10.0,0.0,,0.314,0.686,0.440426,0.41232,1.0682,2.725,2.791,0.159232,0.186043,0.8559,1.9723,7.124,181.8,327.8,1.0,1,1
SIM0004,FDM,fdm_strut,aligned,44,,0.5,0.1966,0.25,4.0,10.0,0.0,,0.314,0.686,0.407981,0.36551,1.1162,2.991,2.946,0.17049,0.172646,0.9875,1.842,7.0909,181.8,327.8,1.0,1,1
SIM0005,FDM,fdm_strut,aligned,44,,0.4,0.1562,0.2,5.0,8.0,0.0,,0.314,0.686,0.449949,0.353746,1.272,2.62,3.229,0.16819,0.146806,1.1457,1.8672,8.3037,128.6,272.7,1.0,1,1
SIM0006,FDM,fdm_strut,aligned,44,,0.4,0.1568,0.2,5.0,10.0,0.0,,0.314,0.686,0.449949,0.353746,1.272,2.62,3.229,0.16819,0.146806,1.1457,1.8672,8.3037,128.6,272.7,1.0,1,1
SIM0007,FDM,fdm_strut,aligned,44,,0.4,0.1572,0.2,5.0,12.0,0.0,,0.314,0.686,0.449949,0.353746,1.272,2.62,3.229,0.16819,0.146806,1.1457,1.8672,8.3037,128.6,272.7,1.0,1,1
SIM0008,FDM,fdm_strut,aligned,44,,0.3333333333333333,0.1291,0.1667,6.0,14.0,0.0,,0.314,0.686,0.491061,0.390941,1.2561,2.49,3.039,0.150798,0.167993,0.8976,2.0826,9.6198,128.6,203.3,1.0,1,1
SIM0009,FDM,fdm_strut,aligned,44,,0.6666666666666666,0.2557,0.3333,3.0,8.0,0.0,,0.3182,0.6818,0.448408,0.431308,1.0396,2.664,2.573,0.184256,0.206848,0.8908,1.7269,5.0826,203.3,406.6,1.0,1,1
SIM0010,FDM,fdm_strut,aligned,44,,0.3333333333333333,0.1278,0.1667,6.0,16.0,0.0,,0.3306,0.6694,0.472265,0.37848,1.2478,2.561,3.182,0.171492,0.181209,0.9464,1.9277,9.4545,128.6,203.3,1.0,1,1
SIM0011,FDM,fdm_strut,aligned,44,,0.5,0.1861,0.25,4.0,8.0,0.0,,0.3388,0.6612,0.410019,0.399866,1.0254,2.92,2.87,0.174932,0.191391,0.914,1.937,7.3554,181.8,287.5,1.0,1,1
SIM0012,FDM,fdm_strut,aligned,44,,0.4,0.1461,0.2,5.0,14.0,0.0,,0.3471,0.6529,0.433437,0.396385,1.0935,2.769,2.989,0.183253,0.201161,0.911,1.8941,8.343,181.8,272.7,1.0,1,1
SIM0013,FDM,fdm_strut,aligned,44,,0.3333333333333333,0.125,0.1667,6.0,10.0,0.0,,0.3471,0.6529,0.42469,0.364361,1.1656,2.817,3.214,0.183368,0.192213,0.954,1.893,9.8843,128.6,203.3,1.0,1,1
SIM0014,FDM,fdm_strut,aligned,44,,0.4,0.1506,0.2,5.0,12.0,0.0,,0.3512,0.6488,0.396193,0.330434,1.199,2.965,3.408,0.191483,0.170488,1.1231,1.8343,8.7025,128.6,257.1,1.0,1,1
SIM0015,FDM,fdm_strut,aligned,44,,0.4,0.1518,0.2,5.0,14.0,0.0,,0.3512,0.6488,0.396193,0.330434,1.199,2.965,3.408,0.191483,0.170488,1.1231,1.8343,8.7025,128.6,257.1,1.0,1,1
SIM0016,FDM,fdm_strut,aligned,44,,0.6666666666666666,0.2457,0.3333,3.0,8.0,0.0,,0.3554,0.6446,0.392207,0.402663,0.974,3.071,2.728,0.223354,0.230825,0.9676,1.5911,5.095,203.3,406.6,1.0,1,1
SIM0017,FDM,fdm_strut,aligned,44,,0.3333333333333333,0.1241,0.1667,6.0,12.0,0.0,,0.3554,0.6446,0.42101,0.360069,1.1692,2.842,3.251,0.18869,0.187564,1.006,1.8834,9.8843,128.6,203.3,1.0,1,1
SIM0018,FDM,fdm_strut,aligned,44,,0.3333333333333333,0.1234,0.1667,6.0,14.0,0.0,,0.3554,0.6446,0.42101,0.360069,1.1692,2.842,3.251,0.18869,0.187564,1.006,1.8834,9.8843,128.6,203.3,1.0,1,1
SIM0019,FDM,fdm_strut,aligned,44,,0.3333333333333333,0.1229,0.1667,6.0,16.0,0.0,,0.3554,0.6446,0.42101,0.360069,1.1692,2.842,3.251,0.18869,0.187564,1.006,1.8834,9.8843,128.6,203.3,1.0,1,1
SIM0020,FDM,fdm_strut,aligned,44,,0.4,0.1489,0.2,5.0,10.0,0.0,,0.3595,0.6405,0.39465,0.326258,1.2096,2.988,3.453,0.204571,0.174616,1.1716,1.7574,8.3388,181.8,257.1,1.0,1,1
SIM0021,FDM,fdm_strut,aligned,44,,0.4,0.1439,0.2,5.0,12.0,0.0,,0.3595,0.6405,0.417006,0.385943,1.0805,2.887,3.054,0.188535,0.21308,0.8848,1.9068,8.4959,181.8,257.1,1.0,1,1
SIM0022,FDM,fdm_strut,aligned,44,,0.3333333333333333,0.1174,0.1667,6.0,12.0,0.0,,0.3636,0.6364,0.407172,0.385105,1.0573,2.924,3.088,0.186754,0.213872,0.8732,1.9471,10.4793,128.6,203.3,1.0,1,1
SIM0023,FDM,fdm_strut,aligned,44,,0.3333333333333333,0.1177,0.1667,6.0,14.0,0.0,,0.3636,0.6364,0.407172,0.385105,1.0573,2.924,3.088,0.186754,0.213872,0.8732,1.9471,10.4793,128.6,203.3,1.0,1,1
SIM0024,FDM,fdm_strut,aligned,44,,0.3333333333333333,0.1179,0.1667,6.0,16.0,0.0,,0.3636,0.6364,0.407172,0.385105,1.0573,2.924,3.088,0.186754,0.213872,0.8732,1.9471,10.4793,128.6,203.3,1.0,1,1
SIM0025,FDM,fdm_strut,aligned,44,,0.4,0.1409,0.2,5.0,10.0,0.0,,0.3802,0.6198,0.394286,0.375523,1.05,3.062,3.136,0.213379,0.216094,0.9874,1.7816,8.2355,181.8,257.1,1.0,1,1
SIM0026,FDM,fdm_strut,aligned,44,,0.4,0.1404,0.2,5.0,14.0,0.0,,0.3822,0.6178,0.38661,0.372723,1.0373,3.107,3.14,0.215732,0.21789,0.9901,1.7718,8.2893,181.8,257.1,1.0,1,1
SIM0027,FDM,fdm_strut,aligned,44,,0.6666666666666666,0.2259,0.3333,3.0,8.0,0.0,,0.3926,0.6074,0.366756,0.330973,1.1081,3.192,3.42,0.242342,0.21635,1.1201,1.6199,5.25,272.7,363.6,1.0,1,1
SIM0028,FDM,fdm_strut,aligned,44,,0.6666666666666666,0.2358,0.3333,3.0,8.0,0.0,,0.3926,0.6074,0.340728,0.375012,0.9086,3.545,2.898,0.250396,0.261485,0.9576,1.5678,5.2727,257.1,374.8,1.0,1,1
SIM0029,FDM,fdm_strut,aligned,44,,0.5,0.1807,0.25,4.0,10.0,0.0,,0.3967,0.6033,0.390722,0.358148,1.091,3.012,3.23,0.242768,0.234713,1.0343,1.634,6.2645,181.8,287.5,1.0,1,1
SIM0030,FDM,fdm_strut,aligned,44,,0.4,0.1373,0.2,5.0,12.0,0.0,,0.3967,0.6033,0.361644,0.359495,1.006,3.327,3.172,0.226414,0.231621,0.9775,1.7521,8.4793,181.8,257.1,1.0,1,1
SIM0031,FDM,fdm_strut,aligned,44,,0.5,0.1761,0.25,4.0,8.0,0.0,,0.405,0.595,0.364642,0.352724,1.0338,3.316,3.287,0.249252,0.23815,1.0466,1.6247,6.4298,181.8,272.7,1.0,1,1
SIM0032,FDM,fdm_strut,aligned,44,,0.5,0.1771,0.25,4.0,12.0,0.0,,0.405,0.595,0.364642,0.352724,1.0338,3.316,3.287,0.249252,0.23815,1.0466,1.6247,6.4298,181.8,272.7,1.0,1,1
SIM0033,FDM,fdm_strut,aligned,44,,0.3333333333333333,0.1108,0.1667,6.0,12.0,0.0,,0.4091,0.5909,0.393893,0.359734,1.095,3.069,3.34,0.224718,0.237657,0.9456,1.8205,9.4793,181.8,181.8,1.0,1,1
SIM0034,FDM,fdm_strut,aligned,44,,0.3333333333333333,0.112,0.1667,6.0,14.0,0.0,,0.4091,0.5909,0.393893,0.359734,1.095,3.069,3.34,0.224718,0.237657,0.9456,1.8205,9.4793,181.8,181.8,1.0,1,1
SIM0035,FDM,fdm_strut,aligned,44,,0.3333333333333333,0.1129,0.1667,6.0,16.0,0.0,,0.4091,0.5909,0.393893,0.359734,1.095,3.069,3.34,0.224718,0.237657,0.9456,1.8205,9.4793,181.8,181.8,1.0,1,1
SIM0036,FDM,fdm_strut,aligned,44,,0.4,0.1347,0.2,5.0,14.0,0.0,,0.4112,0.5888,0.340928,0.348092,0.9794,3.526,3.285,0.234224,0.241898,0.9683,1.7554,8.6653,181.8,257.1,1.0,1,1
SIM0037,FDM,fdm_strut,aligned,44,,0.5,0.1662,0.25,4.0,8.0,0.0,,0.4132,0.5868,0.341216,0.298374,1.1436,3.43,3.895,0.250836,0.206376,1.2154,1.6474,6.8595,181.8,272.7,1.0,1,1
SIM0038,FDM,fdm_strut,aligned,44,,0.5,0.1648,0.25,4.0,10.0,0.0,,0.4132,0.5868,0.341216,0.298374,1.1436,3.43,3.895,0.250836,0.206376,1.2154,1.6474,6.8595,181.8,272.7,1.0,1,1
SIM0039,FDM,fdm_strut,aligned,44,,0.5,0.1727,0.25,4.0,10.0,0.0,,0.4132,0.5868,0.340116,0.342405,0.9933,3.426,3.365,0.265416,0.248056,1.07,1.5569,6.595,203.3,272.7,1.0,1,1
SIM0040,FDM,fdm_strut,aligned,44,,0.5,0.1705,0.25,4.0,12.0,0.0,,0.4132,0.5868,0.340116,0.342405,0.9933,3.426,3.365,0.265416,0.248056,1.07,1.5569,6.595,203.3,272.7,1.0,1,1
SIM0041,FDM,fdm_strut,aligned,44,,0.5,0.1638,0.25,4.0,12.0,0.0,,0.4132,0.5868,0.341216,0.298374,1.1436,3.43,3.895,0.250836,0.206376,1.2154,1.6474,6.8595,181.8,272.7,1.0,1,1
SIM0042,FDM,fdm_strut,aligned,44,,0.4,0.1307,0.2,5.0,12.0,0.0,,0.4174,0.5826,0.355889,0.325709,1.0927,3.39,3.64,0.23761,0.227997,1.0422,1.7565,8.3554,181.8,257.1,1.0,1,1
SIM0043,FDM,fdm_strut,aligned,44,,0.6666666666666666,0.2159,0.3333,3.0,8.0,0.0,,0.4215,0.5785,0.328242,0.311311,1.0544,3.589,3.606,0.272098,0.236292,1.1515,1.549,5.1591,272.7,363.6,1.0,1,1
SIM0044,FDM,fdm_strut,aligned,44,,0.4,0.133,0.2,5.0,10.0,0.0,,0.4256,0.5744,0.322868,0.34118,0.9463,3.713,3.35,0.249491,0.253225,0.9853,1.706,8.6736,181.8,257.1,1.0,1,1
SIM0045,FDM,fdm_strut,aligned,44,,0.4,0.1291,0.2,5.0,14.0,0.0,,0.4256,0.5744,0.346639,0.320609,1.0812,3.46,3.679,0.241658,0.243888,0.9909,1.7612,8.4483,181.8,203.3,1.0,1,1
SIM0046,FDM,fdm_strut,aligned,44,,0.4,0.1328,0.2,5.0,16.0,0.0,,0.4256,0.5744,0.322868,0.34118,0.9463,3.713,3.35,0.249491,0.253225,0.9853,1.706,8.6736,181.8,257.1,1.0,1,1
SIM0047,FDM,fdm_strut,aligned,44,,0.3333333333333333,0.1042,0.1667,6.0,12.0,0.0,,0.4298,0.5702,0.344273,0.32047,1.0743,3.52,3.682,0.237849,0.233886,1.0169,1.8068,10.2149,181.8,181.8,1.0,1,1
SIM0048,FDM,fdm_strut,aligned,44,,0.3333333333333333,0.1063,0.1667,6.0,14.0,0.0,,0.4298,0.5702,0.344273,0.32047,1.0743,3.52,3.682,0.237849,0.233886,1.0169,1.8068,10.2149,181.8,181.8,1.0,1,1
SIM0049,FDM,fdm_strut,aligned,44,,0.3333333333333333,0.108,0.1667,6.0,16.0,0.0,,0.4298,0.5702,0.344273,0.32047,1.0743,3.52,3.682,0.237849,0.233886,1.0169,1.8068,10.2149,181.8,181.8,1.0,1,1
SIM0050,FDM,fdm_strut,aligned,44,,0.6666666666666666,0.2125,0.3333,3.0,10.0,0.0,,0.438,0.562,0.298094,0.299555,0.9951,3.919,3.718,0.2833,0.249888,1.1337,1.5461,5.3388,272.7,363.6,1.0,1,1
SIM0051,FDM,fdm_strut,aligned,44,,0.4,0.1278,0.2,5.0,16.0,0.0,,0.438,0.562,0.317165,0.309381,1.0252,3.744,3.745,0.254331,0.242541,1.0486,1.7222,8.7293,181.8,203.3,1.0,1,1
SIM0052,FDM,fdm_strut,aligned,44,,0.4,0.125,0.2,5.0,10.0,0.0,,0.4421,0.5579,0.316154,0.307272,1.0289,3.755,3.774,0.253837,0.245819,1.0326,1.7419,8.7293,181.8,203.3,1.0,1,1
SIM0053,FDM,fdm_strut,aligned,44,,0.5,0.1562,0.25,4.0,8.0,0.0,,0.4463,0.5537,0.296535,0.277069,1.0703,4.091,4.146,0.276116,0.230249,1.1992,1.6163,7.1901,203.3,272.7,1.0,1,1
SIM0054,FDM,fdm_strut,aligned,44,,0.5,0.1568,0.25,4.0,10.0,0.0,,0.4463,0.5537,0.296535,0.277069,1.0703,4.091,4.146,0.276116,0.230249,1.1992,1.6163,7.1901,203.3,272.7,1.0,1,1
SIM0055,FDM,fdm_strut,aligned,44,,0.5,0.1572,0.25,4.0,12.0,0.0,,0.4463,0.5537,0.296535,0.277069,1.0703,4.091,4.146,0.276116,0.230249,1.1992,1.6163,7.1901,203.3,272.7,1.0,1,1
SIM0056,FDM,fdm_strut,aligned,44,,0.6666666666666666,0.206,0.3333,3.0,8.0,0.0,,0.4545,0.5455,0.291946,0.291019,1.0032,4.04,3.832,0.297154,0.258545,1.1493,1.5297,5.3388,272.7,363.6,1.0,1,1
SIM0057,FDM,fdm_strut,aligned,44,,0.4,0.1174,0.2,5.0,12.0,0.0,,0.4545,0.5455,0.324168,0.331043,0.9792,3.712,3.564,0.261923,0.273044,0.9593,1.7354,8.5,181.8,203.3,1.0,1,1
SIM0058,FDM,fdm_strut,aligned,44,,0.4,0.1241,0.2,5.0,12.0,0.0,,0.4545,0.5455,0.304495,0.299377,1.0171,3.903,3.867,0.264164,0.253053,1.0439,1.7207,8.7211,181.8,203.3,1.0,1,1
SIM0059,FDM,fdm_strut,aligned,44,,0.4,0.1177,0.2,5.0,14.0,0.0,,0.4545,0.5455,0.324168,0.331043,0.9792,3.712,3.564,0.261923,0.273044,0.9593,1.7354,8.5,181.8,203.3,1.0,1,1
SIM0060,FDM,fdm_strut,aligned,44,,0.4,0.1179,0.2,5.0,16.0,0.0,,0.4545,0.5455,0.324168,0.331043,0.9792,3.712,3.564,0.261923,0.273044,0.9593,1.7354,8.5,181.8,203.3,1.0,1,1
SIM0061,FDM,fdm_strut,aligned,44,,0.4,0.1234,0.2,5.0,14.0,0.0,,0.4587,0.5413,0.303439,0.297276,1.0207,3.927,3.895,0.271522,0.256417,1.0589,1.6893,8.5393,181.8,203.3,1.0,1,1
SIM0062,FDM,fdm_strut,aligned,44,,0.4,0.1229,0.2,5.0,16.0,0.0,,0.4587,0.5413,0.303439,0.297276,1.0207,3.927,3.895,0.271522,0.256417,1.0589,1.6893,8.5393,181.8,203.3,1.0,1,1
SIM0063,FDM,fdm_strut,aligned,44,,0.5,0.1489,0.25,4.0,10.0,0.0,,0.4628,0.5372,0.238987,0.269941,0.8853,4.671,4.029,0.295319,0.239092,1.2352,1.5672,7.5207,203.3,272.7,1.0,1,1
SIM0064,FDM,fdm_strut,aligned,44,,0.5,0.1506,0.25,4.0,12.0,0.0,,0.4628,0.5372,0.238987,0.269941,0.8853,4.671,4.029,0.295319,0.239092,1.2352,1.5672,7.5207,203.3,272.7,1.0,1,1
SIM0065,FDM,fdm_strut,aligned,44,,0.5,0.1461,0.25,4.0,14.0,0.0,,0.4628,0.5372,0.282336,0.321211,0.879,4.276,3.611,0.27497,0.288601,0.9528,1.6831,7.6198,203.3,272.7,1.0,1,1
SIM0066,FDM,fdm_strut,aligned,44,,0.5,0.1518,0.25,4.0,14.0,0.0,,0.4628,0.5372,0.238987,0.269941,0.8853,4.671,4.029,0.295319,0.239092,1.2352,1.5672,7.5207,203.3,272.7,1.0,1,1
SIM0067,FDM,fdm_strut,aligned,44,,0.3333333333333333,0.103,0.1667,6.0,16.0,0.0,,0.4628,0.5372,0.316793,0.299382,1.0582,3.801,3.914,0.254891,0.254922,0.9999,1.8157,10.5785,181.8,181.8,1.0,1,1
SIM0068,FDM,fdm_strut,aligned,44,,0.6666666666666666,0.2045,0.3333,3.0,10.0,0.0,,0.4711,0.5289,0.261015,0.279153,0.935,4.458,3.938,0.327751,0.272778,1.2015,1.4373,5.2231,272.7,363.6,1.0,1,1
SIM0069,FDM,fdm_strut,aligned,44,,0.5,0.1439,0.25,4.0,12.0,0.0,,0.4711,0.5289,0.279341,0.31288,0.8928,4.305,3.713,0.278991,0.294323,0.9479,1.6885,7.6198,203.3,272.7,1.0,1,1
SIM0070,FDM,fdm_strut,aligned,44,,0.3333333333333333,0.1006,0.1667,6.0,14.0,0.0,,0.4793,0.5207,0.277024,0.285345,0.9708,4.258,3.992,0.269102,0.264166,1.0187,1.7813,10.9752,181.8,181.8,1.0,1,1
SIM0071,FDM,fdm_strut,aligned,44,,0.6666666666666666,0.196,0.3333,3.0,8.0,0.0,,0.4876,0.5124,0.248791,0.269857,0.9219,4.689,4.066,0.339922,0.283192,1.2003,1.4345,5.3079,287.5,327.8,1.0,1,1
SIM0072,FDM,fdm_strut,aligned,44,,0.6666666666666666,0.1966,0.3333,3.0,10.0,0.0,,0.4876,0.5124,0.248791,0.269857,0.9219,4.689,4.066,0.339922,0.283192,1.2003,1.4345,5.3079,287.5,327.8,1.0,1,1
SIM0073,FDM,fdm_strut,aligned,44,,0.3333333333333333,0.098,0.1667,6.0,16.0,0.0,,0.4917,0.5083,0.287537,0.291543,0.9863,4.098,3.985,0.291439,0.27603,1.0558,1.6873,9.8595,181.8,181.8,1.0,1,1
SIM0074,FDM,fdm_strut,aligned,44,,0.5,0.1409,0.25,4.0,10.0,0.0,,0.4959,0.5041,0.249913,0.300776,0.8309,4.673,3.826,0.291351,0.31135,0.9358,1.702,7.7851,203.3,257.1,1.0,1,1
SIM0075,FDM,fdm_strut,aligned,44,,0.5,0.1404,0.25,4.0,14.0,0.0,,0.4959,0.5041,0.249913,0.300776,0.8309,4.673,3.826,0.291351,0.31135,0.9358,1.702,7.7851,203.3,257.1,1.0,1,1
SIM0076,FDM,fdm_strut,aligned,44,,0.6666666666666666,0.1886,0.3333,3.0,10.0,0.0,,0.4979,0.5021,0.252146,0.294896,0.855,4.627,3.843,0.330099,0.324849,1.0162,1.5084,5.2562,287.5,287.5,1.0,1,1
SIM0077,FDM,fdm_strut,aligned,44,,0.4,0.1108,0.2,5.0,12.0,0.0,,0.5,0.5,0.274712,0.29805,0.9217,4.341,3.879,0.311866,0.308194,1.0119,1.6033,8.4793,181.8,181.8,1.0,1,1
SIM0078,FDM,fdm_strut,aligned,44,,0.4,0.112,0.2,5.0,14.0,0.0,,0.5,0.5,0.274712,0.29805,0.9217,4.341,3.879,0.311866,0.308194,1.0119,1.6033,8.4793,181.8,181.8,1.0,1,1
SIM0079,FDM,fdm_strut,aligned,44,,0.4,0.1129,0.2,5.0,16.0,0.0,,0.5,0.5,0.274712,0.29805,0.9217,4.341,3.879,0.311866,0.308194,1.0119,1.6033,8.4793,181.8,181.8,1.0,1,1
SIM0080,FDM,fdm_strut,aligned,44,,0.6666666666666666,0.1861,0.3333,3.0,8.0,0.0,,0.5041,0.4959,0.244441,0.29017,0.8424,4.761,3.906,0.333565,0.328173,1.0164,1.5113,5.3347,287.5,287.5,1.0,1,1
SIM0081,FDM,fdm_strut,aligned,44,,0.3333333333333333,0.095,0.1667,6.0,14.0,0.0,,0.5041,0.4959,0.264254,0.279473,0.9455,4.458,4.126,0.30117,0.275723,1.0923,1.6739,10.124,181.8,181.8,1.0,1,1
SIM0082,FDM,fdm_strut,aligned,44,,0.3333333333333333,0.093,0.1667,6.0,16.0,0.0,,0.5124,0.4876,0.254107,0.273016,0.9307,4.619,4.206,0.3084,0.275257,1.1204,1.6615,10.2893,181.8,181.8,1.0,1,1
SIM0083,FDM,fdm_strut,aligned,44,,1.0,0.2656,0.5,2.0,8.0,0.0,,0.5165,0.4835,0.232457,0.299928,0.775,5.014,3.671,0.354009,0.35555,0.9957,1.4591,3.7025,454.5,406.6,1.0,1,1
SIM0084,FDM,fdm_strut,aligned,44,,0.6666666666666666,0.1807,0.3333,3.0,10.0,0.0,,0.5186,0.4814,0.229319,0.283644,0.8085,5.07,3.937,0.349819,0.341522,1.0243,1.4825,5.4132,287.5,287.5,1.0,1,1
SIM0085,FDM,fdm_strut,aligned,44,,0.4,0.1063,0.2,5.0,14.0,0.0,,0.5207,0.4793,0.243257,0.2652,0.9173,4.911,4.349,0.316991,0.301745,1.0505,1.6425,9.0165,181.8,181.8,1.0,1,1
SIM0086,FDM,fdm_strut,aligned,44,,0.4,0.108,0.2,5.0,16.0,0.0,,0.5207,0.4793,0.243257,0.2652,0.9173,4.911,4.349,0.316991,0.301745,1.0505,1.6425,9.0165,181.8,181.8,1.0,1,1
SIM0087,FDM,fdm_strut,aligned,44,,0.3333333333333333,0.0893,0.1667,6.0,14.0,0.0,,0.5207,0.4793,0.244105,0.267316,0.9132,4.875,4.359,0.304009,0.289996,1.0483,1.7126,10.6942,181.8,181.8,1.0,1,1
SIM0088,FDM,fdm_strut,aligned,44,,0.3333333333333333,0.0881,0.1667,6.0,16.0,0.0,,0.5289,0.4711,0.23553,0.261126,0.902,4.918,4.436,0.311585,0.290849,1.0713,1.6975,10.8264,181.8,181.8,1.0,1,1
SIM0089,FDM,fdm_strut,aligned,44,,0.6666666666666666,0.1771,0.3333,3.0,12.0,0.0,,0.531,0.469,0.211167,0.27334,0.7725,5.501,4.067,0.359206,0.348445,1.0309,1.4782,5.5248,327.8,287.5,1.0,1,1
SIM0090,FDM,fdm_strut,aligned,44,,0.6666666666666666,0.1761,0.3333,3.0,8.0,0.0,,0.5331,0.4669,0.210801,0.271268,0.7771,5.506,4.098,0.355363,0.350449,1.014,1.5,5.5248,327.8,287.5,1.0,1,1
SIM0091,FDM,fdm_strut,aligned,44,,0.5,0.1373,0.25,4.0,12.0,0.0,,0.5372,0.4628,0.22006,0.273643,0.8042,5.689,4.218,0.336106,0.344642,0.9752,1.5983,7.405,257.1,257.1,1.0,1,1
SIM0092,FDM,fdm_strut,aligned,44,,1.0,0.2557,0.5,2.0,8.0,0.0,,0.5413,0.4587,0.199432,0.283583,0.7033,5.793,3.838,0.380462,0.369029,1.031,1.4228,3.8347,454.5,406.6,1.0,1,1
SIM0093,FDM,fdm_strut,aligned,44,,0.5,0.1174,0.25,4.0,12.0,0.0,,0.5455,0.4545,0.250163,0.277151,0.9026,4.783,4.226,0.356702,0.343604,1.0381,1.5292,6.4793,272.7,257.1,1.0,1,1
SIM0094,FDM,fdm_strut,aligned,44,,0.5,0.1177,0.25,4.0,14.0,0.0,,0.5455,0.4545,0.250163,0.277151,0.9026,4.783,4.226,0.356702,0.343604,1.0381,1.5292,6.4793,272.7,257.1,1.0,1,1
SIM0095,FDM,fdm_strut,aligned,44,,0.5,0.1179,0.25,4.0,16.0,0.0,,0.5455,0.4545,0.250163,0.277151,0.9026,4.783,4.226,0.356702,0.343604,1.0381,1.5292,6.4793,272.7,257.1,1.0,1,1
SIM0096,FDM,fdm_strut,aligned,44,,0.6666666666666666,0.1662,0.3333,3.0,8.0,0.0,,0.5496,0.4504,0.203345,0.226572,0.8975,5.669,4.965,0.372228,0.311823,1.1937,1.4765,5.5103,327.8,272.7,1.0,1,1
SIM0097,FDM,fdm_strut,aligned,44,,0.6666666666666666,0.1648,0.3333,3.0,10.0,0.0,,0.5496,0.4504,0.203345,0.226572,0.8975,5.669,4.965,0.372228,0.311823,1.1937,1.4765,5.5103,327.8,272.7,1.0,1,1
SIM0098,FDM,fdm_strut,aligned,44,,0.4,0.1042,0.2,5.0,12.0,0.0,,0.5496,0.4504,0.219104,0.246374,0.8893,5.428,4.626,0.352457,0.326565,1.0793,1.5593,8.7665,203.3,181.8,1.0,1,1
SIM0099,FDM,fdm_strut,aligned,44,,0.4,0.103,0.2,5.0,16.0,0.0,,0.5496,0.4504,0.219104,0.246374,0.8893,5.428,4.626,0.352457,0.326565,1.0793,1.5593,8.7665,203.3,181.8,1.0,1,1
SIM0100,FDM,fdm_strut,aligned,44,,0.6666666666666666,0.1727,0.3333,3.0,10.0,0.0,,0.5517,0.4483,0.195713,0.259635,0.7538,5.838,4.239,0.384965,0.367033,1.0489,1.433,5.3182,363.6,272.7,1.0,1,1
SIM0101,FDM,fdm_strut,aligned,44,,0.4,0.1006,0.2,5.0,14.0,0.0,,0.5579,0.4421,0.203108,0.239889,0.8467,5.781,4.722,0.362552,0.334985,1.0823,1.5387,8.9318,203.3,181.8,1.0,1,1
SIM0102,FDM,fdm_strut,aligned,44,,0.6666666666666666,0.1705,0.3333,3.0,12.0,0.0,,0.5599,0.4401,0.182022,0.255766,0.7117,6.318,4.282,0.388896,0.377596,1.0299,1.4398,5.3884,363.6,272.7,1.0,1,1
SIM0103,FDM,fdm_strut,aligned,44,,0.5,0.1307,0.25,4.0,12.0,0.0,,0.562,0.438,0.210197,0.239673,0.877,5.475,4.838,0.38209,0.346756,1.1019,1.4708,6.562,272.7,257.1,1.0,1,1
SIM0104,FDM,fdm_strut,aligned,44,,0.5,0.1291,0.25,4.0,14.0,0.0,,0.562,0.438,0.210197,0.239673,0.877,5.475,4.838,0.38209,0.346756,1.1019,1.4708,6.562,272.7,257.1,1.0,1,1
SIM0105,FDM,fdm_strut,aligned,44,,0.5,0.1347,0.25,4.0,14.0,0.0,,0.562,0.438,0.216917,0.256994,0.8441,5.719,4.502,0.40357,0.357747,1.1281,1.3925,6.314,272.7,257.1,1.0,1,1
SIM0106,FDM,fdm_strut,aligned,44,,0.5,0.1278,0.25,4.0,16.0,0.0,,0.562,0.438,0.210197,0.239673,0.877,5.475,4.838,0.38209,0.346756,1.1019,1.4708,6.562,272.7,257.1,1.0,1,1
SIM0107,FDM,fdm_strut,aligned,44,,0.6666666666666666,0.1638,0.3333,3.0,12.0,0.0,,0.5661,0.4339,0.180564,0.215292,0.8387,6.337,5.128,0.387856,0.328073,1.1822,1.4596,5.719,363.6,272.7,1.0,1,1
SIM0108,FDM,fdm_strut,aligned,44,,0.4,0.098,0.2,5.0,16.0,0.0,,0.5661,0.4339,0.198318,0.243242,0.8153,5.857,4.644,0.356165,0.338931,1.0508,1.5895,9.1736,203.3,181.8,1.0,1,1
SIM0109,FDM,fdm_strut,aligned,44,,0.5,0.133,0.25,4.0,10.0,0.0,,0.5702,0.4298,0.199224,0.253554,0.7857,6.115,4.323,0.414024,0.367198,1.1275,1.3773,6.4793,272.7,257.1,1.0,1,1
SIM0110,FDM,fdm_strut,aligned,44,,0.5,0.1328,0.25,4.0,16.0,0.0,,0.5702,0.4298,0.199224,0.253554,0.7857,6.115,4.323,0.414024,0.367198,1.1275,1.3773,6.4793,272.7,257.1,1.0,1,1
SIM0111,FDM,fdm_strut,aligned,44,,0.3333333333333333,0.0831,0.1667,6.0,16.0,0.0,,0.5744,0.4256,0.204242,0.25551,0.7993,5.727,4.544,0.372381,0.359025,1.0372,1.5425,10.0496,181.8,181.8,1.0,1,1
SIM0112,FDM,fdm_strut,aligned,44,,1.0,0.2457,0.5,2.0,8.0,0.0,,0.5785,0.4215,0.176001,0.260427,0.6758,6.822,4.145,0.439741,0.404779,1.0864,1.3156,3.4463,545.5,385.7,1.0,1,1
SIM0113,FDM,fdm_strut,aligned,44,,0.5,0.125,0.25,4.0,10.0,0.0,,0.5785,0.4215,0.183115,0.225948,0.8104,6.443,4.975,0.401798,0.361598,1.1112,1.4398,6.8926,272.7,203.3,1.0,1,1
SIM0114,FDM,fdm_strut,aligned,44,,0.5,0.1241,0.25,4.0,12.0,0.0,,0.5785,0.4215,0.183115,0.225948,0.8104,6.443,4.975,0.401798,0.361598,1.1112,1.4398,6.8926,272.7,203.3,1.0,1,1
SIM0115,FDM,fdm_strut,aligned,44,,0.5,0.1234,0.25,4.0,14.0,0.0,,0.5785,0.4215,0.183115,0.225948,0.8104,6.443,4.975,0.401798,0.361598,1.1112,1.4398,6.8926,272.7,203.3,1.0,1,1
SIM0116,FDM,fdm_strut,aligned,44,,0.5,0.1229,0.25,4.0,16.0,0.0,,0.5785,0.4215,0.183115,0.225948,0.8104,6.443,4.975,0.401798,0.361598,1.1112,1.4398,6.8926,272.7,203.3,1.0,1,1
SIM0117,FDM,fdm_strut,aligned,44,,1.0,0.2259,0.5,2.0,8.0,0.0,,0.5868,0.4132,0.175839,0.219998,0.7993,6.524,4.969,0.407905,0.375427,1.0865,1.4385,3.7025,489.6,363.6,1.0,1,1
SIM0118,FDM,fdm_strut,aligned,44,,0.6666666666666666,0.1562,0.3333,3.0,8.0,0.0,,0.5868,0.4132,0.16575,0.205313,0.8073,6.87,5.378,0.420316,0.342256,1.2281,1.396,5.4298,363.6,272.7,1.0,1,1
SIM0119,FDM,fdm_strut,aligned,44,,0.6666666666666666,0.1568,0.3333,3.0,10.0,0.0,,0.5868,0.4132,0.16575,0.205313,0.8073,6.87,5.378,0.420316,0.342256,1.2281,1.396,5.4298,363.6,272.7,1.0,1,1
SIM0120,FDM,fdm_strut,aligned,44,,0.6666666666666666,0.1572,0.3333,3.0,12.0,0.0,,0.5868,0.4132,0.16575,0.205313,0.8073,6.87,5.378,0.420316,0.342256,1.2281,1.396,5.4298,363.6,272.7,1.0,1,1
SIM0121,FDM,fdm_strut,aligned,44,,0.4,0.095,0.2,5.0,14.0,0.0,,0.5888,0.4112,0.180492,0.228426,0.7902,6.411,4.935,0.389657,0.356304,1.0936,1.5112,8.8099,203.3,181.8,1.0,1,1
SIM0122,FDM,fdm_strut,aligned,44,,1.0,0.2358,0.5,2.0,8.0,0.0,,0.595,0.405,0.155901,0.246807,0.6317,7.336,4.32,0.448428,0.423542,1.0588,1.3269,3.6033,545.5,363.6,1.0,1,1
SIM0123,FDM,fdm_strut,aligned,44,,0.4,0.093,0.2,5.0,16.0,0.0,,0.595,0.405,0.174576,0.223408,0.7814,6.568,5.036,0.392459,0.362827,1.0817,1.5162,8.9215,203.3,181.8,1.0,1,1
SIM0124,FDM,fdm_strut,aligned,44,,0.3333333333333333,0.0781,0.1667,6.0,16.0,0.0,,0.595,0.405,0.181741,0.238681,0.7614,6.457,4.858,0.376847,0.388886,0.969,1.579,10.6942,181.8,181.8,1.0,1,1
SIM0125,FDM,fdm_strut,aligned,44,,1.0,0.2159,0.5,2.0,8.0,0.0,,0.6033,0.3967,0.146683,0.208251,0.7044,7.544,5.209,0.430042,0.39592,1.0862,1.4029,3.8347,514.3,363.6,1.0,1,1
SIM0126,FDM,fdm_strut,aligned,44,,0.6666666666666666,0.1518,0.3333,3.0,14.0,0.0,,0.6033,0.3967,0.151561,0.195265,0.7762,7.459,5.548,0.429855,0.358813,1.198,1.4035,5.5682,363.6,257.1,1.0,1,1
SIM0127,FDM,fdm_strut,aligned,44,,0.6666666666666666,0.1461,0.3333,3.0,14.0,0.0,,0.6074,0.3926,0.153744,0.229408,0.6702,7.412,4.835,0.423544,0.420296,1.0077,1.4342,5.8099,363.6,257.1,1.0,1,1
SIM0128,FDM,fdm_strut,aligned,44,,0.4,0.0893,0.2,5.0,14.0,0.0,,0.6074,0.3926,0.161693,0.214556,0.7536,7.123,5.323,0.401063,0.378416,1.0598,1.5146,9.2149,203.3,181.8,1.0,1,1
SIM0129,FDM,fdm_strut,aligned,44,,0.4,0.0881,0.2,5.0,16.0,0.0,,0.6074,0.3926,0.161693,0.214556,0.7536,7.123,5.323,0.401063,0.378416,1.0598,1.5146,9.2149,203.3,181.8,1.0,1,1
SIM0130,FDM,fdm_strut,aligned,44,,0.6666666666666666,0.1506,0.3333,3.0,12.0,0.0,,0.6116,0.3884,0.144278,0.190537,0.7572,7.852,5.689,0.437628,0.366163,1.1952,1.3975,5.6178,363.6,257.1,1.0,1,1
SIM0131,FDM,fdm_strut,aligned,44,,0.5,0.1042,0.25,4.0,12.0,0.0,,0.6116,0.3884,0.147076,0.208716,0.7047,7.709,5.318,0.404358,0.393771,1.0269,1.5124,7.9669,272.7,181.8,1.0,1,1
SIM0132,FDM,fdm_strut,aligned,44,,0.5,0.1063,0.25,4.0,14.0,0.0,,0.6116,0.3884,0.147076,0.208716,0.7047,7.709,5.318,0.404358,0.393771,1.0269,1.5124,7.9669,272.7,181.8,1.0,1,1
SIM0133,FDM,fdm_strut,aligned,44,,0.5,0.103,0.25,4.0,16.0,0.0,,0.6116,0.3884,0.147076,0.208716,0.7047,7.709,5.318,0.404358,0.393771,1.0269,1.5124,7.9669,272.7,181.8,1.0,1,1
SIM0134,FDM,fdm_strut,aligned,44,,0.5,0.108,0.25,4.0,16.0,0.0,,0.6116,0.3884,0.147076,0.208716,0.7047,7.709,5.318,0.404358,0.393771,1.0269,1.5124,7.9669,272.7,181.8,1.0,1,1
SIM0135,FDM,fdm_strut,aligned,44,,0.6666666666666666,0.1489,0.3333,3.0,10.0,0.0,,0.6157,0.3843,0.134459,0.189298,0.7103,8.283,5.71,0.439117,0.37315,1.1768,1.4021,5.6839,363.6,257.1,1.0,1,1
SIM0136,FDM,fdm_strut,aligned,44,,1.0,0.2125,0.5,2.0,10.0,0.0,,0.6198,0.3802,0.13308,0.198519,0.6704,8.354,5.391,0.438889,0.409307,1.0723,1.4123,3.9835,530.1,327.8,1.0,1,1
SIM0137,FDM,fdm_strut,aligned,44,,0.6666666666666666,0.1439,0.3333,3.0,12.0,0.0,,0.6219,0.3781,0.148226,0.218739,0.6776,7.706,5.083,0.457792,0.437076,1.0474,1.3585,5.4711,363.6,257.1,1.0,1,1
SIM0138,FDM,fdm_strut,aligned,44,,0.6666666666666666,0.1409,0.3333,3.0,10.0,0.0,,0.6302,0.3698,0.138895,0.213498,0.6506,8.169,5.162,0.463909,0.442997,1.0472,1.3584,5.5331,363.6,257.1,1.0,1,1
SIM0139,FDM,fdm_strut,aligned,44,,0.6666666666666666,0.1404,0.3333,3.0,14.0,0.0,,0.6302,0.3698,0.138895,0.213498,0.6506,8.169,5.162,0.463909,0.442997,1.0472,1.3584,5.5331,363.6,257.1,1.0,1,1
SIM0140,FDM,fdm_strut,aligned,44,,0.4,0.0831,0.2,5.0,16.0,0.0,,0.6343,0.3657,0.145429,0.215216,0.6757,7.854,5.261,0.429503,0.426442,1.0072,1.4768,9.1446,257.1,181.8,1.0,1,1
SIM0141,FDM,fdm_strut,aligned,44,,1.0,0.206,0.5,2.0,8.0,0.0,,0.6364,0.3636,0.130979,0.190168,0.6888,8.55,5.632,0.451492,0.421906,1.0701,1.4095,3.9835,530.1,327.8,1.0,1,1
SIM0142,FDM,fdm_strut,aligned,44,,0.5,0.1108,0.25,4.0,12.0,0.0,,0.6364,0.3636,0.117044,0.205802,0.5687,9.822,5.293,0.442524,0.453724,0.9753,1.438,7.9835,272.7,181.8,1.0,1,1
SIM0143,FDM,fdm_strut,aligned,44,,0.5,0.112,0.25,4.0,14.0,0.0,,0.6364,0.3636,0.117044,0.205802,0.5687,9.822,5.293,0.442524,0.453724,0.9753,1.438,7.9835,272.7,181.8,1.0,1,1
SIM0144,FDM,fdm_strut,aligned,44,,0.5,0.1129,0.25,4.0,16.0,0.0,,0.6364,0.3636,0.117044,0.205802,0.5687,9.822,5.293,0.442524,0.453724,0.9753,1.438,7.9835,272.7,181.8,1.0,1,1
SIM0145,FDM,fdm_strut,aligned,44,,0.6666666666666666,0.1373,0.3333,3.0,12.0,0.0,,0.6384,0.3616,0.130814,0.208283,0.6281,8.645,5.285,0.472369,0.452315,1.0443,1.3516,5.5909,363.6,257.1,1.0,1,1
SIM0146,FDM,fdm_strut,aligned,44,,0.5,0.1006,0.25,4.0,14.0,0.0,,0.6446,0.3554,0.113885,0.185972,0.6124,9.941,5.831,0.439862,0.421299,1.0441,1.4655,8.3636,272.7,181.8,1.0,1,1
SIM0147,FDM,fdm_strut,aligned,44,,0.5,0.098,0.25,4.0,16.0,0.0,,0.6446,0.3554,0.114163,0.187523,0.6088,9.924,5.812,0.424996,0.447026,0.9507,1.5168,8.6446,272.7,181.8,1.0,1,1
SIM0148,FDM,fdm_strut,aligned,44,,0.6666666666666666,0.1347,0.3333,3.0,14.0,0.0,,0.6467,0.3533,0.120607,0.2026,0.5953,9.235,5.338,0.476707,0.46287,1.0299,1.3566,5.6777,363.6,257.1,1.0,1,1
SIM0149,FDM,fdm_strut,aligned,44,,0.6666666666666666,0.133,0.3333,3.0,10.0,0.0,,0.6488,0.3512,0.120215,0.202581,0.5934,9.308,5.338,0.478913,0.463104,1.0341,1.3547,5.6777,363.6,257.1,1.0,1,1
SIM0150,FDM,fdm_strut,aligned,44,,0.6666666666666666,0.1307,0.3333,3.0,12.0,0.0,,0.6529,0.3471,0.123134,0.184568,0.6672,9.269,5.957,0.490225,0.439938,1.1143,1.3318,5.8368,363.6,203.3,1.0,1,1
SIM0151,FDM,fdm_strut,aligned,44,,0.6666666666666666,0.1328,0.3333,3.0,16.0,0.0,,0.6529,0.3471,0.116116,0.198102,0.5861,9.657,5.451,0.482234,0.468376,1.0296,1.3539,5.7066,374.8,257.1,1.0,1,1
SIM0152,FDM,fdm_strut,aligned,44,,0.6666666666666666,0.1291,0.3333,3.0,14.0,0.0,,0.657,0.343,0.12248,0.18248,0.6712,9.342,6.028,0.505033,0.443912,1.1377,1.301,5.655,363.6,203.3,1.0,1,1
SIM0153,FDM,fdm_strut,aligned,44,,1.0,0.196,0.5,2.0,8.0,0.0,,0.6612,0.3388,0.113752,0.175419,0.6485,9.792,6.004,0.49423,0.444834,1.111,1.3378,3.5372,553.0,327.8,1.0,1,1
SIM0154,FDM,fdm_strut,aligned,44,,1.0,0.1886,0.5,2.0,10.0,0.0,,0.6612,0.3388,0.11307,0.193817,0.5834,9.698,5.547,0.497295,0.486468,1.0223,1.3295,3.7769,545.5,287.5,1.0,1,1
SIM0155,FDM,fdm_strut,aligned,44,,1.0,0.1966,0.5,2.0,10.0,0.0,,0.6612,0.3388,0.113752,0.175419,0.6485,9.792,6.004,0.49423,0.444834,1.111,1.3378,3.5372,553.0,327.8,1.0,1,1
SIM0156,FDM,fdm_strut,aligned,44,,1.0,0.2045,0.5,2.0,10.0,0.0,,0.6612,0.3388,0.113752,0.175419,0.6485,9.792,6.004,0.49423,0.444834,1.111,1.3378,3.5372,553.0,327.8,1.0,1,1
SIM0157,FDM,fdm_strut,aligned,44,,0.5,0.095,0.25,4.0,14.0,0.0,,0.6612,0.3388,0.10811,0.178368,0.6061,10.253,6.083,0.438369,0.461499,0.9499,1.5082,8.7438,272.7,181.8,1.0,1,1
SIM0158,FDM,fdm_strut,aligned,44,,1.0,0.1861,0.5,2.0,8.0,0.0,,0.6653,0.3347,0.107233,0.18898,0.5674,10.268,5.654,0.508234,0.493527,1.0298,1.309,3.8264,545.5,287.5,1.0,1,1
SIM0159,FDM,fdm_strut,aligned,44,,0.6666666666666666,0.1278,0.3333,3.0,16.0,0.0,,0.6653,0.3347,0.11773,0.177457,0.6634,9.721,6.172,0.520651,0.4521,1.1516,1.2778,5.5227,374.8,203.3,1.0,1,1
SIM0160,FDM,fdm_strut,aligned,44,,0.4,0.0781,0.2,5.0,16.0,0.0,,0.6653,0.3347,0.117971,0.192365,0.6133,9.504,5.826,0.45751,0.462349,0.9895,1.4542,9.436,257.1,128.6,1.0,1,1
SIM0161,FDM,fdm_strut,aligned,44,,1.0,0.1807,0.5,2.0,10.0,0.0,,0.6736,0.3264,0.104699,0.188823,0.5545,10.627,5.659,0.514079,0.497566,1.0332,1.3102,3.8264,545.5,287.5,1.0,1,1
SIM0162,FDM,fdm_strut,aligned,44,,0.6666666666666666,0.125,0.3333,3.0,10.0,0.0,,0.6736,0.3264,0.104698,0.172029,0.6086,10.548,6.32,0.52347,0.462033,1.133,1.2867,5.6529,374.8,203.3,1.0,1,1
SIM0163,FDM,fdm_strut,aligned,44,,0.6666666666666666,0.1241,0.3333,3.0,12.0,0.0,,0.6777,0.3223,0.103861,0.169925,0.6112,10.655,6.397,0.524706,0.4657,1.1267,1.2916,5.6529,374.8,203.3,1.0,1,1
SIM0164,FDM,fdm_strut,aligned,44,,0.6666666666666666,0.1234,0.3333,3.0,14.0,0.0,,0.6777,0.3223,0.103861,0.169925,0.6112,10.655,6.397,0.524706,0.4657,1.1267,1.2916,5.6529,374.8,203.3,1.0,1,1
SIM0165,FDM,fdm_strut,aligned,44,,0.6666666666666666,0.1229,0.3333,3.0,16.0,0.0,,0.6777,0.3223,0.103861,0.169925,0.6112,10.655,6.397,0.524706,0.4657,1.1267,1.2916,5.6529,374.8,203.3,1.0,1,1
SIM0166,FDM,fdm_strut,aligned,44,,0.5,0.093,0.25,4.0,16.0,0.0,,0.6777,0.3223,0.105602,0.170045,0.621,10.341,6.38,0.45287,0.480355,0.9428,1.4964,8.562,287.5,181.8,1.0,1,1
SIM0167,FDM,fdm_strut,aligned,44,,1.0,0.1761,0.5,2.0,8.0,0.0,,0.6818,0.3182,0.09389,0.183392,0.512,12.143,5.885,0.520299,0.510971,1.0183,1.3104,3.876,553.0,287.5,1.0,1,1
SIM0168,FDM,fdm_strut,aligned,44,,1.0,0.1771,0.5,2.0,12.0,0.0,,0.6818,0.3182,0.09389,0.183392,0.512,12.143,5.885,0.520299,0.510971,1.0183,1.3104,3.876,553.0,287.5,1.0,1,1
SIM0169,FDM,fdm_strut,aligned,44,,0.6666666666666666,0.1174,0.3333,3.0,12.0,0.0,,0.6818,0.3182,0.101389,0.182356,0.556,11.137,5.98,0.52534,0.506013,1.0382,1.2979,5.9835,374.8,181.8,1.0,1,1
SIM0170,FDM,fdm_strut,aligned,44,,0.6666666666666666,0.1177,0.3333,3.0,14.0,0.0,,0.6818,0.3182,0.101389,0.182356,0.556,11.137,5.98,0.52534,0.506013,1.0382,1.2979,5.9835,374.8,181.8,1.0,1,1
SIM0171,FDM,fdm_strut,aligned,44,,0.6666666666666666,0.1179,0.3333,3.0,16.0,0.0,,0.6818,0.3182,0.101389,0.182356,0.556,11.137,5.98,0.52534,0.506013,1.0382,1.2979,5.9835,374.8,181.8,1.0,1,1
SIM0172,FDM,fdm_strut,aligned,44,,1.0,0.1727,0.5,2.0,10.0,0.0,,0.6942,0.3058,0.083711,0.17811,0.47,12.785,5.977,0.533765,0.524868,1.017,1.3006,3.9256,553.0,272.7,1.0,1,1
SIM0173,FDM,fdm_strut,aligned,44,,1.0,0.1705,0.5,2.0,12.0,0.0,,0.6983,0.3017,0.082845,0.173963,0.4762,12.878,6.12,0.539875,0.527304,1.0238,1.2935,3.9256,553.0,272.7,1.0,1,1
SIM0174,FDM,fdm_strut,aligned,44,,1.0,0.1662,0.5,2.0,8.0,0.0,,0.7025,0.2975,0.081375,0.146166,0.5567,13.11,7.451,0.527828,0.483749,1.0911,1.3309,4.2149,553.0,272.7,1.0,1,1
SIM0175,FDM,fdm_strut,aligned,44,,1.0,0.1648,0.5,2.0,10.0,0.0,,0.7025,0.2975,0.081375,0.146166,0.5567,13.11,7.451,0.527828,0.483749,1.0911,1.3309,4.2149,553.0,272.7,1.0,1,1
SIM0176,FDM,fdm_strut,aligned,44,,1.0,0.1638,0.5,2.0,12.0,0.0,,0.7025,0.2975,0.081375,0.146166,0.5567,13.11,7.451,0.527828,0.483749,1.0911,1.3309,4.2149,553.0,272.7,1.0,1,1
SIM0177,FDM,fdm_strut,aligned,44,,0.6666666666666666,0.1108,0.3333,3.0,12.0,0.0,,0.7045,0.2955,0.097899,0.169831,0.5765,11.581,6.455,0.551003,0.525293,1.0489,1.2787,5.4835,385.7,181.8,1.0,1,1
SIM0178,FDM,fdm_strut,aligned,44,,0.6666666666666666,0.112,0.3333,3.0,14.0,0.0,,0.7045,0.2955,0.097899,0.169831,0.5765,11.581,6.455,0.551003,0.525293,1.0489,1.2787,5.4835,385.7,181.8,1.0,1,1
SIM0179,FDM,fdm_strut,aligned,44,,0.6666666666666666,0.1129,0.3333,3.0,16.0,0.0,,0.7045,0.2955,0.097899,0.169831,0.5765,11.581,6.455,0.551003,0.525293,1.0489,1.2787,5.4835,385.7,181.8,1.0,1,1
SIM0180,FDM,fdm_strut,aligned,44,,0.6666666666666666,0.1042,0.3333,3.0,12.0,0.0,,0.7149,0.2851,0.085466,0.150802,0.5667,12.973,7.2,0.555225,0.507527,1.094,1.2875,5.8264,385.7,181.8,1.0,1,1
SIM0181,FDM,fdm_strut,aligned,44,,0.6666666666666666,0.1063,0.3333,3.0,14.0,0.0,,0.7149,0.2851,0.085466,0.150802,0.5667,12.973,7.2,0.555225,0.507527,1.094,1.2875,5.8264,385.7,181.8,1.0,1,1
SIM0182,FDM,fdm_strut,aligned,44,,0.6666666666666666,0.108,0.3333,3.0,16.0,0.0,,0.7149,0.2851,0.085466,0.150802,0.5667,12.973,7.2,0.555225,0.507527,1.094,1.2875,5.8264,385.7,181.8,1.0,1,1
SIM0183,FDM,fdm_strut,aligned,44,,0.5,0.0893,0.25,4.0,14.0,0.0,,0.7273,0.2727,0.097392,0.145931,0.6674,11.469,7.437,0.572054,0.507125,1.128,1.2713,6.5785,327.8,181.8,1.0,1,1
SIM0184,FDM,fdm_strut,aligned,44,,0.5,0.0781,0.25,4.0,16.0,0.0,,0.7273,0.2727,0.095654,0.159897,0.5982,12.063,6.789,0.550781,0.533171,1.033,1.3204,6.9752,327.8,181.8,1.0,1,1
SIM0185,FDM,fdm_strut,aligned,44,,0.5,0.0831,0.25,4.0,16.0,0.0,,0.7273,0.2727,0.09628,0.159035,0.6054,12.084,6.912,0.568598,0.547672,1.0382,1.2791,6.7769,327.8,181.8,1.0,1,1
SIM0186,FDM,fdm_strut,aligned,44,,0.5,0.0881,0.25,4.0,16.0,0.0,,0.7273,0.2727,0.097392,0.145931,0.6674,11.469,7.437,0.572054,0.507125,1.128,1.2713,6.5785,327.8,181.8,1.0,1,1
SIM0187,FDM,fdm_strut,aligned,44,,0.6666666666666666,0.103,0.3333,3.0,16.0,0.0,,0.7314,0.2686,0.077887,0.141495,0.5505,14.385,7.619,0.569214,0.523363,1.0876,1.2849,5.9401,406.6,181.8,1.0,1,1
SIM0188,FDM,fdm_strut,aligned,44,,1.0,0.1562,0.5,2.0,8.0,0.0,,0.7355,0.2645,0.077926,0.129531,0.6016,14.196,8.423,0.593535,0.516436,1.1493,1.2392,3.4876,636.4,272.7,1.0,1,1
SIM0189,FDM,fdm_strut,aligned,44,,1.0,0.1568,0.5,2.0,10.0,0.0,,0.7355,0.2645,0.077926,0.129531,0.6016,14.196,8.423,0.593535,0.516436,1.1493,1.2392,3.4876,636.4,272.7,1.0,1,1
SIM0190,FDM,fdm_strut,aligned,44,,1.0,0.1572,0.5,2.0,12.0,0.0,,0.7355,0.2645,0.077926,0.129531,0.6016,14.196,8.423,0.593535,0.516436,1.1493,1.2392,3.4876,636.4,272.7,1.0,1,1
SIM0191,FDM,fdm_strut,aligned,44,,0.6666666666666666,0.1006,0.3333,3.0,14.0,0.0,,0.7397,0.2603,0.068661,0.136076,0.5046,15.694,7.87,0.569185,0.534806,1.0643,1.2995,6.0393,406.6,181.8,1.0,1,1
SIM0192,FDM,fdm_strut,aligned,44,,1.0,0.1461,0.5,2.0,14.0,0.0,,0.7438,0.2562,0.066993,0.145885,0.4592,16.326,7.376,0.606776,0.57542,1.0545,1.2258,3.7851,609.8,257.1,1.0,1,1
SIM0193,FDM,fdm_strut,aligned,44,,0.6666666666666666,0.098,0.3333,3.0,16.0,0.0,,0.7459,0.2541,0.071106,0.137393,0.5175,15.39,7.867,0.600269,0.54812,1.0951,1.2426,5.624,406.6,181.8,1.0,1,1
SIM0194,FDM,fdm_strut,aligned,44,,1.0,0.1439,0.5,2.0,12.0,0.0,,0.7479,0.2521,0.065676,0.141734,0.4634,16.402,7.592,0.596209,0.579999,1.0279,1.2545,3.876,609.8,257.1,1.0,1,1
SIM0195,FDM,fdm_strut,aligned,44,,1.0,0.1409,0.5,2.0,10.0,0.0,,0.7521,0.2479,0.060271,0.140995,0.4275,17.371,7.554,0.615426,0.587764,1.0471,1.222,3.9091,609.8,257.1,1.0,1,1
SIM0196,FDM,fdm_strut,aligned,44,,1.0,0.1489,0.5,2.0,10.0,0.0,,0.7521,0.2479,0.060874,0.119127,0.511,17.338,8.774,0.597026,0.531647,1.123,1.2597,3.7025,636.4,257.1,1.0,1,1
SIM0197,FDM,fdm_strut,aligned,44,,1.0,0.1506,0.5,2.0,12.0,0.0,,0.7521,0.2479,0.060874,0.119127,0.511,17.338,8.774,0.597026,0.531647,1.123,1.2597,3.7025,636.4,257.1,1.0,1,1
SIM0198,FDM,fdm_strut,aligned,44,,1.0,0.1404,0.5,2.0,14.0,0.0,,0.7521,0.2479,0.060271,0.140995,0.4275,17.371,7.554,0.615426,0.587764,1.0471,1.222,3.9091,609.8,257.1,1.0,1,1
SIM0199,FDM,fdm_strut,aligned,44,,1.0,0.1518,0.5,2.0,14.0,0.0,,0.7521,0.2479,0.060874,0.119127,0.511,17.338,8.774,0.597026,0.531647,1.123,1.2597,3.7025,636.4,257.1,1.0,1,1
SIM0200,FDM,fdm_strut,aligned,44,,0.6666666666666666,0.095,0.3333,3.0,14.0,0.0,,0.7521,0.2479,0.065114,0.132428,0.4917,16.507,8.12,0.603545,0.556408,1.0847,1.2461,5.6901,406.6,181.8,1.0,1,1
SIM0201,FDM,fdm_strut,aligned,44,,1.0,0.1373,0.5,2.0,12.0,0.0,,0.7562,0.2438,0.056627,0.136483,0.4149,18.167,7.794,0.608981,0.593946,1.0253,1.2417,3.9421,636.4,257.1,1.0,1,1
SIM0202,FDM,fdm_strut,aligned,44,,0.6666666666666666,0.093,0.3333,3.0,16.0,0.0,,0.7562,0.2438,0.062336,0.129838,0.4801,17.582,8.297,0.607582,0.562771,1.0796,1.2446,5.7314,406.6,181.8,1.0,1,1
SIM0203,FDM,fdm_strut,aligned,44,,1.0,0.133,0.5,2.0,10.0,0.0,,0.7603,0.2397,0.053387,0.135703,0.3934,19.314,7.744,0.612793,0.604908,1.013,1.2408,3.9752,636.4,257.1,1.0,1,1
SIM0204,FDM,fdm_strut,aligned,44,,1.0,0.1307,0.5,2.0,12.0,0.0,,0.7603,0.2397,0.053238,0.124457,0.4278,19.073,8.572,0.612838,0.580448,1.0558,1.2407,4.1818,609.8,203.3,1.0,1,1
SIM0205,FDM,fdm_strut,aligned,44,,1.0,0.1291,0.5,2.0,14.0,0.0,,0.7603,0.2397,0.053238,0.124457,0.4278,19.073,8.572,0.612838,0.580448,1.0558,1.2407,4.1818,609.8,203.3,1.0,1,1
SIM0206,FDM,fdm_strut,aligned,44,,1.0,0.1347,0.5,2.0,14.0,0.0,,0.7603,0.2397,0.053387,0.135703,0.3934,19.314,7.744,0.612793,0.604908,1.013,1.2408,3.9752,636.4,257.1,1.0,1,1
SIM0207,FDM,fdm_strut,aligned,44,,1.0,0.1328,0.5,2.0,16.0,0.0,,0.7603,0.2397,0.053387,0.135703,0.3934,19.314,7.744,0.612793,0.604908,1.013,1.2408,3.9752,636.4,257.1,1.0,1,1
SIM0208,FDM,fdm_strut,aligned,44,,0.6666666666666666,0.0893,0.3333,3.0,14.0,0.0,,0.7603,0.2397,0.06013,0.126319,0.476,17.931,8.564,0.612707,0.570788,1.0734,1.2409,5.969,406.6,181.8,1.0,1,1
SIM0209,FDM,fdm_strut,aligned,44,,0.6666666666666666,0.0881,0.3333,3.0,16.0,0.0,,0.7645,0.2355,0.058257,0.12378,0.4706,18.486,8.716,0.615419,0.574874,1.0705,1.2422,6.0021,406.6,181.8,1.0,1,1
SIM0210,FDM,fdm_strut,aligned,44,,1.0,0.125,0.5,2.0,10.0,0.0,,0.7686,0.2314,0.048216,0.11924,0.4044,21.921,8.772,0.624936,0.598346,1.0444,1.2299,4.2479,609.8,203.3,1.0,1,1
SIM0211,FDM,fdm_strut,aligned,44,,1.0,0.1278,0.5,2.0,16.0,0.0,,0.7686,0.2314,0.048216,0.11924,0.4044,21.921,8.772,0.624936,0.598346,1.0444,1.2299,4.2479,609.8,203.3,1.0,1,1
SIM0212,FDM,fdm_strut,aligned,44,,1.0,0.1174,0.5,2.0,12.0,0.0,,0.7727,0.2273,0.0467,0.12786,0.3652,22.727,8.278,0.624748,0.632,0.9885,1.2369,4.4876,609.8,203.3,1.0,1,1
SIM0213,FDM,fdm_strut,aligned,44,,1.0,0.1177,0.5,2.0,14.0,0.0,,0.7727,0.2273,0.0467,0.12786,0.3652,22.727,8.278,0.624748,0.632,0.9885,1.2369,4.4876,609.8,203.3,1.0,1,1
SIM0214,FDM,fdm_strut,aligned,44,,1.0,0.1179,0.5,2.0,16.0,0.0,,0.7727,0.2273,0.0467,0.12786,0.3652,22.727,8.278,0.624748,0.632,0.9885,1.2369,4.4876,609.8,203.3,1.0,1,1
SIM0215,FDM,fdm_strut,aligned,44,,1.0,0.1241,0.5,2.0,12.0,0.0,,0.7769,0.2231,0.047009,0.115066,0.4085,23.008,9.09,0.631912,0.605858,1.043,1.2294,4.2479,609.8,203.3,1.0,1,1
SIM0216,FDM,fdm_strut,aligned,44,,1.0,0.1234,0.5,2.0,14.0,0.0,,0.7769,0.2231,0.047009,0.115066,0.4085,23.008,9.09,0.631912,0.605858,1.043,1.2294,4.2479,609.8,203.3,1.0,1,1
SIM0217,FDM,fdm_strut,aligned,44,,1.0,0.1229,0.5,2.0,16.0,0.0,,0.7769,0.2231,0.047009,0.115066,0.4085,23.008,9.09,0.631912,0.605858,1.043,1.2294,4.2479,609.8,203.3,1.0,1,1
SIM0218,FDM,fdm_strut,aligned,44,,0.6666666666666666,0.0831,0.3333,3.0,16.0,0.0,,0.7872,0.2128,0.050616,0.121362,0.4171,21.147,8.926,0.652123,0.627699,1.0389,1.2071,5.6033,454.5,181.8,1.0,1,1
SIM0219,FDM,fdm_strut,aligned,44,,0.6666666666666666,0.0781,0.3333,3.0,16.0,0.0,,0.7975,0.2025,0.04509,0.113026,0.3989,23.49,9.563,0.648118,0.637196,1.0171,1.2305,5.9008,454.5,181.8,1.0,1,1
SIM0220,FDM,fdm_strut,aligned,44,,1.0,0.1042,0.5,2.0,12.0,0.0,,0.8182,0.1818,0.041594,0.095047,0.4376,26.029,11.161,0.714986,0.632609,1.1302,1.1443,3.6364,661.8,181.8,1.0,1,1
SIM0221,FDM,fdm_strut,aligned,44,,1.0,0.1108,0.5,2.0,12.0,0.0,,0.8182,0.1818,0.042043,0.102885,0.4086,26.03,10.334,0.713747,0.663813,1.0752,1.1463,3.4876,661.8,181.8,1.0,1,1
SIM0222,FDM,fdm_strut,aligned,44,,1.0,0.1063,0.5,2.0,14.0,0.0,,0.8182,0.1818,0.041594,0.095047,0.4376,26.029,11.161,0.714986,0.632609,1.1302,1.1443,3.6364,661.8,181.8,1.0,1,1
SIM0223,FDM,fdm_strut,aligned,44,,1.0,0.112,0.5,2.0,14.0,0.0,,0.8182,0.1818,0.042043,0.102885,0.4086,26.03,10.334,0.713747,0.663813,1.0752,1.1463,3.4876,661.8,181.8,1.0,1,1
SIM0224,FDM,fdm_strut,aligned,44,,1.0,0.103,0.5,2.0,16.0,0.0,,0.8182,0.1818,0.041594,0.095047,0.4376,26.029,11.161,0.714986,0.632609,1.1302,1.1443,3.6364,661.8,181.8,1.0,1,1
SIM0225,FDM,fdm_strut,aligned,44,,1.0,0.108,0.5,2.0,16.0,0.0,,0.8182,0.1818,0.041594,0.095047,0.4376,26.029,11.161,0.714986,0.632609,1.1302,1.1443,3.6364,661.8,181.8,1.0,1,1
SIM0226,FDM,fdm_strut,aligned,44,,1.0,0.1129,0.5,2.0,16.0,0.0,,0.8182,0.1818,0.042043,0.102885,0.4086,26.03,10.334,0.713747,0.663813,1.0752,1.1463,3.4876,661.8,181.8,1.0,1,1
SIM0227,FDM,fdm_strut,aligned,44,,1.0,0.098,0.5,2.0,16.0,0.0,,0.8264,0.1736,0.032626,0.094333,0.3459,30.74,11.25,0.719719,0.664631,1.0829,1.1483,3.8512,661.8,181.8,1.0,1,1
SIM0228,FDM,fdm_strut,aligned,44,,1.0,0.095,0.5,2.0,14.0,0.0,,0.8306,0.1694,0.029907,0.089865,0.3328,33.502,11.805,0.722623,0.675756,1.0694,1.1494,3.8843,661.8,181.8,1.0,1,1
SIM0229,FDM,fdm_strut,aligned,44,,1.0,0.0893,0.5,2.0,14.0,0.0,,0.8347,0.1653,0.027002,0.085777,0.3148,36.31,12.425,0.741032,0.68595,1.0803,1.1264,4.0661,661.8,181.8,1.0,1,1
SIM0230,FDM,fdm_strut,aligned,44,,1.0,0.1006,0.5,2.0,14.0,0.0,,0.8347,0.1653,0.028582,0.085099,0.3359,35.729,12.337,0.732256,0.677699,1.0805,1.1399,3.7686,661.8,181.8,1.0,1,1
SIM0231,FDM,fdm_strut,aligned,44,,1.0,0.0881,0.5,2.0,16.0,0.0,,0.8347,0.1653,0.027002,0.085777,0.3148,36.31,12.425,0.741032,0.68595,1.0803,1.1264,4.0661,661.8,181.8,1.0,1,1
SIM0232,FDM,fdm_strut,aligned,44,,1.0,0.093,0.5,2.0,16.0,0.0,,0.8347,0.1653,0.027683,0.089325,0.3099,34.904,11.957,0.72659,0.683693,1.0627,1.1488,3.9174,661.8,181.8,1.0,1,1
SIM0233,FDM,fdm_strut,aligned,44,,1.0,0.0831,0.5,2.0,16.0,0.0,,0.843,0.157,0.022517,0.08936,0.252,39.587,11.876,0.733484,0.7254,1.0111,1.1493,4.281,661.8,181.8,1.0,1,1
SIM0234,FDM,fdm_strut,aligned,44,,1.0,0.0781,0.5,2.0,16.0,0.0,,0.8595,0.1405,0.018948,0.076677,0.2471,47.078,13.876,0.725154,0.745785,0.9723,1.1853,4.595,661.8,128.6,1.0,1,1
SIM0235,FDM,fdm_strut,staggered,44,,0.5,0.2045,0.25,4.0,10.0,1.0,,0.3017,0.6983,0.41289,0.370913,1.1132,2.611,2.96,0.175363,0.168226,1.0424,1.7202,6.719,181.8,327.8,1.0,1,1
SIM0236,FDM,fdm_strut,staggered,44,,0.3333333333333333,0.1307,0.1667,6.0,12.0,1.0,,0.3058,0.6942,0.467517,0.391793,1.1933,2.433,3.148,0.141853,0.167457,0.8471,2.1556,9.9835,128.6,203.3,1.0,1,1
SIM0237,FDM,fdm_strut,staggered,44,,0.3333333333333333,0.1328,0.1667,6.0,16.0,1.0,,0.3058,0.6942,0.442881,0.413262,1.0717,2.526,2.881,0.150203,0.177805,0.8448,2.0358,10.0992,128.6,257.1,1.0,1,1
SIM0238,FDM,fdm_strut,staggered,44,,0.4,0.1562,0.2,5.0,8.0,1.0,,0.314,0.686,0.426799,0.351179,1.2153,2.59,3.361,0.168453,0.146867,1.147,1.8643,8.3037,128.6,272.7,1.0,1,1
SIM0239,FDM,fdm_strut,staggered,44,,0.4,0.1568,0.2,5.0,10.0,1.0,,0.314,0.686,0.426799,0.351179,1.2153,2.59,3.361,0.168453,0.146867,1.147,1.8643,8.3037,128.6,272.7,1.0,1,1
SIM0240,FDM,fdm_strut,staggered,44,,0.4,0.1572,0.2,5.0,12.0,1.0,,0.314,0.686,0.426799,0.351179,1.2153,2.59,3.361,0.168453,0.146867,1.147,1.8643,8.3037,128.6,272.7,1.0,1,1
SIM0241,FDM,fdm_strut,staggered,44,,0.3333333333333333,0.1291,0.1667,6.0,14.0,1.0,,0.314,0.686,0.465293,0.387531,1.2007,2.447,3.187,0.148871,0.166894,0.892,2.1095,9.6198,128.6,203.3,1.0,1,1
SIM0242,FDM,fdm_strut,staggered,44,,0.6666666666666666,0.2557,0.3333,3.0,8.0,1.0,,0.3182,0.6818,0.416657,0.429851,0.9693,2.643,2.618,0.183452,0.214329,0.8559,1.7344,5.0826,203.3,406.6,1.0,1,1
SIM0243,FDM,fdm_strut,staggered,44,,0.5,0.196,0.25,4.0,8.0,1.0,,0.3182,0.6818,0.398045,0.36244,1.0982,2.703,3.047,0.179259,0.183256,0.9782,1.775,6.9008,181.8,327.8,1.0,1,1
SIM0244,FDM,fdm_strut,staggered,44,,0.5,0.1966,0.25,4.0,10.0,1.0,,0.3182,0.6818,0.398045,0.36244,1.0982,2.703,3.047,0.179259,0.183256,0.9782,1.775,6.9008,181.8,327.8,1.0,1,1
SIM0245,FDM,fdm_strut,staggered,44,,0.5,0.1886,0.25,4.0,10.0,1.0,,0.3223,0.6777,0.391075,0.401436,0.9742,2.782,2.903,0.171032,0.191582,0.8927,1.8845,7.062,181.8,327.8,1.0,1,1
SIM0246,FDM,fdm_strut,staggered,44,,0.3333333333333333,0.1278,0.1667,6.0,16.0,1.0,,0.3306,0.6694,0.446792,0.375207,1.1908,2.536,3.302,0.168388,0.189291,0.8896,1.9632,9.4545,128.6,203.3,1.0,1,1
SIM0247,FDM,fdm_strut,staggered,44,,0.5,0.1861,0.25,4.0,8.0,1.0,,0.3471,0.6529,0.360875,0.390654,0.9238,2.949,2.968,0.187241,0.20037,0.9345,1.8538,7.2438,181.8,287.5,1.0,1,1
SIM0248,FDM,fdm_strut,staggered,44,,0.4,0.1461,0.2,5.0,14.0,1.0,,0.3471,0.6529,0.396056,0.392884,1.0081,2.791,3.114,0.18057,0.206101,0.8761,1.9223,8.343,181.8,272.7,1.0,1,1
SIM0249,FDM,fdm_strut,staggered,44,,0.3333333333333333,0.125,0.1667,6.0,10.0,1.0,,0.3471,0.6529,0.397116,0.361601,1.0982,2.791,3.34,0.181243,0.197652,0.917,1.9152,9.8843,128.6,203.3,1.0,1,1
SIM0250,FDM,fdm_strut,staggered,44,,0.4,0.1506,0.2,5.0,12.0,1.0,,0.3512,0.6488,0.370031,0.328513,1.1264,2.932,3.524,0.191442,0.167779,1.141,1.8347,8.7025,128.6,257.1,1.0,1,1
SIM0251,FDM,fdm_strut,staggered,44,,0.4,0.1518,0.2,5.0,14.0,1.0,,0.3512,0.6488,0.370031,0.328513,1.1264,2.932,3.524,0.191442,0.167779,1.141,1.8347,8.7025,128.6,257.1,1.0,1,1
SIM0252,FDM,fdm_strut,staggered,44,,0.6666666666666666,0.2457,0.3333,3.0,8.0,1.0,,0.3554,0.6446,0.358432,0.401601,0.8925,3.017,2.793,0.219072,0.244477,0.8961,1.6222,5.095,203.3,406.6,1.0,1,1
SIM0253,FDM,fdm_strut,staggered,44,,0.3333333333333333,0.1241,0.1667,6.0,12.0,1.0,,0.3554,0.6446,0.39413,0.35729,1.1031,2.806,3.381,0.183391,0.200752,0.9135,1.9378,9.8843,128.6,203.3,1.0,1,1
SIM0254,FDM,fdm_strut,staggered,44,,0.3333333333333333,0.1234,0.1667,6.0,14.0,1.0,,0.3554,0.6446,0.39413,0.35729,1.1031,2.806,3.381,0.183391,0.200752,0.9135,1.9378,9.8843,128.6,203.3,1.0,1,1
SIM0255,FDM,fdm_strut,staggered,44,,0.3333333333333333,0.1229,0.1667,6.0,16.0,1.0,,0.3554,0.6446,0.39413,0.35729,1.1031,2.806,3.381,0.183391,0.200752,0.9135,1.9378,9.8843,128.6,203.3,1.0,1,1
SIM0256,FDM,fdm_strut,staggered,44,,0.4,0.1489,0.2,5.0,10.0,1.0,,0.3595,0.6405,0.368617,0.32433,1.1365,2.948,3.574,0.202368,0.17015,1.1894,1.7765,8.3388,181.8,257.1,1.0,1,1
SIM0257,FDM,fdm_strut,staggered,44,,0.4,0.1439,0.2,5.0,12.0,1.0,,0.3595,0.6405,0.377996,0.382734,0.9876,2.904,3.164,0.186945,0.212219,0.8809,1.923,8.4959,181.8,257.1,1.0,1,1
SIM0258,FDM,fdm_strut,staggered,44,,0.3333333333333333,0.1174,0.1667,6.0,12.0,1.0,,0.3636,0.6364,0.367577,0.381799,0.9627,2.902,3.224,0.181892,0.204253,0.8905,1.9992,10.4793,128.6,203.3,1.0,1,1
SIM0259,FDM,fdm_strut,staggered,44,,0.3333333333333333,0.1177,0.1667,6.0,14.0,1.0,,0.3636,0.6364,0.367577,0.381799,0.9627,2.902,3.224,0.181892,0.204253,0.8905,1.9992,10.4793,128.6,203.3,1.0,1,1
SIM0260,FDM,fdm_strut,staggered,44,,0.3333333333333333,0.1179,0.1667,6.0,16.0,1.0,,0.3636,0.6364,0.367577,0.381799,0.9627,2.902,3.224,0.181892,0.204253,0.8905,1.9992,10.4793,128.6,203.3,1.0,1,1
SIM0261,FDM,fdm_strut,staggered,44,,0.5,0.1807,0.25,4.0,10.0,1.0,,0.376,0.624,0.353315,0.369815,0.9554,3.01,3.152,0.226739,0.224407,1.0104,1.6584,6.6074,181.8,287.5,1.0,1,1
SIM0262,FDM,fdm_strut,staggered,44,,0.5,0.1761,0.25,4.0,8.0,1.0,,0.3802,0.6198,0.350901,0.365604,0.9598,3.055,3.193,0.227006,0.230714,0.9839,1.6747,6.6074,181.8,287.5,1.0,1,1
SIM0263,FDM,fdm_strut,staggered,44,,0.5,0.1771,0.25,4.0,12.0,1.0,,0.3802,0.6198,0.350901,0.365604,0.9598,3.055,3.193,0.227006,0.230714,0.9839,1.6747,6.6074,181.8,287.5,1.0,1,1
SIM0264,FDM,fdm_strut,staggered,44,,0.4,0.1409,0.2,5.0,10.0,1.0,,0.3802,0.6198,0.357209,0.372614,0.9587,3.052,3.233,0.210633,0.216542,0.9727,1.8049,8.2355,181.8,257.1,1.0,1,1
SIM0265,FDM,fdm_strut,staggered,44,,0.4,0.1404,0.2,5.0,14.0,1.0,,0.3822,0.6178,0.350357,0.369912,0.9471,3.087,3.25,0.213251,0.220369,0.9677,1.7924,8.2893,181.8,257.1,1.0,1,1
SIM0266,FDM,fdm_strut,staggered,44,,0.6666666666666666,0.2259,0.3333,3.0,8.0,1.0,,0.3926,0.6074,0.315955,0.327988,0.9633,3.399,3.584,0.23965,0.220381,1.0874,1.6381,5.25,272.7,363.6,1.0,1,1
SIM0267,FDM,fdm_strut,staggered,44,,0.6666666666666666,0.2358,0.3333,3.0,8.0,1.0,,0.3926,0.6074,0.307633,0.374256,0.822,3.39,2.966,0.248896,0.271426,0.917,1.5772,5.2727,257.1,374.8,1.0,1,1
SIM0268,FDM,fdm_strut,staggered,44,,0.5,0.1727,0.25,4.0,10.0,1.0,,0.3967,0.6033,0.331799,0.355939,0.9322,3.245,3.264,0.237959,0.237165,1.0034,1.6671,6.6901,203.3,287.5,1.0,1,1
SIM0269,FDM,fdm_strut,staggered,44,,0.4,0.1373,0.2,5.0,12.0,1.0,,0.3967,0.6033,0.323976,0.357099,0.9072,3.286,3.347,0.222925,0.234145,0.9521,1.7795,8.4793,181.8,257.1,1.0,1,1
SIM0270,FDM,fdm_strut,staggered,44,,0.5,0.1705,0.25,4.0,12.0,1.0,,0.4008,0.5992,0.330184,0.35177,0.9386,3.3,3.308,0.241644,0.24151,1.0006,1.6587,6.6901,203.3,287.5,1.0,1,1
SIM0271,FDM,fdm_strut,staggered,44,,0.5,0.1662,0.25,4.0,8.0,1.0,,0.4091,0.5909,0.279196,0.298322,0.9359,3.71,3.911,0.225532,0.217278,1.038,1.8139,7.2355,203.3,272.7,1.0,1,1
SIM0272,FDM,fdm_strut,staggered,44,,0.5,0.1648,0.25,4.0,10.0,1.0,,0.4091,0.5909,0.279196,0.298322,0.9359,3.71,3.911,0.225532,0.217278,1.038,1.8139,7.2355,203.3,272.7,1.0,1,1
SIM0273,FDM,fdm_strut,staggered,44,,0.5,0.1638,0.25,4.0,12.0,1.0,,0.4091,0.5909,0.279196,0.298322,0.9359,3.71,3.911,0.225532,0.217278,1.038,1.8139,7.2355,203.3,272.7,1.0,1,1
SIM0274,FDM,fdm_strut,staggered,44,,0.3333333333333333,0.1108,0.1667,6.0,12.0,1.0,,0.4091,0.5909,0.356036,0.356316,0.9992,2.967,3.479,0.217822,0.236544,0.9209,1.8781,9.4793,181.8,181.8,1.0,1,1
SIM0275,FDM,fdm_strut,staggered,44,,0.3333333333333333,0.112,0.1667,6.0,14.0,1.0,,0.4091,0.5909,0.356036,0.356316,0.9992,2.967,3.479,0.217822,0.236544,0.9209,1.8781,9.4793,181.8,181.8,1.0,1,1
SIM0276,FDM,fdm_strut,staggered,44,,0.3333333333333333,0.1129,0.1667,6.0,16.0,1.0,,0.4091,0.5909,0.356036,0.356316,0.9992,2.967,3.479,0.217822,0.236544,0.9209,1.8781,9.4793,181.8,181.8,1.0,1,1
SIM0277,FDM,fdm_strut,staggered,44,,0.4,0.1347,0.2,5.0,14.0,1.0,,0.4112,0.5888,0.30359,0.346052,0.8773,3.458,3.437,0.230692,0.245788,0.9386,1.7823,8.6653,181.8,257.1,1.0,1,1
SIM0278,FDM,fdm_strut,staggered,44,,0.4,0.1307,0.2,5.0,12.0,1.0,,0.4174,0.5826,0.308977,0.321644,0.9606,3.489,3.782,0.2263,0.233632,0.9686,1.8443,8.3554,181.8,257.1,1.0,1,1
SIM0279,FDM,fdm_strut,staggered,44,,0.6666666666666666,0.2159,0.3333,3.0,8.0,1.0,,0.4215,0.5785,0.278639,0.308921,0.902,3.707,3.753,0.266914,0.239173,1.116,1.5791,5.1591,272.7,363.6,1.0,1,1
SIM0280,FDM,fdm_strut,staggered,44,,0.4,0.133,0.2,5.0,10.0,1.0,,0.4256,0.5744,0.285332,0.339336,0.8409,3.632,3.455,0.24484,0.255661,0.9577,1.7384,8.6736,181.8,257.1,1.0,1,1
SIM0281,FDM,fdm_strut,staggered,44,,0.4,0.1291,0.2,5.0,14.0,1.0,,0.4256,0.5744,0.299171,0.316671,0.9447,3.556,3.831,0.230628,0.242986,0.9491,1.8455,8.4483,181.8,203.3,1.0,1,1
SIM0282,FDM,fdm_strut,staggered,44,,0.4,0.1328,0.2,5.0,16.0,1.0,,0.4256,0.5744,0.285332,0.339336,0.8409,3.632,3.455,0.24484,0.255661,0.9577,1.7384,8.6736,181.8,257.1,1.0,1,1
SIM0283,FDM,fdm_strut,staggered,44,,0.3333333333333333,0.1042,0.1667,6.0,12.0,1.0,,0.4298,0.5702,0.283669,0.31615,0.8973,3.655,3.863,0.221937,0.245453,0.9042,1.9364,10.2149,181.8,181.8,1.0,1,1
SIM0284,FDM,fdm_strut,staggered,44,,0.3333333333333333,0.1063,0.1667,6.0,14.0,1.0,,0.4298,0.5702,0.283669,0.31615,0.8973,3.655,3.863,0.221937,0.245453,0.9042,1.9364,10.2149,181.8,181.8,1.0,1,1
SIM0285,FDM,fdm_strut,staggered,44,,0.3333333333333333,0.108,0.1667,6.0,16.0,1.0,,0.4298,0.5702,0.283669,0.31615,0.8973,3.655,3.863,0.221937,0.245453,0.9042,1.9364,10.2149,181.8,181.8,1.0,1,1
SIM0286,FDM,fdm_strut,staggered,44,,0.6666666666666666,0.2125,0.3333,3.0,10.0,1.0,,0.438,0.562,0.249846,0.297649,0.8394,4.02,3.844,0.275958,0.25223,1.0941,1.5873,5.3388,272.7,363.6,1.0,1,1
SIM0287,FDM,fdm_strut,staggered,44,,0.4,0.1278,0.2,5.0,16.0,1.0,,0.438,0.562,0.270267,0.306121,0.8829,3.794,3.924,0.246523,0.247661,0.9954,1.7768,8.7293,181.8,203.3,1.0,1,1
SIM0288,FDM,fdm_strut,staggered,44,,0.4,0.125,0.2,5.0,10.0,1.0,,0.4421,0.5579,0.269216,0.303996,0.8856,3.817,3.952,0.249075,0.250798,0.9931,1.7752,8.7293,181.8,203.3,1.0,1,1
SIM0289,FDM,fdm_strut,staggered,44,,0.6666666666666666,0.206,0.3333,3.0,8.0,1.0,,0.4545,0.5455,0.244108,0.289099,0.8444,4.171,3.968,0.291906,0.261069,1.1181,1.5572,5.3388,272.7,363.6,1.0,1,1
SIM0290,FDM,fdm_strut,staggered,44,,0.4,0.1174,0.2,5.0,12.0,1.0,,0.4545,0.5455,0.255929,0.326575,0.7837,3.956,3.737,0.24789,0.262335,0.9449,1.8337,8.5,181.8,203.3,1.0,1,1
SIM0291,FDM,fdm_strut,staggered,44,,0.4,0.1241,0.2,5.0,12.0,1.0,,0.4545,0.5455,0.257157,0.296325,0.8678,3.976,4.048,0.258836,0.25652,1.009,1.7561,8.7211,181.8,203.3,1.0,1,1
SIM0292,FDM,fdm_strut,staggered,44,,0.4,0.1177,0.2,5.0,14.0,1.0,,0.4545,0.5455,0.255929,0.326575,0.7837,3.956,3.737,0.24789,0.262335,0.9449,1.8337,8.5,181.8,203.3,1.0,1,1
SIM0293,FDM,fdm_strut,staggered,44,,0.4,0.1179,0.2,5.0,16.0,1.0,,0.4545,0.5455,0.255929,0.326575,0.7837,3.956,3.737,0.24789,0.262335,0.9449,1.8337,8.5,181.8,203.3,1.0,1,1
SIM0294,FDM,fdm_strut,staggered,44,,0.5,0.1562,0.25,4.0,8.0,1.0,,0.4587,0.5413,0.251015,0.271083,0.926,4.188,4.316,0.279639,0.244001,1.1461,1.6403,6.6736,257.1,272.7,1.0,1,1
SIM0295,FDM,fdm_strut,staggered,44,,0.5,0.1568,0.25,4.0,10.0,1.0,,0.4587,0.5413,0.251015,0.271083,0.926,4.188,4.316,0.279639,0.244001,1.1461,1.6403,6.6736,257.1,272.7,1.0,1,1
SIM0296,FDM,fdm_strut,staggered,44,,0.5,0.1572,0.25,4.0,12.0,1.0,,0.4587,0.5413,0.251015,0.271083,0.926,4.188,4.316,0.279639,0.244001,1.1461,1.6403,6.6736,257.1,272.7,1.0,1,1
SIM0297,FDM,fdm_strut,staggered,44,,0.4,0.1234,0.2,5.0,14.0,1.0,,0.4587,0.5413,0.256251,0.294218,0.871,3.994,4.078,0.264974,0.257876,1.0275,1.731,8.5393,181.8,203.3,1.0,1,1
SIM0298,FDM,fdm_strut,staggered,44,,0.4,0.1229,0.2,5.0,16.0,1.0,,0.4587,0.5413,0.256251,0.294218,0.871,3.994,4.078,0.264974,0.257876,1.0275,1.731,8.5393,181.8,203.3,1.0,1,1
SIM0299,FDM,fdm_strut,staggered,44,,0.3333333333333333,0.103,0.1667,6.0,16.0,1.0,,0.4628,0.5372,0.261425,0.29558,0.8844,3.824,4.094,0.240895,0.273006,0.8824,1.9212,10.5785,181.8,181.8,1.0,1,1
SIM0300,FDM,fdm_strut,staggered,44,,0.6666666666666666,0.2045,0.3333,3.0,10.0,1.0,,0.4711,0.5289,0.216929,0.277724,0.7811,4.468,4.063,0.31977,0.274243,1.166,1.4732,5.2231,272.7,363.6,1.0,1,1
SIM0301,FDM,fdm_strut,staggered,44,,0.5,0.1461,0.25,4.0,14.0,1.0,,0.4711,0.5289,0.203019,0.31403,0.6465,4.7,3.76,0.273411,0.29001,0.9428,1.723,7.2727,203.3,257.1,1.0,1,1
SIM0302,FDM,fdm_strut,staggered,44,,0.5,0.1439,0.25,4.0,12.0,1.0,,0.4793,0.5207,0.201489,0.305683,0.6591,4.723,3.87,0.276737,0.296878,0.9322,1.7321,7.2727,203.3,257.1,1.0,1,1
SIM0303,FDM,fdm_strut,staggered,44,,0.3333333333333333,0.1006,0.1667,6.0,14.0,1.0,,0.4793,0.5207,0.222521,0.28253,0.7876,4.337,4.175,0.256605,0.278483,0.9214,1.868,10.9752,181.8,181.8,1.0,1,1
SIM0304,FDM,fdm_strut,staggered,44,,0.5,0.1489,0.25,4.0,10.0,1.0,,0.4835,0.5165,0.19587,0.256232,0.7644,4.75,4.423,0.303969,0.264435,1.1495,1.5905,7.1777,257.1,257.1,1.0,1,1
SIM0305,FDM,fdm_strut,staggered,44,,0.5,0.1506,0.25,4.0,12.0,1.0,,0.4835,0.5165,0.19587,0.256232,0.7644,4.75,4.423,0.303969,0.264435,1.1495,1.5905,7.1777,257.1,257.1,1.0,1,1
SIM0306,FDM,fdm_strut,staggered,44,,0.5,0.1518,0.25,4.0,14.0,1.0,,0.4835,0.5165,0.19587,0.256232,0.7644,4.75,4.423,0.303969,0.264435,1.1495,1.5905,7.1777,257.1,257.1,1.0,1,1
SIM0307,FDM,fdm_strut,staggered,44,,0.6666666666666666,0.196,0.3333,3.0,8.0,1.0,,0.4876,0.5124,0.204927,0.268554,0.7631,4.653,4.196,0.333319,0.293697,1.1349,1.4629,5.3079,287.5,327.8,1.0,1,1
SIM0308,FDM,fdm_strut,staggered,44,,0.6666666666666666,0.1966,0.3333,3.0,10.0,1.0,,0.4876,0.5124,0.204927,0.268554,0.7631,4.653,4.196,0.333319,0.293697,1.1349,1.4629,5.3079,287.5,327.8,1.0,1,1
SIM0309,FDM,fdm_strut,staggered,44,,0.3333333333333333,0.098,0.1667,6.0,16.0,1.0,,0.4917,0.5083,0.23043,0.287122,0.8026,4.237,4.207,0.271612,0.275992,0.9841,1.8104,9.8595,181.8,181.8,1.0,1,1
SIM0310,FDM,fdm_strut,staggered,44,,0.6666666666666666,0.1886,0.3333,3.0,10.0,1.0,,0.4979,0.5021,0.183023,0.292673,0.6254,5.155,3.946,0.315044,0.324317,0.9714,1.5805,5.2562,287.5,287.5,1.0,1,1
SIM0311,FDM,fdm_strut,staggered,44,,0.5,0.1409,0.25,4.0,10.0,1.0,,0.5,0.5,0.181406,0.294088,0.6168,5.146,3.925,0.291149,0.315187,0.9237,1.7173,7.438,257.1,257.1,1.0,1,1
SIM0312,FDM,fdm_strut,staggered,44,,0.5,0.1404,0.25,4.0,14.0,1.0,,0.5,0.5,0.181406,0.294088,0.6168,5.146,3.925,0.291149,0.315187,0.9237,1.7173,7.438,257.1,257.1,1.0,1,1
SIM0313,FDM,fdm_strut,staggered,44,,0.4,0.1108,0.2,5.0,12.0,1.0,,0.5,0.5,0.211838,0.294774,0.7186,4.622,4.075,0.295609,0.313762,0.9421,1.6914,8.4793,181.8,181.8,1.0,1,1
SIM0314,FDM,fdm_strut,staggered,44,,0.4,0.112,0.2,5.0,14.0,1.0,,0.5,0.5,0.211838,0.294774,0.7186,4.622,4.075,0.295609,0.313762,0.9421,1.6914,8.4793,181.8,181.8,1.0,1,1
SIM0315,FDM,fdm_strut,staggered,44,,0.4,0.1129,0.2,5.0,16.0,1.0,,0.5,0.5,0.211838,0.294774,0.7186,4.622,4.075,0.295609,0.313762,0.9421,1.6914,8.4793,181.8,181.8,1.0,1,1
SIM0316,FDM,fdm_strut,staggered,44,,0.6666666666666666,0.1861,0.3333,3.0,8.0,1.0,,0.5041,0.4959,0.176345,0.28807,0.6122,5.274,4.006,0.319968,0.330933,0.9669,1.5756,5.3347,287.5,287.5,1.0,1,1
SIM0317,FDM,fdm_strut,staggered,44,,0.3333333333333333,0.095,0.1667,6.0,14.0,1.0,,0.5041,0.4959,0.207407,0.27568,0.7524,4.599,4.345,0.284369,0.28505,0.9976,1.7728,10.124,181.8,181.8,1.0,1,1
SIM0318,FDM,fdm_strut,staggered,44,,0.3333333333333333,0.093,0.1667,6.0,16.0,1.0,,0.5124,0.4876,0.196771,0.269719,0.7295,4.811,4.39,0.29048,0.289752,1.0025,1.764,10.2893,181.8,181.8,1.0,1,1
SIM0319,FDM,fdm_strut,staggered,44,,1.0,0.2656,0.5,2.0,8.0,1.0,,0.5165,0.4835,0.149537,0.298429,0.5011,6.107,3.822,0.332111,0.365694,0.9082,1.5553,3.7025,454.5,406.6,1.0,1,1
SIM0320,FDM,fdm_strut,staggered,44,,0.6666666666666666,0.1807,0.3333,3.0,10.0,1.0,,0.5186,0.4814,0.164077,0.28183,0.5822,5.598,4.038,0.334341,0.340559,0.9817,1.5511,5.4132,287.5,287.5,1.0,1,1
SIM0321,FDM,fdm_strut,staggered,44,,0.4,0.1063,0.2,5.0,14.0,1.0,,0.5207,0.4793,0.161518,0.261078,0.6187,5.521,4.584,0.294046,0.308165,0.9542,1.7707,9.0165,181.8,181.8,1.0,1,1
SIM0322,FDM,fdm_strut,staggered,44,,0.4,0.108,0.2,5.0,16.0,1.0,,0.5207,0.4793,0.161518,0.261078,0.6187,5.521,4.584,0.294046,0.308165,0.9542,1.7707,9.0165,181.8,181.8,1.0,1,1
SIM0323,FDM,fdm_strut,staggered,44,,0.3333333333333333,0.0893,0.1667,6.0,14.0,1.0,,0.5207,0.4793,0.18083,0.26327,0.6869,5.06,4.571,0.282776,0.30801,0.9181,1.8413,10.6942,181.8,181.8,1.0,1,1
SIM0324,FDM,fdm_strut,staggered,44,,0.5,0.1373,0.25,4.0,12.0,1.0,,0.5248,0.4752,0.16337,0.275935,0.5921,5.681,4.168,0.320453,0.341872,0.9373,1.6377,7.2231,257.1,257.1,1.0,1,1
SIM0325,FDM,fdm_strut,staggered,44,,0.3333333333333333,0.0881,0.1667,6.0,16.0,1.0,,0.5289,0.4711,0.172297,0.257371,0.6695,5.234,4.651,0.290498,0.319212,0.91,1.8208,10.8264,181.8,181.8,1.0,1,1
SIM0326,FDM,fdm_strut,staggered,44,,0.6666666666666666,0.1771,0.3333,3.0,12.0,1.0,,0.531,0.469,0.147831,0.2719,0.5437,6.009,4.156,0.34615,0.354735,0.9758,1.534,5.5248,327.8,287.5,1.0,1,1
SIM0327,FDM,fdm_strut,staggered,44,,0.6666666666666666,0.1761,0.3333,3.0,8.0,1.0,,0.5331,0.4669,0.147627,0.269827,0.5471,6.014,4.189,0.353594,0.358388,0.9866,1.5075,5.5248,327.8,287.5,1.0,1,1
SIM0328,FDM,fdm_strut,staggered,44,,1.0,0.2557,0.5,2.0,8.0,1.0,,0.5413,0.4587,0.125764,0.282425,0.4453,6.825,3.952,0.371449,0.386687,0.9606,1.4573,3.8347,454.5,406.6,1.0,1,1
SIM0329,FDM,fdm_strut,staggered,44,,0.5,0.1347,0.25,4.0,14.0,1.0,,0.5413,0.4587,0.156126,0.266182,0.5865,5.838,4.32,0.351522,0.355929,0.9876,1.5399,6.7438,272.7,257.1,1.0,1,1
SIM0330,FDM,fdm_strut,staggered,44,,0.5,0.133,0.25,4.0,10.0,1.0,,0.5455,0.4545,0.148166,0.265026,0.5591,6.021,4.31,0.355815,0.361177,0.9852,1.533,6.8099,272.7,257.1,1.0,1,1
SIM0331,FDM,fdm_strut,staggered,44,,0.5,0.1174,0.25,4.0,12.0,1.0,,0.5455,0.4545,0.126492,0.267112,0.4736,6.698,4.485,0.315199,0.365235,0.863,1.7305,7.3347,272.7,203.3,1.0,1,1
SIM0332,FDM,fdm_strut,staggered,44,,0.5,0.1177,0.25,4.0,14.0,1.0,,0.5455,0.4545,0.126492,0.267112,0.4736,6.698,4.485,0.315199,0.365235,0.863,1.7305,7.3347,272.7,203.3,1.0,1,1
SIM0333,FDM,fdm_strut,staggered,44,,0.5,0.1179,0.25,4.0,16.0,1.0,,0.5455,0.4545,0.126492,0.267112,0.4736,6.698,4.485,0.315199,0.365235,0.863,1.7305,7.3347,272.7,203.3,1.0,1,1
SIM0334,FDM,fdm_strut,staggered,44,,0.5,0.1328,0.25,4.0,16.0,1.0,,0.5455,0.4545,0.148166,0.265026,0.5591,6.021,4.31,0.355815,0.361177,0.9852,1.533,6.8099,272.7,257.1,1.0,1,1
SIM0335,FDM,fdm_strut,staggered,44,,0.6666666666666666,0.1662,0.3333,3.0,8.0,1.0,,0.5496,0.4504,0.119754,0.223853,0.535,7.025,5.154,0.336464,0.331325,1.0155,1.6334,5.5103,327.8,272.7,1.0,1,1
SIM0336,FDM,fdm_strut,staggered,44,,0.6666666666666666,0.1648,0.3333,3.0,10.0,1.0,,0.5496,0.4504,0.119754,0.223853,0.535,7.025,5.154,0.336464,0.331325,1.0155,1.6334,5.5103,327.8,272.7,1.0,1,1
SIM0337,FDM,fdm_strut,staggered,44,,0.5,0.1307,0.25,4.0,12.0,1.0,,0.5496,0.4504,0.137483,0.240285,0.5722,6.337,4.849,0.340629,0.341926,0.9962,1.6134,7.0744,272.7,257.1,1.0,1,1
SIM0338,FDM,fdm_strut,staggered,44,,0.5,0.1291,0.25,4.0,14.0,1.0,,0.5496,0.4504,0.137483,0.240285,0.5722,6.337,4.849,0.340629,0.341926,0.9962,1.6134,7.0744,272.7,257.1,1.0,1,1
SIM0339,FDM,fdm_strut,staggered,44,,0.5,0.1278,0.25,4.0,16.0,1.0,,0.5496,0.4504,0.137483,0.240285,0.5722,6.337,4.849,0.340629,0.341926,0.9962,1.6134,7.0744,272.7,257.1,1.0,1,1
SIM0340,FDM,fdm_strut,staggered,44,,0.4,0.1042,0.2,5.0,12.0,1.0,,0.5496,0.4504,0.143778,0.243017,0.5916,5.981,4.889,0.327965,0.33763,0.9714,1.6757,8.7665,203.3,181.8,1.0,1,1
SIM0341,FDM,fdm_strut,staggered,44,,0.4,0.103,0.2,5.0,16.0,1.0,,0.5496,0.4504,0.143778,0.243017,0.5916,5.981,4.889,0.327965,0.33763,0.9714,1.6757,8.7665,203.3,181.8,1.0,1,1
SIM0342,FDM,fdm_strut,staggered,44,,0.6666666666666666,0.1727,0.3333,3.0,10.0,1.0,,0.5517,0.4483,0.136891,0.258288,0.53,6.316,4.344,0.377008,0.372925,1.0109,1.4632,5.3182,363.6,272.7,1.0,1,1
SIM0343,FDM,fdm_strut,staggered,44,,0.5,0.125,0.25,4.0,10.0,1.0,,0.5579,0.4421,0.123162,0.234519,0.5252,6.82,4.913,0.348679,0.368782,0.9455,1.5999,7.2066,272.7,257.1,1.0,1,1
SIM0344,FDM,fdm_strut,staggered,44,,0.4,0.1006,0.2,5.0,14.0,1.0,,0.5579,0.4421,0.130146,0.237124,0.5489,6.4,4.932,0.338726,0.356707,0.9496,1.6469,8.9318,203.3,181.8,1.0,1,1
SIM0345,FDM,fdm_strut,staggered,44,,0.6666666666666666,0.1705,0.3333,3.0,12.0,1.0,,0.5599,0.4401,0.126636,0.254827,0.497,6.608,4.34,0.38664,0.381319,1.014,1.4482,5.3884,363.6,272.7,1.0,1,1
SIM0346,FDM,fdm_strut,staggered,44,,0.6666666666666666,0.1638,0.3333,3.0,12.0,1.0,,0.5661,0.4339,0.103097,0.213237,0.4835,7.683,5.326,0.355765,0.341508,1.0417,1.5913,5.719,327.8,272.7,1.0,1,1
SIM0347,FDM,fdm_strut,staggered,44,,0.5,0.1241,0.25,4.0,12.0,1.0,,0.5661,0.4339,0.121523,0.230274,0.5277,6.859,5.01,0.355902,0.369393,0.9635,1.5907,7.2066,272.7,203.3,1.0,1,1
SIM0348,FDM,fdm_strut,staggered,44,,0.5,0.1234,0.25,4.0,14.0,1.0,,0.5661,0.4339,0.121523,0.230274,0.5277,6.859,5.01,0.355902,0.369393,0.9635,1.5907,7.2066,272.7,203.3,1.0,1,1
SIM0349,FDM,fdm_strut,staggered,44,,0.5,0.1229,0.25,4.0,16.0,1.0,,0.5661,0.4339,0.121523,0.230274,0.5277,6.859,5.01,0.355902,0.369393,0.9635,1.5907,7.2066,272.7,203.3,1.0,1,1
SIM0350,FDM,fdm_strut,staggered,44,,0.4,0.098,0.2,5.0,16.0,1.0,,0.5661,0.4339,0.124626,0.239871,0.5196,6.642,4.891,0.325098,0.343456,0.9465,1.7414,9.1736,203.3,181.8,1.0,1,1
SIM0351,FDM,fdm_strut,staggered,44,,0.3333333333333333,0.0831,0.1667,6.0,16.0,1.0,,0.5744,0.4256,0.131533,0.252108,0.5217,6.321,4.705,0.338426,0.383148,0.8833,1.6972,10.0496,181.8,181.8,1.0,1,1
SIM0352,FDM,fdm_strut,staggered,44,,1.0,0.2457,0.5,2.0,8.0,1.0,,0.5785,0.4215,0.106377,0.259846,0.4094,7.823,4.199,0.411511,0.421849,0.9755,1.4058,3.4463,530.1,385.7,1.0,1,1
SIM0353,FDM,fdm_strut,staggered,44,,1.0,0.2259,0.5,2.0,8.0,1.0,,0.5868,0.4132,0.08706,0.217735,0.3998,8.845,5.256,0.39556,0.387869,1.0198,1.4834,3.7025,489.6,363.6,1.0,1,1
SIM0354,FDM,fdm_strut,staggered,44,,0.6666666666666666,0.1562,0.3333,3.0,8.0,1.0,,0.5868,0.4132,0.094214,0.203647,0.4626,8.165,5.504,0.393311,0.351333,1.1195,1.4919,5.4298,363.6,272.7,1.0,1,1
SIM0355,FDM,fdm_strut,staggered,44,,0.6666666666666666,0.1568,0.3333,3.0,10.0,1.0,,0.5868,0.4132,0.094214,0.203647,0.4626,8.165,5.504,0.393311,0.351333,1.1195,1.4919,5.4298,363.6,272.7,1.0,1,1
SIM0356,FDM,fdm_strut,staggered,44,,0.6666666666666666,0.1572,0.3333,3.0,12.0,1.0,,0.5868,0.4132,0.094214,0.203647,0.4626,8.165,5.504,0.393311,0.351333,1.1195,1.4919,5.4298,363.6,272.7,1.0,1,1
SIM0357,FDM,fdm_strut,staggered,44,,0.4,0.095,0.2,5.0,14.0,1.0,,0.5888,0.4112,0.11127,0.225588,0.4932,7.281,5.152,0.365675,0.366472,0.9978,1.6103,8.8099,203.3,181.8,1.0,1,1
SIM0358,FDM,fdm_strut,staggered,44,,1.0,0.2358,0.5,2.0,8.0,1.0,,0.595,0.405,0.094625,0.246276,0.3842,8.219,4.42,0.423298,0.431275,0.9815,1.4057,3.6033,530.1,363.6,1.0,1,1
SIM0359,FDM,fdm_strut,staggered,44,,0.4,0.093,0.2,5.0,16.0,1.0,,0.595,0.405,0.10716,0.220777,0.4854,7.383,5.244,0.376988,0.370718,1.0169,1.5784,8.9215,203.3,181.8,1.0,1,1
SIM0360,FDM,fdm_strut,staggered,44,,0.3333333333333333,0.0781,0.1667,6.0,16.0,1.0,,0.595,0.405,0.108753,0.234704,0.4634,7.075,5.086,0.340248,0.414374,0.8211,1.7488,10.6942,181.8,181.8,1.0,1,1
SIM0361,FDM,fdm_strut,staggered,44,,1.0,0.2159,0.5,2.0,8.0,1.0,,0.6033,0.3967,0.07281,0.206696,0.3523,9.866,5.467,0.412853,0.410083,1.0068,1.4613,3.8347,489.6,363.6,1.0,1,1
SIM0362,FDM,fdm_strut,staggered,44,,0.6666666666666666,0.1518,0.3333,3.0,14.0,1.0,,0.6033,0.3967,0.084074,0.193984,0.4334,8.71,5.729,0.405239,0.374235,1.0828,1.4888,5.5682,363.6,257.1,1.0,1,1
SIM0363,FDM,fdm_strut,staggered,44,,0.6666666666666666,0.1461,0.3333,3.0,14.0,1.0,,0.6074,0.3926,0.070222,0.227498,0.3087,9.728,5.001,0.386404,0.442659,0.8729,1.572,5.8099,363.6,257.1,1.0,1,1
SIM0364,FDM,fdm_strut,staggered,44,,0.4,0.0893,0.2,5.0,14.0,1.0,,0.6074,0.3926,0.089408,0.211346,0.423,8.298,5.539,0.362984,0.392991,0.9236,1.6735,9.2149,203.3,181.8,1.0,1,1
SIM0365,FDM,fdm_strut,staggered,44,,0.4,0.0881,0.2,5.0,16.0,1.0,,0.6074,0.3926,0.089408,0.211346,0.423,8.298,5.539,0.362984,0.392991,0.9236,1.6735,9.2149,203.3,181.8,1.0,1,1
SIM0366,FDM,fdm_strut,staggered,44,,0.6666666666666666,0.1506,0.3333,3.0,12.0,1.0,,0.6116,0.3884,0.07947,0.189347,0.4197,9.092,5.86,0.413784,0.378319,1.0937,1.478,5.6178,363.6,257.1,1.0,1,1
SIM0367,FDM,fdm_strut,staggered,44,,0.6666666666666666,0.1489,0.3333,3.0,10.0,1.0,,0.6157,0.3843,0.074374,0.188375,0.3948,9.411,5.834,0.4197,0.385907,1.0876,1.467,5.6839,363.6,257.1,1.0,1,1
SIM0368,FDM,fdm_strut,staggered,44,,1.0,0.2125,0.5,2.0,10.0,1.0,,0.6198,0.3802,0.063223,0.197304,0.3204,10.677,5.622,0.432902,0.426072,1.016,1.4318,3.9835,489.6,327.8,1.0,1,1
SIM0369,FDM,fdm_strut,staggered,44,,0.6666666666666666,0.1439,0.3333,3.0,12.0,1.0,,0.6219,0.3781,0.066728,0.216886,0.3077,10.204,5.249,0.413085,0.456117,0.9057,1.5055,5.4711,363.6,257.1,1.0,1,1
SIM0370,FDM,fdm_strut,staggered,44,,0.5,0.1042,0.25,4.0,12.0,1.0,,0.624,0.376,0.070253,0.201034,0.3495,9.816,5.787,0.388625,0.420196,0.9249,1.6056,7.2438,272.7,181.8,1.0,1,1
SIM0371,FDM,fdm_strut,staggered,44,,0.5,0.1063,0.25,4.0,14.0,1.0,,0.624,0.376,0.070253,0.201034,0.3495,9.816,5.787,0.388625,0.420196,0.9249,1.6056,7.2438,272.7,181.8,1.0,1,1
SIM0372,FDM,fdm_strut,staggered,44,,0.5,0.103,0.25,4.0,16.0,1.0,,0.624,0.376,0.070253,0.201034,0.3495,9.816,5.787,0.388625,0.420196,0.9249,1.6056,7.2438,272.7,181.8,1.0,1,1
SIM0373,FDM,fdm_strut,staggered,44,,0.5,0.108,0.25,4.0,16.0,1.0,,0.624,0.376,0.070253,0.201034,0.3495,9.816,5.787,0.388625,0.420196,0.9249,1.6056,7.2438,272.7,181.8,1.0,1,1
SIM0374,FDM,fdm_strut,staggered,44,,0.6666666666666666,0.1409,0.3333,3.0,10.0,1.0,,0.6302,0.3698,0.063324,0.211757,0.299,10.514,5.341,0.420829,0.463178,0.9086,1.4974,5.5331,363.6,257.1,1.0,1,1
SIM0375,FDM,fdm_strut,staggered,44,,0.6666666666666666,0.1404,0.3333,3.0,14.0,1.0,,0.6302,0.3698,0.063324,0.211757,0.299,10.514,5.341,0.420829,0.463178,0.9086,1.4974,5.5331,363.6,257.1,1.0,1,1
SIM0376,FDM,fdm_strut,staggered,44,,0.4,0.0831,0.2,5.0,16.0,1.0,,0.6343,0.3657,0.069416,0.212338,0.3269,9.638,5.457,0.38581,0.44796,0.8613,1.6441,9.1446,203.3,181.8,1.0,1,1
SIM0377,FDM,fdm_strut,staggered,44,,1.0,0.206,0.5,2.0,8.0,1.0,,0.6364,0.3636,0.061518,0.188949,0.3256,11.295,5.901,0.447054,0.434815,1.0281,1.4235,3.9835,530.1,327.8,1.0,1,1
SIM0378,FDM,fdm_strut,staggered,44,,0.5,0.1108,0.25,4.0,12.0,1.0,,0.6364,0.3636,0.073661,0.207484,0.355,9.459,5.482,0.427302,0.456026,0.937,1.4893,7.2438,272.7,181.8,1.0,1,1
SIM0379,FDM,fdm_strut,staggered,44,,0.5,0.112,0.25,4.0,14.0,1.0,,0.6364,0.3636,0.073661,0.207484,0.355,9.459,5.482,0.427302,0.456026,0.937,1.4893,7.2438,272.7,181.8,1.0,1,1
SIM0380,FDM,fdm_strut,staggered,44,,0.5,0.1129,0.25,4.0,16.0,1.0,,0.6364,0.3636,0.073661,0.207484,0.355,9.459,5.482,0.427302,0.456026,0.937,1.4893,7.2438,272.7,181.8,1.0,1,1
SIM0381,FDM,fdm_strut,staggered,44,,0.6666666666666666,0.1373,0.3333,3.0,12.0,1.0,,0.6384,0.3616,0.059466,0.206873,0.2875,10.858,5.416,0.429838,0.471934,0.9108,1.4853,5.5909,363.6,257.1,1.0,1,1
SIM0382,FDM,fdm_strut,staggered,44,,0.6666666666666666,0.1347,0.3333,3.0,14.0,1.0,,0.6467,0.3533,0.054061,0.201536,0.2682,11.328,5.509,0.431899,0.483636,0.893,1.4973,5.6777,363.6,257.1,1.0,1,1
SIM0383,FDM,fdm_strut,staggered,44,,0.5,0.098,0.25,4.0,16.0,1.0,,0.6467,0.3533,0.052136,0.191973,0.2716,11.611,5.951,0.401374,0.445623,0.9007,1.6112,7.8926,272.7,181.8,1.0,1,1
SIM0384,FDM,fdm_strut,staggered,44,,0.6666666666666666,0.133,0.3333,3.0,10.0,1.0,,0.6488,0.3512,0.053777,0.201517,0.2669,11.418,5.508,0.432755,0.484481,0.8932,1.4991,5.6777,363.6,257.1,1.0,1,1
SIM0385,FDM,fdm_strut,staggered,44,,0.6666666666666666,0.1307,0.3333,3.0,12.0,1.0,,0.6529,0.3471,0.04638,0.18254,0.2541,12.873,6.226,0.424615,0.465791,0.9116,1.5376,5.8368,363.6,203.3,1.0,1,1
SIM0386,FDM,fdm_strut,staggered,44,,0.6666666666666666,0.1328,0.3333,3.0,16.0,1.0,,0.6529,0.3471,0.051726,0.197101,0.2624,11.749,5.624,0.44238,0.489931,0.9029,1.4759,5.7066,363.6,257.1,1.0,1,1
SIM0387,FDM,fdm_strut,staggered,44,,0.6666666666666666,0.1291,0.3333,3.0,14.0,1.0,,0.657,0.343,0.04621,0.180452,0.2561,12.982,6.303,0.434726,0.471535,0.9219,1.5114,5.655,363.6,203.3,1.0,1,1
SIM0388,FDM,fdm_strut,staggered,44,,0.5,0.1006,0.25,4.0,14.0,1.0,,0.657,0.343,0.047236,0.179343,0.2634,12.556,6.276,0.431601,0.472839,0.9128,1.5223,7.7066,272.7,181.8,1.0,1,1
SIM0389,FDM,fdm_strut,staggered,44,,1.0,0.196,0.5,2.0,8.0,1.0,,0.6612,0.3388,0.052217,0.174694,0.2989,12.143,6.242,0.492328,0.459198,1.0721,1.3429,3.5372,545.5,327.8,1.0,1,1
SIM0390,FDM,fdm_strut,staggered,44,,1.0,0.1886,0.5,2.0,10.0,1.0,,0.6612,0.3388,0.03846,0.192611,0.1997,14.538,5.719,0.469857,0.507504,0.9258,1.4071,3.7769,515.1,287.5,1.0,1,1
SIM0391,FDM,fdm_strut,staggered,44,,1.0,0.1966,0.5,2.0,10.0,1.0,,0.6612,0.3388,0.052217,0.174694,0.2989,12.143,6.242,0.492328,0.459198,1.0721,1.3429,3.5372,545.5,327.8,1.0,1,1
SIM0392,FDM,fdm_strut,staggered,44,,1.0,0.2045,0.5,2.0,10.0,1.0,,0.6612,0.3388,0.052217,0.174694,0.2989,12.143,6.242,0.492328,0.459198,1.0721,1.3429,3.5372,545.5,327.8,1.0,1,1
SIM0393,FDM,fdm_strut,staggered,44,,1.0,0.1861,0.5,2.0,8.0,1.0,,0.6653,0.3347,0.03572,0.187934,0.1901,15.027,5.848,0.478739,0.513785,0.9318,1.3897,3.8264,530.1,287.5,1.0,1,1
SIM0394,FDM,fdm_strut,staggered,44,,0.6666666666666666,0.1278,0.3333,3.0,16.0,1.0,,0.6653,0.3347,0.044035,0.175645,0.2507,13.329,6.452,0.451688,0.478216,0.9445,1.4729,5.5227,363.6,203.3,1.0,1,1
SIM0395,FDM,fdm_strut,staggered,44,,0.4,0.0781,0.2,5.0,16.0,1.0,,0.6653,0.3347,0.047129,0.189608,0.2486,12.108,6.078,0.409845,0.496886,0.8248,1.6233,9.436,203.3,128.6,1.0,1,1
SIM0396,FDM,fdm_strut,staggered,44,,0.5,0.095,0.25,4.0,14.0,1.0,,0.6674,0.3326,0.043081,0.173948,0.2477,13.062,6.538,0.415035,0.475572,0.8727,1.6079,8.0909,272.7,181.8,1.0,1,1
SIM0397,FDM,fdm_strut,staggered,44,,1.0,0.1807,0.5,2.0,10.0,1.0,,0.6736,0.3264,0.034821,0.187809,0.1854,15.39,5.847,0.482867,0.517935,0.9323,1.3949,3.8264,530.1,287.5,1.0,1,1
SIM0398,FDM,fdm_strut,staggered,44,,0.6666666666666666,0.125,0.3333,3.0,10.0,1.0,,0.6736,0.3264,0.040042,0.170515,0.2348,13.985,6.603,0.46211,0.489568,0.9439,1.4576,5.6529,363.6,203.3,1.0,1,1
SIM0399,FDM,fdm_strut,staggered,44,,0.5,0.093,0.25,4.0,16.0,1.0,,0.6756,0.3244,0.040891,0.17321,0.2361,13.62,6.508,0.421204,0.486075,0.8665,1.604,8.157,272.7,181.8,1.0,1,1
SIM0400,FDM,fdm_strut,staggered,44,,0.6666666666666666,0.1241,0.3333,3.0,12.0,1.0,,0.6777,0.3223,0.039589,0.16841,0.2351,14.106,6.694,0.465177,0.49252,0.9445,1.4568,5.6529,363.6,203.3,1.0,1,1
SIM0401,FDM,fdm_strut,staggered,44,,0.6666666666666666,0.1234,0.3333,3.0,14.0,1.0,,0.6777,0.3223,0.039589,0.16841,0.2351,14.106,6.694,0.465177,0.49252,0.9445,1.4568,5.6529,363.6,203.3,1.0,1,1
SIM0402,FDM,fdm_strut,staggered,44,,0.6666666666666666,0.1229,0.3333,3.0,16.0,1.0,,0.6777,0.3223,0.039589,0.16841,0.2351,14.106,6.694,0.465177,0.49252,0.9445,1.4568,5.6529,363.6,203.3,1.0,1,1
SIM0403,FDM,fdm_strut,staggered,44,,1.0,0.1761,0.5,2.0,8.0,1.0,,0.6818,0.3182,0.030913,0.18278,0.1691,16.597,5.962,0.493364,0.531866,0.9276,1.382,3.876,530.1,287.5,1.0,1,1
SIM0404,FDM,fdm_strut,staggered,44,,1.0,0.1771,0.5,2.0,12.0,1.0,,0.6818,0.3182,0.030913,0.18278,0.1691,16.597,5.962,0.493364,0.531866,0.9276,1.382,3.876,530.1,287.5,1.0,1,1
SIM0405,FDM,fdm_strut,staggered,44,,0.6666666666666666,0.1174,0.3333,3.0,12.0,1.0,,0.6818,0.3182,0.029977,0.18084,0.1658,15.858,6.133,0.446449,0.517622,0.8625,1.5272,5.9835,363.6,181.8,1.0,1,1
SIM0406,FDM,fdm_strut,staggered,44,,0.6666666666666666,0.1177,0.3333,3.0,14.0,1.0,,0.6818,0.3182,0.029977,0.18084,0.1658,15.858,6.133,0.446449,0.517622,0.8625,1.5272,5.9835,363.6,181.8,1.0,1,1
SIM0407,FDM,fdm_strut,staggered,44,,0.6666666666666666,0.1179,0.3333,3.0,16.0,1.0,,0.6818,0.3182,0.029977,0.18084,0.1658,15.858,6.133,0.446449,0.517622,0.8625,1.5272,5.9835,363.6,181.8,1.0,1,1
SIM0408,FDM,fdm_strut,staggered,44,,1.0,0.1727,0.5,2.0,10.0,1.0,,0.6942,0.3058,0.028761,0.177544,0.162,17.486,6.091,0.500399,0.546801,0.9151,1.3873,3.9256,530.1,272.7,1.0,1,1
SIM0409,FDM,fdm_strut,staggered,44,,1.0,0.1705,0.5,2.0,12.0,1.0,,0.6983,0.3017,0.028652,0.173398,0.1652,17.567,6.239,0.506098,0.551892,0.917,1.3799,3.9256,530.1,272.7,1.0,1,1
SIM0410,FDM,fdm_strut,staggered,44,,1.0,0.1662,0.5,2.0,8.0,1.0,,0.7025,0.2975,0.019156,0.145216,0.1319,22.071,7.524,0.473345,0.518448,0.913,1.4841,4.2149,489.6,272.7,1.0,1,1
SIM0411,FDM,fdm_strut,staggered,44,,1.0,0.1648,0.5,2.0,10.0,1.0,,0.7025,0.2975,0.019156,0.145216,0.1319,22.071,7.524,0.473345,0.518448,0.913,1.4841,4.2149,489.6,272.7,1.0,1,1
SIM0412,FDM,fdm_strut,staggered,44,,1.0,0.1638,0.5,2.0,12.0,1.0,,0.7025,0.2975,0.019156,0.145216,0.1319,22.071,7.524,0.473345,0.518448,0.913,1.4841,4.2149,489.6,272.7,1.0,1,1
SIM0413,FDM,fdm_strut,staggered,44,,0.6666666666666666,0.1108,0.3333,3.0,12.0,1.0,,0.7045,0.2955,0.028468,0.168316,0.1691,17.396,6.626,0.481463,0.545891,0.882,1.4633,5.4835,363.6,181.8,1.0,1,1
SIM0414,FDM,fdm_strut,staggered,44,,0.6666666666666666,0.112,0.3333,3.0,14.0,1.0,,0.7045,0.2955,0.028468,0.168316,0.1691,17.396,6.626,0.481463,0.545891,0.882,1.4633,5.4835,363.6,181.8,1.0,1,1
SIM0415,FDM,fdm_strut,staggered,44,,0.6666666666666666,0.1129,0.3333,3.0,16.0,1.0,,0.7045,0.2955,0.028468,0.168316,0.1691,17.396,6.626,0.481463,0.545891,0.882,1.4633,5.4835,363.6,181.8,1.0,1,1
SIM0416,FDM,fdm_strut,staggered,44,,0.5,0.0831,0.25,4.0,16.0,1.0,,0.7066,0.2934,0.027488,0.17017,0.1615,16.68,6.718,0.468532,0.529798,0.8844,1.5081,7.3182,272.7,181.8,1.0,1,1
SIM0417,FDM,fdm_strut,staggered,44,,0.5,0.0893,0.25,4.0,14.0,1.0,,0.7107,0.2893,0.031213,0.152643,0.2045,16.199,7.439,0.490732,0.52894,0.9278,1.4483,7.1322,272.7,181.8,1.0,1,1
SIM0418,FDM,fdm_strut,staggered,44,,0.5,0.0881,0.25,4.0,16.0,1.0,,0.7107,0.2893,0.031213,0.152643,0.2045,16.199,7.439,0.490732,0.52894,0.9278,1.4483,7.1322,272.7,181.8,1.0,1,1
SIM0419,FDM,fdm_strut,staggered,44,,0.6666666666666666,0.1042,0.3333,3.0,12.0,1.0,,0.7149,0.2851,0.018499,0.149158,0.124,22.515,7.52,0.4829,0.548952,0.8797,1.4804,5.8264,363.6,181.8,1.0,1,1
SIM0420,FDM,fdm_strut,staggered,44,,0.6666666666666666,0.1063,0.3333,3.0,14.0,1.0,,0.7149,0.2851,0.018499,0.149158,0.124,22.515,7.52,0.4829,0.548952,0.8797,1.4804,5.8264,363.6,181.8,1.0,1,1
SIM0421,FDM,fdm_strut,staggered,44,,0.6666666666666666,0.108,0.3333,3.0,16.0,1.0,,0.7149,0.2851,0.018499,0.149158,0.124,22.515,7.52,0.4829,0.548952,0.8797,1.4804,5.8264,363.6,181.8,1.0,1,1
SIM0422,FDM,fdm_strut,staggered,44,,0.5,0.0781,0.25,4.0,16.0,1.0,,0.7273,0.2727,0.017847,0.163881,0.1089,21.596,6.745,0.491798,0.567736,0.8662,1.4788,7.9545,272.7,128.6,1.0,1,1
SIM0423,FDM,fdm_strut,staggered,44,,0.6666666666666666,0.103,0.3333,3.0,16.0,1.0,,0.7314,0.2686,0.017025,0.14014,0.1215,23.515,7.938,0.498739,0.563413,0.8852,1.4665,5.9401,363.6,181.8,1.0,1,1
SIM0424,FDM,fdm_strut,staggered,44,,1.0,0.1562,0.5,2.0,8.0,1.0,,0.7355,0.2645,0.018094,0.128582,0.1407,24.279,8.545,0.549858,0.542782,1.013,1.3377,3.4876,545.5,272.7,1.0,1,1
SIM0425,FDM,fdm_strut,staggered,44,,1.0,0.1568,0.5,2.0,10.0,1.0,,0.7355,0.2645,0.018094,0.128582,0.1407,24.279,8.545,0.549858,0.542782,1.013,1.3377,3.4876,545.5,272.7,1.0,1,1
SIM0426,FDM,fdm_strut,staggered,44,,1.0,0.1572,0.5,2.0,12.0,1.0,,0.7355,0.2645,0.018094,0.128582,0.1407,24.279,8.545,0.549858,0.542782,1.013,1.3377,3.4876,545.5,272.7,1.0,1,1
SIM0427,FDM,fdm_strut,staggered,44,,0.6666666666666666,0.1006,0.3333,3.0,14.0,1.0,,0.7397,0.2603,0.014842,0.135067,0.1099,26.06,8.16,0.50871,0.582749,0.8729,1.454,6.0393,363.6,181.8,1.0,1,1
SIM0428,FDM,fdm_strut,staggered,44,,1.0,0.1461,0.5,2.0,14.0,1.0,,0.7438,0.2562,0.010966,0.145058,0.0756,30.905,7.551,0.537413,0.616223,0.8721,1.384,3.7851,463.5,257.1,1.0,1,1
SIM0429,FDM,fdm_strut,staggered,44,,0.6666666666666666,0.098,0.3333,3.0,16.0,1.0,,0.7459,0.2541,0.0142,0.135956,0.1044,25.624,8.186,0.517291,0.592295,0.8734,1.4419,5.624,363.6,181.8,1.0,1,1
SIM0430,FDM,fdm_strut,staggered,44,,1.0,0.1439,0.5,2.0,12.0,1.0,,0.7479,0.2521,0.010931,0.140908,0.0776,31.057,7.787,0.537413,0.621501,0.8647,1.3917,3.876,463.5,257.1,1.0,1,1
SIM0431,FDM,fdm_strut,staggered,44,,1.0,0.1489,0.5,2.0,10.0,1.0,,0.7521,0.2479,0.013718,0.118686,0.1156,27.755,8.984,0.571481,0.569284,1.0039,1.316,3.7025,545.5,257.1,1.0,1,1
SIM0432,FDM,fdm_strut,staggered,44,,1.0,0.1409,0.5,2.0,10.0,1.0,,0.7521,0.2479,0.010514,0.140203,0.075,32.011,7.736,0.539527,0.629635,0.8569,1.3939,3.9091,463.5,257.1,1.0,1,1
SIM0433,FDM,fdm_strut,staggered,44,,1.0,0.1506,0.5,2.0,12.0,1.0,,0.7521,0.2479,0.013718,0.118686,0.1156,27.755,8.984,0.571481,0.569284,1.0039,1.316,3.7025,545.5,257.1,1.0,1,1
SIM0434,FDM,fdm_strut,staggered,44,,1.0,0.1518,0.5,2.0,14.0,1.0,,0.7521,0.2479,0.013718,0.118686,0.1156,27.755,8.984,0.571481,0.569284,1.0039,1.316,3.7025,545.5,257.1,1.0,1,1
SIM0435,FDM,fdm_strut,staggered,44,,1.0,0.1404,0.5,2.0,14.0,1.0,,0.7521,0.2479,0.010514,0.140203,0.075,32.011,7.736,0.539527,0.629635,0.8569,1.3939,3.9091,463.5,257.1,1.0,1,1
SIM0436,FDM,fdm_strut,staggered,44,,0.6666666666666666,0.095,0.3333,3.0,14.0,1.0,,0.7521,0.2479,0.012884,0.131224,0.0982,27.695,8.428,0.523289,0.601705,0.8697,1.4372,5.6901,363.6,181.8,1.0,1,1
SIM0437,FDM,fdm_strut,staggered,44,,1.0,0.1373,0.5,2.0,12.0,1.0,,0.7562,0.2438,0.009699,0.135791,0.0714,33.549,7.974,0.544815,0.636826,0.8555,1.388,3.9421,463.5,257.1,1.0,1,1
SIM0438,FDM,fdm_strut,staggered,44,,0.6666666666666666,0.093,0.3333,3.0,16.0,1.0,,0.7562,0.2438,0.012155,0.128789,0.0944,29.065,8.55,0.528855,0.607552,0.8705,1.4299,5.7314,363.6,181.8,1.0,1,1
SIM0439,FDM,fdm_strut,staggered,44,,1.0,0.133,0.5,2.0,10.0,1.0,,0.7603,0.2397,0.008993,0.135203,0.0665,35.324,7.844,0.551021,0.643924,0.8557,1.3799,3.9752,463.5,257.1,1.0,1,1
SIM0440,FDM,fdm_strut,staggered,44,,1.0,0.1307,0.5,2.0,12.0,1.0,,0.7603,0.2397,0.006688,0.123674,0.0541,40.814,8.785,0.552022,0.626903,0.8806,1.3774,4.1818,454.5,203.3,1.0,1,1
SIM0441,FDM,fdm_strut,staggered,44,,1.0,0.1291,0.5,2.0,14.0,1.0,,0.7603,0.2397,0.006688,0.123674,0.0541,40.814,8.785,0.552022,0.626903,0.8806,1.3774,4.1818,454.5,203.3,1.0,1,1
SIM0442,FDM,fdm_strut,staggered,44,,1.0,0.1347,0.5,2.0,14.0,1.0,,0.7603,0.2397,0.008993,0.135203,0.0665,35.324,7.844,0.551021,0.643924,0.8557,1.3799,3.9752,463.5,257.1,1.0,1,1
SIM0443,FDM,fdm_strut,staggered,44,,1.0,0.1328,0.5,2.0,16.0,1.0,,0.7603,0.2397,0.008993,0.135203,0.0665,35.324,7.844,0.551021,0.643924,0.8557,1.3799,3.9752,463.5,257.1,1.0,1,1
SIM0444,FDM,fdm_strut,staggered,44,,0.6666666666666666,0.0893,0.3333,3.0,14.0,1.0,,0.7603,0.2397,0.009518,0.125046,0.0761,32.183,8.884,0.532346,0.613296,0.868,1.4283,5.969,327.8,181.8,1.0,1,1
SIM0445,FDM,fdm_strut,staggered,44,,0.6666666666666666,0.0881,0.3333,3.0,16.0,1.0,,0.7645,0.2355,0.009167,0.122646,0.0747,33.304,9.032,0.537659,0.619077,0.8685,1.4218,6.0021,327.8,181.8,1.0,1,1
SIM0446,FDM,fdm_strut,staggered,44,,1.0,0.125,0.5,2.0,10.0,1.0,,0.7686,0.2314,0.006006,0.118674,0.0506,45.458,8.986,0.567957,0.637065,0.8915,1.3533,4.2479,454.5,203.3,1.0,1,1
SIM0447,FDM,fdm_strut,staggered,44,,1.0,0.1278,0.5,2.0,16.0,1.0,,0.7686,0.2314,0.006006,0.118674,0.0506,45.458,8.986,0.567957,0.637065,0.8915,1.3533,4.2479,454.5,203.3,1.0,1,1
SIM0448,FDM,fdm_strut,staggered,44,,1.0,0.1174,0.5,2.0,12.0,1.0,,0.7727,0.2273,0.004336,0.12718,0.0341,56.667,8.364,0.550643,0.670769,0.8209,1.4033,4.4876,406.6,203.3,1.0,1,1
SIM0449,FDM,fdm_strut,staggered,44,,1.0,0.1177,0.5,2.0,14.0,1.0,,0.7727,0.2273,0.004336,0.12718,0.0341,56.667,8.364,0.550643,0.670769,0.8209,1.4033,4.4876,406.6,203.3,1.0,1,1
SIM0450,FDM,fdm_strut,staggered,44,,1.0,0.1179,0.5,2.0,16.0,1.0,,0.7727,0.2273,0.004336,0.12718,0.0341,56.667,8.364,0.550643,0.670769,0.8209,1.4033,4.4876,406.6,203.3,1.0,1,1
SIM0451,FDM,fdm_strut,staggered,44,,1.0,0.1241,0.5,2.0,12.0,1.0,,0.7769,0.2231,0.005827,0.114504,0.0509,46.9,9.328,0.576916,0.646546,0.8923,1.3466,4.2479,454.5,203.3,1.0,1,1
SIM0452,FDM,fdm_strut,staggered,44,,1.0,0.1234,0.5,2.0,14.0,1.0,,0.7769,0.2231,0.005827,0.114504,0.0509,46.9,9.328,0.576916,0.646546,0.8923,1.3466,4.2479,454.5,203.3,1.0,1,1
SIM0453,FDM,fdm_strut,staggered,44,,1.0,0.1229,0.5,2.0,16.0,1.0,,0.7769,0.2231,0.005827,0.114504,0.0509,46.9,9.328,0.576916,0.646546,0.8923,1.3466,4.2479,454.5,203.3,1.0,1,1
SIM0454,FDM,fdm_strut,staggered,44,,0.6666666666666666,0.0831,0.3333,3.0,16.0,1.0,,0.7872,0.2128,0.006265,0.120358,0.052,41.33,9.135,0.585642,0.658432,0.8894,1.3442,5.6033,287.5,181.8,1.0,1,1
SIM0455,FDM,fdm_strut,staggered,44,,0.6666666666666666,0.0781,0.3333,3.0,16.0,1.0,,0.7975,0.2025,0.004501,0.111885,0.0402,50.317,9.896,0.580525,0.680637,0.8529,1.3738,5.9008,287.5,181.8,1.0,1,1
SIM0456,FDM,fdm_strut,staggered,44,,1.0,0.1042,0.5,2.0,12.0,1.0,,0.8182,0.1818,0.00262,0.09415,0.0278,77.778,11.484,0.646611,0.695767,0.9294,1.2653,3.6364,454.5,181.8,1.0,1,1
SIM0457,FDM,fdm_strut,staggered,44,,1.0,0.1108,0.5,2.0,12.0,1.0,,0.8182,0.1818,0.003858,0.102233,0.0377,64.027,10.574,0.659658,0.707683,0.9321,1.2403,3.4876,454.5,181.8,1.0,1,1
SIM0458,FDM,fdm_strut,staggered,44,,1.0,0.1063,0.5,2.0,14.0,1.0,,0.8182,0.1818,0.00262,0.09415,0.0278,77.778,11.484,0.646611,0.695767,0.9294,1.2653,3.6364,454.5,181.8,1.0,1,1
SIM0459,FDM,fdm_strut,staggered,44,,1.0,0.112,0.5,2.0,14.0,1.0,,0.8182,0.1818,0.003858,0.102233,0.0377,64.027,10.574,0.659658,0.707683,0.9321,1.2403,3.4876,454.5,181.8,1.0,1,1
SIM0460,FDM,fdm_strut,staggered,44,,1.0,0.103,0.5,2.0,16.0,1.0,,0.8182,0.1818,0.00262,0.09415,0.0278,77.778,11.484,0.646611,0.695767,0.9294,1.2653,3.6364,454.5,181.8,1.0,1,1
SIM0461,FDM,fdm_strut,staggered,44,,1.0,0.108,0.5,2.0,16.0,1.0,,0.8182,0.1818,0.00262,0.09415,0.0278,77.778,11.484,0.646611,0.695767,0.9294,1.2653,3.6364,454.5,181.8,1.0,1,1
SIM0462,FDM,fdm_strut,staggered,44,,1.0,0.1129,0.5,2.0,16.0,1.0,,0.8182,0.1818,0.003858,0.102233,0.0377,64.027,10.574,0.659658,0.707683,0.9321,1.2403,3.4876,454.5,181.8,1.0,1,1
SIM0463,FDM,fdm_strut,staggered,44,,1.0,0.098,0.5,2.0,16.0,1.0,,0.8264,0.1736,0.001943,0.093608,0.0208,91.772,11.528,0.647856,0.724342,0.8944,1.2757,3.8512,406.6,181.8,1.0,1,1
SIM0464,FDM,fdm_strut,staggered,44,,1.0,0.095,0.5,2.0,14.0,1.0,,0.8306,0.1694,0.001791,0.089226,0.0201,96.505,12.084,0.653141,0.72936,0.8955,1.2717,3.8843,406.6,181.8,1.0,1,1
SIM0465,FDM,fdm_strut,staggered,44,,1.0,0.0893,0.5,2.0,14.0,1.0,,0.8347,0.1653,0.001241,0.085193,0.0146,112.843,12.66,0.650222,0.731672,0.8887,1.2837,4.0661,406.6,181.8,1.0,1,1
SIM0466,FDM,fdm_strut,staggered,44,,1.0,0.1006,0.5,2.0,14.0,1.0,,0.8347,0.1653,0.001888,0.084685,0.0223,102.158,12.548,0.675644,0.725536,0.9312,1.2354,3.7686,454.5,181.8,1.0,1,1
SIM0467,FDM,fdm_strut,staggered,44,,1.0,0.0881,0.5,2.0,16.0,1.0,,0.8347,0.1653,0.001241,0.085193,0.0146,112.843,12.66,0.650222,0.731672,0.8887,1.2837,4.0661,406.6,181.8,1.0,1,1
SIM0468,FDM,fdm_strut,staggered,44,,1.0,0.093,0.5,2.0,16.0,1.0,,0.8347,0.1653,0.00166,0.088904,0.0187,103.966,11.961,0.659569,0.736479,0.8956,1.2655,3.9174,406.6,181.8,1.0,1,1
SIM0469,FDM,fdm_strut,staggered,44,,1.0,0.0831,0.5,2.0,16.0,1.0,,0.843,0.157,0.000821,0.088993,0.0092,146.098,12.012,0.650158,0.759445,0.8561,1.2966,4.281,406.6,181.8,1.0,1,1
SIM0470,FDM,fdm_strut,staggered,44,,1.0,0.0781,0.5,2.0,16.0,1.0,,0.8595,0.1405,0.000538,0.076256,0.0071,188.944,13.998,0.665278,0.783064,0.8496,1.2919,4.595,385.7,128.6,1.0,1,1
SIM0471,TPMS,diamond,network,32,2.0,1.0,,,,,,0.2,0.1641,0.8359,0.670102,0.670102,1.0,1.936,1.936,0.037184,0.037184,1.0,4.4121,5.0156,250.0,515.4,1.0,1,1
SIM0472,TPMS,diamond,network,32,1.0,2.0,,,,,,0.2,0.2002,0.7998,0.568316,0.568316,1.0,2.31,2.31,0.066581,0.066581,1.0,3.0068,2.3672,433.0,976.3,0.9996,1,1
SIM0473,TPMS,diamond,network,32,1.0,2.0,,,,,,0.2164,0.2148,0.7852,0.541828,0.541828,1.0,2.405,2.405,0.078344,0.078344,1.0,2.7423,2.3672,433.0,976.3,0.9996,1,1
SIM0474,TPMS,diamond,network,32,1.0,2.0,,,,,,0.2327,0.2324,0.7676,0.50143,0.50143,1.0,2.542,2.542,0.089923,0.089923,1.0,2.5847,2.5664,450.7,943.7,0.9997,1,1
SIM0475,TPMS,diamond,network,32,2.0,1.0,,,,,,0.2327,0.2344,0.7656,0.497314,0.497314,1.0,2.595,2.595,0.075924,0.075924,1.0,3.087,5.0625,216.5,500.0,1.0,1,1
SIM0476,TPMS,diamond,network,32,2.0,1.0,,,,,,0.2491,0.2344,0.7656,0.497314,0.497314,1.0,2.595,2.595,0.075924,0.075924,1.0,3.087,5.0625,216.5,500.0,1.0,1,1
SIM0477,TPMS,diamond,network,32,2.0,1.0,,,,,,0.2164,0.2344,0.7656,0.497314,0.497314,1.0,2.595,2.595,0.075924,0.075924,1.0,3.087,5.0625,216.5,500.0,1.0,1,1
SIM0478,TPMS,diamond,network,32,1.0,2.0,,,,,,0.2491,0.25,0.75,0.477929,0.477929,1.0,2.667,2.667,0.10145,0.10145,1.0,2.4643,2.543,467.7,918.6,0.9998,1,1
SIM0479,TPMS,diamond,network,32,2.0,1.0,,,,,,0.2655,0.2656,0.7344,0.454885,0.454885,1.0,2.765,2.765,0.101597,0.101597,1.0,2.6145,5.1094,279.5,467.7,1.0,1,1
SIM0480,TPMS,diamond,network,32,2.0,1.0,,,,,,0.2818,0.2656,0.7344,0.454885,0.454885,1.0,2.765,2.765,0.101597,0.101597,1.0,2.6145,5.1094,279.5,467.7,1.0,1,1
SIM0481,TPMS,diamond,network,32,2.0,1.0,,,,,,0.2982,0.2656,0.7344,0.454885,0.454885,1.0,2.765,2.765,0.101597,0.101597,1.0,2.6145,5.1094,279.5,467.7,1.0,1,1
SIM0482,TPMS,diamond,network,32,1.0,2.0,,,,,,0.2655,0.2676,0.7324,0.456261,0.456261,1.0,2.815,2.815,0.112235,0.112235,1.0,2.3841,2.543,515.4,918.6,0.9998,1,1
SIM0483,TPMS,diamond,network,32,1.0,2.0,,,,,,0.2818,0.2793,0.7207,0.434974,0.434974,1.0,2.911,2.911,0.120877,0.120877,1.0,2.3106,2.6367,515.4,901.4,0.9998,1,1
SIM0484,TPMS,diamond,network,32,1.0,2.0,,,,,,0.2982,0.2998,0.7002,0.405165,0.405165,1.0,3.089,3.089,0.134831,0.134831,1.0,2.2236,2.6836,515.4,883.9,0.9998,1,1
SIM0485,TPMS,diamond,network,32,1.0,2.0,,,,,,0.3145,0.3174,0.6826,0.387155,0.387155,1.0,3.208,3.208,0.149352,0.149352,1.0,2.1251,2.6484,572.8,838.5,1.0,1,1
SIM0486,TPMS,diamond,network,32,1.0,2.0,,,,,,0.3309,0.332,0.668,0.361767,0.361767,1.0,3.377,3.377,0.162831,0.162831,1.0,2.0391,2.8359,572.8,847.8,1.0,1,1
SIM0487,TPMS,diamond,network,32,1.0,2.0,,,,,,0.3473,0.3496,0.6504,0.33782,0.33782,1.0,3.552,3.552,0.17165,0.17165,1.0,2.0368,2.8125,572.8,866.0,1.0,1,1
SIM0488,TPMS,diamond,network,32,2.0,1.0,,,,,,0.3145,0.3594,0.6406,0.329588,0.329588,1.0,3.394,3.394,0.158668,0.158668,1.0,2.2649,5.8594,306.2,414.6,1.0,1,1
SIM0489,TPMS,diamond,network,32,2.0,1.0,,,,,,0.3309,0.3594,0.6406,0.329588,0.329588,1.0,3.394,3.394,0.158668,0.158668,1.0,2.2649,5.8594,306.2,414.6,1.0,1,1
SIM0490,TPMS,diamond,network,32,2.0,1.0,,,,,,0.3473,0.3594,0.6406,0.329588,0.329588,1.0,3.394,3.394,0.158668,0.158668,1.0,2.2649,5.8594,306.2,414.6,1.0,1,1
SIM0491,TPMS,diamond,network,32,1.0,2.0,,,,,,0.3636,0.3613,0.6387,0.324215,0.324215,1.0,3.69,3.69,0.187008,0.187008,1.0,1.9322,2.8359,572.8,838.5,1.0,1,1
SIM0492,TPMS,diamond,network,32,1.0,2.0,,,,,,0.38,0.3818,0.6182,0.298966,0.298966,1.0,3.897,3.897,0.197858,0.197858,1.0,1.9298,2.8828,586.3,800.4,1.0,1,1
SIM0493,TPMS,diamond,network,32,2.0,1.0,,,,,,0.38,0.3828,0.6172,0.295976,0.295976,1.0,3.744,3.744,0.170939,0.170939,1.0,2.2395,5.8594,306.2,395.3,1.0,1,1
SIM0494,TPMS,diamond,network,32,2.0,1.0,,,,,,0.3964,0.3828,0.6172,0.295976,0.295976,1.0,3.744,3.744,0.170939,0.170939,1.0,2.2395,5.8594,306.2,395.3,1.0,1,1
SIM0495,TPMS,diamond,network,32,2.0,1.0,,,,,,0.3636,0.3828,0.6172,0.295976,0.295976,1.0,3.744,3.744,0.170939,0.170939,1.0,2.2395,5.8594,306.2,395.3,1.0,1,1
SIM0496,TPMS,diamond,network,32,1.0,2.0,,,,,,0.3964,0.3975,0.6025,0.284754,0.284754,1.0,4.049,4.049,0.21059,0.21059,1.0,1.8874,2.8477,625.0,800.4,1.0,1,1
SIM0497,TPMS,diamond,network,32,1.0,2.0,,,,,,0.4127,0.4121,0.5879,0.270295,0.270295,1.0,4.259,4.259,0.223125,0.223125,1.0,1.847,2.8242,637.4,800.4,1.0,1,1
SIM0498,TPMS,diamond,network,32,2.0,1.0,,,,,,0.4127,0.4168,0.5832,0.252049,0.252371,0.9987,4.178,4.181,0.201531,0.200932,1.003,2.0684,5.9531,306.2,395.3,1.0,1,1
SIM0499,TPMS,diamond,network,32,1.0,2.0,,,,,,0.4291,0.4297,0.5703,0.249821,0.249821,1.0,4.513,4.513,0.231474,0.231474,1.0,1.8563,2.918,637.4,790.6,1.0,1,1
SIM0500,TPMS,diamond,network,32,2.0,1.0,,,,,,0.4291,0.4297,0.5703,0.23245,0.23245,1.0,4.348,4.348,0.219574,0.219574,1.0,1.9569,5.9531,306.2,395.3,1.0,1,1
SIM0501,TPMS,diamond,network,32,2.0,1.0,,,,,,0.4455,0.4297,0.5703,0.23245,0.23245,1.0,4.348,4.348,0.219574,0.219574,1.0,1.9569,5.9531,306.2,395.3,1.0,1,1
SIM0502,TPMS,diamond,network,32,1.0,2.0,,,,,,0.4455,0.4443,0.5557,0.235383,0.235383,1.0,4.739,4.739,0.247939,0.247939,1.0,1.7921,2.9414,649.5,770.6,1.0,1,1
SIM0503,TPMS,diamond,network,32,2.0,1.0,,,,,,0.4618,0.4531,0.5469,0.217259,0.217259,1.0,4.618,4.618,0.238237,0.238237,1.0,1.902,5.9062,353.6,375.0,1.0,1,1
SIM0504,TPMS,diamond,network,32,2.0,1.0,,,,,,0.4782,0.4531,0.5469,0.217259,0.217259,1.0,4.618,4.618,0.238237,0.238237,1.0,1.902,5.9062,353.6,375.0,1.0,1,1
SIM0505,TPMS,diamond,network,32,2.0,1.0,,,,,,0.4945,0.4531,0.5469,0.217259,0.217259,1.0,4.618,4.618,0.238237,0.238237,1.0,1.902,5.9062,353.6,375.0,1.0,1,1
SIM0506,TPMS,diamond,network,32,1.0,2.0,,,,,,0.4618,0.4648,0.5352,0.208966,0.208966,1.0,5.051,5.051,0.25407,0.25407,1.0,1.8296,2.9766,673.1,718.1,1.0,1,1
SIM0507,TPMS,diamond,network,32,1.0,2.0,,,,,,0.4782,0.4766,0.5234,0.201247,0.201247,1.0,5.234,5.234,0.273639,0.273639,1.0,1.7416,2.9531,684.7,718.1,1.0,1,1
SIM0508,TPMS,diamond,network,32,1.0,2.0,,,,,,0.4945,0.4941,0.5059,0.189425,0.189425,1.0,5.518,5.518,0.289574,0.289574,1.0,1.7064,2.9062,718.1,718.1,1.0,1,1
SIM0509,TPMS,diamond,network,32,1.0,2.0,,,,,,0.5109,0.5117,0.4883,0.175296,0.175296,1.0,5.856,5.856,0.298086,0.298086,1.0,1.7167,2.9297,718.1,718.1,1.0,1,1
SIM0510,TPMS,diamond,network,32,1.0,2.0,,,,,,0.5273,0.5293,0.4707,0.162893,0.162893,1.0,6.189,6.189,0.314528,0.314528,1.0,1.6828,2.9531,718.1,673.1,1.0,1,1
SIM0511,TPMS,diamond,network,32,1.0,2.0,,,,,,0.5436,0.5439,0.4561,0.148168,0.148168,1.0,6.544,6.544,0.338514,0.338514,1.0,1.6069,2.9883,727.2,649.5,1.0,1,1
SIM0512,TPMS,diamond,network,32,2.0,1.0,,,,,,0.5109,0.5469,0.4531,0.151179,0.151179,1.0,6.018,6.018,0.317305,0.317305,1.0,1.7235,5.9062,375.0,353.6,1.0,1,1
SIM0513,TPMS,diamond,network,32,2.0,1.0,,,,,,0.5436,0.5469,0.4531,0.151179,0.151179,1.0,6.018,6.018,0.317305,0.317305,1.0,1.7235,5.9062,375.0,353.6,1.0,1,1
SIM0514,TPMS,diamond,network,32,2.0,1.0,,,,,,0.5273,0.5469,0.4531,0.151179,0.151179,1.0,6.018,6.018,0.317305,0.317305,1.0,1.7235,5.9062,375.0,353.6,1.0,1,1
SIM0515,TPMS,diamond,network,32,1.0,2.0,,,,,,0.56,0.5586,0.4414,0.136809,0.136809,1.0,6.876,6.876,0.3598,0.3598,1.0,1.5525,2.9414,770.6,649.5,1.0,1,1
SIM0516,TPMS,diamond,network,32,2.0,1.0,,,,,,0.56,0.5703,0.4297,0.136663,0.136663,1.0,6.295,6.295,0.340706,0.340706,1.0,1.6739,5.9531,395.3,306.2,1.0,1,1
SIM0517,TPMS,diamond,network,32,1.0,2.0,,,,,,0.5764,0.5762,0.4238,0.125727,0.125727,1.0,7.43,7.43,0.369887,0.369887,1.0,1.5577,2.918,790.6,637.4,1.0,1,1
SIM0518,TPMS,diamond,network,32,2.0,1.0,,,,,,0.5764,0.5825,0.4175,0.125648,0.125665,0.9999,6.789,6.78,0.349988,0.346951,1.0088,1.6642,5.9531,395.3,306.2,1.0,1,1
SIM0519,TPMS,diamond,network,32,1.0,2.0,,,,,,0.5927,0.5908,0.4092,0.118174,0.118174,1.0,7.939,7.939,0.405695,0.405695,1.0,1.4563,2.8242,800.4,637.4,1.0,1,1
SIM0520,TPMS,diamond,network,32,2.0,1.0,,,,,,0.5927,0.5938,0.4062,0.115756,0.115756,1.0,7.182,7.182,0.360659,0.360659,1.0,1.6463,5.9531,395.3,306.2,1.0,1,1
SIM0521,TPMS,diamond,network,32,1.0,2.0,,,,,,0.6091,0.6113,0.3887,0.105962,0.105962,1.0,8.534,8.534,0.426309,0.426309,1.0,1.434,2.8711,800.4,612.4,1.0,1,1
SIM0522,TPMS,diamond,network,32,2.0,1.0,,,,,,0.6255,0.6172,0.3828,0.106757,0.106757,1.0,7.612,7.612,0.379174,0.379174,1.0,1.6277,5.8594,395.3,306.2,1.0,1,1
SIM0523,TPMS,diamond,network,32,2.0,1.0,,,,,,0.6091,0.6172,0.3828,0.106757,0.106757,1.0,7.612,7.612,0.379174,0.379174,1.0,1.6277,5.8594,395.3,306.2,1.0,1,1
SIM0524,TPMS,diamond,network,32,1.0,2.0,,,,,,0.6255,0.627,0.373,0.096459,0.096459,1.0,9.026,9.026,0.426868,0.426868,1.0,1.4687,2.8594,810.1,572.8,1.0,1,1
SIM0525,TPMS,diamond,network,32,2.0,1.0,,,,,,0.6418,0.6406,0.3594,0.083134,0.083134,1.0,8.249,8.249,0.422302,0.422302,1.0,1.517,5.8594,414.6,306.2,1.0,1,1
SIM0526,TPMS,diamond,network,32,2.0,1.0,,,,,,0.6745,0.6406,0.3594,0.083134,0.083134,1.0,8.249,8.249,0.422302,0.422302,1.0,1.517,5.8594,414.6,306.2,1.0,1,1
SIM0527,TPMS,diamond,network,32,2.0,1.0,,,,,,0.6582,0.6406,0.3594,0.083134,0.083134,1.0,8.249,8.249,0.422302,0.422302,1.0,1.517,5.8594,414.6,306.2,1.0,1,1
SIM0528,TPMS,diamond,network,32,1.0,2.0,,,,,,0.6418,0.6445,0.3555,0.087152,0.087152,1.0,9.795,9.795,0.448843,0.448843,1.0,1.436,2.8359,838.5,572.8,1.0,1,1
SIM0529,TPMS,diamond,network,32,1.0,2.0,,,,,,0.6582,0.6562,0.3438,0.08146,0.08146,1.0,10.412,10.412,0.45652,0.45652,1.0,1.4375,2.8125,838.5,572.8,1.0,1,1
SIM0530,TPMS,diamond,network,32,1.0,2.0,,,,,,0.6745,0.6768,0.3232,0.069592,0.069592,1.0,11.656,11.656,0.492858,0.492858,1.0,1.3731,2.8359,847.8,559.0,1.0,1,1
SIM0531,TPMS,diamond,network,32,1.0,2.0,,,,,,0.6909,0.6914,0.3086,0.063307,0.063307,1.0,12.345,12.345,0.510399,0.510399,1.0,1.3546,2.6602,866.0,544.9,1.0,1,1
SIM0532,TPMS,diamond,network,32,1.0,2.0,,,,,,0.7073,0.7061,0.2939,0.056937,0.056937,1.0,13.234,13.234,0.524224,0.524224,1.0,1.3469,2.6602,883.9,515.4,1.0,1,1
SIM0533,TPMS,diamond,network,32,1.0,2.0,,,,,,0.7236,0.7207,0.2793,0.051074,0.051074,1.0,14.324,14.324,0.547764,0.547764,1.0,1.3157,2.6367,901.4,515.4,1.0,1,1
SIM0534,TPMS,diamond,network,32,2.0,1.0,,,,,,0.6909,0.7344,0.2656,0.04852,0.04852,1.0,13.353,13.353,0.554369,0.554369,1.0,1.3247,5.1094,467.7,279.5,1.0,1,1
SIM0535,TPMS,diamond,network,32,2.0,1.0,,,,,,0.7073,0.7344,0.2656,0.04852,0.04852,1.0,13.353,13.353,0.554369,0.554369,1.0,1.3247,5.1094,467.7,279.5,1.0,1,1
SIM0536,TPMS,diamond,network,32,2.0,1.0,,,,,,0.74,0.7344,0.2656,0.04852,0.04852,1.0,13.353,13.353,0.554369,0.554369,1.0,1.3247,5.1094,467.7,279.5,1.0,1,1
SIM0537,TPMS,diamond,network,32,2.0,1.0,,,,,,0.7236,0.7344,0.2656,0.04852,0.04852,1.0,13.353,13.353,0.554369,0.554369,1.0,1.3247,5.1094,467.7,279.5,1.0,1,1
SIM0538,TPMS,diamond,network,32,1.0,2.0,,,,,,0.74,0.7383,0.2617,0.044699,0.044699,1.0,16.414,16.414,0.570226,0.570226,1.0,1.2947,2.5664,918.6,515.4,1.0,1,1
SIM0539,TPMS,diamond,network,32,1.0,2.0,,,,,,0.7564,0.7529,0.2471,0.039075,0.039075,1.0,18.152,18.152,0.585322,0.585322,1.0,1.2864,2.543,918.6,467.7,1.0,1,1
SIM0540,TPMS,diamond,network,32,2.0,1.0,,,,,,0.7564,0.7656,0.2344,0.038453,0.038453,1.0,16.985,16.985,0.58821,0.58821,1.0,1.3016,5.0625,500.0,216.5,1.0,1,1
SIM0541,TPMS,diamond,network,32,2.0,1.0,,,,,,0.7727,0.7656,0.2344,0.038453,0.038453,1.0,16.985,16.985,0.58821,0.58821,1.0,1.3016,5.0625,500.0,216.5,1.0,1,1
SIM0542,TPMS,diamond,network,32,1.0,2.0,,,,,,0.7727,0.7734,0.2266,0.031707,0.031707,1.0,20.641,20.641,0.620145,0.620145,1.0,1.2472,2.543,960.1,450.7,1.0,1,1
SIM0543,TPMS,diamond,network,32,2.0,1.0,,,,,,0.7891,0.7891,0.2109,0.029619,0.029619,1.0,19.676,19.676,0.606648,0.606648,1.0,1.3007,5.0156,515.4,279.5,0.9861,1,1
SIM0544,TPMS,diamond,network,32,1.0,2.0,,,,,,0.7891,0.791,0.209,0.025924,0.025924,1.0,23.925,23.925,0.639988,0.639988,1.0,1.236,2.3438,984.3,433.0,1.0,1,1
SIM0545,TPMS,diamond,network,32,1.0,2.0,,,,,,0.8055,0.8027,0.1973,0.022542,0.022542,1.0,26.355,26.355,0.654156,0.654156,1.0,1.2271,2.3555,976.3,433.0,1.0,1,1
SIM0546,TPMS,diamond,network,32,1.0,2.0,,,,,,0.8218,0.8203,0.1797,0.017519,0.017519,1.0,33.565,33.565,0.68548,0.68548,1.0,1.1967,2.1445,1015.5,414.6,1.0,1,1
SIM0547,TPMS,diamond,network,32,1.0,2.0,,,,,,0.8382,0.8359,0.1641,0.01494,0.01494,1.0,38.41,38.41,0.702104,0.702104,1.0,1.1906,2.168,1045.8,375.0,1.0,1,1
SIM0548,TPMS,diamond,network,32,2.0,1.0,,,,,,0.8055,0.8359,0.1641,0.013979,0.013979,1.0,38.691,38.691,0.656518,0.656518,1.0,1.2733,5.0156,515.4,250.0,0.9777,1,1
SIM0549,TPMS,diamond,network,32,2.0,1.0,,,,,,0.8218,0.8359,0.1641,0.013979,0.013979,1.0,38.691,38.691,0.656518,0.656518,1.0,1.2733,5.0156,515.4,250.0,0.9777,1,1
SIM0550,TPMS,diamond,network,32,2.0,1.0,,,,,,0.8382,0.8359,0.1641,0.013979,0.013979,1.0,38.691,38.691,0.656518,0.656518,1.0,1.2733,5.0156,515.4,250.0,0.9777,1,1
SIM0551,TPMS,diamond,network,32,2.0,1.0,,,,,,0.8545,0.8359,0.1641,0.013979,0.013979,1.0,38.691,38.691,0.656518,0.656518,1.0,1.2733,5.0156,515.4,250.0,0.9777,1,1
SIM0552,TPMS,diamond,network,32,1.0,2.0,,,,,,0.8545,0.8535,0.1465,0.010452,0.010452,1.0,51.636,51.636,0.732603,0.732603,1.0,1.165,2.0273,1075.3,375.0,1.0,1,1
SIM0553,TPMS,diamond,network,32,2.0,1.0,,,,,,0.8709,0.8594,0.1406,0.006225,0.006225,1.0,58.268,58.268,0.739789,0.739789,1.0,1.1616,3.4688,515.4,250.0,0.9948,1,1
SIM0554,TPMS,diamond,network,32,1.0,2.0,,,,,,0.8709,0.8711,0.1289,0.005782,0.005782,1.0,74.529,74.529,0.757543,0.757543,1.0,1.1499,2.0156,1082.5,375.0,0.9716,1,1
SIM0555,TPMS,diamond,network,32,2.0,1.0,,,,,,0.9036,0.8828,0.1172,0.005491,0.005491,1.0,65.065,65.065,0.767932,0.767932,1.0,1.1496,3.5625,572.8,216.5,0.9938,1,1
SIM0556,TPMS,diamond,network,32,2.0,1.0,,,,,,0.8873,0.8828,0.1172,0.005491,0.005491,1.0,65.065,65.065,0.767932,0.767932,1.0,1.1496,3.5625,572.8,216.5,0.9938,1,1
SIM0557,TPMS,diamond,network,32,1.0,2.0,,,,,,0.8873,0.8857,0.1143,0.003032,0.003032,1.0,118.38,118.38,0.793231,0.793231,1.0,1.1166,1.5703,1125.0,375.0,0.9872,1,1
SIM0558,TPMS,diamond,network,32,1.0,2.0,,,,,,0.9036,0.9033,0.0967,0.001566,0.001566,1.0,146.5,146.5,0.823701,0.823701,1.0,1.0967,1.4062,1172.6,375.0,0.9962,1,1
SIM0559,TPMS,diamond,network,32,1.0,2.0,,,,,,0.92,0.9209,0.0791,0.000297,0.000297,1.0,178.359,178.359,0.853748,0.853748,1.0,1.0787,1.3711,1479.0,353.6,0.1235,1,1
SIM0560,TPMS,diamond,network,32,2.0,1.0,,,,,,0.92,0.9297,0.0703,0.000141,0.000141,1.0,201.117,201.117,0.847153,0.847153,1.0,1.0974,2.8594,625.0,176.8,0.0139,1,1
SIM0561,TPMS,diamond,sheet,32,1.0,2.0,,,,,,0.2,0.1992,0.8008,0.628604,0.628604,1.0,1.994,1.994,0.01788,0.01788,1.0,11.1421,3.2109,375.0,530.3,0.9976,1,1
SIM0562,TPMS,diamond,sheet,32,1.0,2.0,,,,,,0.2164,0.2168,0.7832,0.596367,0.596367,1.0,2.1,2.1,0.032276,0.032276,1.0,6.717,3.1875,375.0,515.4,0.9977,1,1
SIM0563,TPMS,diamond,sheet,32,1.0,2.0,,,,,,0.2327,0.2344,0.7656,0.578531,0.578531,1.0,2.164,2.164,0.034327,0.034327,1.0,6.8276,3.5391,375.0,515.4,0.9982,1,1
SIM0564,TPMS,diamond,sheet,32,2.0,1.0,,,,,,0.2,0.2344,0.7656,0.576929,0.576929,1.0,2.273,2.273,0.04407,0.04407,1.0,5.3182,7.125,216.5,279.5,0.9997,1,1
SIM0565,TPMS,diamond,sheet,32,2.0,1.0,,,,,,0.2491,0.2344,0.7656,0.576929,0.576929,1.0,2.273,2.273,0.04407,0.04407,1.0,5.3182,7.125,216.5,279.5,0.9997,1,1
SIM0566,TPMS,diamond,sheet,32,2.0,1.0,,,,,,0.2164,0.2344,0.7656,0.576929,0.576929,1.0,2.273,2.273,0.04407,0.04407,1.0,5.3182,7.125,216.5,279.5,0.9997,1,1
SIM0567,TPMS,diamond,sheet,32,2.0,1.0,,,,,,0.2327,0.2344,0.7656,0.576929,0.576929,1.0,2.273,2.273,0.04407,0.04407,1.0,5.3182,7.125,216.5,279.5,0.9997,1,1
SIM0568,TPMS,diamond,sheet,32,2.0,1.0,,,,,,0.2655,0.2344,0.7656,0.576929,0.576929,1.0,2.273,2.273,0.04407,0.04407,1.0,5.3182,7.125,216.5,279.5,0.9997,1,1
SIM0569,TPMS,diamond,sheet,32,1.0,2.0,,,,,,0.2491,0.2461,0.7539,0.553557,0.553557,1.0,2.251,2.251,0.03766,0.03766,1.0,6.5347,3.5859,375.0,467.7,0.9981,1,1
SIM0570,TPMS,diamond,sheet,32,1.0,2.0,,,,,,0.2655,0.2637,0.7363,0.530706,0.530706,1.0,2.349,2.349,0.044353,0.044353,1.0,5.9448,3.9844,375.0,467.7,0.9983,1,1
SIM0571,TPMS,diamond,sheet,32,1.0,2.0,,,,,,0.2818,0.2812,0.7188,0.495283,0.495283,1.0,2.527,2.527,0.064798,0.064798,1.0,4.3404,4.0547,375.0,450.7,0.9983,1,1
SIM0572,TPMS,diamond,sheet,32,2.0,1.0,,,,,,0.2818,0.2812,0.7188,0.542363,0.542363,1.0,2.236,2.236,0.05598,0.05598,1.0,5.0241,6.9375,250.0,250.0,0.9999,1,1
SIM0573,TPMS,diamond,sheet,32,2.0,1.0,,,,,,0.2982,0.2812,0.7188,0.542363,0.542363,1.0,2.236,2.236,0.05598,0.05598,1.0,5.0241,6.9375,250.0,250.0,0.9999,1,1
SIM0574,TPMS,diamond,sheet,32,2.0,1.0,,,,,,0.3145,0.2812,0.7188,0.542363,0.542363,1.0,2.236,2.236,0.05598,0.05598,1.0,5.0241,6.9375,250.0,250.0,0.9999,1,1
SIM0575,TPMS,diamond,sheet,32,1.0,2.0,,,,,,0.2982,0.3047,0.6953,0.469606,0.469606,1.0,2.706,2.706,0.078067,0.078067,1.0,3.9029,4.1016,375.0,414.6,0.9982,1,1
SIM0576,TPMS,diamond,sheet,32,1.0,2.0,,,,,,0.3145,0.3164,0.6836,0.448967,0.448967,1.0,2.795,2.795,0.089301,0.089301,1.0,3.5431,4.2891,375.0,414.6,0.9982,1,1
SIM0577,TPMS,diamond,sheet,32,1.0,2.0,,,,,,0.3309,0.3301,0.6699,0.43608,0.43608,1.0,2.887,2.887,0.096838,0.096838,1.0,3.4086,4.3359,375.0,395.3,0.9983,1,1
SIM0578,TPMS,diamond,sheet,32,1.0,2.0,,,,,,0.3473,0.3477,0.6523,0.424405,0.424405,1.0,2.954,2.954,0.099679,0.099679,1.0,3.4877,4.2891,414.6,395.3,0.9988,1,1
SIM0579,TPMS,diamond,sheet,32,1.0,2.0,,,,,,0.3636,0.3594,0.6406,0.414876,0.414876,1.0,3.027,3.027,0.107545,0.107545,1.0,3.3416,4.2891,414.6,395.3,0.999,1,1
SIM0580,TPMS,diamond,sheet,32,1.0,2.0,,,,,,0.38,0.3711,0.6289,0.404688,0.404688,1.0,3.097,3.097,0.11638,0.11638,1.0,3.1886,4.2891,433.0,375.0,0.999,1,1
SIM0581,TPMS,diamond,sheet,32,1.0,2.0,,,,,,0.3964,0.3945,0.6055,0.374273,0.374273,1.0,3.269,3.269,0.130327,0.130327,1.0,3.0272,4.7109,433.0,375.0,0.999,1,1
SIM0582,TPMS,diamond,sheet,32,1.0,2.0,,,,,,0.4127,0.4121,0.5879,0.358297,0.358297,1.0,3.366,3.366,0.140404,0.140404,1.0,2.9352,4.6875,433.0,375.0,0.999,1,1
SIM0583,TPMS,diamond,sheet,32,2.0,1.0,,,,,,0.3964,0.4219,0.5781,0.346601,0.346601,1.0,3.305,3.305,0.102837,0.102837,1.0,4.1024,10.0312,279.5,176.8,0.9999,1,1
SIM0584,TPMS,diamond,sheet,32,2.0,1.0,,,,,,0.38,0.4219,0.5781,0.346601,0.346601,1.0,3.305,3.305,0.102837,0.102837,1.0,4.1024,10.0312,279.5,176.8,0.9999,1,1
SIM0585,TPMS,diamond,sheet,32,2.0,1.0,,,,,,0.4291,0.4219,0.5781,0.346601,0.346601,1.0,3.305,3.305,0.102837,0.102837,1.0,4.1024,10.0312,279.5,176.8,0.9999,1,1
SIM0586,TPMS,diamond,sheet,32,2.0,1.0,,,,,,0.4127,0.4219,0.5781,0.346601,0.346601,1.0,3.305,3.305,0.102837,0.102837,1.0,4.1024,10.0312,279.5,176.8,0.9999,1,1
SIM0587,TPMS,diamond,sheet,32,2.0,1.0,,,,,,0.4455,0.4219,0.5781,0.346601,0.346601,1.0,3.305,3.305,0.102837,0.102837,1.0,4.1024,10.0312,279.5,176.8,0.9999,1,1
SIM0588,TPMS,diamond,sheet,32,2.0,1.0,,,,,,0.4618,0.4219,0.5781,0.346601,0.346601,1.0,3.305,3.305,0.102837,0.102837,1.0,4.1024,10.0312,279.5,176.8,0.9999,1,1
SIM0589,TPMS,diamond,sheet,32,1.0,2.0,,,,,,0.4291,0.4297,0.5703,0.338581,0.338581,1.0,3.595,3.595,0.157131,0.157131,1.0,2.7346,4.7344,433.0,353.6,0.9989,1,1
SIM0590,TPMS,diamond,sheet,32,1.0,2.0,,,,,,0.4455,0.4473,0.5527,0.309578,0.309578,1.0,3.899,3.899,0.163894,0.163894,1.0,2.729,5.1094,433.0,306.2,0.9989,1,1
SIM0591,TPMS,diamond,sheet,32,1.0,2.0,,,,,,0.4618,0.4648,0.5352,0.291841,0.291841,1.0,4.169,4.169,0.178296,0.178296,1.0,2.6072,5.1328,450.7,306.2,0.9992,1,1
SIM0592,TPMS,diamond,sheet,32,1.0,2.0,,,,,,0.4782,0.4824,0.5176,0.281302,0.281302,1.0,4.34,4.34,0.189086,0.189086,1.0,2.5513,5.0859,467.7,306.2,0.9995,1,1
SIM0593,TPMS,diamond,sheet,32,1.0,2.0,,,,,,0.4945,0.4941,0.5059,0.275241,0.275241,1.0,4.425,4.425,0.1963,0.1963,1.0,2.5173,5.0859,467.7,306.2,0.9995,1,1
SIM0594,TPMS,diamond,sheet,32,1.0,2.0,,,,,,0.5109,0.5117,0.4883,0.263772,0.263772,1.0,4.619,4.619,0.20746,0.20746,1.0,2.4666,5.1328,515.4,279.5,0.9995,1,1
SIM0595,TPMS,diamond,sheet,32,2.0,1.0,,,,,,0.4782,0.5156,0.4844,0.252086,0.252086,1.0,4.652,4.652,0.200243,0.200243,1.0,2.575,10.3125,279.5,176.8,0.9999,1,1
SIM0596,TPMS,diamond,sheet,32,2.0,1.0,,,,,,0.4945,0.5156,0.4844,0.252086,0.252086,1.0,4.652,4.652,0.200243,0.200243,1.0,2.575,10.3125,279.5,176.8,0.9999,1,1
SIM0597,TPMS,diamond,sheet,32,2.0,1.0,,,,,,0.5109,0.5156,0.4844,0.252086,0.252086,1.0,4.652,4.652,0.200243,0.200243,1.0,2.575,10.3125,279.5,176.8,0.9999,1,1
SIM0598,TPMS,diamond,sheet,32,2.0,1.0,,,,,,0.5436,0.5312,0.4688,0.248065,0.248065,1.0,4.703,4.703,0.204199,0.204199,1.0,2.6016,10.2188,279.5,176.8,1.0,1,1
SIM0599,TPMS,diamond,sheet,32,2.0,1.0,,,,,,0.56,0.5312,0.4688,0.248065,0.248065,1.0,4.703,4.703,0.204199,0.204199,1.0,2.6016,10.2188,279.5,176.8,1.0,1,1
SIM0600,TPMS,diamond,sheet,32,2.0,1.0,,,,,,0.5273,0.5312,0.4688,0.248065,0.248065,1.0,4.703,4.703,0.204199,0.204199,1.0,2.6016,10.2188,279.5,176.8,1.0,1,1
SIM0601,TPMS,diamond,sheet,32,2.0,1.0,,,,,,0.5764,0.5312,0.4688,0.248065,0.248065,1.0,4.703,4.703,0.204199,0.204199,1.0,2.6016,10.2188,279.5,176.8,1.0,1,1
SIM0602,TPMS,diamond,sheet,32,1.0,2.0,,,,,,0.5273,0.5352,0.4648,0.248463,0.248463,1.0,4.848,4.848,0.22176,0.22176,1.0,2.4132,5.0859,515.4,279.5,0.9995,1,1
SIM0603,TPMS,diamond,sheet,32,1.0,2.0,,,,,,0.5436,0.5469,0.4531,0.235424,0.235424,1.0,4.965,4.965,0.237641,0.237641,1.0,2.3013,5.2734,515.4,279.5,0.9995,1,1
SIM0604,TPMS,diamond,sheet,32,1.0,2.0,,,,,,0.56,0.5586,0.4414,0.224519,0.224519,1.0,5.192,5.192,0.242116,0.242116,1.0,2.3071,5.2734,515.4,279.5,0.9994,1,1
SIM0605,TPMS,diamond,sheet,32,1.0,2.0,,,,,,0.5764,0.582,0.418,0.209136,0.209136,1.0,5.52,5.52,0.257823,0.257823,1.0,2.2575,5.3203,515.4,279.5,0.9994,1,1
SIM0606,TPMS,diamond,sheet,32,1.0,2.0,,,,,,0.5927,0.5938,0.4062,0.199477,0.199477,1.0,5.784,5.784,0.265405,0.265405,1.0,2.2371,5.3203,515.4,250.0,0.9994,1,1
SIM0607,TPMS,diamond,sheet,32,1.0,2.0,,,,,,0.6091,0.6172,0.3828,0.190419,0.190419,1.0,6.016,6.016,0.298678,0.298678,1.0,2.0664,5.3203,544.9,250.0,0.9998,1,1
SIM0608,TPMS,diamond,sheet,32,1.0,2.0,,,,,,0.6255,0.623,0.377,0.188586,0.188586,1.0,6.072,6.072,0.289074,0.289074,1.0,2.1553,5.3438,559.0,250.0,0.9998,1,1
SIM0609,TPMS,diamond,sheet,32,2.0,1.0,,,,,,0.6255,0.625,0.375,0.204492,0.204492,1.0,5.553,5.553,0.261041,0.261041,1.0,2.3943,10.2188,306.2,125.0,1.0,1,1
SIM0610,TPMS,diamond,sheet,32,2.0,1.0,,,,,,0.6418,0.625,0.375,0.204492,0.204492,1.0,5.553,5.553,0.261041,0.261041,1.0,2.3943,10.2188,306.2,125.0,1.0,1,1
SIM0611,TPMS,diamond,sheet,32,2.0,1.0,,,,,,0.6582,0.625,0.375,0.204492,0.204492,1.0,5.553,5.553,0.261041,0.261041,1.0,2.3943,10.2188,306.2,125.0,1.0,1,1
SIM0612,TPMS,diamond,sheet,32,2.0,1.0,,,,,,0.6745,0.625,0.375,0.204492,0.204492,1.0,5.553,5.553,0.261041,0.261041,1.0,2.3943,10.2188,306.2,125.0,1.0,1,1
SIM0613,TPMS,diamond,sheet,32,1.0,2.0,,,,,,0.6418,0.6348,0.3652,0.183548,0.183548,1.0,6.213,6.213,0.299441,0.299441,1.0,2.1198,5.2969,572.8,250.0,0.9998,1,1
SIM0614,TPMS,diamond,sheet,32,1.0,2.0,,,,,,0.6582,0.6582,0.3418,0.159249,0.159249,1.0,7.118,7.118,0.322467,0.322467,1.0,2.0411,5.6719,572.8,216.5,0.9998,1,1
SIM0615,TPMS,diamond,sheet,32,1.0,2.0,,,,,,0.6745,0.6816,0.3184,0.141776,0.141776,1.0,7.842,7.842,0.334267,0.334267,1.0,2.0392,5.625,572.8,176.8,0.9998,1,1
SIM0616,TPMS,diamond,sheet,32,1.0,2.0,,,,,,0.6909,0.6992,0.3008,0.130545,0.130545,1.0,8.577,8.577,0.336054,0.336054,1.0,2.0807,5.625,572.8,176.8,0.9998,1,1
SIM0617,TPMS,diamond,sheet,32,1.0,2.0,,,,,,0.7073,0.7109,0.2891,0.123178,0.123178,1.0,8.931,8.931,0.345107,0.345107,1.0,2.06,5.6719,572.8,176.8,0.9998,1,1
SIM0618,TPMS,diamond,sheet,32,1.0,2.0,,,,,,0.7236,0.7227,0.2773,0.11562,0.11562,1.0,9.573,9.573,0.375779,0.375779,1.0,1.9231,5.6719,572.8,176.8,0.9998,1,1
SIM0619,TPMS,diamond,sheet,32,1.0,2.0,,,,,,0.74,0.7344,0.2656,0.1092,0.1092,1.0,10.124,10.124,0.378432,0.378432,1.0,1.9406,5.7188,572.8,176.8,0.9998,1,1
SIM0620,TPMS,diamond,sheet,32,1.0,2.0,,,,,,0.7564,0.752,0.248,0.099246,0.099246,1.0,10.981,10.981,0.379355,0.379355,1.0,1.9822,5.7656,572.8,176.8,0.9998,1,1
SIM0621,TPMS,diamond,sheet,32,2.0,1.0,,,,,,0.7236,0.7656,0.2344,0.089604,0.089604,1.0,10.255,10.255,0.347331,0.347331,1.0,2.2043,11.7188,306.2,125.0,0.0039,1,1
SIM0622,TPMS,diamond,sheet,32,2.0,1.0,,,,,,0.7564,0.7656,0.2344,0.089604,0.089604,1.0,10.255,10.255,0.347331,0.347331,1.0,2.2043,11.7188,306.2,125.0,0.0039,1,1
SIM0623,TPMS,diamond,sheet,32,2.0,1.0,,,,,,0.74,0.7656,0.2344,0.089604,0.089604,1.0,10.255,10.255,0.347331,0.347331,1.0,2.2043,11.7188,306.2,125.0,0.0039,1,1
SIM0624,TPMS,diamond,sheet,32,2.0,1.0,,,,,,0.7727,0.7656,0.2344,0.089604,0.089604,1.0,10.255,10.255,0.347331,0.347331,1.0,2.2043,11.7188,306.2,125.0,0.0039,1,1
SIM0625,TPMS,diamond,sheet,32,2.0,1.0,,,,,,0.7891,0.7656,0.2344,0.089604,0.089604,1.0,10.255,10.255,0.347331,0.347331,1.0,2.2043,11.7188,306.2,125.0,0.0039,1,1
SIM0626,TPMS,diamond,sheet,32,2.0,1.0,,,,,,0.8055,0.7656,0.2344,0.089604,0.089604,1.0,10.255,10.255,0.347331,0.347331,1.0,2.2043,11.7188,306.2,125.0,0.0039,1,1
SIM0627,TPMS,diamond,sheet,32,1.0,2.0,,,,,,0.7727,0.7773,0.2227,0.08989,0.08989,1.0,12.029,12.029,0.411603,0.411603,1.0,1.8886,5.7422,612.4,176.8,1.0,1,1
SIM0628,TPMS,diamond,sheet,32,1.0,2.0,,,,,,0.7891,0.7891,0.2109,0.087393,0.087393,1.0,12.409,12.409,0.418651,0.418651,1.0,1.8848,5.6953,625.0,176.8,1.0,1,1
SIM0629,TPMS,diamond,sheet,32,1.0,2.0,,,,,,0.8055,0.8066,0.1934,0.079033,0.079033,1.0,13.815,13.815,0.43171,0.43171,1.0,1.8685,5.6953,637.4,176.8,1.0,1,1
SIM0630,TPMS,diamond,sheet,32,2.0,1.0,,,,,,0.8218,0.8125,0.1875,0.073832,0.073832,1.0,12.452,12.452,0.376129,0.376129,1.0,2.1602,11.9062,306.2,125.0,0.0029,1,1
SIM0631,TPMS,diamond,sheet,32,1.0,2.0,,,,,,0.8218,0.8242,0.1758,0.071862,0.071862,1.0,14.924,14.924,0.444353,0.444353,1.0,1.8549,5.6484,637.4,125.0,1.0,1,1
SIM0632,TPMS,diamond,sheet,32,1.0,2.0,,,,,,0.8382,0.8359,0.1641,0.062077,0.062077,1.0,16.105,16.105,0.450162,0.450162,1.0,1.857,5.8359,637.4,125.0,1.0,1,1
SIM0633,TPMS,diamond,sheet,32,1.0,2.0,,,,,,0.8545,0.8594,0.1406,0.04773,0.04773,1.0,22.819,22.819,0.467609,0.467609,1.0,1.8378,5.8359,637.4,125.0,1.0,1,1
SIM0634,TPMS,diamond,sheet,32,2.0,1.0,,,,,,0.8382,0.8594,0.1406,0.027788,0.027788,1.0,19.618,19.618,0.579142,0.579142,1.0,1.4839,10.4062,306.2,125.0,0.0013,1,1
SIM0635,TPMS,diamond,sheet,32,2.0,1.0,,,,,,0.8545,0.8594,0.1406,0.027788,0.027788,1.0,19.618,19.618,0.579142,0.579142,1.0,1.4839,10.4062,306.2,125.0,0.0013,1,1
SIM0636,TPMS,diamond,sheet,32,1.0,2.0,,,,,,0.8709,0.8711,0.1289,0.043397,0.043397,1.0,25.386,25.386,0.477131,0.477131,1.0,1.8257,5.8359,649.5,125.0,1.0,1,1
SIM0637,TPMS,diamond,sheet,32,1.0,2.0,,,,,,0.8873,0.8887,0.1113,0.033805,0.033805,1.0,28.422,28.422,0.491768,0.491768,1.0,1.8071,5.8828,649.5,125.0,0.0164,1,1
SIM0638,TPMS,diamond,sheet,32,1.0,2.0,,,,,,0.9036,0.9062,0.0938,0.021178,0.021178,1.0,34.137,34.137,0.570128,0.570128,1.0,1.5896,5.7422,649.5,125.0,0.0176,1,1
SIM0639,TPMS,diamond,sheet,32,2.0,1.0,,,,,,0.8709,0.9062,0.0938,0.015011,0.015011,1.0,23.715,23.715,0.743372,0.743372,1.0,1.2191,7.5,353.6,125.0,0.0007,1,1
SIM0640,TPMS,diamond,sheet,32,2.0,1.0,,,,,,0.9036,0.9062,0.0938,0.015011,0.015011,1.0,23.715,23.715,0.743372,0.743372,1.0,1.2191,7.5,353.6,125.0,0.0007,1,1
SIM0641,TPMS,diamond,sheet,32,2.0,1.0,,,,,,0.92,0.9062,0.0938,0.015011,0.015011,1.0,23.715,23.715,0.743372,0.743372,1.0,1.2191,7.5,353.6,125.0,0.0007,1,1
SIM0642,TPMS,diamond,sheet,32,2.0,1.0,,,,,,0.8873,0.9062,0.0938,0.015011,0.015011,1.0,23.715,23.715,0.743372,0.743372,1.0,1.2191,7.5,353.6,125.0,0.0007,1,1
SIM0643,TPMS,diamond,sheet,32,1.0,2.0,,,,,,0.92,0.9297,0.0703,0.008977,0.008977,1.0,55.995,55.995,0.731844,0.731844,1.0,1.2703,5.0625,673.1,125.0,0.0182,1,1
SIM0644,TPMS,fischerKochS,network,32,2.0,1.0,,,,,,0.2,0.1992,0.8008,0.627728,0.627728,1.0,1.964,1.964,0.021865,0.021865,1.0,9.1113,6.5625,176.8,353.6,1.0,1,1
SIM0645,TPMS,fischerKochS,network,32,1.0,2.0,,,,,,0.2,0.2017,0.7983,0.586278,0.586278,1.0,2.084,2.084,0.067281,0.067281,1.0,2.9973,3.252,306.2,637.4,0.9997,1,1
SIM0646,TPMS,fischerKochS,network,32,1.0,2.0,,,,,,0.2164,0.2178,0.7822,0.558218,0.558218,1.0,2.173,2.173,0.074485,0.074485,1.0,2.9237,3.3574,353.6,637.4,0.9998,1,1
SIM0647,TPMS,fischerKochS,network,32,2.0,1.0,,,,,,0.2164,0.2227,0.7773,0.583505,0.583505,1.0,2.089,2.089,0.043333,0.043333,1.0,5.1382,6.9844,176.8,353.6,1.0,1,1
SIM0648,TPMS,fischerKochS,network,32,1.0,2.0,,,,,,0.2327,0.231,0.769,0.536875,0.536875,1.0,2.25,2.25,0.079305,0.079305,1.0,2.9123,3.4922,353.6,625.0,0.9998,1,1
SIM0649,TPMS,fischerKochS,network,32,2.0,1.0,,,,,,0.2327,0.2344,0.7656,0.547156,0.547156,1.0,2.204,2.204,0.051818,0.051818,1.0,4.5231,7.0078,176.8,353.6,1.0,1,1
SIM0650,TPMS,fischerKochS,network,32,1.0,2.0,,,,,,0.2491,0.2485,0.7515,0.507712,0.507712,1.0,2.358,2.358,0.087631,0.087631,1.0,2.8361,3.5508,353.6,612.4,0.9998,1,1
SIM0651,TPMS,fischerKochS,network,32,2.0,1.0,,,,,,0.2491,0.2578,0.7422,0.522551,0.522551,1.0,2.33,2.33,0.059145,0.059145,1.0,4.359,7.0312,176.8,306.2,1.0,1,1
SIM0652,TPMS,fischerKochS,network,32,1.0,2.0,,,,,,0.2655,0.2646,0.7354,0.480792,0.480792,1.0,2.491,2.491,0.098796,0.098796,1.0,2.6787,3.6504,353.6,612.4,0.9998,1,1
SIM0653,TPMS,fischerKochS,network,32,2.0,1.0,,,,,,0.2655,0.2656,0.7344,0.505954,0.505954,1.0,2.432,2.432,0.079307,0.079307,1.0,3.3493,7.0078,176.8,306.2,1.0,1,1
SIM0654,TPMS,fischerKochS,network,32,1.0,2.0,,,,,,0.2818,0.2822,0.7178,0.45701,0.45701,1.0,2.615,2.615,0.113561,0.113561,1.0,2.4852,3.7266,375.0,586.3,1.0,1,1
SIM0655,TPMS,fischerKochS,network,32,2.0,1.0,,,,,,0.2818,0.2891,0.7109,0.452108,0.452108,1.0,2.626,2.626,0.109115,0.109115,1.0,2.6491,7.3594,176.8,306.2,1.0,1,1
SIM0656,TPMS,fischerKochS,network,32,1.0,2.0,,,,,,0.2982,0.2969,0.7031,0.440043,0.440043,1.0,2.728,2.728,0.121434,0.121434,1.0,2.4447,3.7266,375.0,586.3,1.0,1,1
SIM0657,TPMS,fischerKochS,network,32,2.0,1.0,,,,,,0.2982,0.3008,0.6992,0.441105,0.441105,1.0,2.716,2.716,0.111623,0.111623,1.0,2.6946,7.3594,176.8,306.2,1.0,1,1
SIM0658,TPMS,fischerKochS,network,32,2.0,1.0,,,,,,0.3145,0.3125,0.6875,0.422428,0.422428,1.0,2.896,2.896,0.125127,0.125127,1.0,2.4975,7.3828,176.8,306.2,1.0,1,1
SIM0659,TPMS,fischerKochS,network,32,1.0,2.0,,,,,,0.3145,0.313,0.687,0.411364,0.411364,1.0,2.897,2.897,0.136343,0.136343,1.0,2.2956,3.7559,375.0,572.8,1.0,1,1
SIM0660,TPMS,fischerKochS,network,32,1.0,2.0,,,,,,0.3309,0.3306,0.6694,0.389479,0.389479,1.0,3.038,3.038,0.15531,0.15531,1.0,2.1284,3.832,375.0,559.0,1.0,1,1
SIM0661,TPMS,fischerKochS,network,32,2.0,1.0,,,,,,0.3309,0.3359,0.6641,0.399957,0.399957,1.0,2.927,2.927,0.13645,0.13645,1.0,2.462,7.3828,216.5,306.2,1.0,1,1
SIM0662,TPMS,fischerKochS,network,32,1.0,2.0,,,,,,0.3473,0.3481,0.6519,0.366538,0.366538,1.0,3.179,3.179,0.164645,0.164645,1.0,2.1145,3.8848,375.0,544.9,1.0,1,1
SIM0663,TPMS,fischerKochS,network,32,2.0,1.0,,,,,,0.3473,0.3594,0.6406,0.370691,0.370691,1.0,3.081,3.081,0.149313,0.149313,1.0,2.4069,7.7812,216.5,279.5,1.0,1,1
SIM0664,TPMS,fischerKochS,network,32,2.0,1.0,,,,,,0.3636,0.3594,0.6406,0.370691,0.370691,1.0,3.081,3.081,0.149313,0.149313,1.0,2.4069,7.7812,216.5,279.5,1.0,1,1
SIM0665,TPMS,fischerKochS,network,32,1.0,2.0,,,,,,0.3636,0.3652,0.6348,0.3513,0.3513,1.0,3.332,3.332,0.181284,0.181284,1.0,2.0147,3.8848,395.3,530.3,1.0,1,1
SIM0666,TPMS,fischerKochS,network,32,1.0,2.0,,,,,,0.38,0.3799,0.6201,0.331914,0.331914,1.0,3.491,3.491,0.191752,0.191752,1.0,1.9811,3.9844,395.3,530.3,1.0,1,1
SIM0667,TPMS,fischerKochS,network,32,2.0,1.0,,,,,,0.38,0.3828,0.6172,0.329327,0.329327,1.0,3.436,3.436,0.172607,0.172607,1.0,2.2178,7.7812,216.5,279.5,1.0,1,1
SIM0668,TPMS,fischerKochS,network,32,2.0,1.0,,,,,,0.3964,0.3945,0.6055,0.322506,0.322506,1.0,3.565,3.565,0.177575,0.177575,1.0,2.2218,7.7812,216.5,279.5,1.0,1,1
SIM0669,TPMS,fischerKochS,network,32,1.0,2.0,,,,,,0.3964,0.3975,0.6025,0.313578,0.313578,1.0,3.643,3.643,0.20311,0.20311,1.0,1.9569,4.043,395.3,515.4,1.0,1,1
SIM0670,TPMS,fischerKochS,network,32,1.0,2.0,,,,,,0.4127,0.4136,0.5864,0.291931,0.291931,1.0,3.86,3.86,0.216984,0.216984,1.0,1.906,4.0781,414.6,515.4,1.0,1,1
SIM0671,TPMS,fischerKochS,network,32,2.0,1.0,,,,,,0.4127,0.418,0.582,0.298691,0.298691,1.0,3.908,3.908,0.199461,0.199461,1.0,2.0955,7.7578,216.5,279.5,1.0,1,1
SIM0672,TPMS,fischerKochS,network,32,2.0,1.0,,,,,,0.4291,0.418,0.582,0.298691,0.298691,1.0,3.908,3.908,0.199461,0.199461,1.0,2.0955,7.7578,216.5,279.5,1.0,1,1
SIM0673,TPMS,fischerKochS,network,32,1.0,2.0,,,,,,0.4291,0.4297,0.5703,0.278146,0.278146,1.0,4.044,4.044,0.229045,0.229045,1.0,1.876,4.0723,414.6,515.4,1.0,1,1
SIM0674,TPMS,fischerKochS,network,32,1.0,2.0,,,,,,0.4455,0.4443,0.5557,0.255434,0.255434,1.0,4.286,4.286,0.242167,0.242167,1.0,1.8348,4.0781,414.6,515.4,1.0,1,1
SIM0675,TPMS,fischerKochS,network,32,2.0,1.0,,,,,,0.4455,0.4531,0.5469,0.257146,0.257146,1.0,4.25,4.25,0.222685,0.222685,1.0,2.0348,8.1797,250.0,279.5,1.0,1,1
SIM0676,TPMS,fischerKochS,network,32,1.0,2.0,,,,,,0.4618,0.4619,0.5381,0.241004,0.241004,1.0,4.527,4.527,0.250491,0.250491,1.0,1.844,4.0781,450.7,500.0,1.0,1,1
SIM0677,TPMS,fischerKochS,network,32,2.0,1.0,,,,,,0.4618,0.4648,0.5352,0.248988,0.248988,1.0,4.4,4.4,0.22991,0.22991,1.0,2.0219,8.1562,250.0,279.5,1.0,1,1
SIM0678,TPMS,fischerKochS,network,32,1.0,2.0,,,,,,0.4782,0.4766,0.5234,0.22928,0.22928,1.0,4.738,4.738,0.267242,0.267242,1.0,1.7833,4.0898,450.7,467.7,1.0,1,1
SIM0679,TPMS,fischerKochS,network,32,2.0,1.0,,,,,,0.4782,0.4766,0.5234,0.240644,0.240644,1.0,4.582,4.582,0.237128,0.237128,1.0,2.0097,8.1797,250.0,250.0,1.0,1,1
SIM0680,TPMS,fischerKochS,network,32,1.0,2.0,,,,,,0.4945,0.4927,0.5073,0.216,0.216,1.0,5.063,5.063,0.281083,0.281083,1.0,1.7528,4.0312,450.7,467.7,1.0,1,1
SIM0681,TPMS,fischerKochS,network,32,2.0,1.0,,,,,,0.4945,0.5,0.5,0.202407,0.202407,1.0,5.218,5.218,0.25533,0.25533,1.0,1.9582,8.5312,250.0,250.0,1.0,1,1
SIM0682,TPMS,fischerKochS,network,32,1.0,2.0,,,,,,0.5109,0.5103,0.4897,0.201321,0.201321,1.0,5.392,5.392,0.29693,0.29693,1.0,1.7184,3.9902,467.7,450.7,1.0,1,1
SIM0683,TPMS,fischerKochS,network,32,2.0,1.0,,,,,,0.5109,0.5117,0.4883,0.192561,0.192561,1.0,5.423,5.423,0.267648,0.267648,1.0,1.9119,8.5312,250.0,279.5,1.0,1,1
SIM0684,TPMS,fischerKochS,network,32,1.0,2.0,,,,,,0.5273,0.5293,0.4707,0.185892,0.185892,1.0,5.691,5.691,0.316371,0.316371,1.0,1.673,4.0781,467.7,450.7,1.0,1,1
SIM0685,TPMS,fischerKochS,network,32,2.0,1.0,,,,,,0.5436,0.5352,0.4648,0.173591,0.173591,1.0,5.776,5.776,0.300532,0.300532,1.0,1.7807,8.1562,279.5,250.0,1.0,1,1
SIM0686,TPMS,fischerKochS,network,32,2.0,1.0,,,,,,0.5273,0.5352,0.4648,0.173591,0.173591,1.0,5.776,5.776,0.300532,0.300532,1.0,1.7807,8.1562,279.5,250.0,1.0,1,1
SIM0687,TPMS,fischerKochS,network,32,1.0,2.0,,,,,,0.5436,0.5439,0.4561,0.174661,0.174661,1.0,6.047,6.047,0.329048,0.329048,1.0,1.6531,4.0781,500.0,450.7,1.0,1,1
SIM0688,TPMS,fischerKochS,network,32,2.0,1.0,,,,,,0.56,0.5586,0.4414,0.163376,0.163376,1.0,6.117,6.117,0.316985,0.316985,1.0,1.7622,8.1328,279.5,250.0,1.0,1,1
SIM0689,TPMS,fischerKochS,network,32,1.0,2.0,,,,,,0.56,0.5615,0.4385,0.161394,0.161394,1.0,6.434,6.434,0.346682,0.346682,1.0,1.6197,4.1133,515.4,414.6,1.0,1,1
SIM0690,TPMS,fischerKochS,network,32,1.0,2.0,,,,,,0.5764,0.5747,0.4253,0.145531,0.145531,1.0,6.935,6.935,0.364103,0.364103,1.0,1.5784,4.0723,515.4,414.6,1.0,1,1
SIM0691,TPMS,fischerKochS,network,32,2.0,1.0,,,,,,0.5764,0.582,0.418,0.144682,0.144682,1.0,7.005,7.005,0.34657,0.34657,1.0,1.6794,7.7578,279.5,216.5,1.0,1,1
SIM0692,TPMS,fischerKochS,network,32,2.0,1.0,,,,,,0.5927,0.582,0.418,0.144682,0.144682,1.0,7.005,7.005,0.34657,0.34657,1.0,1.6794,7.7578,279.5,216.5,1.0,1,1
SIM0693,TPMS,fischerKochS,network,32,1.0,2.0,,,,,,0.5927,0.5908,0.4092,0.135663,0.135663,1.0,7.383,7.383,0.3798,0.3798,1.0,1.5556,4.084,515.4,414.6,1.0,1,1
SIM0694,TPMS,fischerKochS,network,32,2.0,1.0,,,,,,0.6091,0.6055,0.3945,0.131511,0.131511,1.0,7.392,7.392,0.365783,0.365783,1.0,1.6553,7.7812,279.5,216.5,1.0,1,1
SIM0695,TPMS,fischerKochS,network,32,1.0,2.0,,,,,,0.6091,0.6084,0.3916,0.123472,0.123472,1.0,8.043,8.043,0.404638,0.404638,1.0,1.5036,3.9902,515.4,395.3,1.0,1,1
SIM0696,TPMS,fischerKochS,network,32,2.0,1.0,,,,,,0.6255,0.6172,0.3828,0.126474,0.126474,1.0,7.888,7.888,0.37623,0.37623,1.0,1.6405,7.7812,279.5,216.5,1.0,1,1
SIM0697,TPMS,fischerKochS,network,32,1.0,2.0,,,,,,0.6255,0.626,0.374,0.115599,0.115599,1.0,8.519,8.519,0.421369,0.421369,1.0,1.4856,3.8848,530.3,395.3,1.0,1,1
SIM0698,TPMS,fischerKochS,network,32,2.0,1.0,,,,,,0.6418,0.6406,0.3594,0.100917,0.100917,1.0,9.26,9.26,0.407129,0.407129,1.0,1.5735,7.7812,279.5,216.5,1.0,1,1
SIM0699,TPMS,fischerKochS,network,32,2.0,1.0,,,,,,0.6582,0.6406,0.3594,0.100917,0.100917,1.0,9.26,9.26,0.407129,0.407129,1.0,1.5735,7.7812,279.5,216.5,1.0,1,1
SIM0700,TPMS,fischerKochS,network,32,1.0,2.0,,,,,,0.6418,0.6431,0.3569,0.105058,0.105058,1.0,9.108,9.108,0.442339,0.442339,1.0,1.4538,3.8848,544.9,395.3,1.0,1,1
SIM0701,TPMS,fischerKochS,network,32,1.0,2.0,,,,,,0.6582,0.6577,0.3423,0.095639,0.095639,1.0,10.025,10.025,0.459748,0.459748,1.0,1.4306,3.8848,544.9,375.0,1.0,1,1
SIM0702,TPMS,fischerKochS,network,32,1.0,2.0,,,,,,0.6745,0.6738,0.3262,0.086483,0.086483,1.0,10.969,10.969,0.478611,0.478611,1.0,1.4079,3.8438,572.8,375.0,1.0,1,1
SIM0703,TPMS,fischerKochS,network,32,2.0,1.0,,,,,,0.6745,0.6758,0.3242,0.081262,0.081262,1.0,10.954,10.954,0.452461,0.452461,1.0,1.4936,7.3828,306.2,216.5,1.0,1,1
SIM0704,TPMS,fischerKochS,network,32,2.0,1.0,,,,,,0.6909,0.6875,0.3125,0.078733,0.078733,1.0,11.113,11.113,0.458665,0.458665,1.0,1.4989,7.3828,306.2,176.8,1.0,1,1
SIM0705,TPMS,fischerKochS,network,32,1.0,2.0,,,,,,0.6909,0.6899,0.3101,0.077755,0.077755,1.0,11.902,11.902,0.498164,0.498164,1.0,1.385,3.7559,572.8,375.0,1.0,1,1
SIM0706,TPMS,fischerKochS,network,32,2.0,1.0,,,,,,0.7073,0.6992,0.3008,0.070665,0.070665,1.0,12.24,12.24,0.47503,0.47503,1.0,1.4719,7.3594,306.2,176.8,1.0,1,1
SIM0707,TPMS,fischerKochS,network,32,1.0,2.0,,,,,,0.7073,0.7061,0.2939,0.065586,0.065586,1.0,13.283,13.283,0.521356,0.521356,1.0,1.3543,3.7266,586.3,353.6,1.0,1,1
SIM0708,TPMS,fischerKochS,network,32,2.0,1.0,,,,,,0.7236,0.7227,0.2773,0.061557,0.061557,1.0,13.179,13.179,0.49464,0.49464,1.0,1.461,7.3594,306.2,176.8,0.9971,1,1
SIM0709,TPMS,fischerKochS,network,32,1.0,2.0,,,,,,0.7236,0.7236,0.2764,0.056092,0.056092,1.0,15.024,15.024,0.543895,0.543895,1.0,1.3305,3.6738,586.3,375.0,1.0,1,1
SIM0710,TPMS,fischerKochS,network,32,2.0,1.0,,,,,,0.74,0.7344,0.2656,0.05734,0.05734,1.0,14.009,14.009,0.523227,0.523227,1.0,1.4035,7.0078,306.2,176.8,0.9974,1,1
SIM0711,TPMS,fischerKochS,network,32,1.0,2.0,,,,,,0.74,0.7412,0.2588,0.049483,0.049483,1.0,16.825,16.825,0.565175,0.565175,1.0,1.3115,3.6035,612.4,353.6,1.0,1,1
SIM0712,TPMS,fischerKochS,network,32,2.0,1.0,,,,,,0.7564,0.7539,0.2461,0.049865,0.049865,1.0,16.313,16.313,0.53983,0.53983,1.0,1.3966,7.0078,353.6,176.8,0.9978,1,1
SIM0713,TPMS,fischerKochS,network,32,1.0,2.0,,,,,,0.7564,0.7559,0.2441,0.043955,0.043955,1.0,18.371,18.371,0.582896,0.582896,1.0,1.2967,3.5566,625.0,353.6,1.0,1,1
SIM0714,TPMS,fischerKochS,network,32,1.0,2.0,,,,,,0.7727,0.7734,0.2266,0.036801,0.036801,1.0,21.149,21.149,0.613107,0.613107,1.0,1.2615,3.3926,625.0,353.6,1.0,1,1
SIM0715,TPMS,fischerKochS,network,32,2.0,1.0,,,,,,0.7891,0.7773,0.2227,0.027003,0.027003,1.0,23.891,23.891,0.581892,0.581892,1.0,1.3359,6.9844,353.6,176.8,0.9975,1,1
SIM0716,TPMS,fischerKochS,network,32,2.0,1.0,,,,,,0.7727,0.7773,0.2227,0.027003,0.027003,1.0,23.891,23.891,0.581892,0.581892,1.0,1.3359,6.9844,353.6,176.8,0.9975,1,1
SIM0717,TPMS,fischerKochS,network,32,1.0,2.0,,,,,,0.7891,0.7881,0.2119,0.032083,0.032083,1.0,23.394,23.394,0.631336,0.631336,1.0,1.2483,3.3105,637.4,353.6,1.0,1,1
SIM0718,TPMS,fischerKochS,network,32,2.0,1.0,,,,,,0.8055,0.8008,0.1992,0.01972,0.01972,1.0,29.552,29.552,0.616856,0.616856,1.0,1.2982,6.5625,353.6,176.8,0.9977,1,1
SIM0719,TPMS,fischerKochS,network,32,1.0,2.0,,,,,,0.8055,0.8057,0.1943,0.018145,0.018145,1.0,34.613,34.613,0.658009,0.658009,1.0,1.2244,3.2051,637.4,306.2,0.9799,1,1
SIM0720,TPMS,fischerKochS,network,32,1.0,2.0,,,,,,0.8218,0.8218,0.1782,0.014408,0.014408,1.0,40.397,40.397,0.685702,0.685702,1.0,1.1984,3.0527,673.1,306.2,0.9812,1,1
SIM0721,TPMS,fischerKochS,network,32,2.0,1.0,,,,,,0.8218,0.8242,0.1758,0.014741,0.014741,1.0,38.217,38.217,0.665989,0.665989,1.0,1.2376,5.8828,353.6,176.8,0.9974,1,1
SIM0722,TPMS,fischerKochS,network,32,2.0,1.0,,,,,,0.8382,0.8359,0.1641,0.013417,0.013417,1.0,42.625,42.625,0.680333,0.680333,1.0,1.2287,5.8125,353.6,176.8,0.9978,1,1
SIM0723,TPMS,fischerKochS,network,32,2.0,1.0,,,,,,0.8545,0.8359,0.1641,0.013417,0.013417,1.0,42.625,42.625,0.680333,0.680333,1.0,1.2287,5.8125,353.6,176.8,0.9978,1,1
SIM0724,TPMS,fischerKochS,network,32,1.0,2.0,,,,,,0.8382,0.8364,0.1636,0.011827,0.011827,1.0,47.178,47.178,0.708868,0.708868,1.0,1.1799,2.9121,673.1,306.2,0.9823,1,1
SIM0725,TPMS,fischerKochS,network,32,1.0,2.0,,,,,,0.8545,0.8535,0.1465,0.007299,0.007299,1.0,60.988,60.988,0.733591,0.733591,1.0,1.1635,2.8301,673.1,306.2,0.985,1,1
SIM0726,TPMS,fischerKochS,network,32,2.0,1.0,,,,,,0.8709,0.8594,0.1406,0.008378,0.008378,1.0,53.114,53.114,0.714379,0.714379,1.0,1.203,5.4375,375.0,176.8,0.0104,1,1
SIM0727,TPMS,fischerKochS,network,32,1.0,2.0,,,,,,0.8709,0.8711,0.1289,0.002327,0.002327,1.0,90.37,90.37,0.7721,0.7721,1.0,1.1282,2.4844,684.7,306.2,0.9893,1,1
SIM0728,TPMS,fischerKochS,network,32,2.0,1.0,,,,,,0.8873,0.8828,0.1172,0.0,0.0,1.0,7201.144,7201.144,0.758168,0.758168,1.0,1.1644,4.7344,375.0,176.8,0.0104,1,1
SIM0729,TPMS,fischerKochS,network,32,1.0,2.0,,,,,,0.8873,0.8887,0.1113,0.0,0.0,1.0,1389.694,1389.694,0.81001,0.81001,1.0,1.0971,2.0977,718.1,279.5,0.0833,1,1
SIM0730,TPMS,fischerKochS,network,32,2.0,1.0,,,,,,0.9036,0.8945,0.1055,0.0,0.0,1.0,156.9,156.9,0.782453,0.782453,1.0,1.1432,4.3828,375.0,176.8,0.0104,1,1
SIM0731,TPMS,fischerKochS,network,32,1.0,2.0,,,,,,0.9036,0.9048,0.0952,0.0,0.0,1.0,290.359,290.359,0.837199,0.837199,1.0,1.0807,1.8691,728.9,279.5,0.0833,1,1
SIM0732,TPMS,fischerKochS,network,32,2.0,1.0,,,,,,0.92,0.918,0.082,0.0,0.0,,2048271.586,2048257.733,0.834549,0.834549,1.0,1.1,3.2812,395.3,125.0,0.0104,1,1
SIM0733,TPMS,fischerKochS,network,32,1.0,2.0,,,,,,0.92,0.9194,0.0806,0.0,0.0,,2438968.847,2438910.088,0.86335,0.86335,1.0,1.065,1.5469,760.3,279.5,0.0833,1,1
SIM0734,TPMS,fischerKochS,sheet,32,1.0,2.0,,,,,,0.2,0.1992,0.8008,0.643683,0.643683,1.0,1.879,1.879,0.0,0.0,1.0,,3.8438,279.5,395.3,1.0,0,1
SIM0735,TPMS,fischerKochS,sheet,32,2.0,1.0,,,,,,0.2,0.2109,0.7891,0.639364,0.639364,1.0,1.839,1.839,0.0,0.0,,,8.7656,176.8,250.0,1.0,0,1
SIM0736,TPMS,fischerKochS,sheet,32,1.0,2.0,,,,,,0.2164,0.2168,0.7832,0.619648,0.619648,1.0,1.944,1.944,0.0,0.0,1.0,,4.1133,279.5,395.3,1.0,0,1
SIM0737,TPMS,fischerKochS,sheet,32,1.0,2.0,,,,,,0.2327,0.2344,0.7656,0.593258,0.593258,1.0,2.026,2.026,0.0,0.0,1.0,,4.582,279.5,375.0,1.0,0,1
SIM0738,TPMS,fischerKochS,sheet,32,2.0,1.0,,,,,,0.2164,0.2344,0.7656,0.604327,0.604327,1.0,1.93,1.93,0.0,0.0,,,9.4688,176.8,216.5,1.0,0,1
SIM0739,TPMS,fischerKochS,sheet,32,2.0,1.0,,,,,,0.2327,0.2344,0.7656,0.604327,0.604327,1.0,1.93,1.93,0.0,0.0,,,9.4688,176.8,216.5,1.0,0,1
SIM0740,TPMS,fischerKochS,sheet,32,2.0,1.0,,,,,,0.2491,0.2344,0.7656,0.604327,0.604327,1.0,1.93,1.93,0.0,0.0,,,9.4688,176.8,216.5,1.0,0,1
SIM0741,TPMS,fischerKochS,sheet,32,2.0,1.0,,,,,,0.2655,0.2344,0.7656,0.604327,0.604327,1.0,1.93,1.93,0.0,0.0,,,9.4688,176.8,216.5,1.0,0,1
SIM0742,TPMS,fischerKochS,sheet,32,1.0,2.0,,,,,,0.2491,0.249,0.751,0.574001,0.574001,1.0,2.106,2.106,0.009489,0.009489,1.0,26.2441,4.7461,280.8,375.0,1.0,1,1
SIM0743,TPMS,fischerKochS,sheet,32,1.0,2.0,,,,,,0.2655,0.2666,0.7334,0.545936,0.545936,1.0,2.201,2.201,0.01672,0.01672,1.0,15.9451,5.4023,306.2,375.0,1.0,1,1
SIM0744,TPMS,fischerKochS,sheet,32,1.0,2.0,,,,,,0.2818,0.2812,0.7188,0.52168,0.52168,1.0,2.275,2.275,0.030805,0.030805,1.0,9.13,5.543,306.2,375.0,0.9986,1,1
SIM0745,TPMS,fischerKochS,sheet,32,2.0,1.0,,,,,,0.2818,0.2812,0.7188,0.554113,0.554113,1.0,2.102,2.102,0.0,0.0,,,10.875,176.8,176.8,0.9999,0,1
SIM0746,TPMS,fischerKochS,sheet,32,1.0,2.0,,,,,,0.2982,0.2988,0.7012,0.49202,0.49202,1.0,2.428,2.428,0.041037,0.041037,1.0,7.2819,5.6602,306.2,375.0,0.9988,1,1
SIM0747,TPMS,fischerKochS,sheet,32,1.0,2.0,,,,,,0.3145,0.3154,0.6846,0.465369,0.465369,1.0,2.581,2.581,0.06235,0.06235,1.0,5.059,5.8125,306.2,353.6,0.9988,1,1
SIM0748,TPMS,fischerKochS,sheet,32,2.0,1.0,,,,,,0.2982,0.3281,0.6719,0.493016,0.493016,1.0,2.459,2.459,0.043947,0.043947,1.0,7.4663,11.625,176.8,176.8,0.9999,1,1
SIM0749,TPMS,fischerKochS,sheet,32,2.0,1.0,,,,,,0.3145,0.3281,0.6719,0.493016,0.493016,1.0,2.459,2.459,0.043947,0.043947,1.0,7.4663,11.625,176.8,176.8,0.9999,1,1
SIM0750,TPMS,fischerKochS,sheet,32,2.0,1.0,,,,,,0.3309,0.3281,0.6719,0.493016,0.493016,1.0,2.459,2.459,0.043947,0.043947,1.0,7.4663,11.625,176.8,176.8,0.9999,1,1
SIM0751,TPMS,fischerKochS,sheet,32,2.0,1.0,,,,,,0.3473,0.3281,0.6719,0.493016,0.493016,1.0,2.459,2.459,0.043947,0.043947,1.0,7.4663,11.625,176.8,176.8,0.9999,1,1
SIM0752,TPMS,fischerKochS,sheet,32,1.0,2.0,,,,,,0.3309,0.3301,0.6699,0.444032,0.444032,1.0,2.714,2.714,0.078832,0.078832,1.0,4.1871,5.8242,306.2,306.2,0.9991,1,1
SIM0753,TPMS,fischerKochS,sheet,32,1.0,2.0,,,,,,0.3473,0.3477,0.6523,0.423772,0.423772,1.0,2.815,2.815,0.079349,0.079349,1.0,4.3813,5.9766,306.2,306.2,0.9991,1,1
SIM0754,TPMS,fischerKochS,sheet,32,2.0,1.0,,,,,,0.3636,0.3516,0.6484,0.469765,0.469765,1.0,2.569,2.569,0.054765,0.054765,1.0,6.4195,11.7656,176.8,176.8,0.9999,1,1
SIM0755,TPMS,fischerKochS,sheet,32,1.0,2.0,,,,,,0.3636,0.3652,0.6348,0.40616,0.40616,1.0,2.885,2.885,0.082719,0.082719,1.0,4.4154,6.1289,306.2,279.5,0.999,1,1
SIM0756,TPMS,fischerKochS,sheet,32,2.0,1.0,,,,,,0.38,0.375,0.625,0.442652,0.442652,1.0,2.604,2.604,0.067006,0.067006,1.0,5.5965,13.2188,176.8,176.8,0.9999,1,1
SIM0757,TPMS,fischerKochS,sheet,32,2.0,1.0,,,,,,0.3964,0.375,0.625,0.442652,0.442652,1.0,2.604,2.604,0.067006,0.067006,1.0,5.5965,13.2188,176.8,176.8,0.9999,1,1
SIM0758,TPMS,fischerKochS,sheet,32,1.0,2.0,,,,,,0.38,0.3799,0.6201,0.379047,0.379047,1.0,3.072,3.072,0.093962,0.093962,1.0,4.0429,6.4219,306.2,279.5,0.999,1,1
SIM0759,TPMS,fischerKochS,sheet,32,1.0,2.0,,,,,,0.3964,0.3975,0.6025,0.363194,0.363194,1.0,3.208,3.208,0.100574,0.100574,1.0,3.9519,6.4922,306.2,279.5,0.9993,1,1
SIM0760,TPMS,fischerKochS,sheet,32,1.0,2.0,,,,,,0.4127,0.4121,0.5879,0.350039,0.350039,1.0,3.339,3.339,0.107128,0.107128,1.0,3.8469,6.4922,353.6,279.5,0.9996,1,1
SIM0761,TPMS,fischerKochS,sheet,32,1.0,2.0,,,,,,0.4291,0.4297,0.5703,0.327981,0.327981,1.0,3.578,3.578,0.144103,0.144103,1.0,2.9818,6.6211,353.6,279.5,0.9996,1,1
SIM0762,TPMS,fischerKochS,sheet,32,1.0,2.0,,,,,,0.4455,0.4443,0.5557,0.311755,0.311755,1.0,3.716,3.716,0.154582,0.154582,1.0,2.8744,6.7852,353.6,279.5,0.9996,1,1
SIM0763,TPMS,fischerKochS,sheet,32,2.0,1.0,,,,,,0.4127,0.4453,0.5547,0.352888,0.352888,1.0,3.163,3.163,0.079733,0.079733,1.0,5.585,13.9688,176.8,176.8,0.9999,1,1
SIM0764,TPMS,fischerKochS,sheet,32,2.0,1.0,,,,,,0.4291,0.4453,0.5547,0.352888,0.352888,1.0,3.163,3.163,0.079733,0.079733,1.0,5.585,13.9688,176.8,176.8,0.9999,1,1
SIM0765,TPMS,fischerKochS,sheet,32,2.0,1.0,,,,,,0.4455,0.4453,0.5547,0.352888,0.352888,1.0,3.163,3.163,0.079733,0.079733,1.0,5.585,13.9688,176.8,176.8,0.9999,1,1
SIM0766,TPMS,fischerKochS,sheet,32,1.0,2.0,,,,,,0.4618,0.4619,0.5381,0.295583,0.295583,1.0,3.908,3.908,0.162655,0.162655,1.0,2.8398,6.9844,353.6,279.5,0.9995,1,1
SIM0767,TPMS,fischerKochS,sheet,32,2.0,1.0,,,,,,0.4618,0.4688,0.5312,0.310228,0.310228,1.0,3.472,3.472,0.111054,0.111054,1.0,4.2209,14.0156,176.8,176.8,0.9999,1,1
SIM0768,TPMS,fischerKochS,sheet,32,1.0,2.0,,,,,,0.4782,0.4766,0.5234,0.278388,0.278388,1.0,4.102,4.102,0.175244,0.175244,1.0,2.7194,7.1133,353.6,250.0,0.9995,1,1
SIM0769,TPMS,fischerKochS,sheet,32,2.0,1.0,,,,,,0.4782,0.4922,0.5078,0.291866,0.291866,1.0,3.739,3.739,0.104176,0.104176,1.0,4.7246,14.0156,176.8,176.8,0.9999,1,1
SIM0770,TPMS,fischerKochS,sheet,32,2.0,1.0,,,,,,0.4945,0.4922,0.5078,0.291866,0.291866,1.0,3.739,3.739,0.104176,0.104176,1.0,4.7246,14.0156,176.8,176.8,0.9999,1,1
SIM0771,TPMS,fischerKochS,sheet,32,2.0,1.0,,,,,,0.5109,0.4922,0.5078,0.291866,0.291866,1.0,3.739,3.739,0.104176,0.104176,1.0,4.7246,14.0156,176.8,176.8,0.9999,1,1
SIM0772,TPMS,fischerKochS,sheet,32,1.0,2.0,,,,,,0.4945,0.4941,0.5059,0.261913,0.261913,1.0,4.323,4.323,0.181105,0.181105,1.0,2.7285,7.1133,353.6,250.0,0.9995,1,1
SIM0773,TPMS,fischerKochS,sheet,32,1.0,2.0,,,,,,0.5109,0.5117,0.4883,0.248556,0.248556,1.0,4.496,4.496,0.187617,0.187617,1.0,2.7275,7.207,353.6,250.0,0.9995,1,1
SIM0774,TPMS,fischerKochS,sheet,32,1.0,2.0,,,,,,0.5273,0.5293,0.4707,0.233107,0.233107,1.0,4.741,4.741,0.209334,0.209334,1.0,2.5285,7.3008,353.6,250.0,0.9995,1,1
SIM0775,TPMS,fischerKochS,sheet,32,2.0,1.0,,,,,,0.5273,0.5312,0.4688,0.258072,0.258072,1.0,4.099,4.099,0.138593,0.138593,1.0,3.8332,14.0156,176.8,125.0,1.0,1,1
SIM0776,TPMS,fischerKochS,sheet,32,1.0,2.0,,,,,,0.5436,0.5439,0.4561,0.222707,0.222707,1.0,4.938,4.938,0.216702,0.216702,1.0,2.5101,7.2891,353.6,250.0,0.9995,1,1
SIM0777,TPMS,fischerKochS,sheet,32,2.0,1.0,,,,,,0.5436,0.5547,0.4453,0.232218,0.232218,1.0,4.368,4.368,0.162835,0.162835,1.0,3.4064,14.7188,176.8,125.0,1.0,1,1
SIM0778,TPMS,fischerKochS,sheet,32,2.0,1.0,,,,,,0.56,0.5547,0.4453,0.232218,0.232218,1.0,4.368,4.368,0.162835,0.162835,1.0,3.4064,14.7188,176.8,125.0,1.0,1,1
SIM0779,TPMS,fischerKochS,sheet,32,1.0,2.0,,,,,,0.56,0.5586,0.4414,0.212066,0.212066,1.0,5.15,5.15,0.22423,0.22423,1.0,2.4912,7.4297,375.0,216.5,0.9999,1,1
SIM0780,TPMS,fischerKochS,sheet,32,1.0,2.0,,,,,,0.5764,0.5762,0.4238,0.199062,0.199062,1.0,5.451,5.451,0.234419,0.234419,1.0,2.4579,7.4648,375.0,216.5,0.9999,1,1
SIM0781,TPMS,fischerKochS,sheet,32,2.0,1.0,,,,,,0.5764,0.5781,0.4219,0.202738,0.202738,1.0,5.127,5.127,0.218257,0.218257,1.0,2.6488,14.7188,176.8,125.0,1.0,1,1
SIM0782,TPMS,fischerKochS,sheet,32,1.0,2.0,,,,,,0.5927,0.5938,0.4062,0.187149,0.187149,1.0,5.809,5.809,0.250571,0.250571,1.0,2.3696,7.4531,375.0,216.5,0.9998,1,1
SIM0783,TPMS,fischerKochS,sheet,32,2.0,1.0,,,,,,0.5927,0.6016,0.3984,0.180397,0.180397,1.0,5.924,5.924,0.260066,0.260066,1.0,2.3131,14.3438,176.8,125.0,1.0,1,1
SIM0784,TPMS,fischerKochS,sheet,32,1.0,2.0,,,,,,0.6091,0.6084,0.3916,0.17808,0.17808,1.0,6.027,6.027,0.259422,0.259422,1.0,2.3452,7.5117,375.0,176.8,0.9998,1,1
SIM0785,TPMS,fischerKochS,sheet,32,2.0,1.0,,,,,,0.6091,0.625,0.375,0.16512,0.16512,1.0,6.456,6.456,0.280291,0.280291,1.0,2.2298,14.3906,176.8,125.0,1.0,1,1
SIM0786,TPMS,fischerKochS,sheet,32,2.0,1.0,,,,,,0.6255,0.625,0.375,0.16512,0.16512,1.0,6.456,6.456,0.280291,0.280291,1.0,2.2298,14.3906,176.8,125.0,1.0,1,1
SIM0787,TPMS,fischerKochS,sheet,32,1.0,2.0,,,,,,0.6255,0.626,0.374,0.161512,0.161512,1.0,6.658,6.658,0.281657,0.281657,1.0,2.2225,7.5117,375.0,176.8,0.9998,1,1
SIM0788,TPMS,fischerKochS,sheet,32,1.0,2.0,,,,,,0.6418,0.6436,0.3564,0.150868,0.150868,1.0,7.152,7.152,0.287318,0.287318,1.0,2.2399,7.5938,375.0,176.8,0.9998,1,1
SIM0789,TPMS,fischerKochS,sheet,32,2.0,1.0,,,,,,0.6418,0.6484,0.3516,0.149872,0.149872,1.0,6.772,6.772,0.315389,0.315389,1.0,2.056,14.0156,216.5,125.0,1.0,1,1
SIM0790,TPMS,fischerKochS,sheet,32,2.0,1.0,,,,,,0.6582,0.6484,0.3516,0.149872,0.149872,1.0,6.772,6.772,0.315389,0.315389,1.0,2.056,14.0156,216.5,125.0,1.0,1,1
SIM0791,TPMS,fischerKochS,sheet,32,1.0,2.0,,,,,,0.6582,0.6582,0.3418,0.140217,0.140217,1.0,7.531,7.531,0.296312,0.296312,1.0,2.2213,7.6875,375.0,176.8,0.9998,1,1
SIM0792,TPMS,fischerKochS,sheet,32,1.0,2.0,,,,,,0.6745,0.6729,0.3271,0.130701,0.130701,1.0,8.051,8.051,0.304242,0.304242,1.0,2.2116,7.7461,375.0,176.8,0.9998,1,1
SIM0793,TPMS,fischerKochS,sheet,32,1.0,2.0,,,,,,0.6909,0.6904,0.3096,0.122024,0.122024,1.0,8.516,8.516,0.319854,0.319854,1.0,2.1586,7.7578,375.0,176.8,0.9998,1,1
SIM0794,TPMS,fischerKochS,sheet,32,1.0,2.0,,,,,,0.7073,0.708,0.292,0.112763,0.112763,1.0,9.053,9.053,0.339416,0.339416,1.0,2.086,7.7695,375.0,176.8,0.9998,1,1
SIM0795,TPMS,fischerKochS,sheet,32,2.0,1.0,,,,,,0.6745,0.7188,0.2812,0.103808,0.103808,1.0,8.296,8.296,0.422983,0.422983,1.0,1.6992,13.6875,216.5,125.0,0.4463,1,1
SIM0796,TPMS,fischerKochS,sheet,32,2.0,1.0,,,,,,0.6909,0.7188,0.2812,0.103808,0.103808,1.0,8.296,8.296,0.422983,0.422983,1.0,1.6992,13.6875,216.5,125.0,0.4463,1,1
SIM0797,TPMS,fischerKochS,sheet,32,2.0,1.0,,,,,,0.7073,0.7188,0.2812,0.103808,0.103808,1.0,8.296,8.296,0.422983,0.422983,1.0,1.6992,13.6875,216.5,125.0,0.4463,1,1
SIM0798,TPMS,fischerKochS,sheet,32,1.0,2.0,,,,,,0.7236,0.7246,0.2754,0.104837,0.104837,1.0,9.721,9.721,0.350198,0.350198,1.0,2.0691,7.7695,395.3,176.8,1.0,1,1
SIM0799,TPMS,fischerKochS,sheet,32,1.0,2.0,,,,,,0.74,0.7393,0.2607,0.099631,0.099631,1.0,10.104,10.104,0.357788,0.357788,1.0,2.0662,7.6875,395.3,125.0,1.0,1,1
SIM0800,TPMS,fischerKochS,sheet,32,2.0,1.0,,,,,,0.7236,0.7422,0.2578,0.09317,0.09317,1.0,9.969,9.969,0.464204,0.464204,1.0,1.5988,13.9688,216.5,125.0,0.4421,1,1
SIM0801,TPMS,fischerKochS,sheet,32,2.0,1.0,,,,,,0.74,0.7422,0.2578,0.09317,0.09317,1.0,9.969,9.969,0.464204,0.464204,1.0,1.5988,13.9688,216.5,125.0,0.4421,1,1
SIM0802,TPMS,fischerKochS,sheet,32,2.0,1.0,,,,,,0.7564,0.7422,0.2578,0.09317,0.09317,1.0,9.969,9.969,0.464204,0.464204,1.0,1.5988,13.9688,216.5,125.0,0.4421,1,1
SIM0803,TPMS,fischerKochS,sheet,32,1.0,2.0,,,,,,0.7564,0.7568,0.2432,0.088633,0.088633,1.0,11.058,11.058,0.369997,0.369997,1.0,2.0455,7.875,395.3,125.0,1.0,1,1
SIM0804,TPMS,fischerKochS,sheet,32,2.0,1.0,,,,,,0.7727,0.7656,0.2344,0.0846,0.0846,1.0,10.452,10.452,0.51064,0.51064,1.0,1.4993,12.9375,216.5,125.0,0.4371,1,1
SIM0805,TPMS,fischerKochS,sheet,32,1.0,2.0,,,,,,0.7727,0.7744,0.2256,0.078124,0.078124,1.0,12.541,12.541,0.377574,0.377574,1.0,2.051,7.9805,395.3,125.0,1.0,1,1
SIM0806,TPMS,fischerKochS,sheet,32,1.0,2.0,,,,,,0.7891,0.7891,0.2109,0.068871,0.068871,1.0,13.538,13.538,0.38697,0.38697,1.0,2.0391,8.0742,395.3,125.0,1.0,1,1
SIM0807,TPMS,fischerKochS,sheet,32,2.0,1.0,,,,,,0.8218,0.7891,0.2109,0.058254,0.058254,1.0,12.063,12.063,0.545197,0.545197,1.0,1.4473,12.1875,216.5,125.0,0.0023,1,1
SIM0808,TPMS,fischerKochS,sheet,32,2.0,1.0,,,,,,0.8055,0.7891,0.2109,0.058254,0.058254,1.0,12.063,12.063,0.545197,0.545197,1.0,1.4473,12.1875,216.5,125.0,0.0023,1,1
SIM0809,TPMS,fischerKochS,sheet,32,2.0,1.0,,,,,,0.7891,0.7891,0.2109,0.058254,0.058254,1.0,12.063,12.063,0.545197,0.545197,1.0,1.4473,12.1875,216.5,125.0,0.0023,1,1
SIM0810,TPMS,fischerKochS,sheet,32,1.0,2.0,,,,,,0.8055,0.8037,0.1963,0.060029,0.060029,1.0,15.12,15.12,0.427712,0.427712,1.0,1.8791,8.0742,395.3,125.0,1.0,1,1
SIM0811,TPMS,fischerKochS,sheet,32,1.0,2.0,,,,,,0.8218,0.8213,0.1787,0.053379,0.053379,1.0,16.863,16.863,0.448929,0.448929,1.0,1.8294,8.0625,414.6,125.0,1.0,1,1
SIM0812,TPMS,fischerKochS,sheet,32,1.0,2.0,,,,,,0.8382,0.8389,0.1611,0.043852,0.043852,1.0,19.47,19.47,0.508284,0.508284,1.0,1.6504,7.8633,414.6,125.0,1.0,1,1
SIM0813,TPMS,fischerKochS,sheet,32,1.0,2.0,,,,,,0.8545,0.8564,0.1436,0.035283,0.035283,1.0,22.706,22.706,0.581481,0.581481,1.0,1.4729,7.5352,414.6,125.0,0.8571,1,1
SIM0814,TPMS,fischerKochS,sheet,32,1.0,2.0,,,,,,0.8709,0.8711,0.1289,0.02494,0.02494,1.0,28.167,28.167,0.640778,0.640778,1.0,1.3594,7.207,414.6,125.0,0.2727,1,1
SIM0815,TPMS,fischerKochS,sheet,32,2.0,1.0,,,,,,0.8382,0.8828,0.1172,0.000101,0.000101,1.0001,242.109,242.135,0.74167,0.74167,1.0,1.1903,8.4844,279.5,125.0,0.0021,1,0
SIM0816,TPMS,fischerKochS,sheet,32,2.0,1.0,,,,,,0.8709,0.8828,0.1172,0.000101,0.000101,1.0001,242.109,242.135,0.74167,0.74167,1.0,1.1903,8.4844,279.5,125.0,0.0021,1,0
SIM0817,TPMS,fischerKochS,sheet,32,2.0,1.0,,,,,,0.8545,0.8828,0.1172,0.000101,0.000101,1.0001,242.109,242.135,0.74167,0.74167,1.0,1.1903,8.4844,279.5,125.0,0.0021,1,0
SIM0818,TPMS,fischerKochS,sheet,32,2.0,1.0,,,,,,0.9036,0.8828,0.1172,0.000101,0.000101,1.0001,242.109,242.135,0.74167,0.74167,1.0,1.1903,8.4844,279.5,125.0,0.0021,1,0
SIM0819,TPMS,fischerKochS,sheet,32,2.0,1.0,,,,,,0.8873,0.8828,0.1172,0.000101,0.000101,1.0001,242.109,242.135,0.74167,0.74167,1.0,1.1903,8.4844,279.5,125.0,0.0021,1,0
SIM0820,TPMS,fischerKochS,sheet,32,1.0,2.0,,,,,,0.8873,0.8887,0.1113,0.010376,0.010376,1.0,38.169,38.169,0.682925,0.682925,1.0,1.3013,6.9375,414.6,125.0,0.2829,1,1
SIM0821,TPMS,fischerKochS,sheet,32,1.0,2.0,,,,,,0.9036,0.9033,0.0967,0.008307,0.008307,1.0,42.99,42.99,0.733194,0.733194,1.0,1.232,6.5156,433.0,125.0,0.0076,1,1
SIM0822,TPMS,fischerKochS,sheet,32,1.0,2.0,,,,,,0.92,0.9209,0.0791,0.000514,0.000514,1.0,143.872,143.872,0.786909,0.786909,1.0,1.1703,5.7539,450.7,125.0,0.0039,1,1
SIM0823,TPMS,fischerKochS,sheet,32,2.0,1.0,,,,,,0.92,0.9297,0.0703,0.0,0.0,1.0,395.284,395.284,0.846434,0.846434,1.0,1.0984,5.5312,279.5,125.0,0.0017,1,1
SIM0824,TPMS,gyroid,network,32,2.0,1.0,,,,,,0.2,0.1914,0.8086,0.595404,0.595404,1.0,2.075,2.075,0.061509,0.061509,1.0,3.1119,3.7734,216.5,625.0,0.9998,1,1
SIM0825,TPMS,gyroid,network,32,1.0,2.0,,,,,,0.2,0.1987,0.8013,0.594065,0.594065,1.0,2.085,2.085,0.05417,0.05417,1.0,3.6687,1.8281,467.7,1231.1,0.9992,1,1
SIM0826,TPMS,gyroid,network,32,2.0,1.0,,,,,,0.2327,0.2148,0.7852,0.572259,0.572259,1.0,2.235,2.235,0.065939,0.065939,1.0,3.2582,3.7266,279.5,586.3,1.0,1,1
SIM0827,TPMS,gyroid,network,32,2.0,1.0,,,,,,0.2164,0.2148,0.7852,0.572259,0.572259,1.0,2.235,2.235,0.065939,0.065939,1.0,3.2582,3.7266,279.5,586.3,1.0,1,1
SIM0828,TPMS,gyroid,network,32,1.0,2.0,,,,,,0.2164,0.2163,0.7837,0.55851,0.55851,1.0,2.225,2.225,0.051963,0.051963,1.0,4.1627,1.9922,500.0,1211.9,0.9992,1,1
SIM0829,TPMS,gyroid,network,32,1.0,2.0,,,,,,0.2327,0.2329,0.7671,0.535064,0.535064,1.0,2.354,2.354,0.099465,0.099465,1.0,2.3416,1.9922,515.4,1172.6,0.9994,1,1
SIM0830,TPMS,gyroid,network,32,1.0,2.0,,,,,,0.2491,0.249,0.751,0.515635,0.515635,1.0,2.444,2.444,0.100508,0.100508,1.0,2.4776,2.0273,530.3,1159.2,0.9996,1,1
SIM0831,TPMS,gyroid,network,32,2.0,1.0,,,,,,0.2491,0.25,0.75,0.501833,0.501833,1.0,2.475,2.475,0.080291,0.080291,1.0,3.1137,4.2891,279.5,586.3,1.0,1,1
SIM0832,TPMS,gyroid,network,32,1.0,2.0,,,,,,0.2655,0.2666,0.7334,0.485955,0.485955,1.0,2.609,2.609,0.095392,0.095392,1.0,2.7948,2.1387,544.9,1125.0,0.9996,1,1
SIM0833,TPMS,gyroid,network,32,2.0,1.0,,,,,,0.2655,0.2734,0.7266,0.466501,0.466501,1.0,2.701,2.701,0.114949,0.114949,1.0,2.3788,4.3594,306.2,572.8,1.0,1,1
SIM0834,TPMS,gyroid,network,32,1.0,2.0,,,,,,0.2818,0.2812,0.7188,0.460978,0.460978,1.0,2.732,2.732,0.109088,0.109088,1.0,2.5782,2.1973,572.8,1118.0,0.9996,1,1
SIM0835,TPMS,gyroid,network,32,2.0,1.0,,,,,,0.2818,0.2852,0.7148,0.450959,0.450959,1.0,2.822,2.822,0.127652,0.127652,1.0,2.2339,4.2188,306.2,559.0,1.0,1,1
SIM0836,TPMS,gyroid,network,32,2.0,1.0,,,,,,0.2982,0.2969,0.7031,0.438937,0.438937,1.0,2.962,2.962,0.134445,0.134445,1.0,2.2082,4.1953,306.2,544.9,1.0,1,1
SIM0837,TPMS,gyroid,network,32,1.0,2.0,,,,,,0.2982,0.2988,0.7012,0.440876,0.440876,1.0,2.873,2.873,0.139997,0.139997,1.0,2.1345,2.1562,586.3,1082.5,0.9998,1,1
SIM0838,TPMS,gyroid,network,32,2.0,1.0,,,,,,0.3145,0.3125,0.6875,0.427484,0.427484,1.0,3.069,3.069,0.141258,0.141258,1.0,2.2123,4.1719,306.2,515.4,1.0,1,1
SIM0839,TPMS,gyroid,network,32,1.0,2.0,,,,,,0.3145,0.3135,0.6865,0.421501,0.421501,1.0,3.016,3.016,0.148283,0.148283,1.0,2.114,2.2148,625.0,1068.0,0.9998,1,1
SIM0840,TPMS,gyroid,network,32,1.0,2.0,,,,,,0.3309,0.3325,0.6675,0.396927,0.396927,1.0,3.229,3.229,0.154314,0.154314,1.0,2.1548,2.2559,637.4,1038.3,0.9998,1,1
SIM0841,TPMS,gyroid,network,32,1.0,2.0,,,,,,0.3473,0.3457,0.6543,0.384076,0.384076,1.0,3.328,3.328,0.161048,0.161048,1.0,2.1466,2.2266,649.5,1015.5,1.0,1,1
SIM0842,TPMS,gyroid,network,32,2.0,1.0,,,,,,0.3473,0.3477,0.6523,0.379663,0.379663,1.0,3.465,3.465,0.164321,0.164321,1.0,2.1157,4.5938,353.6,515.4,1.0,1,1
SIM0843,TPMS,gyroid,network,32,2.0,1.0,,,,,,0.3309,0.3477,0.6523,0.379663,0.379663,1.0,3.465,3.465,0.164321,0.164321,1.0,2.1157,4.5938,353.6,515.4,1.0,1,1
SIM0844,TPMS,gyroid,network,32,1.0,2.0,,,,,,0.3636,0.3647,0.6353,0.361525,0.361525,1.0,3.53,3.53,0.180653,0.180653,1.0,2.019,2.2852,673.1,1007.8,1.0,1,1
SIM0845,TPMS,gyroid,network,32,2.0,1.0,,,,,,0.3636,0.3711,0.6289,0.351208,0.351208,1.0,3.727,3.727,0.17817,0.17817,1.0,2.0828,4.5703,375.0,515.4,1.0,1,1
SIM0846,TPMS,gyroid,network,32,2.0,1.0,,,,,,0.38,0.3711,0.6289,0.351208,0.351208,1.0,3.727,3.727,0.17817,0.17817,1.0,2.0828,4.5703,375.0,515.4,1.0,1,1
SIM0847,TPMS,gyroid,network,32,1.0,2.0,,,,,,0.38,0.3794,0.6206,0.338942,0.338942,1.0,3.749,3.749,0.198952,0.198952,1.0,1.907,2.2969,684.7,976.3,1.0,1,1
SIM0848,TPMS,gyroid,network,32,2.0,1.0,,,,,,0.3964,0.3945,0.6055,0.308093,0.308093,1.0,4.058,4.058,0.195434,0.195434,1.0,2.0187,4.9219,375.0,515.4,1.0,1,1
SIM0849,TPMS,gyroid,network,32,1.0,2.0,,,,,,0.3964,0.3955,0.6045,0.320804,0.320804,1.0,3.982,3.982,0.208975,0.208975,1.0,1.8926,2.332,718.1,976.3,0.9999,1,1
SIM0850,TPMS,gyroid,network,32,1.0,2.0,,,,,,0.4127,0.4136,0.5864,0.301465,0.301465,1.0,4.21,4.21,0.219831,0.219831,1.0,1.8813,2.3203,728.9,943.7,1.0,1,1
SIM0851,TPMS,gyroid,network,32,1.0,2.0,,,,,,0.4291,0.4282,0.5718,0.290363,0.290363,1.0,4.412,4.412,0.23275,0.23275,1.0,1.8398,2.3145,770.6,918.6,1.0,1,1
SIM0852,TPMS,gyroid,network,32,2.0,1.0,,,,,,0.4127,0.4297,0.5703,0.278142,0.278142,1.0,4.569,4.569,0.216493,0.216493,1.0,1.9848,4.8984,375.0,467.7,1.0,1,1
SIM0853,TPMS,gyroid,network,32,2.0,1.0,,,,,,0.4291,0.4297,0.5703,0.278142,0.278142,1.0,4.569,4.569,0.216493,0.216493,1.0,1.9848,4.8984,375.0,467.7,1.0,1,1
SIM0854,TPMS,gyroid,network,32,1.0,2.0,,,,,,0.4455,0.4458,0.5542,0.270037,0.270037,1.0,4.748,4.748,0.247136,0.247136,1.0,1.8039,2.3613,790.6,910.0,1.0,1,1
SIM0855,TPMS,gyroid,network,32,1.0,2.0,,,,,,0.4618,0.4619,0.5381,0.250883,0.250883,1.0,5.011,5.011,0.263981,0.263981,1.0,1.7498,2.3438,800.4,883.9,1.0,1,1
SIM0856,TPMS,gyroid,network,32,2.0,1.0,,,,,,0.4455,0.4648,0.5352,0.246795,0.246795,1.0,4.987,4.987,0.265476,0.265476,1.0,1.751,4.5938,414.6,433.0,1.0,1,1
SIM0857,TPMS,gyroid,network,32,2.0,1.0,,,,,,0.4618,0.4648,0.5352,0.246795,0.246795,1.0,4.987,4.987,0.265476,0.265476,1.0,1.751,4.5938,414.6,433.0,1.0,1,1
SIM0858,TPMS,gyroid,network,32,2.0,1.0,,,,,,0.4782,0.4648,0.5352,0.246795,0.246795,1.0,4.987,4.987,0.265476,0.265476,1.0,1.751,4.5938,414.6,433.0,1.0,1,1
SIM0859,TPMS,gyroid,network,32,1.0,2.0,,,,,,0.4782,0.4795,0.5205,0.231855,0.231855,1.0,5.382,5.382,0.278019,0.278019,1.0,1.7247,2.373,819.7,866.0,1.0,1,1
SIM0860,TPMS,gyroid,network,32,2.0,1.0,,,,,,0.4945,0.4883,0.5117,0.216289,0.216289,1.0,5.496,5.496,0.276549,0.276549,1.0,1.7656,4.7578,414.6,433.0,1.0,1,1
SIM0861,TPMS,gyroid,network,32,1.0,2.0,,,,,,0.4945,0.4956,0.5044,0.219106,0.219106,1.0,5.751,5.751,0.29269,0.29269,1.0,1.6933,2.332,838.5,866.0,1.0,1,1
SIM0862,TPMS,gyroid,network,32,1.0,2.0,,,,,,0.5109,0.5117,0.4883,0.204728,0.204728,1.0,6.17,6.17,0.308545,0.308545,1.0,1.6585,2.3906,866.0,829.2,1.0,1,1
SIM0863,TPMS,gyroid,network,32,2.0,1.0,,,,,,0.5109,0.5117,0.4883,0.198409,0.198409,1.0,6.232,6.232,0.296588,0.296588,1.0,1.7253,4.7578,433.0,414.6,1.0,1,1
SIM0864,TPMS,gyroid,network,32,1.0,2.0,,,,,,0.5273,0.5264,0.4736,0.193473,0.193473,1.0,6.517,6.517,0.318116,0.318116,1.0,1.6546,2.3848,866.0,800.4,1.0,1,1
SIM0865,TPMS,gyroid,network,32,2.0,1.0,,,,,,0.5273,0.5352,0.4648,0.188617,0.188617,1.0,6.59,6.59,0.335436,0.335436,1.0,1.5954,4.5938,433.0,414.6,1.0,1,1
SIM0866,TPMS,gyroid,network,32,2.0,1.0,,,,,,0.5436,0.5352,0.4648,0.188617,0.188617,1.0,6.59,6.59,0.335436,0.335436,1.0,1.5954,4.5938,433.0,414.6,1.0,1,1
SIM0867,TPMS,gyroid,network,32,1.0,2.0,,,,,,0.5436,0.5425,0.4575,0.181935,0.181935,1.0,6.877,6.877,0.33658,0.33658,1.0,1.6117,2.3672,883.9,800.4,1.0,1,1
SIM0868,TPMS,gyroid,network,32,2.0,1.0,,,,,,0.56,0.5586,0.4414,0.178834,0.178834,1.0,7.065,7.065,0.348248,0.348248,1.0,1.604,4.5703,467.7,375.0,1.0,1,1
SIM0869,TPMS,gyroid,network,32,1.0,2.0,,,,,,0.56,0.5615,0.4385,0.161239,0.161239,1.0,7.488,7.488,0.360708,0.360708,1.0,1.5567,2.3555,918.6,790.6,1.0,1,1
SIM0870,TPMS,gyroid,network,32,2.0,1.0,,,,,,0.5764,0.5703,0.4297,0.150057,0.150057,1.0,7.805,7.805,0.36042,0.36042,1.0,1.5824,4.8984,467.7,375.0,1.0,1,1
SIM0871,TPMS,gyroid,network,32,1.0,2.0,,,,,,0.5764,0.5747,0.4253,0.152534,0.152534,1.0,7.949,7.949,0.374199,0.374199,1.0,1.5358,2.3145,918.6,760.3,1.0,1,1
SIM0872,TPMS,gyroid,network,32,1.0,2.0,,,,,,0.5927,0.5908,0.4092,0.141892,0.141892,1.0,8.656,8.656,0.391022,0.391022,1.0,1.511,2.3027,943.7,728.9,1.0,1,1
SIM0873,TPMS,gyroid,network,32,2.0,1.0,,,,,,0.5927,0.5938,0.4062,0.135339,0.135339,1.0,8.498,8.498,0.376371,0.376371,1.0,1.5776,4.8984,515.4,375.0,1.0,1,1
SIM0874,TPMS,gyroid,network,32,1.0,2.0,,,,,,0.6091,0.6074,0.3926,0.13018,0.13018,1.0,9.021,9.021,0.408317,0.408317,1.0,1.4876,2.332,976.3,718.1,1.0,1,1
SIM0875,TPMS,gyroid,network,32,2.0,1.0,,,,,,0.6091,0.6172,0.3828,0.11135,0.11135,1.0,9.354,9.354,0.414972,0.414972,1.0,1.4873,4.5938,515.4,375.0,1.0,1,1
SIM0876,TPMS,gyroid,network,32,1.0,2.0,,,,,,0.6255,0.625,0.375,0.11931,0.11931,1.0,9.87,9.87,0.429101,0.429101,1.0,1.4565,2.291,1007.8,673.1,1.0,1,1
SIM0877,TPMS,gyroid,network,32,2.0,1.0,,,,,,0.6255,0.6289,0.3711,0.101651,0.101651,1.0,9.901,9.901,0.429602,0.429602,1.0,1.4639,4.5703,515.4,375.0,1.0,1,1
SIM0878,TPMS,gyroid,network,32,2.0,1.0,,,,,,0.6418,0.6289,0.3711,0.101651,0.101651,1.0,9.901,9.901,0.429602,0.429602,1.0,1.4639,4.5703,515.4,375.0,1.0,1,1
SIM0879,TPMS,gyroid,network,32,1.0,2.0,,,,,,0.6418,0.6411,0.3589,0.103683,0.103683,1.0,10.657,10.657,0.448178,0.448178,1.0,1.4305,2.2852,1007.8,673.1,1.0,1,1
SIM0880,TPMS,gyroid,network,32,2.0,1.0,,,,,,0.6582,0.6523,0.3477,0.093633,0.093633,1.0,10.597,10.597,0.446499,0.446499,1.0,1.461,4.5938,515.4,353.6,1.0,1,1
SIM0881,TPMS,gyroid,network,32,1.0,2.0,,,,,,0.6582,0.6572,0.3428,0.095256,0.095256,1.0,11.477,11.477,0.470963,0.470963,1.0,1.3955,2.2383,1030.8,637.4,1.0,1,1
SIM0882,TPMS,gyroid,network,32,1.0,2.0,,,,,,0.6745,0.6733,0.3267,0.086863,0.086863,1.0,12.29,12.29,0.491748,0.491748,1.0,1.3693,2.209,1045.8,625.0,1.0,1,1
SIM0883,TPMS,gyroid,network,32,2.0,1.0,,,,,,0.6745,0.6758,0.3242,0.083222,0.083222,1.0,11.498,11.498,0.470918,0.470918,1.0,1.435,4.5469,515.4,306.2,1.0,1,1
SIM0884,TPMS,gyroid,network,32,1.0,2.0,,,,,,0.6909,0.6924,0.3076,0.075114,0.075114,1.0,13.794,13.794,0.512769,0.512769,1.0,1.3503,2.1738,1068.0,612.4,1.0,1,1
SIM0885,TPMS,gyroid,network,32,2.0,1.0,,,,,,0.6909,0.7031,0.2969,0.076925,0.076925,1.0,13.069,13.069,0.511593,0.511593,1.0,1.3744,4.1953,544.9,306.2,1.0,1,1
SIM0886,TPMS,gyroid,network,32,1.0,2.0,,,,,,0.7073,0.707,0.293,0.065473,0.065473,1.0,14.773,14.773,0.535317,0.535317,1.0,1.3208,2.1855,1087.2,586.3,1.0,1,1
SIM0887,TPMS,gyroid,network,32,2.0,1.0,,,,,,0.7073,0.7148,0.2852,0.072725,0.072725,1.0,14.652,14.652,0.523086,0.523086,1.0,1.3666,4.2188,559.0,306.2,1.0,1,1
SIM0888,TPMS,gyroid,network,32,2.0,1.0,,,,,,0.7236,0.7148,0.2852,0.072725,0.072725,1.0,14.652,14.652,0.523086,0.523086,1.0,1.3666,4.2188,559.0,306.2,1.0,1,1
SIM0889,TPMS,gyroid,network,32,1.0,2.0,,,,,,0.7236,0.7231,0.2769,0.055725,0.055725,1.0,16.467,16.467,0.55282,0.55282,1.0,1.3081,2.1562,1125.0,572.8,1.0,1,1
SIM0890,TPMS,gyroid,network,32,2.0,1.0,,,,,,0.74,0.7266,0.2734,0.054573,0.054573,1.0,15.307,15.307,0.53509,0.53509,1.0,1.3578,4.3594,572.8,306.2,1.0,1,1
SIM0891,TPMS,gyroid,network,32,1.0,2.0,,,,,,0.74,0.7407,0.2593,0.048442,0.048442,1.0,17.903,17.903,0.578302,0.578302,1.0,1.2809,2.0391,1125.0,544.9,1.0,1,1
SIM0892,TPMS,gyroid,network,32,1.0,2.0,,,,,,0.7564,0.7554,0.2446,0.041735,0.041735,1.0,19.857,19.857,0.59967,0.59967,1.0,1.2596,2.0332,1159.2,515.4,1.0,1,1
SIM0893,TPMS,gyroid,network,32,2.0,1.0,,,,,,0.7564,0.7617,0.2383,0.02641,0.02641,1.0,26.315,26.315,0.594915,0.594915,1.0,1.2804,3.9375,586.3,279.5,0.9844,1,1
SIM0894,TPMS,gyroid,network,32,1.0,2.0,,,,,,0.7727,0.7715,0.2285,0.035495,0.035495,1.0,22.49,22.49,0.619702,0.619702,1.0,1.2449,1.9863,1185.9,515.4,1.0,1,1
SIM0895,TPMS,gyroid,network,32,2.0,1.0,,,,,,0.7727,0.7852,0.2148,0.023798,0.023798,1.0,28.597,28.597,0.618836,0.618836,1.0,1.2688,3.7266,586.3,279.5,0.9844,1,1
SIM0896,TPMS,gyroid,network,32,1.0,2.0,,,,,,0.7891,0.7881,0.2119,0.02816,0.02816,1.0,26.192,26.192,0.641883,0.641883,1.0,1.2278,1.9336,1211.9,467.7,1.0,1,1
SIM0897,TPMS,gyroid,network,32,1.0,2.0,,,,,,0.8055,0.8071,0.1929,0.013221,0.013221,1.0,45.707,45.707,0.672984,0.672984,1.0,1.1993,1.834,1237.4,450.7,0.875,1,1
SIM0898,TPMS,gyroid,network,32,2.0,1.0,,,,,,0.7891,0.8086,0.1914,0.020547,0.020547,1.0,33.317,33.317,0.647964,0.647964,1.0,1.2479,3.7734,625.0,216.5,0.9844,1,1
SIM0899,TPMS,gyroid,network,32,2.0,1.0,,,,,,0.8055,0.8086,0.1914,0.020547,0.020547,1.0,33.317,33.317,0.647964,0.647964,1.0,1.2479,3.7734,625.0,216.5,0.9844,1,1
SIM0900,TPMS,gyroid,network,32,2.0,1.0,,,,,,0.8218,0.8203,0.1797,0.017662,0.017662,1.0,36.855,36.855,0.665682,0.665682,1.0,1.2323,3.7734,637.4,216.5,0.9844,1,1
SIM0901,TPMS,gyroid,network,32,1.0,2.0,,,,,,0.8218,0.8232,0.1768,0.011234,0.011234,1.0,52.085,52.085,0.692781,0.692781,1.0,1.1883,1.793,1256.2,433.0,0.875,1,1
SIM0902,TPMS,gyroid,network,32,1.0,2.0,,,,,,0.8382,0.8394,0.1606,0.00916,0.00916,1.0,59.817,59.817,0.713429,0.713429,1.0,1.1765,1.7168,1299.0,414.6,0.875,1,1
SIM0903,TPMS,gyroid,network,32,2.0,1.0,,,,,,0.8382,0.8438,0.1562,0.012659,0.012659,1.0,43.762,43.762,0.70587,0.70587,1.0,1.1953,3.375,649.5,216.5,0.9844,1,1
SIM0904,TPMS,gyroid,network,32,1.0,2.0,,,,,,0.8545,0.8555,0.1445,0.007233,0.007233,1.0,71.151,71.151,0.736577,0.736577,1.0,1.1614,1.6758,1311.0,375.0,0.875,1,1
SIM0905,TPMS,gyroid,network,32,2.0,1.0,,,,,,0.8545,0.8672,0.1328,0.008899,0.008899,1.0,54.202,54.202,0.733536,0.733536,1.0,1.1822,3.3984,649.5,176.8,0.9844,1,1
SIM0906,TPMS,gyroid,network,32,1.0,2.0,,,,,,0.8709,0.8716,0.1284,0.005578,0.005578,1.0,84.804,84.804,0.768757,0.768757,1.0,1.1338,1.5938,1340.5,375.0,0.875,1,1
SIM0907,TPMS,gyroid,network,32,2.0,1.0,,,,,,0.8709,0.8789,0.1211,0.008023,0.008023,1.0,62.232,62.232,0.74712,0.74712,1.0,1.1764,3.375,673.1,176.8,0.9844,1,1
SIM0908,TPMS,gyroid,network,32,1.0,2.0,,,,,,0.8873,0.8877,0.1123,0.004139,0.004139,1.0,105.058,105.058,0.793052,0.793052,1.0,1.1193,1.5117,1375.0,353.6,0.875,1,1
SIM0909,TPMS,gyroid,network,32,2.0,1.0,,,,,,0.8873,0.9023,0.0977,0.00608,0.00608,1.0,79.559,79.559,0.792545,0.792545,1.0,1.1385,3.0,718.1,176.8,0.9844,1,1
SIM0910,TPMS,gyroid,network,32,2.0,1.0,,,,,,0.9036,0.9023,0.0977,0.00608,0.00608,1.0,79.559,79.559,0.792545,0.792545,1.0,1.1385,3.0,718.1,176.8,0.9844,1,1
SIM0911,TPMS,gyroid,network,32,1.0,2.0,,,,,,0.9036,0.9053,0.0947,0.002956,0.002956,1.0,134.162,134.162,0.82273,0.82273,1.0,1.1003,1.4062,1403.1,306.2,0.875,1,1
SIM0912,TPMS,gyroid,network,32,2.0,1.0,,,,,,0.92,0.9141,0.0859,0.00308,0.00308,1.0,107.518,107.518,0.826617,0.826617,1.0,1.1058,2.6953,728.9,176.8,0.9844,1,1
SIM0913,TPMS,gyroid,network,32,1.0,2.0,,,,,,0.92,0.9204,0.0796,0.001845,0.001845,1.0,177.649,177.649,0.840538,0.840538,1.0,1.095,1.3828,1447.0,279.5,0.875,1,1
SIM0914,TPMS,gyroid,sheet,32,1.0,2.0,,,,,,0.2,0.2012,0.7988,0.589678,0.589678,1.0,2.096,2.096,0.037307,0.037307,1.0,5.3924,2.8359,306.2,673.1,1.0,1,1
SIM0915,TPMS,gyroid,sheet,32,1.0,2.0,,,,,,0.2164,0.2158,0.7842,0.561785,0.561785,1.0,2.175,2.175,0.052406,0.052406,1.0,4.1183,3.0117,353.6,625.0,1.0,1,1
SIM0916,TPMS,gyroid,sheet,32,1.0,2.0,,,,,,0.2327,0.2334,0.7666,0.53249,0.53249,1.0,2.292,2.292,0.037735,0.037735,1.0,6.1852,3.1172,375.0,625.0,1.0,1,1
SIM0917,TPMS,gyroid,sheet,32,2.0,1.0,,,,,,0.2,0.2422,0.7578,0.509619,0.509619,1.0,2.354,2.354,0.05501,0.05501,1.0,4.4026,6.75,176.8,306.2,0.9994,1,1
SIM0918,TPMS,gyroid,sheet,32,2.0,1.0,,,,,,0.2327,0.2422,0.7578,0.509619,0.509619,1.0,2.354,2.354,0.05501,0.05501,1.0,4.4026,6.75,176.8,306.2,0.9994,1,1
SIM0919,TPMS,gyroid,sheet,32,2.0,1.0,,,,,,0.2164,0.2422,0.7578,0.509619,0.509619,1.0,2.354,2.354,0.05501,0.05501,1.0,4.4026,6.75,176.8,306.2,0.9994,1,1
SIM0920,TPMS,gyroid,sheet,32,1.0,2.0,,,,,,0.2491,0.251,0.749,0.497387,0.497387,1.0,2.43,2.43,0.043326,0.043326,1.0,5.7928,3.1992,375.0,612.4,1.0,1,1
SIM0921,TPMS,gyroid,sheet,32,1.0,2.0,,,,,,0.2655,0.2656,0.7344,0.477102,0.477102,1.0,2.52,2.52,0.064515,0.064515,1.0,4.1172,3.1758,375.0,572.8,1.0,1,1
SIM0922,TPMS,gyroid,sheet,32,2.0,1.0,,,,,,0.2491,0.2656,0.7344,0.482735,0.482735,1.0,2.482,2.482,0.063864,0.063864,1.0,4.1592,6.7969,176.8,306.2,0.9994,1,1
SIM0923,TPMS,gyroid,sheet,32,2.0,1.0,,,,,,0.2655,0.2656,0.7344,0.482735,0.482735,1.0,2.482,2.482,0.063864,0.063864,1.0,4.1592,6.7969,176.8,306.2,0.9994,1,1
SIM0924,TPMS,gyroid,sheet,32,1.0,2.0,,,,,,0.2818,0.2832,0.7168,0.436574,0.436574,1.0,2.701,2.701,0.050907,0.050907,1.0,5.5632,3.3281,375.0,559.0,0.996,1,1
SIM0925,TPMS,gyroid,sheet,32,1.0,2.0,,,,,,0.2982,0.2979,0.7021,0.411459,0.411459,1.0,2.84,2.84,0.092438,0.092438,1.0,3.2222,3.3281,414.6,544.9,0.9964,1,1
SIM0926,TPMS,gyroid,sheet,32,2.0,1.0,,,,,,0.2982,0.3125,0.6875,0.417455,0.417455,1.0,2.842,2.842,0.084489,0.084489,1.0,3.6987,6.75,216.5,279.5,0.9996,1,1
SIM0927,TPMS,gyroid,sheet,32,2.0,1.0,,,,,,0.3145,0.3125,0.6875,0.417455,0.417455,1.0,2.842,2.842,0.084489,0.084489,1.0,3.6987,6.75,216.5,279.5,0.9996,1,1
SIM0928,TPMS,gyroid,sheet,32,2.0,1.0,,,,,,0.2818,0.3125,0.6875,0.417455,0.417455,1.0,2.842,2.842,0.084489,0.084489,1.0,3.6987,6.75,216.5,279.5,0.9996,1,1
SIM0929,TPMS,gyroid,sheet,32,2.0,1.0,,,,,,0.3309,0.3125,0.6875,0.417455,0.417455,1.0,2.842,2.842,0.084489,0.084489,1.0,3.6987,6.75,216.5,279.5,0.9996,1,1
SIM0930,TPMS,gyroid,sheet,32,1.0,2.0,,,,,,0.3145,0.3154,0.6846,0.389504,0.389504,1.0,2.995,2.995,0.06379,0.06379,1.0,4.9448,3.4336,414.6,515.4,0.9966,1,1
SIM0931,TPMS,gyroid,sheet,32,1.0,2.0,,,,,,0.3309,0.3301,0.6699,0.374564,0.374564,1.0,3.119,3.119,0.076294,0.076294,1.0,4.3264,3.4102,433.0,515.4,0.9968,1,1
SIM0932,TPMS,gyroid,sheet,32,1.0,2.0,,,,,,0.3473,0.3477,0.6523,0.354051,0.354051,1.0,3.274,3.274,0.07494,0.07494,1.0,4.6391,3.5742,433.0,500.0,0.997,1,1
SIM0933,TPMS,gyroid,sheet,32,2.0,1.0,,,,,,0.3473,0.3594,0.6406,0.353911,0.353911,1.0,3.234,3.234,0.103337,0.103337,1.0,3.4777,7.5469,216.5,279.5,0.9996,1,1
SIM0934,TPMS,gyroid,sheet,32,1.0,2.0,,,,,,0.3636,0.3652,0.6348,0.339355,0.339355,1.0,3.396,3.396,0.062246,0.062246,1.0,5.8676,3.5742,433.0,467.7,0.9975,1,1
SIM0935,TPMS,gyroid,sheet,32,1.0,2.0,,,,,,0.38,0.3799,0.6201,0.32614,0.32614,1.0,3.528,3.528,0.085721,0.085721,1.0,4.4316,3.5625,450.7,450.7,0.9977,1,1
SIM0936,TPMS,gyroid,sheet,32,2.0,1.0,,,,,,0.3636,0.3828,0.6172,0.330026,0.330026,1.0,3.47,3.47,0.110809,0.110809,1.0,3.4547,7.5469,216.5,250.0,0.9996,1,1
SIM0937,TPMS,gyroid,sheet,32,2.0,1.0,,,,,,0.38,0.3828,0.6172,0.330026,0.330026,1.0,3.47,3.47,0.110809,0.110809,1.0,3.4547,7.5469,216.5,250.0,0.9996,1,1
SIM0938,TPMS,gyroid,sheet,32,1.0,2.0,,,,,,0.3964,0.3975,0.6025,0.30747,0.30747,1.0,3.714,3.714,0.090011,0.090011,1.0,4.4157,3.6562,467.7,450.7,0.998,1,1
SIM0939,TPMS,gyroid,sheet,32,1.0,2.0,,,,,,0.4127,0.4121,0.5879,0.289897,0.289897,1.0,3.868,3.868,0.108952,0.108952,1.0,3.7825,3.832,467.7,433.0,0.9979,1,1
SIM0940,TPMS,gyroid,sheet,32,1.0,2.0,,,,,,0.4291,0.4297,0.5703,0.271114,0.271114,1.0,4.073,4.073,0.122636,0.122636,1.0,3.5038,3.9609,500.0,414.6,0.9979,1,1
SIM0941,TPMS,gyroid,sheet,32,2.0,1.0,,,,,,0.3964,0.4297,0.5703,0.296099,0.296099,1.0,3.699,3.699,0.128719,0.128719,1.0,3.3382,7.4531,279.5,250.0,0.9999,1,1
SIM0942,TPMS,gyroid,sheet,32,2.0,1.0,,,,,,0.4127,0.4297,0.5703,0.296099,0.296099,1.0,3.699,3.699,0.128719,0.128719,1.0,3.3382,7.4531,279.5,250.0,0.9999,1,1
SIM0943,TPMS,gyroid,sheet,32,2.0,1.0,,,,,,0.4291,0.4297,0.5703,0.296099,0.296099,1.0,3.699,3.699,0.128719,0.128719,1.0,3.3382,7.4531,279.5,250.0,0.9999,1,1
SIM0944,TPMS,gyroid,sheet,32,1.0,2.0,,,,,,0.4455,0.4443,0.5557,0.256028,0.256028,1.0,4.314,4.314,0.127632,0.127632,1.0,3.4814,3.9961,515.4,395.3,0.9978,1,1
SIM0945,TPMS,gyroid,sheet,32,1.0,2.0,,,,,,0.4618,0.46,0.54,0.247421,0.247421,1.0,4.447,4.447,0.144966,0.144966,1.0,3.1729,3.9609,515.4,395.3,0.9982,1,1
SIM0946,TPMS,gyroid,sheet,32,2.0,1.0,,,,,,0.4455,0.4766,0.5234,0.259729,0.259729,1.0,4.282,4.282,0.147437,0.147437,1.0,3.2323,7.875,279.5,216.5,0.9999,1,1
SIM0947,TPMS,gyroid,sheet,32,2.0,1.0,,,,,,0.4618,0.4766,0.5234,0.259729,0.259729,1.0,4.282,4.282,0.147437,0.147437,1.0,3.2323,7.875,279.5,216.5,0.9999,1,1
SIM0948,TPMS,gyroid,sheet,32,2.0,1.0,,,,,,0.4782,0.4766,0.5234,0.259729,0.259729,1.0,4.282,4.282,0.147437,0.147437,1.0,3.2323,7.875,279.5,216.5,0.9999,1,1
SIM0949,TPMS,gyroid,sheet,32,1.0,2.0,,,,,,0.4782,0.4805,0.5195,0.230697,0.230697,1.0,4.689,4.689,0.149486,0.149486,1.0,3.2141,4.0547,515.4,375.0,0.9988,1,1
SIM0950,TPMS,gyroid,sheet,32,1.0,2.0,,,,,,0.4945,0.4951,0.5049,0.220447,0.220447,1.0,4.906,4.906,0.161411,0.161411,1.0,3.0674,4.0547,530.3,375.0,0.9988,1,1
SIM0951,TPMS,gyroid,sheet,32,2.0,1.0,,,,,,0.4945,0.5,0.5,0.225837,0.225837,1.0,4.757,4.757,0.162363,0.162363,1.0,3.0795,8.5781,279.5,216.5,0.9999,1,1
SIM0952,TPMS,gyroid,sheet,32,1.0,2.0,,,,,,0.5109,0.5127,0.4873,0.207656,0.207656,1.0,5.189,5.189,0.169939,0.169939,1.0,3.0169,4.0547,544.9,353.6,0.9987,1,1
SIM0953,TPMS,gyroid,sheet,32,1.0,2.0,,,,,,0.5273,0.5273,0.4727,0.193656,0.193656,1.0,5.465,5.465,0.18725,0.18725,1.0,2.8163,4.2773,544.9,353.6,0.9987,1,1
SIM0954,TPMS,gyroid,sheet,32,1.0,2.0,,,,,,0.5436,0.5449,0.4551,0.181827,0.181827,1.0,5.801,5.801,0.204549,0.204549,1.0,2.664,4.2773,559.0,306.2,0.9987,1,1
SIM0955,TPMS,gyroid,sheet,32,2.0,1.0,,,,,,0.5109,0.5469,0.4531,0.187588,0.187588,1.0,5.706,5.706,0.230542,0.230542,1.0,2.3721,8.7188,306.2,176.8,0.9999,1,1
SIM0956,TPMS,gyroid,sheet,32,2.0,1.0,,,,,,0.5273,0.5469,0.4531,0.187588,0.187588,1.0,5.706,5.706,0.230542,0.230542,1.0,2.3721,8.7188,306.2,176.8,0.9999,1,1
SIM0957,TPMS,gyroid,sheet,32,2.0,1.0,,,,,,0.5436,0.5469,0.4531,0.187588,0.187588,1.0,5.706,5.706,0.230542,0.230542,1.0,2.3721,8.7188,306.2,176.8,0.9999,1,1
SIM0958,TPMS,gyroid,sheet,32,1.0,2.0,,,,,,0.56,0.5596,0.4404,0.169087,0.169087,1.0,6.149,6.149,0.217949,0.217949,1.0,2.5674,4.3945,572.8,306.2,0.9986,1,1
SIM0959,TPMS,gyroid,sheet,32,2.0,1.0,,,,,,0.56,0.5703,0.4297,0.169395,0.169395,1.0,6.181,6.181,0.257898,0.257898,1.0,2.2114,8.4375,306.2,176.8,0.9999,1,1
SIM0960,TPMS,gyroid,sheet,32,1.0,2.0,,,,,,0.5764,0.5771,0.4229,0.15829,0.15829,1.0,6.509,6.509,0.233503,0.233503,1.0,2.4717,4.3828,572.8,306.2,0.999,1,1
SIM0961,TPMS,gyroid,sheet,32,1.0,2.0,,,,,,0.5927,0.5918,0.4082,0.149194,0.149194,1.0,6.803,6.803,0.243467,0.243467,1.0,2.4307,4.3945,586.3,306.2,0.9994,1,1
SIM0962,TPMS,gyroid,sheet,32,2.0,1.0,,,,,,0.5764,0.5938,0.4062,0.158686,0.158686,1.0,6.416,6.416,0.269455,0.269455,1.0,2.2035,8.3906,306.2,176.8,0.9998,1,1
SIM0963,TPMS,gyroid,sheet,32,2.0,1.0,,,,,,0.5927,0.5938,0.4062,0.158686,0.158686,1.0,6.416,6.416,0.269455,0.269455,1.0,2.2035,8.3906,306.2,176.8,0.9998,1,1
SIM0964,TPMS,gyroid,sheet,32,1.0,2.0,,,,,,0.6091,0.6094,0.3906,0.139474,0.139474,1.0,7.225,7.225,0.258536,0.258536,1.0,2.357,4.3242,612.4,279.5,0.9994,1,1
SIM0965,TPMS,gyroid,sheet,32,2.0,1.0,,,,,,0.6091,0.6212,0.3788,0.145043,0.145034,1.0001,6.596,6.599,0.281726,0.281656,1.0002,2.2049,8.3511,306.2,176.8,1.0,1,1
SIM0966,TPMS,gyroid,sheet,32,1.0,2.0,,,,,,0.6255,0.624,0.376,0.129962,0.129962,1.0,7.605,7.605,0.275897,0.275897,1.0,2.2618,4.4414,612.4,279.5,0.9994,1,1
SIM0967,TPMS,gyroid,sheet,32,2.0,1.0,,,,,,0.6255,0.625,0.375,0.143015,0.143015,1.0,6.627,6.627,0.283706,0.283706,1.0,2.203,8.3438,306.2,176.8,1.0,1,1
SIM0968,TPMS,gyroid,sheet,32,1.0,2.0,,,,,,0.6418,0.6416,0.3584,0.121099,0.121099,1.0,8.151,8.151,0.294012,0.294012,1.0,2.1822,4.4297,625.0,279.5,0.9993,1,1
SIM0969,TPMS,gyroid,sheet,32,2.0,1.0,,,,,,0.6418,0.6484,0.3516,0.123723,0.123723,1.0,7.914,7.914,0.297368,0.297368,1.0,2.1806,9.0938,306.2,176.8,1.0,1,1
SIM0970,TPMS,gyroid,sheet,32,1.0,2.0,,,,,,0.6582,0.6562,0.3438,0.112714,0.112714,1.0,8.668,8.668,0.30829,0.30829,1.0,2.1287,4.5117,637.4,279.5,0.9993,1,1
SIM0971,TPMS,gyroid,sheet,32,1.0,2.0,,,,,,0.6745,0.6738,0.3262,0.103561,0.103561,1.0,9.348,9.348,0.324075,0.324075,1.0,2.0792,4.4648,637.4,250.0,0.9993,1,1
SIM0972,TPMS,gyroid,sheet,32,1.0,2.0,,,,,,0.6909,0.6914,0.3086,0.09546,0.09546,1.0,10.007,10.007,0.318346,0.318346,1.0,2.1719,4.4531,649.5,250.0,0.9998,1,1
SIM0973,TPMS,gyroid,sheet,32,2.0,1.0,,,,,,0.6582,0.6953,0.3047,0.104627,0.104627,1.0,8.799,8.799,0.329451,0.329451,1.0,2.1105,9.1875,353.6,125.0,1.0,1,1
SIM0974,TPMS,gyroid,sheet,32,2.0,1.0,,,,,,0.6745,0.6953,0.3047,0.104627,0.104627,1.0,8.799,8.799,0.329451,0.329451,1.0,2.1105,9.1875,353.6,125.0,1.0,1,1
SIM0975,TPMS,gyroid,sheet,32,2.0,1.0,,,,,,0.6909,0.6953,0.3047,0.104627,0.104627,1.0,8.799,8.799,0.329451,0.329451,1.0,2.1105,9.1875,353.6,125.0,1.0,1,1
SIM0976,TPMS,gyroid,sheet,32,1.0,2.0,,,,,,0.7073,0.709,0.291,0.085539,0.085539,1.0,10.722,10.722,0.342662,0.342662,1.0,2.0691,4.582,673.1,250.0,0.9998,1,1
SIM0977,TPMS,gyroid,sheet,32,1.0,2.0,,,,,,0.7236,0.7236,0.2764,0.079782,0.079782,1.0,11.507,11.507,0.353553,0.353553,1.0,2.0467,4.5703,673.1,216.5,0.9998,1,1
SIM0978,TPMS,gyroid,sheet,32,1.0,2.0,,,,,,0.74,0.7412,0.2588,0.071274,0.071274,1.0,12.705,12.705,0.376373,0.376373,1.0,1.9694,4.6523,673.1,176.8,0.9998,1,1
SIM0979,TPMS,gyroid,sheet,32,2.0,1.0,,,,,,0.7073,0.7422,0.2578,0.085368,0.085368,1.0,10.765,10.765,0.357817,0.357817,1.0,2.0742,9.1406,375.0,125.0,1.0,1,1
SIM0980,TPMS,gyroid,sheet,32,2.0,1.0,,,,,,0.74,0.7422,0.2578,0.085368,0.085368,1.0,10.765,10.765,0.357817,0.357817,1.0,2.0742,9.1406,375.0,125.0,1.0,1,1
SIM0981,TPMS,gyroid,sheet,32,2.0,1.0,,,,,,0.7236,0.7422,0.2578,0.085368,0.085368,1.0,10.765,10.765,0.357817,0.357817,1.0,2.0742,9.1406,375.0,125.0,1.0,1,1
SIM0982,TPMS,gyroid,sheet,32,2.0,1.0,,,,,,0.7564,0.7422,0.2578,0.085368,0.085368,1.0,10.765,10.765,0.357817,0.357817,1.0,2.0742,9.1406,375.0,125.0,1.0,1,1
SIM0983,TPMS,gyroid,sheet,32,1.0,2.0,,,,,,0.7564,0.7559,0.2441,0.064222,0.064222,1.0,13.896,13.896,0.394224,0.394224,1.0,1.9173,4.582,684.7,176.8,0.9998,1,1
SIM0984,TPMS,gyroid,sheet,32,1.0,2.0,,,,,,0.7727,0.7734,0.2266,0.056921,0.056921,1.0,15.46,15.46,0.408586,0.408586,1.0,1.893,4.6758,707.1,176.8,0.9997,1,1
SIM0985,TPMS,gyroid,sheet,32,2.0,1.0,,,,,,0.7727,0.7891,0.2109,0.056448,0.056448,1.0,15.237,15.237,0.392227,0.392227,1.0,2.0117,9.8438,375.0,125.0,1.0,1,1
SIM0986,TPMS,gyroid,sheet,32,2.0,1.0,,,,,,0.7891,0.7891,0.2109,0.056448,0.056448,1.0,15.237,15.237,0.392227,0.392227,1.0,2.0117,9.8438,375.0,125.0,1.0,1,1
SIM0987,TPMS,gyroid,sheet,32,2.0,1.0,,,,,,0.8055,0.7891,0.2109,0.056448,0.056448,1.0,15.237,15.237,0.392227,0.392227,1.0,2.0117,9.8438,375.0,125.0,1.0,1,1
SIM0988,TPMS,gyroid,sheet,32,1.0,2.0,,,,,,0.7891,0.791,0.209,0.051088,0.051088,1.0,17.509,17.509,0.419249,0.419249,1.0,1.8867,4.6641,718.1,176.8,0.9997,1,1
SIM0989,TPMS,gyroid,sheet,32,1.0,2.0,,,,,,0.8055,0.8027,0.1973,0.047033,0.047033,1.0,18.715,18.715,0.425748,0.425748,1.0,1.8855,4.6641,718.1,176.8,0.9997,1,1
SIM0990,TPMS,gyroid,sheet,32,1.0,2.0,,,,,,0.8218,0.8213,0.1787,0.040131,0.040131,1.0,21.104,21.104,0.440938,0.440938,1.0,1.8626,4.6172,728.9,176.8,1.0,1,1
SIM0991,TPMS,gyroid,sheet,32,1.0,2.0,,,,,,0.8382,0.8389,0.1611,0.034031,0.034031,1.0,23.191,23.191,0.455381,0.455381,1.0,1.8421,4.6406,750.0,176.8,1.0,1,1
SIM0992,TPMS,gyroid,sheet,32,1.0,2.0,,,,,,0.8545,0.8564,0.1436,0.029505,0.029505,1.0,26.171,26.171,0.467554,0.467554,1.0,1.8318,4.6289,770.6,125.0,1.0,1,1
SIM0993,TPMS,gyroid,sheet,32,2.0,1.0,,,,,,0.8218,0.8594,0.1406,0.028744,0.028744,1.0,24.63,24.63,0.573701,0.573701,1.0,1.4979,9.0469,375.0,125.0,0.0039,1,1
SIM0994,TPMS,gyroid,sheet,32,2.0,1.0,,,,,,0.8382,0.8594,0.1406,0.028744,0.028744,1.0,24.63,24.63,0.573701,0.573701,1.0,1.4979,9.0469,375.0,125.0,0.0039,1,1
SIM0995,TPMS,gyroid,sheet,32,2.0,1.0,,,,,,0.8545,0.8594,0.1406,0.028744,0.028744,1.0,24.63,24.63,0.573701,0.573701,1.0,1.4979,9.0469,375.0,125.0,0.0039,1,1
SIM0996,TPMS,gyroid,sheet,32,2.0,1.0,,,,,,0.8709,0.8681,0.1319,0.01895,0.018886,1.0034,29.896,29.476,0.611675,0.611343,1.0005,1.4192,8.5239,375.0,125.0,0.0042,1,1
SIM0997,TPMS,gyroid,sheet,32,1.0,2.0,,,,,,0.8709,0.8711,0.1289,0.025599,0.025599,1.0,29.88,29.88,0.478369,0.478369,1.0,1.821,4.7227,770.6,125.0,1.0,1,1
SIM0998,TPMS,gyroid,sheet,32,1.0,2.0,,,,,,0.8873,0.8857,0.1143,0.021377,0.021377,1.0,35.15,35.15,0.490985,0.490985,1.0,1.804,4.7227,770.6,125.0,1.0,1,1
SIM0999,TPMS,gyroid,sheet,32,1.0,2.0,,,,,,0.9036,0.9033,0.0967,0.015924,0.015924,1.0,43.205,43.205,0.507417,0.507417,1.0,1.7802,4.793,800.4,125.0,1.0,1,1
SIM1000,TPMS,gyroid,sheet,32,2.0,1.0,,,,,,0.9036,0.9146,0.0854,0.00354,0.003541,0.9998,45.509,45.5,0.74659,0.746537,1.0001,1.2251,6.6646,375.0,125.0,0.0014,1,1
SIM1001,TPMS,gyroid,sheet,32,2.0,1.0,,,,,,0.8873,0.9146,0.0854,0.00354,0.003541,0.9998,45.509,45.5,0.74659,0.746537,1.0001,1.2251,6.6646,375.0,125.0,0.0014,1,1
SIM1002,TPMS,gyroid,sheet,32,2.0,1.0,,,,,,0.92,0.9146,0.0854,0.00354,0.003541,0.9998,45.509,45.5,0.74659,0.746537,1.0001,1.2251,6.6646,375.0,125.0,0.0014,1,1
SIM1003,TPMS,gyroid,sheet,32,1.0,2.0,,,,,,0.92,0.9209,0.0791,0.00788,0.00788,1.0,67.321,67.321,0.606699,0.606699,1.0,1.5179,4.5,800.4,125.0,0.9259,1,1
SIM1004,TPMS,iwp,network,32,2.0,1.0,,,,,,0.2,0.1914,0.8086,0.652381,0.652381,1.0,1.86,1.86,0.046397,0.046397,1.0,4.1254,3.9375,250.0,515.4,1.0,1,1
SIM1005,TPMS,iwp,network,32,1.0,2.0,,,,,,0.2,0.2002,0.7998,0.618502,0.618502,1.0,2.009,2.009,0.073491,0.073491,1.0,2.7241,2.0625,500.0,984.3,1.0,1,1
SIM1006,TPMS,iwp,network,32,1.0,2.0,,,,,,0.2164,0.2148,0.7852,0.594969,0.594969,1.0,2.051,2.051,0.083622,0.083622,1.0,2.5692,2.1562,500.0,976.3,1.0,1,1
SIM1007,TPMS,iwp,network,32,2.0,1.0,,,,,,0.2164,0.2148,0.7852,0.605518,0.605518,1.0,2.017,2.017,0.07553,0.07553,1.0,2.8445,4.6875,250.0,467.7,1.0,1,1
SIM1008,TPMS,iwp,network,32,1.0,2.0,,,,,,0.2327,0.2324,0.7676,0.572409,0.572409,1.0,2.159,2.159,0.094504,0.094504,1.0,2.4594,2.2031,515.4,960.1,1.0,1,1
SIM1009,TPMS,iwp,network,32,2.0,1.0,,,,,,0.2327,0.2383,0.7617,0.543929,0.543929,1.0,2.193,2.193,0.085198,0.085198,1.0,2.7968,5.0625,250.0,467.7,1.0,1,1
SIM1010,TPMS,iwp,network,32,1.0,2.0,,,,,,0.2491,0.25,0.75,0.551465,0.551465,1.0,2.263,2.263,0.108271,0.108271,1.0,2.309,2.1328,625.0,935.4,1.0,1,1
SIM1011,TPMS,iwp,network,32,2.0,1.0,,,,,,0.2491,0.2617,0.7383,0.531595,0.531595,1.0,2.297,2.297,0.09059,0.09059,1.0,2.8891,4.6875,279.5,467.7,1.0,1,1
SIM1012,TPMS,iwp,network,32,1.0,2.0,,,,,,0.2655,0.2646,0.7354,0.529091,0.529091,1.0,2.32,2.32,0.11903,0.11903,1.0,2.2234,2.3203,530.3,918.6,1.0,1,1
SIM1013,TPMS,iwp,network,32,1.0,2.0,,,,,,0.2818,0.2822,0.7178,0.503388,0.503388,1.0,2.404,2.404,0.125967,0.125967,1.0,2.2405,2.3203,530.3,910.0,1.0,1,1
SIM1014,TPMS,iwp,network,32,2.0,1.0,,,,,,0.2655,0.2852,0.7148,0.506277,0.506277,1.0,2.54,2.54,0.116986,0.116986,1.0,2.4375,4.6875,279.5,450.7,1.0,1,1
SIM1015,TPMS,iwp,network,32,2.0,1.0,,,,,,0.2818,0.2852,0.7148,0.506277,0.506277,1.0,2.54,2.54,0.116986,0.116986,1.0,2.4375,4.6875,279.5,450.7,1.0,1,1
SIM1016,TPMS,iwp,network,32,1.0,2.0,,,,,,0.2982,0.2969,0.7031,0.486398,0.486398,1.0,2.458,2.458,0.136659,0.136659,1.0,2.1724,2.3203,530.3,876.3,1.0,1,1
SIM1017,TPMS,iwp,network,32,2.0,1.0,,,,,,0.2982,0.3086,0.6914,0.489557,0.489557,1.0,2.55,2.55,0.124296,0.124296,1.0,2.4827,4.125,375.0,467.7,1.0,1,1
SIM1018,TPMS,iwp,network,32,2.0,1.0,,,,,,0.3145,0.3086,0.6914,0.489557,0.489557,1.0,2.55,2.55,0.124296,0.124296,1.0,2.4827,4.125,375.0,467.7,1.0,1,1
SIM1019,TPMS,iwp,network,32,1.0,2.0,,,,,,0.3145,0.3145,0.6855,0.465741,0.465741,1.0,2.574,2.574,0.14835,0.14835,1.0,2.1197,2.4141,559.0,883.9,1.0,1,1
SIM1020,TPMS,iwp,network,32,1.0,2.0,,,,,,0.3309,0.332,0.668,0.451202,0.451202,1.0,2.723,2.723,0.169507,0.169507,1.0,1.9588,2.3672,625.0,875.0,1.0,1,1
SIM1021,TPMS,iwp,network,32,2.0,1.0,,,,,,0.3309,0.332,0.668,0.448403,0.448403,1.0,2.616,2.616,0.14481,0.14481,1.0,2.2929,4.875,375.0,467.7,1.0,1,1
SIM1022,TPMS,iwp,network,32,2.0,1.0,,,,,,0.3473,0.332,0.668,0.448403,0.448403,1.0,2.616,2.616,0.14481,0.14481,1.0,2.2929,4.875,375.0,467.7,1.0,1,1
SIM1023,TPMS,iwp,network,32,1.0,2.0,,,,,,0.3473,0.3467,0.6533,0.43024,0.43024,1.0,2.772,2.772,0.179463,0.179463,1.0,1.9318,2.4844,625.0,838.5,1.0,1,1
SIM1024,TPMS,iwp,network,32,1.0,2.0,,,,,,0.3636,0.3628,0.6372,0.409569,0.409569,1.0,2.892,2.892,0.190175,0.190175,1.0,1.9077,2.5312,625.0,829.2,1.0,1,1
SIM1025,TPMS,iwp,network,32,2.0,1.0,,,,,,0.3636,0.3789,0.6211,0.403097,0.403097,1.0,2.871,2.871,0.181497,0.181497,1.0,2.0877,5.25,375.0,414.6,1.0,1,1
SIM1026,TPMS,iwp,network,32,2.0,1.0,,,,,,0.3964,0.3789,0.6211,0.403097,0.403097,1.0,2.871,2.871,0.181497,0.181497,1.0,2.0877,5.25,375.0,414.6,1.0,1,1
SIM1027,TPMS,iwp,network,32,2.0,1.0,,,,,,0.38,0.3789,0.6211,0.403097,0.403097,1.0,2.871,2.871,0.181497,0.181497,1.0,2.0877,5.25,375.0,414.6,1.0,1,1
SIM1028,TPMS,iwp,network,32,1.0,2.0,,,,,,0.38,0.3804,0.6196,0.39093,0.39093,1.0,2.992,2.992,0.204618,0.204618,1.0,1.8589,2.5312,625.0,810.1,1.0,1,1
SIM1029,TPMS,iwp,network,32,1.0,2.0,,,,,,0.3964,0.3979,0.6021,0.377641,0.377641,1.0,3.178,3.178,0.219582,0.219582,1.0,1.8123,2.4844,637.4,800.4,1.0,1,1
SIM1030,TPMS,iwp,network,32,2.0,1.0,,,,,,0.4127,0.4023,0.5977,0.383438,0.383438,1.0,3.242,3.242,0.200475,0.200475,1.0,2.007,5.25,375.0,395.3,1.0,1,1
SIM1031,TPMS,iwp,network,32,1.0,2.0,,,,,,0.4127,0.4126,0.5874,0.363058,0.363058,1.0,3.289,3.289,0.231835,0.231835,1.0,1.7797,2.5312,637.4,790.6,1.0,1,1
SIM1032,TPMS,iwp,network,32,2.0,1.0,,,,,,0.4291,0.4258,0.5742,0.33799,0.33799,1.0,3.466,3.466,0.220714,0.220714,1.0,1.9291,5.625,375.0,395.3,1.0,1,1
SIM1033,TPMS,iwp,network,32,2.0,1.0,,,,,,0.4455,0.4258,0.5742,0.33799,0.33799,1.0,3.466,3.466,0.220714,0.220714,1.0,1.9291,5.625,375.0,395.3,1.0,1,1
SIM1034,TPMS,iwp,network,32,1.0,2.0,,,,,,0.4291,0.4272,0.5728,0.351589,0.351589,1.0,3.42,3.42,0.244057,0.244057,1.0,1.7506,2.4844,649.5,770.6,1.0,1,1
SIM1035,TPMS,iwp,network,32,1.0,2.0,,,,,,0.4455,0.4448,0.5552,0.333472,0.333472,1.0,3.536,3.536,0.256417,0.256417,1.0,1.7348,2.625,684.7,739.5,1.0,1,1
SIM1036,TPMS,iwp,network,32,2.0,1.0,,,,,,0.4618,0.4492,0.5508,0.321189,0.321189,1.0,3.99,3.99,0.238525,0.238525,1.0,1.8833,5.25,375.0,395.3,1.0,1,1
SIM1037,TPMS,iwp,network,32,1.0,2.0,,,,,,0.4618,0.4624,0.5376,0.31706,0.31706,1.0,3.651,3.651,0.271779,0.271779,1.0,1.7014,2.6016,750.0,739.5,1.0,1,1
SIM1038,TPMS,iwp,network,32,2.0,1.0,,,,,,0.4782,0.4727,0.5273,0.311886,0.311886,1.0,3.933,3.933,0.261774,0.261774,1.0,1.8056,4.875,375.0,375.0,1.0,1,1
SIM1039,TPMS,iwp,network,32,1.0,2.0,,,,,,0.4782,0.48,0.52,0.300608,0.300608,1.0,3.912,3.912,0.287752,0.287752,1.0,1.668,2.6016,750.0,718.1,1.0,1,1
SIM1040,TPMS,iwp,network,32,2.0,1.0,,,,,,0.4945,0.4844,0.5156,0.303275,0.303275,1.0,4.033,4.033,0.276369,0.276369,1.0,1.7526,4.875,375.0,375.0,1.0,1,1
SIM1041,TPMS,iwp,network,32,1.0,2.0,,,,,,0.4945,0.4946,0.5054,0.289831,0.289831,1.0,4.107,4.107,0.303315,0.303315,1.0,1.6307,2.5078,750.0,718.1,1.0,1,1
SIM1042,TPMS,iwp,network,32,2.0,1.0,,,,,,0.5109,0.5078,0.4922,0.289242,0.289242,1.0,4.03,4.03,0.290148,0.290148,1.0,1.7502,4.3125,500.0,375.0,1.0,1,1
SIM1043,TPMS,iwp,network,32,2.0,1.0,,,,,,0.5273,0.5078,0.4922,0.289242,0.289242,1.0,4.03,4.03,0.290148,0.290148,1.0,1.7502,4.3125,500.0,375.0,1.0,1,1
SIM1044,TPMS,iwp,network,32,1.0,2.0,,,,,,0.5109,0.5093,0.4907,0.277734,0.277734,1.0,4.296,4.296,0.315889,0.315889,1.0,1.6122,2.5547,750.0,684.7,1.0,1,1
SIM1045,TPMS,iwp,network,32,1.0,2.0,,,,,,0.5273,0.5269,0.4731,0.262711,0.262711,1.0,4.524,4.524,0.33281,0.33281,1.0,1.5831,2.6016,750.0,673.1,1.0,1,1
SIM1046,TPMS,iwp,network,32,2.0,1.0,,,,,,0.5436,0.5312,0.4688,0.260821,0.260821,1.0,4.397,4.397,0.315492,0.315492,1.0,1.6839,5.0625,500.0,375.0,1.0,1,1
SIM1047,TPMS,iwp,network,32,1.0,2.0,,,,,,0.5436,0.5444,0.4556,0.247273,0.247273,1.0,4.706,4.706,0.35171,0.35171,1.0,1.548,2.6484,760.3,649.5,1.0,1,1
SIM1048,TPMS,iwp,network,32,2.0,1.0,,,,,,0.56,0.5547,0.4453,0.242068,0.242068,1.0,5.306,5.306,0.342841,0.342841,1.0,1.6179,5.0625,500.0,375.0,1.0,1,1
SIM1049,TPMS,iwp,network,32,1.0,2.0,,,,,,0.56,0.5605,0.4395,0.233791,0.233791,1.0,4.926,4.926,0.36233,0.36233,1.0,1.5471,2.6484,770.6,637.4,1.0,1,1
SIM1050,TPMS,iwp,network,32,1.0,2.0,,,,,,0.5764,0.5781,0.4219,0.222217,0.222217,1.0,5.257,5.257,0.389287,0.389287,1.0,1.4851,2.5312,875.0,625.0,1.0,1,1
SIM1051,TPMS,iwp,network,32,2.0,1.0,,,,,,0.5764,0.5781,0.4219,0.231354,0.231354,1.0,5.346,5.346,0.363349,0.363349,1.0,1.5911,5.0625,500.0,306.2,1.0,1,1
SIM1052,TPMS,iwp,network,32,2.0,1.0,,,,,,0.5927,0.5781,0.4219,0.231354,0.231354,1.0,5.346,5.346,0.363349,0.363349,1.0,1.5911,5.0625,500.0,306.2,1.0,1,1
SIM1053,TPMS,iwp,network,32,1.0,2.0,,,,,,0.5927,0.5928,0.4072,0.211242,0.211242,1.0,5.512,5.512,0.405316,0.405316,1.0,1.4625,2.5312,875.0,612.4,1.0,1,1
SIM1054,TPMS,iwp,network,32,2.0,1.0,,,,,,0.6091,0.6016,0.3984,0.190874,0.190874,1.0,5.637,5.637,0.39817,0.39817,1.0,1.5108,5.4375,500.0,306.2,1.0,1,1
SIM1055,TPMS,iwp,network,32,1.0,2.0,,,,,,0.6091,0.6104,0.3896,0.198138,0.198138,1.0,5.89,5.89,0.423433,0.423433,1.0,1.4414,2.5312,875.0,612.4,1.0,1,1
SIM1056,TPMS,iwp,network,32,1.0,2.0,,,,,,0.6255,0.625,0.375,0.191415,0.191415,1.0,6.247,6.247,0.437883,0.437883,1.0,1.4273,2.4844,875.0,572.8,1.0,1,1
SIM1057,TPMS,iwp,network,32,2.0,1.0,,,,,,0.6255,0.625,0.375,0.179501,0.179501,1.0,7.091,7.091,0.422836,0.422836,1.0,1.4781,5.0625,418.8,279.5,1.0,1,1
SIM1058,TPMS,iwp,network,32,2.0,1.0,,,,,,0.6418,0.6417,0.3583,0.172417,0.172417,1.0,7.239,7.239,0.448464,0.448464,1.0,1.4308,5.0625,463.5,279.5,1.0,1,1
SIM1059,TPMS,iwp,network,32,1.0,2.0,,,,,,0.6418,0.6426,0.3574,0.177686,0.177686,1.0,6.698,6.698,0.458963,0.458963,1.0,1.4001,2.5312,875.0,572.8,1.0,1,1
SIM1060,TPMS,iwp,network,32,2.0,1.0,,,,,,0.6582,0.6484,0.3516,0.16986,0.16986,1.0,7.265,7.265,0.443561,0.443561,1.0,1.4619,5.0625,467.7,279.5,1.0,1,1
SIM1061,TPMS,iwp,network,32,1.0,2.0,,,,,,0.6582,0.6602,0.3398,0.163586,0.163586,1.0,7.096,7.096,0.481818,0.481818,1.0,1.3701,2.5312,875.0,530.3,1.0,1,1
SIM1062,TPMS,iwp,network,32,1.0,2.0,,,,,,0.6745,0.6748,0.3252,0.151889,0.151889,1.0,7.671,7.671,0.495664,0.495664,1.0,1.3614,2.5312,875.0,530.3,1.0,1,1
SIM1063,TPMS,iwp,network,32,1.0,2.0,,,,,,0.6909,0.6895,0.3105,0.143997,0.143997,1.0,8.196,8.196,0.515557,0.515557,1.0,1.3373,2.4375,883.9,515.4,1.0,1,1
SIM1064,TPMS,iwp,network,32,2.0,1.0,,,,,,0.6745,0.6953,0.3047,0.135197,0.135197,1.0,9.629,9.629,0.522424,0.522424,1.0,1.3309,5.0625,467.7,279.5,1.0,1,1
SIM1065,TPMS,iwp,network,32,2.0,1.0,,,,,,0.6909,0.6953,0.3047,0.135197,0.135197,1.0,9.629,9.629,0.522424,0.522424,1.0,1.3309,5.0625,467.7,279.5,1.0,1,1
SIM1066,TPMS,iwp,network,32,1.0,2.0,,,,,,0.7073,0.707,0.293,0.136562,0.136562,1.0,8.692,8.692,0.540864,0.540864,1.0,1.3072,2.3672,892.7,515.4,1.0,1,1
SIM1067,TPMS,iwp,network,32,2.0,1.0,,,,,,0.7073,0.7188,0.2812,0.129136,0.129136,1.0,9.944,9.944,0.533082,0.533082,1.0,1.3483,4.6875,467.7,250.0,1.0,1,1
SIM1068,TPMS,iwp,network,32,1.0,2.0,,,,,,0.7236,0.7217,0.2783,0.126362,0.126362,1.0,9.371,9.371,0.558463,0.558463,1.0,1.2923,2.3672,910.0,515.4,1.0,1,1
SIM1069,TPMS,iwp,network,32,1.0,2.0,,,,,,0.74,0.7393,0.2607,0.117466,0.117466,1.0,10.207,10.207,0.579285,0.579285,1.0,1.2762,2.3203,918.6,500.0,1.0,1,1
SIM1070,TPMS,iwp,network,32,2.0,1.0,,,,,,0.7236,0.7422,0.2578,0.120617,0.120617,1.0,10.002,10.002,0.568135,0.568135,1.0,1.3064,4.125,500.0,250.0,1.0,1,1
SIM1071,TPMS,iwp,network,32,2.0,1.0,,,,,,0.74,0.7422,0.2578,0.120617,0.120617,1.0,10.002,10.002,0.568135,0.568135,1.0,1.3064,4.125,500.0,250.0,1.0,1,1
SIM1072,TPMS,iwp,network,32,1.0,2.0,,,,,,0.7564,0.7554,0.2446,0.099368,0.099368,1.0,11.803,11.803,0.606016,0.606016,1.0,1.2465,2.3203,918.6,467.7,1.0,1,1
SIM1073,TPMS,iwp,network,32,2.0,1.0,,,,,,0.7564,0.7656,0.2344,0.109815,0.109815,1.0,10.937,10.937,0.595362,0.595362,1.0,1.286,4.125,515.4,218.2,1.0,1,1
SIM1074,TPMS,iwp,network,32,1.0,2.0,,,,,,0.7727,0.7729,0.2271,0.09231,0.09231,1.0,13.321,13.321,0.631633,0.631633,1.0,1.2237,2.2266,943.7,467.7,1.0,1,1
SIM1075,TPMS,iwp,network,32,2.0,1.0,,,,,,0.7727,0.7891,0.2109,0.074017,0.074017,1.0,14.349,14.349,0.619727,0.619727,1.0,1.2732,4.5,515.4,250.0,1.0,1,1
SIM1076,TPMS,iwp,network,32,2.0,1.0,,,,,,0.7891,0.7891,0.2109,0.074017,0.074017,1.0,14.349,14.349,0.619727,0.619727,1.0,1.2732,4.5,515.4,250.0,1.0,1,1
SIM1077,TPMS,iwp,network,32,1.0,2.0,,,,,,0.7891,0.7905,0.2095,0.081972,0.081972,1.0,15.066,15.066,0.659942,0.659942,1.0,1.1979,2.2266,952.0,433.0,1.0,1,1
SIM1078,TPMS,iwp,network,32,1.0,2.0,,,,,,0.8055,0.8052,0.1948,0.076057,0.076057,1.0,16.049,16.049,0.676779,0.676779,1.0,1.1897,2.1797,1000.0,414.6,1.0,1,1
SIM1079,TPMS,iwp,network,32,2.0,1.0,,,,,,0.8055,0.8125,0.1875,0.059236,0.059236,1.0,16.373,16.373,0.668187,0.668187,1.0,1.216,4.125,515.4,250.0,1.0,1,1
SIM1080,TPMS,iwp,network,32,1.0,2.0,,,,,,0.8218,0.8198,0.1802,0.061686,0.061686,1.0,18.871,18.871,0.70014,0.70014,1.0,1.1709,2.1094,1007.8,414.6,1.0,1,1
SIM1081,TPMS,iwp,network,32,2.0,1.0,,,,,,0.8218,0.8359,0.1641,0.052467,0.052467,1.0,22.075,22.075,0.698926,0.698926,1.0,1.196,3.75,515.4,250.0,1.0,1,1
SIM1082,TPMS,iwp,network,32,1.0,2.0,,,,,,0.8382,0.8374,0.1626,0.054416,0.054416,1.0,21.467,21.467,0.728221,0.728221,1.0,1.1499,1.9688,1007.8,414.6,1.0,1,1
SIM1083,TPMS,iwp,network,32,2.0,1.0,,,,,,0.8382,0.8477,0.1523,0.051394,0.051394,1.0,27.899,27.899,0.711677,0.711677,1.0,1.1911,3.75,530.3,216.5,1.0,1,1
SIM1084,TPMS,iwp,network,32,1.0,2.0,,,,,,0.8545,0.855,0.145,0.044652,0.044652,1.0,25.717,25.717,0.756112,0.756112,1.0,1.1308,1.9219,1023.2,395.3,1.0,1,1
SIM1085,TPMS,iwp,network,32,1.0,2.0,,,,,,0.8709,0.8696,0.1304,0.023863,0.023863,1.0,32.894,32.894,0.793126,0.793126,1.0,1.0965,1.875,1030.8,395.3,1.0,1,1
SIM1086,TPMS,iwp,network,32,2.0,1.0,,,,,,0.8545,0.8711,0.1289,0.043311,0.043311,1.0,30.475,30.475,0.757476,0.757476,1.0,1.15,3.375,530.3,216.5,1.0,1,1
SIM1087,TPMS,iwp,network,32,2.0,1.0,,,,,,0.8709,0.8711,0.1289,0.043311,0.043311,1.0,30.475,30.475,0.757476,0.757476,1.0,1.15,3.375,530.3,216.5,1.0,1,1
SIM1088,TPMS,iwp,network,32,2.0,1.0,,,,,,0.8873,0.8711,0.1289,0.043311,0.043311,1.0,30.475,30.475,0.757476,0.757476,1.0,1.15,3.375,530.3,216.5,1.0,1,1
SIM1089,TPMS,iwp,network,32,1.0,2.0,,,,,,0.8873,0.8872,0.1128,0.020647,0.020647,1.0,35.903,35.903,0.812655,0.812655,1.0,1.0917,1.6875,1060.7,375.0,1.0,1,1
SIM1090,TPMS,iwp,network,32,2.0,1.0,,,,,,0.9036,0.8945,0.1055,0.0,0.0,,1495427.792,1495325.394,0.818209,0.818209,1.0,1.0933,3.0,530.3,216.5,0.0208,1,1
SIM1091,TPMS,iwp,network,32,1.0,2.0,,,,,,0.9036,0.9048,0.0952,0.0,0.0,,57159.675,57159.726,0.85221,0.85221,1.0,1.0617,1.5469,1068.0,375.0,0.0833,1,1
SIM1092,TPMS,iwp,network,32,1.0,2.0,,,,,,0.92,0.9194,0.0806,0.0,0.0,,1021853.929,1021866.489,0.871065,0.871065,1.0,1.0555,1.3125,1096.9,375.0,0.0833,1,1
SIM1093,TPMS,iwp,network,32,2.0,1.0,,,,,,0.92,0.9414,0.0586,0.0,0.0,,1524920.948,1524849.561,0.890151,0.890151,1.0,1.0576,1.875,572.8,176.8,0.0208,1,1
SIM1094,TPMS,iwp,sheet,32,2.0,1.0,,,,,,0.2,0.1914,0.8086,0.688109,0.688109,1.0,1.721,1.721,0.0371,0.0371,1.0,5.1592,5.625,216.5,306.2,1.0,1,1
SIM1095,TPMS,iwp,sheet,32,1.0,2.0,,,,,,0.2,0.2002,0.7998,0.656203,0.656203,1.0,1.779,1.779,0.03125,0.03125,1.0,6.4062,3.2344,375.0,530.3,1.0,1,1
SIM1096,TPMS,iwp,sheet,32,2.0,1.0,,,,,,0.2164,0.2148,0.7852,0.646611,0.646611,1.0,1.933,1.933,0.045645,0.045645,1.0,4.7069,6.375,216.5,279.5,1.0,1,1
SIM1097,TPMS,iwp,sheet,32,1.0,2.0,,,,,,0.2164,0.2178,0.7822,0.630397,0.630397,1.0,1.898,1.898,0.037241,0.037241,1.0,5.8477,3.375,395.3,515.4,1.0,1,1
SIM1098,TPMS,iwp,sheet,32,1.0,2.0,,,,,,0.2327,0.2295,0.7705,0.612062,0.612062,1.0,1.957,1.957,0.035306,0.035306,1.0,6.5,3.4453,395.3,515.4,1.0,1,1
SIM1099,TPMS,iwp,sheet,32,1.0,2.0,,,,,,0.2491,0.25,0.75,0.578169,0.578169,1.0,2.071,2.071,0.070481,0.070481,1.0,3.547,3.4922,395.3,500.0,1.0,1,1
SIM1100,TPMS,iwp,sheet,32,2.0,1.0,,,,,,0.2327,0.2617,0.7383,0.574185,0.574185,1.0,2.157,2.157,0.058489,0.058489,1.0,4.4746,7.125,216.5,279.5,1.0,1,1
SIM1101,TPMS,iwp,sheet,32,2.0,1.0,,,,,,0.2491,0.2617,0.7383,0.574185,0.574185,1.0,2.157,2.157,0.058489,0.058489,1.0,4.4746,7.125,216.5,279.5,1.0,1,1
SIM1102,TPMS,iwp,sheet,32,1.0,2.0,,,,,,0.2655,0.2676,0.7324,0.558715,0.558715,1.0,2.168,2.168,0.076263,0.076263,1.0,3.5086,3.6328,395.3,467.7,1.0,1,1
SIM1103,TPMS,iwp,sheet,32,2.0,1.0,,,,,,0.2655,0.2734,0.7266,0.549071,0.549071,1.0,2.235,2.235,0.076239,0.076239,1.0,3.5866,7.5,216.5,279.5,1.0,1,1
SIM1104,TPMS,iwp,sheet,32,2.0,1.0,,,,,,0.2818,0.2734,0.7266,0.549071,0.549071,1.0,2.235,2.235,0.076239,0.076239,1.0,3.5866,7.5,216.5,279.5,1.0,1,1
SIM1105,TPMS,iwp,sheet,32,1.0,2.0,,,,,,0.2818,0.2822,0.7178,0.53475,0.53475,1.0,2.259,2.259,0.07987,0.07987,1.0,3.5336,3.7734,395.3,467.7,1.0,1,1
SIM1106,TPMS,iwp,sheet,32,2.0,1.0,,,,,,0.2982,0.2969,0.7031,0.538477,0.538477,1.0,2.261,2.261,0.078951,0.078951,1.0,3.7602,6.9375,250.0,279.5,1.0,1,1
SIM1107,TPMS,iwp,sheet,32,1.0,2.0,,,,,,0.2982,0.2998,0.7002,0.516423,0.516423,1.0,2.371,2.371,0.085093,0.085093,1.0,3.5233,3.7266,395.3,450.7,1.0,1,1
SIM1108,TPMS,iwp,sheet,32,1.0,2.0,,,,,,0.3145,0.3145,0.6855,0.494754,0.494754,1.0,2.439,2.439,0.097766,0.097766,1.0,3.2164,3.8203,414.6,450.7,1.0,1,1
SIM1109,TPMS,iwp,sheet,32,1.0,2.0,,,,,,0.3309,0.332,0.668,0.475891,0.475891,1.0,2.546,2.546,0.103132,0.103132,1.0,3.2195,3.8438,467.7,450.7,1.0,1,1
SIM1110,TPMS,iwp,sheet,32,1.0,2.0,,,,,,0.3473,0.3467,0.6533,0.458886,0.458886,1.0,2.638,2.638,0.113273,0.113273,1.0,3.0606,3.9375,500.0,433.0,1.0,1,1
SIM1111,TPMS,iwp,sheet,32,2.0,1.0,,,,,,0.3145,0.3555,0.6445,0.467317,0.467317,1.0,2.585,2.585,0.09548,0.09548,1.0,3.723,8.0625,250.0,216.5,1.0,1,1
SIM1112,TPMS,iwp,sheet,32,2.0,1.0,,,,,,0.3473,0.3555,0.6445,0.467317,0.467317,1.0,2.585,2.585,0.09548,0.09548,1.0,3.723,8.0625,250.0,216.5,1.0,1,1
SIM1113,TPMS,iwp,sheet,32,2.0,1.0,,,,,,0.3309,0.3555,0.6445,0.467317,0.467317,1.0,2.585,2.585,0.09548,0.09548,1.0,3.723,8.0625,250.0,216.5,1.0,1,1
SIM1114,TPMS,iwp,sheet,32,1.0,2.0,,,,,,0.3636,0.3628,0.6372,0.434081,0.434081,1.0,2.809,2.809,0.121957,0.121957,1.0,2.9748,4.2422,467.7,414.6,1.0,1,1
SIM1115,TPMS,iwp,sheet,32,2.0,1.0,,,,,,0.3636,0.3789,0.6211,0.447864,0.447864,1.0,2.65,2.65,0.098084,0.098084,1.0,3.8631,8.0625,250.0,216.5,1.0,1,1
SIM1116,TPMS,iwp,sheet,32,2.0,1.0,,,,,,0.38,0.3789,0.6211,0.447864,0.447864,1.0,2.65,2.65,0.098084,0.098084,1.0,3.8631,8.0625,250.0,216.5,1.0,1,1
SIM1117,TPMS,iwp,sheet,32,1.0,2.0,,,,,,0.38,0.3804,0.6196,0.409495,0.409495,1.0,2.966,2.966,0.140921,0.140921,1.0,2.6992,4.2422,467.7,395.3,1.0,1,1
SIM1118,TPMS,iwp,sheet,32,1.0,2.0,,,,,,0.3964,0.395,0.605,0.399,0.399,1.0,3.118,3.118,0.14871,0.14871,1.0,2.6563,4.2422,467.7,375.0,1.0,1,1
SIM1119,TPMS,iwp,sheet,32,2.0,1.0,,,,,,0.3964,0.4023,0.5977,0.400751,0.400751,1.0,2.93,2.93,0.131335,0.131335,1.0,3.0635,8.8125,250.0,216.5,1.0,1,1
SIM1120,TPMS,iwp,sheet,32,2.0,1.0,,,,,,0.4127,0.4023,0.5977,0.400751,0.400751,1.0,2.93,2.93,0.131335,0.131335,1.0,3.0635,8.8125,250.0,216.5,1.0,1,1
SIM1121,TPMS,iwp,sheet,32,2.0,1.0,,,,,,0.4291,0.4023,0.5977,0.400751,0.400751,1.0,2.93,2.93,0.131335,0.131335,1.0,3.0635,8.8125,250.0,216.5,1.0,1,1
SIM1122,TPMS,iwp,sheet,32,2.0,1.0,,,,,,0.4455,0.4023,0.5977,0.400751,0.400751,1.0,2.93,2.93,0.131335,0.131335,1.0,3.0635,8.8125,250.0,216.5,1.0,1,1
SIM1123,TPMS,iwp,sheet,32,1.0,2.0,,,,,,0.4127,0.4126,0.5874,0.378701,0.378701,1.0,3.224,3.224,0.156544,0.156544,1.0,2.6357,4.2891,467.7,375.0,1.0,1,1
SIM1124,TPMS,iwp,sheet,32,1.0,2.0,,,,,,0.4291,0.4302,0.5698,0.360091,0.360091,1.0,3.324,3.324,0.168368,0.168368,1.0,2.555,4.3828,467.7,375.0,1.0,1,1
SIM1125,TPMS,iwp,sheet,32,1.0,2.0,,,,,,0.4455,0.4448,0.5552,0.343845,0.343845,1.0,3.5,3.5,0.185461,0.185461,1.0,2.3985,4.3828,500.0,375.0,1.0,1,1
SIM1126,TPMS,iwp,sheet,32,1.0,2.0,,,,,,0.4618,0.4624,0.5376,0.329609,0.329609,1.0,3.62,3.62,0.195722,0.195722,1.0,2.3625,4.3828,500.0,353.6,1.0,1,1
SIM1127,TPMS,iwp,sheet,32,1.0,2.0,,,,,,0.4782,0.4771,0.5229,0.313157,0.313157,1.0,3.839,3.839,0.203647,0.203647,1.0,2.3425,4.4062,500.0,353.6,1.0,1,1
SIM1128,TPMS,iwp,sheet,32,1.0,2.0,,,,,,0.4945,0.4946,0.5054,0.292868,0.292868,1.0,4.13,4.13,0.211673,0.211673,1.0,2.3368,4.5938,500.0,353.6,1.0,1,1
SIM1129,TPMS,iwp,sheet,32,2.0,1.0,,,,,,0.4618,0.4961,0.5039,0.29986,0.29986,1.0,3.673,3.673,0.20135,0.20135,1.0,2.4638,8.8125,250.0,176.8,1.0,1,1
SIM1130,TPMS,iwp,sheet,32,2.0,1.0,,,,,,0.4782,0.4961,0.5039,0.29986,0.29986,1.0,3.673,3.673,0.20135,0.20135,1.0,2.4638,8.8125,250.0,176.8,1.0,1,1
SIM1131,TPMS,iwp,sheet,32,2.0,1.0,,,,,,0.4945,0.4961,0.5039,0.29986,0.29986,1.0,3.673,3.673,0.20135,0.20135,1.0,2.4638,8.8125,250.0,176.8,1.0,1,1
SIM1132,TPMS,iwp,sheet,32,1.0,2.0,,,,,,0.5109,0.5093,0.4907,0.275929,0.275929,1.0,4.374,4.374,0.221504,0.221504,1.0,2.2992,4.6875,500.0,306.2,1.0,1,1
SIM1133,TPMS,iwp,sheet,32,2.0,1.0,,,,,,0.5109,0.5195,0.4805,0.275201,0.275201,1.0,4.014,4.014,0.230069,0.230069,1.0,2.2582,8.8125,279.5,176.8,1.0,1,1
SIM1134,TPMS,iwp,sheet,32,2.0,1.0,,,,,,0.5273,0.5195,0.4805,0.275201,0.275201,1.0,4.014,4.014,0.230069,0.230069,1.0,2.2582,8.8125,279.5,176.8,1.0,1,1
SIM1135,TPMS,iwp,sheet,32,2.0,1.0,,,,,,0.5436,0.5195,0.4805,0.275201,0.275201,1.0,4.014,4.014,0.230069,0.230069,1.0,2.2582,8.8125,279.5,176.8,1.0,1,1
SIM1136,TPMS,iwp,sheet,32,2.0,1.0,,,,,,0.56,0.5195,0.4805,0.275201,0.275201,1.0,4.014,4.014,0.230069,0.230069,1.0,2.2582,8.8125,279.5,176.8,1.0,1,1
SIM1137,TPMS,iwp,sheet,32,1.0,2.0,,,,,,0.5273,0.5254,0.4746,0.264212,0.264212,1.0,4.545,4.545,0.228298,0.228298,1.0,2.3013,4.6875,515.4,306.2,1.0,1,1
SIM1138,TPMS,iwp,sheet,32,1.0,2.0,,,,,,0.5436,0.5459,0.4541,0.242916,0.242916,1.0,4.813,4.813,0.252461,0.252461,1.0,2.1623,4.7344,515.4,279.5,1.0,1,1
SIM1139,TPMS,iwp,sheet,32,1.0,2.0,,,,,,0.56,0.5576,0.4424,0.23299,0.23299,1.0,5.009,5.009,0.265061,0.265061,1.0,2.1037,4.7344,515.4,279.5,1.0,1,1
SIM1140,TPMS,iwp,sheet,32,2.0,1.0,,,,,,0.5764,0.5664,0.4336,0.251149,0.251149,1.0,4.32,4.32,0.250087,0.250087,1.0,2.2648,8.25,375.0,176.8,1.0,1,1
SIM1141,TPMS,iwp,sheet,32,1.0,2.0,,,,,,0.5764,0.5752,0.4248,0.22101,0.22101,1.0,5.143,5.143,0.269845,0.269845,1.0,2.1316,4.7344,515.4,279.5,1.0,1,1
SIM1142,TPMS,iwp,sheet,32,1.0,2.0,,,,,,0.5927,0.5928,0.4072,0.207267,0.207267,1.0,5.328,5.328,0.284361,0.284361,1.0,2.0846,4.7812,515.4,279.5,1.0,1,1
SIM1143,TPMS,iwp,sheet,32,1.0,2.0,,,,,,0.6091,0.6104,0.3896,0.193308,0.193308,1.0,5.738,5.738,0.302377,0.302377,1.0,2.0185,4.6875,530.3,279.5,1.0,1,1
SIM1144,TPMS,iwp,sheet,32,2.0,1.0,,,,,,0.5927,0.6133,0.3867,0.197892,0.197892,1.0,5.173,5.173,0.270652,0.270652,1.0,2.2659,9.5625,375.0,176.8,1.0,1,1
SIM1145,TPMS,iwp,sheet,32,2.0,1.0,,,,,,0.6091,0.6133,0.3867,0.197892,0.197892,1.0,5.173,5.173,0.270652,0.270652,1.0,2.2659,9.5625,375.0,176.8,1.0,1,1
SIM1146,TPMS,iwp,sheet,32,1.0,2.0,,,,,,0.6255,0.625,0.375,0.184572,0.184572,1.0,5.955,5.955,0.305912,0.305912,1.0,2.0431,4.7344,572.8,279.5,1.0,1,1
SIM1147,TPMS,iwp,sheet,32,1.0,2.0,,,,,,0.6418,0.6426,0.3574,0.170679,0.170679,1.0,6.357,6.357,0.316243,0.316243,1.0,2.0319,4.8281,625.0,250.0,1.0,1,1
SIM1148,TPMS,iwp,sheet,32,1.0,2.0,,,,,,0.6582,0.6602,0.3398,0.156347,0.156347,1.0,6.762,6.762,0.324717,0.324717,1.0,2.033,4.9219,625.0,250.0,1.0,1,1
SIM1149,TPMS,iwp,sheet,32,2.0,1.0,,,,,,0.6255,0.6602,0.3398,0.161964,0.161964,1.0,6.373,6.373,0.288935,0.288935,1.0,2.2848,9.9375,306.2,176.8,1.0,1,1
SIM1150,TPMS,iwp,sheet,32,2.0,1.0,,,,,,0.6418,0.6602,0.3398,0.161964,0.161964,1.0,6.373,6.373,0.288935,0.288935,1.0,2.2848,9.9375,306.2,176.8,1.0,1,1
SIM1151,TPMS,iwp,sheet,32,2.0,1.0,,,,,,0.6745,0.6602,0.3398,0.161964,0.161964,1.0,6.373,6.373,0.288935,0.288935,1.0,2.2848,9.9375,306.2,176.8,1.0,1,1
SIM1152,TPMS,iwp,sheet,32,2.0,1.0,,,,,,0.6582,0.6602,0.3398,0.161964,0.161964,1.0,6.373,6.373,0.288935,0.288935,1.0,2.2848,9.9375,306.2,176.8,1.0,1,1
SIM1153,TPMS,iwp,sheet,32,1.0,2.0,,,,,,0.6745,0.6763,0.3237,0.142557,0.142557,1.0,7.421,7.421,0.330085,0.330085,1.0,2.0488,4.9688,625.0,250.0,1.0,1,1
SIM1154,TPMS,iwp,sheet,32,1.0,2.0,,,,,,0.6909,0.6909,0.3091,0.129133,0.129133,1.0,7.976,7.976,0.338696,0.338696,1.0,2.0399,5.0625,625.0,216.5,1.0,1,1
SIM1155,TPMS,iwp,sheet,32,2.0,1.0,,,,,,0.6909,0.707,0.293,0.123618,0.123618,1.0,7.262,7.262,0.335806,0.335806,1.0,2.1055,9.9375,306.2,125.0,1.0,1,1
SIM1156,TPMS,iwp,sheet,32,2.0,1.0,,,,,,0.7073,0.707,0.293,0.123618,0.123618,1.0,7.262,7.262,0.335806,0.335806,1.0,2.1055,9.9375,306.2,125.0,1.0,1,1
SIM1157,TPMS,iwp,sheet,32,2.0,1.0,,,,,,0.7236,0.707,0.293,0.123618,0.123618,1.0,7.262,7.262,0.335806,0.335806,1.0,2.1055,9.9375,306.2,125.0,1.0,1,1
SIM1158,TPMS,iwp,sheet,32,1.0,2.0,,,,,,0.7073,0.7085,0.2915,0.118949,0.118949,1.0,8.43,8.43,0.357433,0.357433,1.0,1.9822,5.0156,625.0,216.5,1.0,1,1
SIM1159,TPMS,iwp,sheet,32,1.0,2.0,,,,,,0.7236,0.7231,0.2769,0.110946,0.110946,1.0,9.013,9.013,0.370208,0.370208,1.0,1.9533,5.0156,612.4,176.8,1.0,1,1
SIM1160,TPMS,iwp,sheet,32,2.0,1.0,,,,,,0.74,0.7305,0.2695,0.10924,0.10924,1.0,8.285,8.285,0.350372,0.350372,1.0,2.0848,9.9375,306.2,125.0,1.0,1,1
SIM1161,TPMS,iwp,sheet,32,2.0,1.0,,,,,,0.7564,0.7305,0.2695,0.10924,0.10924,1.0,8.285,8.285,0.350372,0.350372,1.0,2.0848,9.9375,306.2,125.0,1.0,1,1
SIM1162,TPMS,iwp,sheet,32,2.0,1.0,,,,,,0.7727,0.7305,0.2695,0.10924,0.10924,1.0,8.285,8.285,0.350372,0.350372,1.0,2.0848,9.9375,306.2,125.0,1.0,1,1
SIM1163,TPMS,iwp,sheet,32,1.0,2.0,,,,,,0.74,0.7378,0.2622,0.099943,0.099943,1.0,9.501,9.501,0.387,0.387,1.0,1.9064,4.9688,612.4,176.8,1.0,1,1
SIM1164,TPMS,iwp,sheet,32,1.0,2.0,,,,,,0.7564,0.7554,0.2446,0.090266,0.090266,1.0,10.073,10.073,0.395606,0.395606,1.0,1.9094,4.9688,625.0,176.8,1.0,1,1
SIM1165,TPMS,iwp,sheet,32,1.0,2.0,,,,,,0.7727,0.7729,0.2271,0.07946,0.07946,1.0,11.18,11.18,0.408751,0.408751,1.0,1.891,5.0625,625.0,176.8,1.0,1,1
SIM1166,TPMS,iwp,sheet,32,2.0,1.0,,,,,,0.7891,0.7773,0.2227,0.076049,0.076049,1.0,11.957,11.957,0.40177,0.40177,1.0,1.9348,10.6875,306.2,125.0,0.8421,1,1
SIM1167,TPMS,iwp,sheet,32,1.0,2.0,,,,,,0.7891,0.7876,0.2124,0.072989,0.072989,1.0,12.148,12.148,0.42291,0.42291,1.0,1.8623,5.0625,625.0,176.8,1.0,1,1
SIM1168,TPMS,iwp,sheet,32,1.0,2.0,,,,,,0.8055,0.8052,0.1948,0.064057,0.064057,1.0,13.087,13.087,0.439806,0.439806,1.0,1.8308,5.0156,625.0,176.8,1.0,1,1
SIM1169,TPMS,iwp,sheet,32,1.0,2.0,,,,,,0.8218,0.8228,0.1772,0.055358,0.055358,1.0,14.767,14.767,0.449851,0.449851,1.0,1.8289,5.1562,637.4,176.8,1.0,1,1
SIM1170,TPMS,iwp,sheet,32,2.0,1.0,,,,,,0.8055,0.8242,0.1758,0.05829,0.05829,1.0,13.857,13.857,0.495951,0.495951,1.0,1.6619,9.9375,353.6,125.0,0.0076,1,1
SIM1171,TPMS,iwp,sheet,32,2.0,1.0,,,,,,0.8218,0.8242,0.1758,0.05829,0.05829,1.0,13.857,13.857,0.495951,0.495951,1.0,1.6619,9.9375,353.6,125.0,0.0076,1,1
SIM1172,TPMS,iwp,sheet,32,1.0,2.0,,,,,,0.8382,0.8374,0.1626,0.048974,0.048974,1.0,16.501,16.501,0.461001,0.461001,1.0,1.8165,5.1562,637.4,125.0,1.0,1,1
SIM1173,TPMS,iwp,sheet,32,2.0,1.0,,,,,,0.8382,0.8477,0.1523,0.038296,0.038296,1.0,17.025,17.025,0.58085,0.58085,1.0,1.4593,9.5625,375.0,125.0,0.0072,1,1
SIM1174,TPMS,iwp,sheet,32,1.0,2.0,,,,,,0.8545,0.855,0.145,0.041822,0.041822,1.0,18.602,18.602,0.478632,0.478632,1.0,1.7863,5.0859,649.5,125.0,1.0,1,1
SIM1175,TPMS,iwp,sheet,32,1.0,2.0,,,,,,0.8709,0.8726,0.1274,0.031511,0.031511,1.0,22.909,22.909,0.499938,0.499938,1.0,1.7453,5.1797,649.5,125.0,1.0,1,1
SIM1176,TPMS,iwp,sheet,32,1.0,2.0,,,,,,0.8873,0.8872,0.1128,0.027872,0.027872,1.0,25.031,25.031,0.511578,0.511578,1.0,1.7343,5.1797,649.5,125.0,0.8052,1,1
SIM1177,TPMS,iwp,sheet,32,2.0,1.0,,,,,,0.8545,0.8945,0.1055,0.00239,0.00239,1.0,54.439,54.439,0.743773,0.743773,1.0,1.2027,7.3125,375.0,125.0,0.002,1,1
SIM1178,TPMS,iwp,sheet,32,2.0,1.0,,,,,,0.8709,0.8945,0.1055,0.00239,0.00239,1.0,54.439,54.439,0.743773,0.743773,1.0,1.2027,7.3125,375.0,125.0,0.002,1,1
SIM1179,TPMS,iwp,sheet,32,2.0,1.0,,,,,,0.8873,0.8945,0.1055,0.00239,0.00239,1.0,54.439,54.439,0.743773,0.743773,1.0,1.2027,7.3125,375.0,125.0,0.002,1,1
SIM1180,TPMS,iwp,sheet,32,1.0,2.0,,,,,,0.9036,0.9048,0.0952,0.017047,0.017047,1.0,35.873,35.873,0.643387,0.643387,1.0,1.4063,4.7109,673.1,125.0,0.4,1,1
SIM1181,TPMS,iwp,sheet,32,2.0,1.0,,,,,,0.9036,0.9062,0.0938,0.001903,0.001903,1.0,50.88,50.88,0.775311,0.775311,1.0,1.1689,6.9375,375.0,125.0,0.0013,1,1
SIM1182,TPMS,iwp,sheet,32,1.0,2.0,,,,,,0.92,0.9194,0.0806,0.013753,0.013753,1.0,41.328,41.328,0.742717,0.742717,1.0,1.2379,4.5,673.1,125.0,0.3455,1,1
SIM1183,TPMS,iwp,sheet,32,2.0,1.0,,,,,,0.92,0.9531,0.0469,0.0,0.0,,,,0.884186,0.884186,1.0,1.078,3.75,467.7,125.0,0.0013,1,1
SIM1184,TPMS,lidinoid,network,32,2.0,1.0,,,,,,0.2,0.1875,0.8125,0.590511,0.590511,1.0,2.067,2.067,0.040618,0.040618,1.0,4.6162,6.0938,176.8,353.6,0.9989,1,1
SIM1185,TPMS,lidinoid,network,32,1.0,2.0,,,,,,0.2,0.2002,0.7998,0.484841,0.484841,1.0,2.445,2.445,0.032481,0.032481,1.0,6.1634,3.2109,279.5,612.4,0.9918,1,1
SIM1186,TPMS,lidinoid,network,32,2.0,1.0,,,,,,0.2164,0.2109,0.7891,0.554623,0.554623,1.0,2.118,2.118,0.047264,0.047264,1.0,4.463,6.8906,176.8,306.2,0.9989,1,1
SIM1187,TPMS,lidinoid,network,32,1.0,2.0,,,,,,0.2164,0.2178,0.7822,0.460703,0.460703,1.0,2.571,2.571,0.060188,0.060188,1.0,3.6182,3.3047,279.5,586.3,0.9918,1,1
SIM1188,TPMS,lidinoid,network,32,1.0,2.0,,,,,,0.2327,0.2324,0.7676,0.440525,0.440525,1.0,2.667,2.667,0.047291,0.047291,1.0,4.9147,3.4219,279.5,572.8,0.9919,1,1
SIM1189,TPMS,lidinoid,network,32,2.0,1.0,,,,,,0.2327,0.2344,0.7656,0.488795,0.488795,1.0,2.373,2.373,0.059988,0.059988,1.0,3.907,6.8438,176.8,306.2,0.9991,1,1
SIM1190,TPMS,lidinoid,network,32,2.0,1.0,,,,,,0.2491,0.2344,0.7656,0.488795,0.488795,1.0,2.373,2.373,0.059988,0.059988,1.0,3.907,6.8438,176.8,306.2,0.9991,1,1
SIM1191,TPMS,lidinoid,network,32,1.0,2.0,,,,,,0.2491,0.25,0.75,0.419774,0.419774,1.0,2.807,2.807,0.074184,0.074184,1.0,3.37,3.4805,306.2,544.9,0.9924,1,1
SIM1192,TPMS,lidinoid,network,32,1.0,2.0,,,,,,0.2655,0.2646,0.7354,0.397279,0.397279,1.0,2.951,2.951,0.0732,0.0732,1.0,3.6154,3.5859,306.2,530.3,0.9925,1,1
SIM1193,TPMS,lidinoid,network,32,2.0,1.0,,,,,,0.2655,0.2656,0.7344,0.437495,0.437495,1.0,2.632,2.632,0.07365,0.07365,1.0,3.6066,6.8438,176.8,279.5,0.9992,1,1
SIM1194,TPMS,lidinoid,network,32,2.0,1.0,,,,,,0.2818,0.27,0.73,0.427715,0.427623,1.0002,2.686,2.687,0.07804,0.078033,1.0001,3.4596,6.9722,176.8,279.5,0.9992,1,1
SIM1195,TPMS,lidinoid,network,32,1.0,2.0,,,,,,0.2818,0.2822,0.7178,0.375011,0.375011,1.0,3.086,3.086,0.062203,0.062203,1.0,4.5372,3.7148,306.2,515.4,0.9931,1,1
SIM1196,TPMS,lidinoid,network,32,2.0,1.0,,,,,,0.2982,0.2891,0.7109,0.388217,0.388217,1.0,2.874,2.874,0.077768,0.077768,1.0,3.717,7.5938,176.8,279.5,0.9991,1,1
SIM1197,TPMS,lidinoid,network,32,1.0,2.0,,,,,,0.2982,0.2998,0.7002,0.350612,0.350612,1.0,3.278,3.278,0.081478,0.081478,1.0,3.6796,3.7969,306.2,515.4,0.9929,1,1
SIM1198,TPMS,lidinoid,network,32,2.0,1.0,,,,,,0.3145,0.3125,0.6875,0.370186,0.370186,1.0,3.012,3.012,0.09348,0.09348,1.0,3.3429,7.6406,176.8,279.5,0.9991,1,1
SIM1199,TPMS,lidinoid,network,32,2.0,1.0,,,,,,0.3309,0.3125,0.6875,0.370186,0.370186,1.0,3.012,3.012,0.09348,0.09348,1.0,3.3429,7.6406,176.8,279.5,0.9991,1,1
SIM1200,TPMS,lidinoid,network,32,1.0,2.0,,,,,,0.3145,0.3145,0.6855,0.341003,0.341003,1.0,3.358,3.358,0.085079,0.085079,1.0,3.696,3.7969,306.2,515.4,0.9933,1,1
SIM1201,TPMS,lidinoid,network,32,1.0,2.0,,,,,,0.3309,0.3291,0.6709,0.326533,0.326533,1.0,3.493,3.493,0.091659,0.091659,1.0,3.5905,3.8789,353.6,500.0,0.9934,1,1
SIM1202,TPMS,lidinoid,network,32,2.0,1.0,,,,,,0.3473,0.3359,0.6641,0.30721,0.30721,1.0,3.662,3.662,0.102456,0.102456,1.0,3.2788,8.3438,176.8,279.5,0.9991,1,1
SIM1203,TPMS,lidinoid,network,32,1.0,2.0,,,,,,0.3473,0.3467,0.6533,0.301856,0.301856,1.0,3.761,3.761,0.105623,0.105623,1.0,3.2822,4.0195,353.6,467.7,0.9933,1,1
SIM1204,TPMS,lidinoid,network,32,1.0,2.0,,,,,,0.3636,0.3643,0.6357,0.27328,0.27328,1.0,4.126,4.126,0.119833,0.119833,1.0,3.0397,4.1953,353.6,467.7,0.9934,1,1
SIM1205,TPMS,lidinoid,network,32,1.0,2.0,,,,,,0.38,0.3789,0.6211,0.263157,0.263157,1.0,4.273,4.273,0.123519,0.123519,1.0,3.0676,4.1836,375.0,467.7,0.9938,1,1
SIM1206,TPMS,lidinoid,network,32,2.0,1.0,,,,,,0.3636,0.3828,0.6172,0.270079,0.270079,1.0,4.067,4.067,0.141883,0.141883,1.0,2.6981,8.3906,216.5,279.5,0.9993,1,1
SIM1207,TPMS,lidinoid,network,32,2.0,1.0,,,,,,0.38,0.3828,0.6172,0.270079,0.270079,1.0,4.067,4.067,0.141883,0.141883,1.0,2.6981,8.3906,216.5,279.5,0.9993,1,1
SIM1208,TPMS,lidinoid,network,32,1.0,2.0,,,,,,0.3964,0.3965,0.6035,0.248576,0.248576,1.0,4.51,4.51,0.136486,0.136486,1.0,2.905,4.2305,375.0,467.7,0.9939,1,1
SIM1209,TPMS,lidinoid,network,32,2.0,1.0,,,,,,0.3964,0.4062,0.5938,0.245775,0.245775,1.0,4.491,4.491,0.16794,0.16794,1.0,2.419,8.1094,216.5,250.0,0.9993,1,1
SIM1210,TPMS,lidinoid,network,32,1.0,2.0,,,,,,0.4127,0.4111,0.5889,0.236238,0.236238,1.0,4.722,4.722,0.16689,0.16689,1.0,2.4635,4.1602,375.0,450.7,0.9938,1,1
SIM1211,TPMS,lidinoid,network,32,1.0,2.0,,,,,,0.4291,0.4287,0.5713,0.225479,0.225479,1.0,4.906,4.906,0.167078,0.167078,1.0,2.5659,4.2539,375.0,433.0,0.9942,1,1
SIM1212,TPMS,lidinoid,network,32,2.0,1.0,,,,,,0.4127,0.4297,0.5703,0.229168,0.229168,1.0,4.744,4.744,0.1796,0.1796,1.0,2.3925,8.1562,216.5,250.0,0.9993,1,1
SIM1213,TPMS,lidinoid,network,32,2.0,1.0,,,,,,0.4291,0.4297,0.5703,0.229168,0.229168,1.0,4.744,4.744,0.1796,0.1796,1.0,2.3925,8.1562,216.5,250.0,0.9993,1,1
SIM1214,TPMS,lidinoid,network,32,2.0,1.0,,,,,,0.4455,0.4297,0.5703,0.229168,0.229168,1.0,4.744,4.744,0.1796,0.1796,1.0,2.3925,8.1562,216.5,250.0,0.9993,1,1
SIM1215,TPMS,lidinoid,network,32,1.0,2.0,,,,,,0.4455,0.4463,0.5537,0.199364,0.199364,1.0,5.502,5.502,0.184145,0.184145,1.0,2.4236,4.5234,375.0,433.0,0.994,1,1
SIM1216,TPMS,lidinoid,network,32,2.0,1.0,,,,,,0.4618,0.4531,0.5469,0.203473,0.203473,1.0,5.314,5.314,0.189594,0.189594,1.0,2.39,8.5312,216.5,250.0,0.9992,1,1
SIM1217,TPMS,lidinoid,network,32,1.0,2.0,,,,,,0.4618,0.4619,0.5381,0.186,0.186,1.0,5.809,5.809,0.189285,0.189285,1.0,2.4403,4.5938,395.3,414.6,0.9943,1,1
SIM1218,TPMS,lidinoid,network,32,1.0,2.0,,,,,,0.4782,0.4766,0.5234,0.166149,0.166149,1.0,6.321,6.321,0.198255,0.198255,1.0,2.4038,4.6875,395.3,414.6,0.9942,1,1
SIM1219,TPMS,lidinoid,network,32,2.0,1.0,,,,,,0.4782,0.4766,0.5234,0.172579,0.172579,1.0,6.004,6.004,0.18544,0.18544,1.0,2.5699,9.9375,216.5,250.0,0.9992,1,1
SIM1220,TPMS,lidinoid,network,32,2.0,1.0,,,,,,0.4945,0.4766,0.5234,0.172579,0.172579,1.0,6.004,6.004,0.18544,0.18544,1.0,2.5699,9.9375,216.5,250.0,0.9992,1,1
SIM1221,TPMS,lidinoid,network,32,1.0,2.0,,,,,,0.4945,0.4941,0.5059,0.157306,0.157306,1.0,6.671,6.671,0.213795,0.213795,1.0,2.3113,4.6523,395.3,414.6,0.994,1,1
SIM1222,TPMS,lidinoid,network,32,2.0,1.0,,,,,,0.5109,0.5,0.5,0.171773,0.171773,1.0,6.103,6.103,0.197452,0.197452,1.0,2.5323,9.8906,216.5,216.5,0.9995,1,1
SIM1223,TPMS,lidinoid,network,32,1.0,2.0,,,,,,0.5109,0.5117,0.4883,0.14696,0.14696,1.0,7.136,7.136,0.232954,0.232954,1.0,2.1967,4.5469,414.6,414.6,0.9941,1,1
SIM1224,TPMS,lidinoid,network,32,1.0,2.0,,,,,,0.5273,0.5264,0.4736,0.125893,0.125893,1.0,7.828,7.828,0.272573,0.272573,1.0,1.9311,4.6406,414.6,414.6,0.9939,1,1
SIM1225,TPMS,lidinoid,network,32,1.0,2.0,,,,,,0.5436,0.5439,0.4561,0.108742,0.108742,1.0,8.704,8.704,0.291619,0.291619,1.0,1.8653,4.7695,414.6,395.3,0.9937,1,1
SIM1226,TPMS,lidinoid,network,32,2.0,1.0,,,,,,0.5273,0.5469,0.4531,0.125065,0.125065,1.0,7.414,7.414,0.294549,0.294549,1.0,1.8567,9.2344,250.0,216.5,0.9995,1,1
SIM1227,TPMS,lidinoid,network,32,2.0,1.0,,,,,,0.5436,0.5469,0.4531,0.125065,0.125065,1.0,7.414,7.414,0.294549,0.294549,1.0,1.8567,9.2344,250.0,216.5,0.9995,1,1
SIM1228,TPMS,lidinoid,network,32,1.0,2.0,,,,,,0.56,0.5586,0.4414,0.098005,0.098005,1.0,9.258,9.258,0.321258,0.321258,1.0,1.7388,4.6875,433.0,395.3,0.9939,1,1
SIM1229,TPMS,lidinoid,network,32,2.0,1.0,,,,,,0.56,0.5703,0.4297,0.089763,0.089763,1.0,8.824,8.824,0.312595,0.312595,1.0,1.8244,9.9375,250.0,216.5,0.9994,1,1
SIM1230,TPMS,lidinoid,network,32,2.0,1.0,,,,,,0.5764,0.5703,0.4297,0.089763,0.089763,1.0,8.824,8.824,0.312595,0.312595,1.0,1.8244,9.9375,250.0,216.5,0.9994,1,1
SIM1231,TPMS,lidinoid,network,32,1.0,2.0,,,,,,0.5764,0.5762,0.4238,0.086374,0.086374,1.0,10.119,10.119,0.340564,0.340564,1.0,1.6918,4.6172,433.0,395.3,0.9937,1,1
SIM1232,TPMS,lidinoid,network,32,1.0,2.0,,,,,,0.5927,0.5908,0.4092,0.075666,0.075666,1.0,11.219,11.219,0.359138,0.359138,1.0,1.6451,4.582,450.7,375.0,0.9939,1,1
SIM1233,TPMS,lidinoid,network,32,2.0,1.0,,,,,,0.5927,0.5938,0.4062,0.063929,0.063929,1.0,11.146,11.146,0.361001,0.361001,1.0,1.6447,9.1406,250.0,216.5,0.9994,1,1
SIM1234,TPMS,lidinoid,network,32,1.0,2.0,,,,,,0.6091,0.6084,0.3916,0.062713,0.062713,1.0,12.712,12.712,0.376578,0.376578,1.0,1.6156,4.6406,450.7,375.0,0.9936,1,1
SIM1235,TPMS,lidinoid,network,32,2.0,1.0,,,,,,0.6091,0.6172,0.3828,0.04878,0.04878,1.0,12.225,12.225,0.369234,0.369234,1.0,1.6715,9.1875,250.0,216.5,0.9994,1,1
SIM1236,TPMS,lidinoid,network,32,2.0,1.0,,,,,,0.6255,0.6172,0.3828,0.04878,0.04878,1.0,12.225,12.225,0.369234,0.369234,1.0,1.6715,9.1875,250.0,216.5,0.9994,1,1
SIM1237,TPMS,lidinoid,network,32,1.0,2.0,,,,,,0.6255,0.626,0.374,0.05808,0.05808,1.0,13.65,13.65,0.391416,0.391416,1.0,1.5993,4.6172,467.7,375.0,0.9943,1,1
SIM1238,TPMS,lidinoid,network,32,2.0,1.0,,,,,,0.6418,0.6406,0.3594,0.047036,0.047036,1.0,12.663,12.663,0.38881,0.38881,1.0,1.6477,9.1875,279.5,216.5,0.9993,1,1
SIM1239,TPMS,lidinoid,network,32,2.0,1.0,,,,,,0.6582,0.6406,0.3594,0.047036,0.047036,1.0,12.663,12.663,0.38881,0.38881,1.0,1.6477,9.1875,279.5,216.5,0.9993,1,1
SIM1240,TPMS,lidinoid,network,32,1.0,2.0,,,,,,0.6418,0.6436,0.3564,0.042141,0.042141,1.0,16.994,16.994,0.412316,0.412316,1.0,1.5608,4.7227,467.7,375.0,0.994,1,1
SIM1241,TPMS,lidinoid,network,32,1.0,2.0,,,,,,0.6582,0.6582,0.3418,0.03547,0.03547,1.0,18.812,18.812,0.447139,0.447139,1.0,1.472,4.5117,467.7,375.0,0.9938,1,1
SIM1242,TPMS,lidinoid,network,32,1.0,2.0,,,,,,0.6745,0.6729,0.3271,0.031373,0.031373,1.0,20.716,20.716,0.468573,0.468573,1.0,1.436,4.3359,467.7,375.0,0.994,1,1
SIM1243,TPMS,lidinoid,network,32,2.0,1.0,,,,,,0.6909,0.6875,0.3125,0.02999,0.02999,1.0,17.886,17.886,0.424245,0.424245,1.0,1.6205,9.2344,279.5,216.5,0.9992,1,1
SIM1244,TPMS,lidinoid,network,32,2.0,1.0,,,,,,0.6745,0.6875,0.3125,0.02999,0.02999,1.0,17.886,17.886,0.424245,0.424245,1.0,1.6205,9.2344,279.5,216.5,0.9992,1,1
SIM1245,TPMS,lidinoid,network,32,2.0,1.0,,,,,,0.7073,0.6875,0.3125,0.02999,0.02999,1.0,17.886,17.886,0.424245,0.424245,1.0,1.6205,9.2344,279.5,216.5,0.9992,1,1
SIM1246,TPMS,lidinoid,network,32,1.0,2.0,,,,,,0.6909,0.6904,0.3096,0.025042,0.025042,1.0,23.511,23.511,0.500906,0.500906,1.0,1.3784,4.2773,467.7,375.0,0.9937,1,1
SIM1247,TPMS,lidinoid,network,32,1.0,2.0,,,,,,0.7073,0.708,0.292,0.018659,0.018659,1.0,27.87,27.87,0.529666,0.529666,1.0,1.3367,4.0312,467.7,375.0,0.9933,1,1
SIM1248,TPMS,lidinoid,network,32,2.0,1.0,,,,,,0.7236,0.7109,0.2891,0.013508,0.013508,1.0,25.946,25.946,0.491253,0.491253,1.0,1.4472,8.4375,279.5,216.5,0.9992,1,1
SIM1249,TPMS,lidinoid,network,32,1.0,2.0,,,,,,0.7236,0.7227,0.2773,0.011926,0.011926,1.0,30.683,30.683,0.557193,0.557193,1.0,1.297,4.043,467.7,375.0,0.993,1,1
SIM1250,TPMS,lidinoid,network,32,1.0,2.0,,,,,,0.74,0.7402,0.2598,0.002104,0.002104,1.0,40.41,40.41,0.589838,0.589838,1.0,1.255,3.7969,500.0,375.0,0.0625,1,1
SIM1251,TPMS,lidinoid,network,32,1.0,2.0,,,,,,0.7564,0.7578,0.2422,0.001981,0.001981,1.0,45.779,45.779,0.62494,0.62494,1.0,1.2126,3.7852,515.4,353.6,0.0625,1,1
SIM1252,TPMS,lidinoid,network,32,2.0,1.0,,,,,,0.74,0.7578,0.2422,0.003063,0.003063,1.0,57.377,57.377,0.586878,0.586878,1.0,1.2913,7.4062,279.5,216.5,0.0078,1,1
SIM1253,TPMS,lidinoid,network,32,2.0,1.0,,,,,,0.7564,0.7578,0.2422,0.003063,0.003063,1.0,57.377,57.377,0.586878,0.586878,1.0,1.2913,7.4062,279.5,216.5,0.0078,1,1
SIM1254,TPMS,lidinoid,network,32,1.0,2.0,,,,,,0.7727,0.7725,0.2275,0.0,0.0,1.0,9005.006,9005.005,0.642315,0.642315,1.0,1.2026,3.5039,515.4,353.6,0.0625,1,1
SIM1255,TPMS,lidinoid,network,32,2.0,1.0,,,,,,0.7727,0.7812,0.2188,0.002998,0.002998,1.0,63.392,63.392,0.6361,0.6361,1.0,1.2282,5.9531,279.5,216.5,0.0078,1,1
SIM1256,TPMS,lidinoid,network,32,2.0,1.0,,,,,,0.7891,0.7812,0.2188,0.002998,0.002998,1.0,63.392,63.392,0.6361,0.6361,1.0,1.2282,5.9531,279.5,216.5,0.0078,1,1
SIM1257,TPMS,lidinoid,network,32,1.0,2.0,,,,,,0.7891,0.79,0.21,0.0,0.0,,474044.432,474040.774,0.665204,0.665204,1.0,1.1877,3.4336,515.4,353.6,0.0625,1,1
SIM1258,TPMS,lidinoid,network,32,1.0,2.0,,,,,,0.8055,0.8047,0.1953,0.0,0.0,,273305.188,273304.067,0.690115,0.690115,1.0,1.166,3.3281,530.3,353.6,0.0625,1,1
SIM1259,TPMS,lidinoid,network,32,2.0,1.0,,,,,,0.8055,0.8047,0.1953,0.002451,0.002451,1.0,67.645,67.645,0.657708,0.657708,1.0,1.2235,6.0,279.5,176.8,0.0078,1,1
SIM1260,TPMS,lidinoid,network,32,1.0,2.0,,,,,,0.8218,0.8223,0.1777,0.0,0.0,,721164.469,721159.03,0.717915,0.717915,1.0,1.1454,2.9531,515.4,353.6,0.0625,1,1
SIM1261,TPMS,lidinoid,network,32,2.0,1.0,,,,,,0.8218,0.8281,0.1719,0.0,0.0,,810570.256,810555.777,0.712547,0.712547,1.0,1.1622,5.25,279.5,176.8,0.0078,1,1
SIM1262,TPMS,lidinoid,network,32,1.0,2.0,,,,,,0.8382,0.8398,0.1602,0.0,0.0,,1370827.765,1370815.097,0.742156,0.742156,1.0,1.1316,2.6836,530.3,353.6,0.0625,1,1
SIM1263,TPMS,lidinoid,network,32,2.0,1.0,,,,,,0.8382,0.8516,0.1484,0.0,0.0,1.0,2085.934,2085.934,0.739342,0.739342,1.0,1.1518,5.1562,306.2,176.8,0.0078,1,1
SIM1264,TPMS,lidinoid,network,32,2.0,1.0,,,,,,0.8545,0.8516,0.1484,0.0,0.0,1.0,2085.934,2085.934,0.739342,0.739342,1.0,1.1518,5.1562,306.2,176.8,0.0078,1,1
SIM1265,TPMS,lidinoid,network,32,2.0,1.0,,,,,,0.8709,0.8516,0.1484,0.0,0.0,1.0,2085.934,2085.934,0.739342,0.739342,1.0,1.1518,5.1562,306.2,176.8,0.0078,1,1
SIM1266,TPMS,lidinoid,network,32,1.0,2.0,,,,,,0.8545,0.8545,0.1455,0.0,0.0,,148081.435,148081.626,0.76221,0.76221,1.0,1.1211,2.5195,544.9,306.2,0.0625,1,1
SIM1267,TPMS,lidinoid,network,32,1.0,2.0,,,,,,0.8709,0.8691,0.1309,0.0,0.0,,724903.616,724897.095,0.785526,0.785526,1.0,1.1064,2.4023,572.8,306.2,0.0625,1,1
SIM1268,TPMS,lidinoid,network,32,1.0,2.0,,,,,,0.8873,0.8867,0.1133,0.0,0.0,1.0,21468.203,21468.198,0.809989,0.809989,1.0,1.0947,2.2266,572.8,279.5,0.0625,1,1
SIM1269,TPMS,lidinoid,network,32,2.0,1.0,,,,,,0.8873,0.8984,0.1016,0.0,0.0,1.0,245.878,245.878,0.803393,0.803393,1.0,1.1183,4.4062,306.2,176.8,0.0078,1,1
SIM1270,TPMS,lidinoid,network,32,2.0,1.0,,,,,,0.9036,0.8984,0.1016,0.0,0.0,1.0,245.878,245.878,0.803393,0.803393,1.0,1.1183,4.4062,306.2,176.8,0.0078,1,1
SIM1271,TPMS,lidinoid,network,32,1.0,2.0,,,,,,0.9036,0.9043,0.0957,0.0,0.0,,120184.004,120183.949,0.834102,0.834102,1.0,1.0842,2.0039,625.0,279.5,0.0625,1,1
SIM1272,TPMS,lidinoid,network,32,1.0,2.0,,,,,,0.92,0.9189,0.0811,0.0,0.0,,32250.004,32250.013,0.864864,0.864864,1.0,1.0625,1.5703,637.4,250.0,0.0625,1,1
SIM1273,TPMS,lidinoid,network,32,2.0,1.0,,,,,,0.92,0.9219,0.0781,0.0,0.0,1.0,1743.169,1743.169,0.832578,0.832578,1.0,1.1073,3.6562,353.6,125.0,0.0078,1,1
SIM1274,TPMS,lidinoid,sheet,32,1.0,2.0,,,,,,0.2,0.1982,0.8018,0.559365,0.559365,1.0,2.182,2.182,0.024854,0.024854,1.0,7.9764,4.1953,250.0,530.3,1.0,1,1
SIM1275,TPMS,lidinoid,sheet,32,1.0,2.0,,,,,,0.2164,0.2158,0.7842,0.507173,0.507173,1.0,2.35,2.35,0.04231,0.04231,1.0,5.101,4.3594,250.0,515.4,1.0,1,1
SIM1276,TPMS,lidinoid,sheet,32,2.0,1.0,,,,,,0.2,0.2188,0.7812,0.590514,0.590514,1.0,1.977,1.977,0.032541,0.032541,1.0,6.7223,8.9531,176.8,279.5,0.999,1,1
SIM1277,TPMS,lidinoid,sheet,32,2.0,1.0,,,,,,0.2164,0.2188,0.7812,0.590514,0.590514,1.0,1.977,1.977,0.032541,0.032541,1.0,6.7223,8.9531,176.8,279.5,0.999,1,1
SIM1278,TPMS,lidinoid,sheet,32,1.0,2.0,,,,,,0.2327,0.2334,0.7666,0.463541,0.463541,1.0,2.541,2.541,0.02935,0.02935,1.0,7.9521,4.6055,279.5,500.0,0.9908,1,1
SIM1279,TPMS,lidinoid,sheet,32,2.0,1.0,,,,,,0.2327,0.2422,0.7578,0.54171,0.54171,1.0,2.114,2.114,0.043145,0.043145,1.0,5.6134,9.0,176.8,279.5,0.999,1,1
SIM1280,TPMS,lidinoid,sheet,32,2.0,1.0,,,,,,0.2491,0.2422,0.7578,0.54171,0.54171,1.0,2.114,2.114,0.043145,0.043145,1.0,5.6134,9.0,176.8,279.5,0.999,1,1
SIM1281,TPMS,lidinoid,sheet,32,1.0,2.0,,,,,,0.2491,0.248,0.752,0.451947,0.451947,1.0,2.603,2.603,0.03166,0.03166,1.0,7.8346,4.6875,279.5,500.0,0.9913,1,1
SIM1282,TPMS,lidinoid,sheet,32,1.0,2.0,,,,,,0.2655,0.2656,0.7344,0.42287,0.42287,1.0,2.738,2.738,0.036243,0.036243,1.0,7.329,4.793,279.5,467.7,0.9914,1,1
SIM1283,TPMS,lidinoid,sheet,32,2.0,1.0,,,,,,0.2655,0.2656,0.7344,0.513592,0.513592,1.0,2.185,2.185,0.043142,0.043142,1.0,6.1569,9.75,176.8,250.0,0.9989,1,1
SIM1284,TPMS,lidinoid,sheet,32,1.0,2.0,,,,,,0.2818,0.2803,0.7197,0.408942,0.408942,1.0,2.841,2.841,0.056796,0.056796,1.0,4.9348,4.7812,279.5,467.7,0.9917,1,1
SIM1285,TPMS,lidinoid,sheet,32,2.0,1.0,,,,,,0.2818,0.2891,0.7109,0.480451,0.480451,1.0,2.286,2.286,0.046876,0.046876,1.0,6.1666,10.5469,176.8,250.0,0.9989,1,1
SIM1286,TPMS,lidinoid,sheet,32,2.0,1.0,,,,,,0.2982,0.2891,0.7109,0.480451,0.480451,1.0,2.286,2.286,0.046876,0.046876,1.0,6.1666,10.5469,176.8,250.0,0.9989,1,1
SIM1287,TPMS,lidinoid,sheet,32,1.0,2.0,,,,,,0.2982,0.2988,0.7012,0.387294,0.387294,1.0,2.998,2.998,0.042168,0.042168,1.0,7.0866,4.875,279.5,450.7,0.9918,1,1
SIM1288,TPMS,lidinoid,sheet,32,1.0,2.0,,,,,,0.3145,0.3135,0.6865,0.370081,0.370081,1.0,3.141,3.141,0.044845,0.044845,1.0,6.9902,5.2266,279.5,414.6,0.9919,1,1
SIM1289,TPMS,lidinoid,sheet,32,1.0,2.0,,,,,,0.3309,0.3311,0.6689,0.352586,0.352586,1.0,3.276,3.276,0.045738,0.045738,1.0,7.2381,5.2852,279.5,414.6,0.9922,1,1
SIM1290,TPMS,lidinoid,sheet,32,2.0,1.0,,,,,,0.3473,0.3359,0.6641,0.392814,0.392814,1.0,2.773,2.773,0.060614,0.060614,1.0,5.5423,11.25,176.8,250.0,0.9991,1,1
SIM1291,TPMS,lidinoid,sheet,32,2.0,1.0,,,,,,0.3309,0.3359,0.6641,0.392814,0.392814,1.0,2.773,2.773,0.060614,0.060614,1.0,5.5423,11.25,176.8,250.0,0.9991,1,1
SIM1292,TPMS,lidinoid,sheet,32,2.0,1.0,,,,,,0.3145,0.3359,0.6641,0.392814,0.392814,1.0,2.773,2.773,0.060614,0.060614,1.0,5.5423,11.25,176.8,250.0,0.9991,1,1
SIM1293,TPMS,lidinoid,sheet,32,1.0,2.0,,,,,,0.3473,0.3457,0.6543,0.338805,0.338805,1.0,3.405,3.405,0.049686,0.049686,1.0,6.9578,5.4961,306.2,395.3,0.9926,1,1
SIM1294,TPMS,lidinoid,sheet,32,2.0,1.0,,,,,,0.3636,0.3594,0.6406,0.367242,0.367242,1.0,2.958,2.958,0.068502,0.068502,1.0,5.2462,11.25,176.8,250.0,0.999,1,1
SIM1295,TPMS,lidinoid,sheet,32,1.0,2.0,,,,,,0.3636,0.3633,0.6367,0.320809,0.320809,1.0,3.567,3.567,0.052125,0.052125,1.0,6.9694,5.6133,306.2,375.0,0.993,1,1
SIM1296,TPMS,lidinoid,sheet,32,2.0,1.0,,,,,,0.38,0.3672,0.6328,0.345902,0.345902,1.0,3.162,3.162,0.07269,0.07269,1.0,5.0514,11.25,176.8,250.0,0.9991,1,1
SIM1297,TPMS,lidinoid,sheet,32,1.0,2.0,,,,,,0.38,0.3809,0.6191,0.30595,0.30595,1.0,3.694,3.694,0.059208,0.059208,1.0,6.4326,5.7656,306.2,375.0,0.9934,1,1
SIM1298,TPMS,lidinoid,sheet,32,2.0,1.0,,,,,,0.3964,0.3906,0.6094,0.324725,0.324725,1.0,3.322,3.322,0.071993,0.071993,1.0,5.4259,11.9531,176.8,250.0,0.9991,1,1
SIM1299,TPMS,lidinoid,sheet,32,1.0,2.0,,,,,,0.3964,0.3955,0.6045,0.292837,0.292837,1.0,3.836,3.836,0.066599,0.066599,1.0,5.9386,6.0,306.2,375.0,0.9932,1,1
SIM1300,TPMS,lidinoid,sheet,32,1.0,2.0,,,,,,0.4127,0.4131,0.5869,0.27865,0.27865,1.0,4.008,4.008,0.079934,0.079934,1.0,5.1679,6.1172,306.2,375.0,0.9933,1,1
SIM1301,TPMS,lidinoid,sheet,32,2.0,1.0,,,,,,0.4127,0.4141,0.5859,0.307189,0.307189,1.0,3.535,3.535,0.072157,0.072157,1.0,5.7384,12.0,176.8,250.0,0.9991,1,1
SIM1302,TPMS,lidinoid,sheet,32,1.0,2.0,,,,,,0.4291,0.4307,0.5693,0.262079,0.262079,1.0,4.261,4.261,0.085798,0.085798,1.0,5.0195,6.1992,306.2,353.6,0.9931,1,1
SIM1303,TPMS,lidinoid,sheet,32,2.0,1.0,,,,,,0.4291,0.4375,0.5625,0.275486,0.275486,1.0,3.813,3.813,0.081212,0.081212,1.0,5.3871,12.75,176.8,176.8,0.999,1,1
SIM1304,TPMS,lidinoid,sheet,32,2.0,1.0,,,,,,0.4455,0.4375,0.5625,0.275486,0.275486,1.0,3.813,3.813,0.081212,0.081212,1.0,5.3871,12.75,176.8,176.8,0.999,1,1
SIM1305,TPMS,lidinoid,sheet,32,1.0,2.0,,,,,,0.4455,0.4453,0.5547,0.252418,0.252418,1.0,4.392,4.392,0.08968,0.08968,1.0,4.9656,6.2227,306.2,353.6,0.9936,1,1
SIM1306,TPMS,lidinoid,sheet,32,2.0,1.0,,,,,,0.4618,0.4609,0.5391,0.256889,0.256889,1.0,4.071,4.071,0.090655,0.090655,1.0,5.0845,12.7969,176.8,176.8,0.999,1,1
SIM1307,TPMS,lidinoid,sheet,32,2.0,1.0,,,,,,0.4782,0.4609,0.5391,0.256889,0.256889,1.0,4.071,4.071,0.090655,0.090655,1.0,5.0845,12.7969,176.8,176.8,0.999,1,1
SIM1308,TPMS,lidinoid,sheet,32,1.0,2.0,,,,,,0.4618,0.4629,0.5371,0.240615,0.240615,1.0,4.579,4.579,0.09181,0.09181,1.0,5.0418,6.3047,306.2,353.6,0.9934,1,1
SIM1309,TPMS,lidinoid,sheet,32,1.0,2.0,,,,,,0.4782,0.4775,0.5225,0.227199,0.227199,1.0,4.785,4.785,0.100053,0.100053,1.0,4.7729,6.4219,353.6,353.6,0.9936,1,1
SIM1310,TPMS,lidinoid,sheet,32,2.0,1.0,,,,,,0.4945,0.4844,0.5156,0.223643,0.223643,1.0,4.56,4.56,0.100794,0.100794,1.0,4.8056,13.5,176.8,176.8,0.9989,1,1
SIM1311,TPMS,lidinoid,sheet,32,1.0,2.0,,,,,,0.4945,0.4951,0.5049,0.211966,0.211966,1.0,5.094,5.094,0.103459,0.103459,1.0,4.7857,6.5508,353.6,353.6,0.9937,1,1
SIM1312,TPMS,lidinoid,sheet,32,1.0,2.0,,,,,,0.5109,0.5127,0.4873,0.197172,0.197172,1.0,5.413,5.413,0.112075,0.112075,1.0,4.5746,6.8086,353.6,279.5,0.9935,1,1
SIM1313,TPMS,lidinoid,sheet,32,1.0,2.0,,,,,,0.5273,0.5273,0.4727,0.187063,0.187063,1.0,5.643,5.643,0.118201,0.118201,1.0,4.4614,6.8906,353.6,279.5,0.9937,1,1
SIM1314,TPMS,lidinoid,sheet,32,2.0,1.0,,,,,,0.5109,0.5312,0.4688,0.190516,0.190516,1.0,5.112,5.112,0.12407,0.12407,1.0,4.2819,13.7344,176.8,176.8,0.9922,1,1
SIM1315,TPMS,lidinoid,sheet,32,2.0,1.0,,,,,,0.5273,0.5312,0.4688,0.190516,0.190516,1.0,5.112,5.112,0.12407,0.12407,1.0,4.2819,13.7344,176.8,176.8,0.9922,1,1
SIM1316,TPMS,lidinoid,sheet,32,2.0,1.0,,,,,,0.5436,0.5312,0.4688,0.190516,0.190516,1.0,5.112,5.112,0.12407,0.12407,1.0,4.2819,13.7344,176.8,176.8,0.9922,1,1
SIM1317,TPMS,lidinoid,sheet,32,1.0,2.0,,,,,,0.5436,0.542,0.458,0.178187,0.178187,1.0,5.927,5.927,0.127612,0.127612,1.0,4.2472,6.9023,375.0,279.5,0.9939,1,1
SIM1318,TPMS,lidinoid,sheet,32,2.0,1.0,,,,,,0.56,0.5547,0.4453,0.181843,0.181843,1.0,5.322,5.322,0.188407,0.188407,1.0,2.9441,12.8906,176.8,176.8,0.9934,1,1
SIM1319,TPMS,lidinoid,sheet,32,1.0,2.0,,,,,,0.56,0.5596,0.4404,0.171241,0.171241,1.0,6.156,6.156,0.134284,0.134284,1.0,4.1671,6.8789,375.0,279.5,0.9949,1,1
SIM1320,TPMS,lidinoid,sheet,32,1.0,2.0,,,,,,0.5764,0.5771,0.4229,0.160539,0.160539,1.0,6.506,6.506,0.145884,0.145884,1.0,3.9562,7.1836,375.0,279.5,0.9947,1,1
SIM1321,TPMS,lidinoid,sheet,32,2.0,1.0,,,,,,0.5764,0.5781,0.4219,0.165103,0.165103,1.0,5.912,5.912,0.21155,0.21155,1.0,2.7328,12.6094,176.8,176.8,0.9931,1,1
SIM1322,TPMS,lidinoid,sheet,32,1.0,2.0,,,,,,0.5927,0.5918,0.4082,0.151366,0.151366,1.0,6.919,6.919,0.155722,0.155722,1.0,3.8004,7.1836,375.0,279.5,0.9945,1,1
SIM1323,TPMS,lidinoid,sheet,32,2.0,1.0,,,,,,0.5927,0.6016,0.3984,0.150152,0.150152,1.0,6.289,6.289,0.226043,0.226043,1.0,2.6613,12.6562,216.5,176.8,0.9926,1,1
SIM1324,TPMS,lidinoid,sheet,32,1.0,2.0,,,,,,0.6091,0.6094,0.3906,0.142277,0.142277,1.0,7.273,7.273,0.152091,0.152091,1.0,4.0067,7.5703,375.0,250.0,0.9947,1,1
SIM1325,TPMS,lidinoid,sheet,32,1.0,2.0,,,,,,0.6255,0.624,0.376,0.134614,0.134614,1.0,7.572,7.572,0.157017,0.157017,1.0,3.9743,7.6055,375.0,250.0,0.995,1,1
SIM1326,TPMS,lidinoid,sheet,32,2.0,1.0,,,,,,0.6091,0.625,0.375,0.137966,0.137966,1.0,6.852,6.852,0.226157,0.226157,1.0,2.7636,13.4062,216.5,125.0,0.875,1,1
SIM1327,TPMS,lidinoid,sheet,32,2.0,1.0,,,,,,0.6255,0.625,0.375,0.137966,0.137966,1.0,6.852,6.852,0.226157,0.226157,1.0,2.7636,13.4062,216.5,125.0,0.875,1,1
SIM1328,TPMS,lidinoid,sheet,32,2.0,1.0,,,,,,0.6418,0.625,0.375,0.137966,0.137966,1.0,6.852,6.852,0.226157,0.226157,1.0,2.7636,13.4062,216.5,125.0,0.875,1,1
SIM1329,TPMS,lidinoid,sheet,32,1.0,2.0,,,,,,0.6418,0.6416,0.3584,0.124049,0.124049,1.0,8.06,8.06,0.163665,0.163665,1.0,3.9202,7.6641,375.0,250.0,0.9809,1,1
SIM1330,TPMS,lidinoid,sheet,32,2.0,1.0,,,,,,0.6582,0.6484,0.3516,0.120875,0.120875,1.0,7.462,7.462,0.312326,0.312326,1.0,2.0762,11.8594,216.5,125.0,0.9333,1,1
SIM1331,TPMS,lidinoid,sheet,32,1.0,2.0,,,,,,0.6582,0.6562,0.3438,0.115103,0.115103,1.0,8.658,8.658,0.16743,0.16743,1.0,3.9195,7.7461,375.0,250.0,0.9801,1,1
SIM1332,TPMS,lidinoid,sheet,32,2.0,1.0,,,,,,0.6745,0.6719,0.3281,0.087299,0.087299,1.0,9.637,9.637,0.372334,0.372334,1.0,1.8045,11.4844,216.5,125.0,0.9286,1,1
SIM1333,TPMS,lidinoid,sheet,32,2.0,1.0,,,,,,0.6909,0.6719,0.3281,0.087299,0.087299,1.0,9.637,9.637,0.372334,0.372334,1.0,1.8045,11.4844,216.5,125.0,0.9286,1,1
SIM1334,TPMS,lidinoid,sheet,32,1.0,2.0,,,,,,0.6745,0.6738,0.3262,0.105264,0.105264,1.0,9.343,9.343,0.177807,0.177807,1.0,3.7897,8.0273,375.0,216.5,0.979,1,1
SIM1335,TPMS,lidinoid,sheet,32,1.0,2.0,,,,,,0.6909,0.6914,0.3086,0.096537,0.096537,1.0,10.064,10.064,0.176223,0.176223,1.0,3.9235,8.3203,375.0,176.8,0.9778,1,1
SIM1336,TPMS,lidinoid,sheet,32,2.0,1.0,,,,,,0.7073,0.6953,0.3047,0.078034,0.078034,1.0,10.865,10.865,0.373437,0.373437,1.0,1.8619,12.9375,216.5,125.0,0.9231,1,1
SIM1337,TPMS,lidinoid,sheet,32,1.0,2.0,,,,,,0.7073,0.707,0.293,0.090324,0.090324,1.0,10.593,10.593,0.180556,0.180556,1.0,3.9159,8.3789,375.0,176.8,0.9775,1,1
SIM1338,TPMS,lidinoid,sheet,32,1.0,2.0,,,,,,0.7236,0.7246,0.2754,0.081874,0.081874,1.0,11.569,11.569,0.22128,0.22128,1.0,3.2746,8.4023,375.0,176.8,0.9707,1,1
SIM1339,TPMS,lidinoid,sheet,32,1.0,2.0,,,,,,0.74,0.7393,0.2607,0.074451,0.074451,1.0,12.48,12.48,0.22883,0.22883,1.0,3.2306,8.3789,375.0,176.8,0.9691,1,1
SIM1340,TPMS,lidinoid,sheet,32,2.0,1.0,,,,,,0.7236,0.7422,0.2578,0.049093,0.049093,1.0,13.723,13.723,0.460095,0.460095,1.0,1.6131,13.2188,216.5,125.0,0.0047,1,1
SIM1341,TPMS,lidinoid,sheet,32,2.0,1.0,,,,,,0.74,0.7422,0.2578,0.049093,0.049093,1.0,13.723,13.723,0.460095,0.460095,1.0,1.6131,13.2188,216.5,125.0,0.0047,1,1
SIM1342,TPMS,lidinoid,sheet,32,2.0,1.0,,,,,,0.7564,0.7422,0.2578,0.049093,0.049093,1.0,13.723,13.723,0.460095,0.460095,1.0,1.6131,13.2188,216.5,125.0,0.0047,1,1
SIM1343,TPMS,lidinoid,sheet,32,1.0,2.0,,,,,,0.7564,0.7568,0.2432,0.063685,0.063685,1.0,13.807,13.807,0.321656,0.321656,1.0,2.3529,8.3438,395.3,176.8,0.9669,1,1
SIM1344,TPMS,lidinoid,sheet,32,1.0,2.0,,,,,,0.7727,0.7715,0.2285,0.055069,0.055069,1.0,15.222,15.222,0.357676,0.357676,1.0,2.1569,8.1211,395.3,176.8,0.9199,1,1
SIM1345,TPMS,lidinoid,sheet,32,1.0,2.0,,,,,,0.7891,0.7891,0.2109,0.048037,0.048037,1.0,16.604,16.604,0.43134,0.43134,1.0,1.8293,8.0273,414.6,176.8,0.8993,1,1
SIM1346,TPMS,lidinoid,sheet,32,2.0,1.0,,,,,,0.7727,0.7891,0.2109,0.030909,0.030909,1.0,19.678,19.678,0.513336,0.513336,1.0,1.5371,12.4219,279.5,125.0,0.0052,1,1
SIM1347,TPMS,lidinoid,sheet,32,2.0,1.0,,,,,,0.7891,0.7891,0.2109,0.030909,0.030909,1.0,19.678,19.678,0.513336,0.513336,1.0,1.5371,12.4219,279.5,125.0,0.0052,1,1
SIM1348,TPMS,lidinoid,sheet,32,1.0,2.0,,,,,,0.8055,0.8037,0.1963,0.04276,0.04276,1.0,18.222,18.222,0.467722,0.467722,1.0,1.7184,8.1211,414.6,125.0,0.8918,1,1
SIM1349,TPMS,lidinoid,sheet,32,2.0,1.0,,,,,,0.8218,0.8125,0.1875,0.026513,0.026513,1.0,22.289,22.289,0.535678,0.535678,1.0,1.5168,12.4688,279.5,125.0,0.0011,1,1
SIM1350,TPMS,lidinoid,sheet,32,2.0,1.0,,,,,,0.8055,0.8125,0.1875,0.026513,0.026513,1.0,22.289,22.289,0.535678,0.535678,1.0,1.5168,12.4688,279.5,125.0,0.0011,1,1
SIM1351,TPMS,lidinoid,sheet,32,1.0,2.0,,,,,,0.8218,0.8213,0.1787,0.032461,0.032461,1.0,22.228,22.228,0.531079,0.531079,1.0,1.5465,7.7461,414.6,125.0,0.8852,1,1
SIM1352,TPMS,lidinoid,sheet,32,2.0,1.0,,,,,,0.8545,0.8372,0.1628,0.012835,0.012916,0.9937,28.951,29.1,0.590807,0.591529,0.9988,1.4171,10.9844,279.5,125.0,0.0011,1,1
SIM1353,TPMS,lidinoid,sheet,32,2.0,1.0,,,,,,0.8382,0.8372,0.1628,0.012835,0.012916,0.9937,28.951,29.1,0.590807,0.591529,0.9988,1.4171,10.9844,279.5,125.0,0.0011,1,1
SIM1354,TPMS,lidinoid,sheet,32,1.0,2.0,,,,,,0.8382,0.8389,0.1611,0.027394,0.027394,1.0,25.537,25.537,0.57192,0.57192,1.0,1.4668,7.8984,414.6,125.0,0.8727,1,1
SIM1355,TPMS,lidinoid,sheet,32,1.0,2.0,,,,,,0.8545,0.8535,0.1465,0.021436,0.021436,1.0,29.966,29.966,0.603485,0.603485,1.0,1.4143,7.7227,414.6,125.0,0.86,1,1
SIM1356,TPMS,lidinoid,sheet,32,1.0,2.0,,,,,,0.8709,0.8711,0.1289,0.016361,0.016361,1.0,36.666,36.666,0.677433,0.677433,1.0,1.2859,7.4297,414.6,125.0,0.7955,1,1
SIM1357,TPMS,lidinoid,sheet,32,2.0,1.0,,,,,,0.8709,0.8828,0.1172,0.002037,0.002037,1.0,55.48,55.48,0.718792,0.718792,1.0,1.2282,8.8594,279.5,125.0,0.001,1,1
SIM1358,TPMS,lidinoid,sheet,32,1.0,2.0,,,,,,0.8873,0.8887,0.1113,0.005722,0.005722,1.0,59.327,59.327,0.729456,0.729456,1.0,1.2183,6.7031,414.6,125.0,0.7895,1,1
SIM1359,TPMS,lidinoid,sheet,32,1.0,2.0,,,,,,0.9036,0.9033,0.0967,0.003558,0.003558,1.0,82.579,82.579,0.763178,0.763178,1.0,1.1836,6.1523,414.6,125.0,0.7576,1,1
SIM1360,TPMS,lidinoid,sheet,32,2.0,1.0,,,,,,0.8873,0.9062,0.0938,0.000177,0.000177,1.0,140.89,140.89,0.762896,0.762896,1.0,1.1879,8.8125,279.5,125.0,0.0003,1,1
SIM1361,TPMS,lidinoid,sheet,32,2.0,1.0,,,,,,0.92,0.9062,0.0938,0.000177,0.000177,1.0,140.89,140.89,0.762896,0.762896,1.0,1.1879,8.8125,279.5,125.0,0.0003,1,1
SIM1362,TPMS,lidinoid,sheet,32,2.0,1.0,,,,,,0.9036,0.9062,0.0938,0.000177,0.000177,1.0,140.89,140.89,0.762896,0.762896,1.0,1.1879,8.8125,279.5,125.0,0.0003,1,1
SIM1363,TPMS,lidinoid,sheet,32,1.0,2.0,,,,,,0.92,0.9209,0.0791,0.00193,0.00193,1.0,114.47,114.47,0.808864,0.808864,1.0,1.1385,5.4961,414.6,125.0,0.6806,1,1
SIM1364,TPMS,neovius,network,32,2.0,1.0,,,,,,0.2,0.1992,0.8008,0.700467,0.700467,1.0,1.627,1.627,0.0,0.0,1.0,,2.25,500.0,673.1,1.0,0,1
SIM1365,TPMS,neovius,network,32,1.0,2.0,,,,,,0.2,0.2002,0.7998,0.697025,0.697025,1.0,1.619,1.619,2e-06,2e-06,1.0,,1.207,910.0,1375.0,1.0,0,1
SIM1366,TPMS,neovius,network,32,1.0,2.0,,,,,,0.2164,0.2156,0.7844,0.677907,0.677907,1.0,1.684,1.684,2e-06,2e-06,1.0,,1.2773,960.1,1311.0,1.0,0,1
SIM1367,TPMS,neovius,network,32,2.0,1.0,,,,,,0.2164,0.2168,0.7832,0.675143,0.675143,1.0,1.677,1.677,0.0,0.0,1.0,,2.625,515.4,673.1,1.0,0,1
SIM1368,TPMS,neovius,network,32,2.0,1.0,,,,,,0.2327,0.2305,0.7695,0.658545,0.658545,1.0,1.763,1.763,0.0,0.0,,,2.7188,515.4,649.5,1.0,0,1
SIM1369,TPMS,neovius,network,32,1.0,2.0,,,,,,0.2327,0.231,0.769,0.66018,0.66018,1.0,1.729,1.729,2e-06,2e-06,1.0,,1.3242,976.3,1299.0,1.0,0,1
SIM1370,TPMS,neovius,network,32,1.0,2.0,,,,,,0.2491,0.2485,0.7515,0.638531,0.638531,1.0,1.793,1.793,2e-06,2e-06,1.0,,1.4062,1000.0,1299.0,1.0,0,1
SIM1371,TPMS,neovius,network,32,2.0,1.0,,,,,,0.2491,0.2539,0.7461,0.632401,0.632401,1.0,1.805,1.805,0.0,0.0,,,2.9062,530.3,649.5,1.0,0,1
SIM1372,TPMS,neovius,network,32,1.0,2.0,,,,,,0.2655,0.2646,0.7354,0.619218,0.619218,1.0,1.853,1.853,2e-06,2e-06,1.0,,1.5,984.3,1231.1,1.0,0,1
SIM1373,TPMS,neovius,network,32,2.0,1.0,,,,,,0.2655,0.2656,0.7344,0.619361,0.619361,1.0,1.929,1.929,0.0,0.0,,,2.9062,544.9,649.5,1.0,0,1
SIM1374,TPMS,neovius,network,32,2.0,1.0,,,,,,0.2818,0.2832,0.7168,0.599007,0.599007,1.0,1.939,1.939,0.0,0.0,1.0,,3.0938,515.4,649.5,1.0,0,1
SIM1375,TPMS,neovius,network,32,1.0,2.0,,,,,,0.2818,0.2837,0.7163,0.597757,0.597757,1.0,1.938,1.938,2e-06,2e-06,1.0,,1.5703,1015.5,1231.1,1.0,0,1
SIM1376,TPMS,neovius,network,32,1.0,2.0,,,,,,0.2982,0.2998,0.7002,0.577082,0.577082,1.0,2.008,2.008,2e-06,2e-06,1.0,,1.6289,1000.0,1231.1,1.0,0,1
SIM1377,TPMS,neovius,network,32,2.0,1.0,,,,,,0.2982,0.3066,0.6934,0.568459,0.568459,1.0,2.006,2.006,0.0,0.0,1.0,,3.2812,515.4,649.5,1.0,0,1
SIM1378,TPMS,neovius,network,32,1.0,2.0,,,,,,0.3145,0.314,0.686,0.556059,0.556059,1.0,2.084,2.084,2e-06,2e-06,1.0,,1.7695,1000.0,1138.8,1.0,0,1
SIM1379,TPMS,neovius,network,32,2.0,1.0,,,,,,0.3145,0.3184,0.6816,0.554143,0.554143,1.0,2.073,2.073,0.0,0.0,1.0,,3.5625,500.0,586.3,1.0,0,1
SIM1380,TPMS,neovius,network,32,1.0,2.0,,,,,,0.3309,0.3308,0.6692,0.533287,0.533287,1.0,2.217,2.217,3e-06,3e-06,1.0,,1.9102,1000.0,1125.0,1.0,0,1
SIM1381,TPMS,neovius,network,32,2.0,1.0,,,,,,0.3309,0.3359,0.6641,0.521095,0.521095,1.0,2.267,2.267,0.0,0.0,1.0,,4.0312,500.0,588.2,1.0,0,1
SIM1382,TPMS,neovius,network,32,2.0,1.0,,,,,,0.3473,0.3418,0.6582,0.508315,0.508315,1.0,2.347,2.347,0.0,0.0,1.0,,4.125,500.0,625.0,1.0,0,1
SIM1383,TPMS,neovius,network,32,1.0,2.0,,,,,,0.3473,0.3455,0.6545,0.49544,0.49544,1.0,2.52,2.52,0.04429,0.04429,1.0,7.7999,2.0859,1000.0,1125.0,1.0,1,1
SIM1384,TPMS,neovius,network,32,1.0,2.0,,,,,,0.3636,0.3645,0.6355,0.451522,0.451522,1.0,2.839,2.839,0.067807,0.067807,1.0,5.3756,2.2734,1000.0,1125.0,1.0,1,1
SIM1385,TPMS,neovius,network,32,2.0,1.0,,,,,,0.3636,0.3652,0.6348,0.463635,0.463635,1.0,2.63,2.63,0.07987,0.07987,1.0,4.5729,4.3125,500.0,612.4,1.0,1,1
SIM1386,TPMS,neovius,network,32,2.0,1.0,,,,,,0.38,0.377,0.623,0.459282,0.459282,1.0,2.665,2.665,0.08925,0.08925,1.0,4.2236,4.3125,500.0,586.3,1.0,1,1
SIM1387,TPMS,neovius,network,32,1.0,2.0,,,,,,0.38,0.3806,0.6194,0.42831,0.42831,1.0,3.014,3.014,0.07979,0.07979,1.0,4.7702,2.3438,1034.2,1125.0,1.0,1,1
SIM1388,TPMS,neovius,network,32,2.0,1.0,,,,,,0.3964,0.3887,0.6113,0.433789,0.433789,1.0,2.887,2.887,0.107436,0.107436,1.0,3.6177,4.5,500.0,586.3,1.0,1,1
SIM1389,TPMS,neovius,network,32,1.0,2.0,,,,,,0.3964,0.3953,0.6047,0.410546,0.410546,1.0,3.171,3.171,0.090392,0.090392,1.0,4.3728,2.3438,1038.3,1125.0,1.0,1,1
SIM1390,TPMS,neovius,network,32,1.0,2.0,,,,,,0.4127,0.4121,0.5879,0.370858,0.370858,1.0,3.532,3.532,0.139385,0.139385,1.0,2.9566,2.3672,1060.7,1125.0,1.0,1,1
SIM1391,TPMS,neovius,network,32,2.0,1.0,,,,,,0.4127,0.4121,0.5879,0.362155,0.362155,1.0,3.553,3.553,0.148539,0.148539,1.0,2.7744,4.6875,500.0,586.3,1.0,1,1
SIM1392,TPMS,neovius,network,32,2.0,1.0,,,,,,0.4291,0.4238,0.5762,0.352686,0.352686,1.0,3.593,3.593,0.15004,0.15004,1.0,2.8248,4.6875,500.0,586.3,1.0,1,1
SIM1393,TPMS,neovius,network,32,1.0,2.0,,,,,,0.4291,0.4282,0.5718,0.338068,0.338068,1.0,3.959,3.959,0.166138,0.166138,1.0,2.5775,2.3906,1082.5,1125.0,1.0,1,1
SIM1394,TPMS,neovius,network,32,1.0,2.0,,,,,,0.4455,0.4465,0.5535,0.305131,0.305131,1.0,4.391,4.391,0.191428,0.191428,1.0,2.3326,2.3906,1075.3,1096.9,1.0,1,1
SIM1395,TPMS,neovius,network,32,2.0,1.0,,,,,,0.4455,0.4473,0.5527,0.320882,0.320882,1.0,3.708,3.708,0.155628,0.155628,1.0,2.8739,5.0625,515.4,586.3,1.0,1,1
SIM1396,TPMS,neovius,network,32,1.0,2.0,,,,,,0.4618,0.4626,0.5374,0.27761,0.27761,1.0,4.786,4.786,0.211542,0.211542,1.0,2.187,2.4609,1075.3,1068.0,1.0,1,1
SIM1397,TPMS,neovius,network,32,2.0,1.0,,,,,,0.4618,0.4648,0.5352,0.307868,0.307868,1.0,4.068,4.068,0.162637,0.162637,1.0,2.8582,4.875,530.3,572.8,1.0,1,1
SIM1398,TPMS,neovius,network,32,2.0,1.0,,,,,,0.4782,0.4766,0.5234,0.245739,0.245739,1.0,4.908,4.908,0.212309,0.212309,1.0,2.2447,4.875,530.3,572.8,1.0,1,1
SIM1399,TPMS,neovius,network,32,1.0,2.0,,,,,,0.4782,0.4795,0.5205,0.246103,0.246103,1.0,5.239,5.239,0.241893,0.241893,1.0,1.9822,2.5078,1075.3,1015.5,1.0,1,1
SIM1400,TPMS,neovius,network,32,1.0,2.0,,,,,,0.4945,0.4956,0.5044,0.222314,0.222314,1.0,5.77,5.77,0.265467,0.265467,1.0,1.8669,2.5078,1082.5,1082.5,1.0,1,1
SIM1401,TPMS,neovius,network,32,2.0,1.0,,,,,,0.4945,0.5,0.5,0.216947,0.216947,1.0,5.671,5.671,0.218231,0.218231,1.0,2.2912,4.875,572.8,572.8,1.0,1,1
SIM1402,TPMS,neovius,network,32,1.0,2.0,,,,,,0.5109,0.5103,0.4897,0.204767,0.204767,1.0,6.169,6.169,0.289628,0.289628,1.0,1.7618,2.4844,1082.5,1075.3,1.0,1,1
SIM1403,TPMS,neovius,network,32,2.0,1.0,,,,,,0.5109,0.5117,0.4883,0.207314,0.207314,1.0,6.053,6.053,0.229178,0.229178,1.0,2.2328,4.875,572.8,572.8,1.0,1,1
SIM1404,TPMS,neovius,network,32,1.0,2.0,,,,,,0.5273,0.5256,0.4744,0.175439,0.175439,1.0,7.131,7.131,0.308605,0.308605,1.0,1.7033,2.4844,1015.5,1075.3,1.0,1,1
SIM1405,TPMS,neovius,network,32,2.0,1.0,,,,,,0.5273,0.5352,0.4648,0.145465,0.145465,1.0,8.284,8.284,0.292696,0.292696,1.0,1.8284,4.875,572.8,530.3,1.0,1,1
SIM1406,TPMS,neovius,network,32,1.0,2.0,,,,,,0.5436,0.5439,0.4561,0.158156,0.158156,1.0,7.736,7.736,0.326452,0.326452,1.0,1.6662,2.4375,1082.5,1075.3,1.0,1,1
SIM1407,TPMS,neovius,network,32,2.0,1.0,,,,,,0.5436,0.5469,0.4531,0.137277,0.137277,1.0,8.793,8.793,0.294353,0.294353,1.0,1.8579,5.0625,586.3,515.4,1.0,1,1
SIM1408,TPMS,neovius,network,32,2.0,1.0,,,,,,0.56,0.5527,0.4473,0.135783,0.135783,1.0,8.787,8.787,0.302218,0.302218,1.0,1.8289,5.0625,586.3,515.4,1.0,1,1
SIM1409,TPMS,neovius,network,32,1.0,2.0,,,,,,0.56,0.5586,0.4414,0.135059,0.135059,1.0,9.21,9.21,0.347205,0.347205,1.0,1.6088,2.4141,1096.9,1045.8,1.0,1,1
SIM1410,TPMS,neovius,network,32,1.0,2.0,,,,,,0.5764,0.5747,0.4253,0.107686,0.107686,1.0,10.706,10.706,0.380744,0.380744,1.0,1.5094,2.3672,1125.0,1082.5,1.0,1,1
SIM1411,TPMS,neovius,network,32,2.0,1.0,,,,,,0.5764,0.5762,0.4238,0.124357,0.124357,1.0,8.755,8.755,0.359923,0.359923,1.0,1.6008,4.6875,586.3,500.0,1.0,1,1
SIM1412,TPMS,neovius,network,32,2.0,1.0,,,,,,0.5927,0.5879,0.4121,0.122847,0.122847,1.0,8.821,8.821,0.364228,0.364228,1.0,1.6141,4.6875,586.3,500.0,1.0,1,1
SIM1413,TPMS,neovius,network,32,1.0,2.0,,,,,,0.5927,0.5908,0.4092,0.082172,0.082172,1.0,12.554,12.554,0.406359,0.406359,1.0,1.4539,2.3672,1125.0,1075.3,1.0,1,1
SIM1414,TPMS,neovius,network,32,1.0,2.0,,,,,,0.6091,0.6099,0.3901,0.057609,0.057609,1.0,12.48,12.48,0.433193,0.433193,1.0,1.4078,2.3438,1125.0,1038.3,1.0,1,1
SIM1415,TPMS,neovius,network,32,2.0,1.0,,,,,,0.6091,0.6113,0.3887,0.070332,0.070332,1.0,13.245,13.245,0.428829,0.428829,1.0,1.4256,4.5,586.3,500.0,1.0,1,1
SIM1416,TPMS,neovius,network,32,1.0,2.0,,,,,,0.6255,0.6274,0.3726,0.046392,0.046392,1.0,13.291,13.291,0.458722,0.458722,1.0,1.3678,2.3203,1125.0,1015.5,1.0,1,1
SIM1417,TPMS,neovius,network,32,2.0,1.0,,,,,,0.6255,0.6289,0.3711,0.058153,0.058153,1.0,16.5,16.5,0.459984,0.459984,1.0,1.3672,4.3125,586.3,500.0,1.0,1,1
SIM1418,TPMS,neovius,network,32,1.0,2.0,,,,,,0.6418,0.6436,0.3564,0.033297,0.033297,1.0,14.31,14.31,0.48938,0.48938,1.0,1.315,2.2031,1125.0,1000.0,1.0,1,1
SIM1419,TPMS,neovius,network,32,2.0,1.0,,,,,,0.6418,0.6465,0.3535,0.035362,0.035362,1.0,13.877,13.877,0.489869,0.489869,1.0,1.3197,4.125,612.4,500.0,0.1167,1,1
SIM1420,TPMS,neovius,network,32,1.0,2.0,,,,,,0.6582,0.6575,0.3425,0.026151,0.026151,1.0,16.219,16.219,0.513996,0.513996,1.0,1.2791,2.0625,1125.0,1000.0,1.0,1,1
SIM1421,TPMS,neovius,network,32,2.0,1.0,,,,,,0.6582,0.6582,0.3418,0.033506,0.033506,1.0,15.963,15.963,0.496929,0.496929,1.0,1.3245,4.125,625.0,500.0,0.1164,1,1
SIM1422,TPMS,neovius,network,32,1.0,2.0,,,,,,0.6745,0.6729,0.3271,0.0,0.0,,0.0,0.0,0.544633,0.544633,1.0,1.2354,1.8633,1125.0,1000.0,0.9799,1,1
SIM1423,TPMS,neovius,network,32,2.0,1.0,,,,,,0.6745,0.6758,0.3242,0.0,0.0,,0.0,0.0,0.53389,0.53389,1.0,1.2658,3.6562,586.3,500.0,0.1227,1,1
SIM1424,TPMS,neovius,network,32,1.0,2.0,,,,,,0.6909,0.6929,0.3071,0.0,0.0,,0.0,0.0,0.561964,0.561964,1.0,1.2329,1.7344,1159.2,1000.0,0.9928,1,1
SIM1425,TPMS,neovius,network,32,2.0,1.0,,,,,,0.6909,0.6934,0.3066,0.0,0.0,,,,0.556352,0.556352,1.0,1.2463,3.2812,649.5,515.4,0.125,1,1
SIM1426,TPMS,neovius,network,32,1.0,2.0,,,,,,0.7073,0.7068,0.2932,0.0,0.0,,,,0.594091,0.594091,1.0,1.1897,1.5938,1231.1,1000.0,1.0,1,1
SIM1427,TPMS,neovius,network,32,2.0,1.0,,,,,,0.7073,0.7168,0.2832,0.0,0.0,,,,0.585295,0.585295,1.0,1.2247,3.0938,649.5,515.4,0.125,1,1
SIM1428,TPMS,neovius,network,32,2.0,1.0,,,,,,0.7236,0.7168,0.2832,0.0,0.0,,,,0.585295,0.585295,1.0,1.2247,3.0938,649.5,515.4,0.125,1,1
SIM1429,TPMS,neovius,network,32,1.0,2.0,,,,,,0.7236,0.7244,0.2756,0.0,0.0,,,,0.61217,0.61217,1.0,1.1833,1.5234,1231.1,1015.5,1.0,1,1
SIM1430,TPMS,neovius,network,32,1.0,2.0,,,,,,0.74,0.7397,0.2603,0.0,0.0,,,,0.631769,0.631769,1.0,1.1709,1.4766,1231.1,1007.8,1.0,1,1
SIM1431,TPMS,neovius,network,32,2.0,1.0,,,,,,0.74,0.7461,0.2539,0.0,0.0,,,,0.613538,0.613538,1.0,1.2161,2.9062,649.5,530.3,0.125,1,1
SIM1432,TPMS,neovius,network,32,2.0,1.0,,,,,,0.7564,0.7578,0.2422,0.0,0.0,,,,0.619338,0.619338,1.0,1.2236,2.9062,649.5,515.4,0.125,1,1
SIM1433,TPMS,neovius,network,32,1.0,2.0,,,,,,0.7564,0.7581,0.2419,0.0,0.0,,,,0.6505,0.6505,1.0,1.1653,1.3477,1299.0,1000.0,1.0,1,1
SIM1434,TPMS,neovius,network,32,2.0,1.0,,,,,,0.7727,0.7715,0.2285,0.0,0.0,,,,0.644948,0.644948,1.0,1.1962,2.7188,728.9,515.4,0.125,1,1
SIM1435,TPMS,neovius,network,32,1.0,2.0,,,,,,0.7727,0.772,0.228,0.0,0.0,,,,0.672587,0.672587,1.0,1.1478,1.3242,1299.0,960.1,1.0,1,1
SIM1436,TPMS,neovius,network,32,1.0,2.0,,,,,,0.7891,0.791,0.209,0.0,0.0,,,,0.699909,0.699909,1.0,1.1302,1.2539,1375.0,943.7,1.0,1,1
SIM1437,TPMS,neovius,network,32,2.0,1.0,,,,,,0.7891,0.7949,0.2051,0.0,0.0,,,,0.671416,0.671416,1.0,1.1839,2.4375,673.1,500.0,0.125,1,1
SIM1438,TPMS,neovius,network,32,2.0,1.0,,,,,,0.8055,0.8008,0.1992,0.0,0.0,,,,0.690688,0.690688,1.0,1.1594,2.25,673.1,500.0,0.125,1,1
SIM1439,TPMS,neovius,network,32,1.0,2.0,,,,,,0.8055,0.8057,0.1943,0.0,0.0,,,,0.719175,0.719175,1.0,1.1203,1.207,1375.0,892.7,1.0,1,1
SIM1440,TPMS,neovius,network,32,2.0,1.0,,,,,,0.8218,0.8184,0.1816,0.0,0.0,,,,0.710669,0.710669,1.0,1.1515,2.25,718.1,467.7,0.125,1,1
SIM1441,TPMS,neovius,network,32,1.0,2.0,,,,,,0.8218,0.8225,0.1775,0.0,0.0,,,,0.743144,0.743144,1.0,1.1068,1.1016,1397.5,875.0,1.0,1,1
SIM1442,TPMS,neovius,network,32,1.0,2.0,,,,,,0.8382,0.8396,0.1604,0.0,0.0,,,,0.768323,0.768323,1.0,1.0928,1.0312,1447.0,875.0,1.0,1,1
SIM1443,TPMS,neovius,network,32,2.0,1.0,,,,,,0.8382,0.8477,0.1523,0.0,0.0,,,,0.747007,0.747007,1.0,1.1347,2.0625,750.0,467.7,0.125,1,1
SIM1444,TPMS,neovius,network,32,1.0,2.0,,,,,,0.8545,0.8557,0.1443,0.0,0.0,,,,0.78263,0.78263,1.0,1.0934,0.9844,1500.0,800.4,1.0,1,1
SIM1445,TPMS,neovius,network,32,2.0,1.0,,,,,,0.8545,0.8594,0.1406,0.0,0.0,,,,0.769313,0.769313,1.0,1.1171,1.875,750.0,450.7,0.125,1,1
SIM1446,TPMS,neovius,network,32,1.0,2.0,,,,,,0.8709,0.8711,0.1289,0.0,0.0,,,,0.801632,0.801632,1.0,1.0867,0.9023,1525.8,760.3,1.0,1,1
SIM1447,TPMS,neovius,network,32,2.0,1.0,,,,,,0.8709,0.8711,0.1289,0.0,0.0,,,,0.786257,0.786257,1.0,1.1079,1.875,800.4,414.6,0.125,1,1
SIM1448,TPMS,neovius,network,32,1.0,2.0,,,,,,0.8873,0.8879,0.1121,0.0,0.0,,,,0.826549,0.826549,1.0,1.0743,0.8086,1591.0,768.3,1.0,1,1
SIM1449,TPMS,neovius,network,32,2.0,1.0,,,,,,0.8873,0.8887,0.1113,0.0,0.0,,,,0.811178,0.811178,1.0,1.0955,1.6875,800.4,395.3,0.125,1,1
SIM1450,TPMS,neovius,network,32,2.0,1.0,,,,,,0.9036,0.9004,0.0996,0.0,0.0,,,,0.836489,0.836489,1.0,1.0764,1.4062,810.1,375.0,0.125,1,1
SIM1451,TPMS,neovius,network,32,1.0,2.0,,,,,,0.9036,0.905,0.095,0.0,0.0,,,,0.851874,0.851874,1.0,1.0624,0.7383,1663.0,750.0,1.0,1,1
SIM1452,TPMS,neovius,network,32,2.0,1.0,,,,,,0.92,0.9121,0.0879,0.0,0.0,,,,0.850467,0.850467,1.0,1.0725,1.4062,838.5,375.0,0.125,1,1
SIM1453,TPMS,neovius,network,32,1.0,2.0,,,,,,0.92,0.9182,0.0818,0.0,0.0,,,,0.878167,0.878167,1.0,1.0456,0.6562,1709.3,718.1,1.0,1,1
SIM1454,TPMS,neovius,sheet,32,2.0,1.0,,,,,,0.2,0.1992,0.8008,0.654445,0.654445,1.0,1.938,1.938,0.0,0.0,,,2.8125,375.0,500.0,1.0,0,1
SIM1455,TPMS,neovius,sheet,32,1.0,2.0,,,,,,0.2,0.2002,0.7998,0.644016,0.644016,1.0,1.932,1.932,0.0,0.0,1.0,,1.5234,728.9,910.0,1.0,0,1
SIM1456,TPMS,neovius,sheet,32,1.0,2.0,,,,,,0.2164,0.2153,0.7847,0.621311,0.621311,1.0,2.014,2.014,0.0,0.0,1.0,,1.6172,770.6,892.7,1.0,0,1
SIM1457,TPMS,neovius,sheet,32,2.0,1.0,,,,,,0.2164,0.2227,0.7773,0.614371,0.614371,1.0,2.028,2.028,0.0,0.0,,,3.375,395.3,450.7,1.0,0,1
SIM1458,TPMS,neovius,sheet,32,1.0,2.0,,,,,,0.2327,0.2314,0.7686,0.599154,0.599154,1.0,2.098,2.098,1e-06,1e-06,1.0,,1.6641,770.6,875.0,1.0,0,1
SIM1459,TPMS,neovius,sheet,32,2.0,1.0,,,,,,0.2327,0.2461,0.7539,0.574591,0.574591,1.0,2.076,2.076,0.0,0.0,,,3.75,414.6,414.6,1.0,0,1
SIM1460,TPMS,neovius,sheet,32,1.0,2.0,,,,,,0.2491,0.249,0.751,0.57577,0.57577,1.0,2.191,2.191,1e-06,1e-06,1.0,,1.7109,800.4,875.0,1.0,0,1
SIM1461,TPMS,neovius,sheet,32,2.0,1.0,,,,,,0.2491,0.2578,0.7422,0.561467,0.561467,1.0,2.136,2.136,0.0,0.0,,,3.75,414.6,414.6,1.0,0,1
SIM1462,TPMS,neovius,sheet,32,2.0,1.0,,,,,,0.2655,0.2578,0.7422,0.561467,0.561467,1.0,2.136,2.136,0.0,0.0,,,3.75,414.6,414.6,1.0,0,1
SIM1463,TPMS,neovius,sheet,32,1.0,2.0,,,,,,0.2655,0.2666,0.7334,0.550166,0.550166,1.0,2.269,2.269,1e-06,1e-06,1.0,,1.8516,790.6,800.4,1.0,0,1
SIM1464,TPMS,neovius,sheet,32,2.0,1.0,,,,,,0.2818,0.2812,0.7188,0.533519,0.533519,1.0,2.358,2.358,0.0,0.0,1.0,,3.75,450.7,395.3,1.0,0,1
SIM1465,TPMS,neovius,sheet,32,2.0,1.0,,,,,,0.2982,0.2812,0.7188,0.533519,0.533519,1.0,2.358,2.358,0.0,0.0,1.0,,3.75,450.7,395.3,1.0,0,1
SIM1466,TPMS,neovius,sheet,32,1.0,2.0,,,,,,0.2818,0.2827,0.7173,0.527924,0.527924,1.0,2.371,2.371,1e-06,1e-06,1.0,,1.9219,824.8,790.6,1.0,0,1
SIM1467,TPMS,neovius,sheet,32,1.0,2.0,,,,,,0.2982,0.2974,0.7026,0.50889,0.50889,1.0,2.446,2.446,1e-06,1e-06,1.0,,2.0156,829.2,760.3,1.0,0,1
SIM1468,TPMS,neovius,sheet,32,1.0,2.0,,,,,,0.3145,0.3135,0.6865,0.489116,0.489116,1.0,2.562,2.562,2e-06,2e-06,1.0,,2.0625,847.8,750.0,1.0,0,1
SIM1469,TPMS,neovius,sheet,32,2.0,1.0,,,,,,0.3309,0.3281,0.6719,0.473142,0.473142,1.0,2.643,2.643,0.0,0.0,,,4.125,433.0,375.0,1.0,0,1
SIM1470,TPMS,neovius,sheet,32,2.0,1.0,,,,,,0.3145,0.3281,0.6719,0.473142,0.473142,1.0,2.643,2.643,0.0,0.0,,,4.125,433.0,375.0,1.0,0,1
SIM1471,TPMS,neovius,sheet,32,1.0,2.0,,,,,,0.3309,0.3311,0.6689,0.468607,0.468607,1.0,2.664,2.664,2e-06,2e-06,1.0,,2.1094,875.0,750.0,1.0,0,1
SIM1472,TPMS,neovius,sheet,32,2.0,1.0,,,,,,0.3473,0.3398,0.6602,0.462726,0.462726,1.0,2.693,2.693,0.0,0.0,,,4.125,450.7,375.0,1.0,0,1
SIM1473,TPMS,neovius,sheet,32,1.0,2.0,,,,,,0.3473,0.3472,0.6528,0.452019,0.452019,1.0,2.749,2.749,2e-06,2e-06,1.0,,2.1562,875.0,750.0,1.0,0,1
SIM1474,TPMS,neovius,sheet,32,2.0,1.0,,,,,,0.3636,0.3633,0.6367,0.437605,0.437605,1.0,2.797,2.797,0.0,0.0,,,4.5,467.7,375.0,1.0,0,1
SIM1475,TPMS,neovius,sheet,32,1.0,2.0,,,,,,0.3636,0.3638,0.6362,0.430667,0.430667,1.0,2.85,2.85,2e-06,2e-06,1.0,,2.2969,875.0,707.1,1.0,0,1
SIM1476,TPMS,neovius,sheet,32,1.0,2.0,,,,,,0.38,0.3784,0.6216,0.413639,0.413639,1.0,2.952,2.952,2e-06,2e-06,1.0,,2.3438,892.7,673.1,1.0,0,1
SIM1477,TPMS,neovius,sheet,32,1.0,2.0,,,,,,0.3964,0.396,0.604,0.39383,0.39383,1.0,3.119,3.119,2e-06,2e-06,1.0,,2.4141,910.0,637.4,1.0,0,1
SIM1478,TPMS,neovius,sheet,32,2.0,1.0,,,,,,0.38,0.3984,0.6016,0.404303,0.404303,1.0,2.983,2.983,0.0,0.0,1.0,,4.5,500.0,375.0,1.0,0,1
SIM1479,TPMS,neovius,sheet,32,2.0,1.0,,,,,,0.3964,0.3984,0.6016,0.404303,0.404303,1.0,2.983,2.983,0.0,0.0,1.0,,4.5,500.0,375.0,1.0,0,1
SIM1480,TPMS,neovius,sheet,32,1.0,2.0,,,,,,0.4127,0.4121,0.5879,0.377649,0.377649,1.0,3.228,3.228,2e-06,2e-06,1.0,,2.5078,918.6,625.0,1.0,0,1
SIM1481,TPMS,neovius,sheet,32,1.0,2.0,,,,,,0.4291,0.4297,0.5703,0.359245,0.359245,1.0,3.387,3.387,3e-06,3e-06,1.0,,2.5547,944.6,625.0,1.0,0,1
SIM1482,TPMS,neovius,sheet,32,2.0,1.0,,,,,,0.4127,0.4336,0.5664,0.353468,0.353468,1.0,3.277,3.277,0.0,0.0,,,5.25,515.4,306.2,1.0,0,1
SIM1483,TPMS,neovius,sheet,32,2.0,1.0,,,,,,0.4291,0.4336,0.5664,0.353468,0.353468,1.0,3.277,3.277,0.0,0.0,,,5.25,515.4,306.2,1.0,0,1
SIM1484,TPMS,neovius,sheet,32,2.0,1.0,,,,,,0.4455,0.4453,0.5547,0.344617,0.344617,1.0,3.369,3.369,0.0,0.0,,,5.4375,515.4,279.5,1.0,0,1
SIM1485,TPMS,neovius,sheet,32,1.0,2.0,,,,,,0.4455,0.4473,0.5527,0.345097,0.345097,1.0,3.513,3.513,3e-06,3e-06,1.0,,2.6016,943.7,625.0,1.0,0,1
SIM1486,TPMS,neovius,sheet,32,2.0,1.0,,,,,,0.4618,0.4609,0.5391,0.329259,0.329259,1.0,3.666,3.666,0.0,0.0,,,5.4375,515.4,279.5,1.0,0,1
SIM1487,TPMS,neovius,sheet,32,1.0,2.0,,,,,,0.4618,0.4619,0.5381,0.332493,0.332493,1.0,3.666,3.666,3e-06,3e-06,1.0,,2.6484,976.3,625.0,1.0,0,1
SIM1488,TPMS,neovius,sheet,32,1.0,2.0,,,,,,0.4782,0.4766,0.5234,0.320491,0.320491,1.0,3.781,3.781,3e-06,3e-06,1.0,,2.6953,984.3,625.0,1.0,0,1
SIM1489,TPMS,neovius,sheet,32,2.0,1.0,,,,,,0.4782,0.4844,0.5156,0.304551,0.304551,1.0,4.005,4.005,0.0,0.0,1.0,,5.8125,515.4,279.5,1.0,0,1
SIM1490,TPMS,neovius,sheet,32,1.0,2.0,,,,,,0.4945,0.4927,0.5073,0.306232,0.306232,1.0,3.902,3.902,3e-06,3e-06,1.0,,2.7656,1000.0,625.0,1.0,0,1
SIM1491,TPMS,neovius,sheet,32,2.0,1.0,,,,,,0.4945,0.5078,0.4922,0.286088,0.286088,1.0,4.275,4.275,0.0,0.0,,,5.8125,530.3,279.5,1.0,0,1
SIM1492,TPMS,neovius,sheet,32,2.0,1.0,,,,,,0.5109,0.5078,0.4922,0.286088,0.286088,1.0,4.275,4.275,0.0,0.0,,,5.8125,530.3,279.5,1.0,0,1
SIM1493,TPMS,neovius,sheet,32,2.0,1.0,,,,,,0.5273,0.5078,0.4922,0.286088,0.286088,1.0,4.275,4.275,0.0,0.0,,,5.8125,530.3,279.5,1.0,0,1
SIM1494,TPMS,neovius,sheet,32,1.0,2.0,,,,,,0.5109,0.5117,0.4883,0.28529,0.28529,1.0,4.146,4.146,3e-06,3e-06,1.0,,2.9531,1007.8,515.4,1.0,0,1
SIM1495,TPMS,neovius,sheet,32,1.0,2.0,,,,,,0.5273,0.5264,0.4736,0.272373,0.272373,1.0,4.364,4.364,4e-06,4e-06,1.0,,3.0,1015.5,515.4,1.0,0,1
SIM1496,TPMS,neovius,sheet,32,1.0,2.0,,,,,,0.5436,0.5425,0.4575,0.259515,0.259515,1.0,4.594,4.594,4e-06,4e-06,1.0,,3.0,1000.0,500.0,1.0,0,1
SIM1497,TPMS,neovius,sheet,32,2.0,1.0,,,,,,0.56,0.543,0.457,0.259498,0.259498,1.0,4.622,4.622,0.0,0.0,,,5.8125,559.0,279.5,1.0,0,1
SIM1498,TPMS,neovius,sheet,32,2.0,1.0,,,,,,0.5436,0.543,0.457,0.259498,0.259498,1.0,4.622,4.622,0.0,0.0,,,5.8125,559.0,279.5,1.0,0,1
SIM1499,TPMS,neovius,sheet,32,1.0,2.0,,,,,,0.56,0.5601,0.4399,0.247988,0.247988,1.0,4.81,4.81,4e-06,4e-06,1.0,,3.0938,1015.5,500.0,1.0,0,1
SIM1500,TPMS,neovius,sheet,32,2.0,1.0,,,,,,0.5764,0.5664,0.4336,0.244433,0.244433,1.0,4.751,4.751,0.0,0.0,1.0,,6.1875,515.4,250.0,1.0,0,1
SIM1501,TPMS,neovius,sheet,32,1.0,2.0,,,,,,0.5764,0.5776,0.4224,0.235378,0.235378,1.0,5.024,5.024,4e-06,4e-06,1.0,,3.1875,1015.5,500.0,1.0,0,1
SIM1502,TPMS,neovius,sheet,32,2.0,1.0,,,,,,0.5927,0.5898,0.4102,0.229177,0.229177,1.0,4.899,4.899,0.0,0.0,1.0,,6.5625,515.4,250.0,1.0,0,1
SIM1503,TPMS,neovius,sheet,32,2.0,1.0,,,,,,0.6091,0.5898,0.4102,0.229177,0.229177,1.0,4.899,4.899,0.0,0.0,1.0,,6.5625,515.4,250.0,1.0,0,1
SIM1504,TPMS,neovius,sheet,32,1.0,2.0,,,,,,0.5927,0.5938,0.4062,0.224842,0.224842,1.0,5.212,5.212,4e-06,4e-06,1.0,,3.2578,1000.0,500.0,1.0,0,1
SIM1505,TPMS,neovius,sheet,32,1.0,2.0,,,,,,0.6091,0.6084,0.3916,0.214805,0.214805,1.0,5.449,5.449,5e-06,5e-06,1.0,,3.375,1000.0,395.3,1.0,0,1
SIM1506,TPMS,neovius,sheet,32,1.0,2.0,,,,,,0.6255,0.625,0.375,0.202471,0.202471,1.0,5.814,5.814,5e-06,5e-06,1.0,,3.4922,1000.0,375.0,1.0,0,1
SIM1507,TPMS,neovius,sheet,32,2.0,1.0,,,,,,0.6255,0.625,0.375,0.208017,0.208017,1.0,5.369,5.369,0.0,0.0,1.0,,6.5625,500.8,250.0,1.0,0,1
SIM1508,TPMS,neovius,sheet,32,1.0,2.0,,,,,,0.6418,0.6426,0.3574,0.190531,0.190531,1.0,6.24,6.24,6e-06,6e-06,1.0,,3.6797,1000.0,375.0,1.0,0,1
SIM1509,TPMS,neovius,sheet,32,2.0,1.0,,,,,,0.6582,0.6484,0.3516,0.186494,0.186494,1.0,5.955,5.955,0.0,0.0,1.0,,7.3125,500.0,250.0,1.0,0,1
SIM1510,TPMS,neovius,sheet,32,2.0,1.0,,,,,,0.6418,0.6484,0.3516,0.186494,0.186494,1.0,5.955,5.955,0.0,0.0,1.0,,7.3125,500.0,250.0,1.0,0,1
SIM1511,TPMS,neovius,sheet,32,1.0,2.0,,,,,,0.6582,0.6587,0.3413,0.181976,0.181976,1.0,6.534,6.534,6e-06,6e-06,1.0,,3.7266,1000.0,375.0,1.0,0,1
SIM1512,TPMS,neovius,sheet,32,1.0,2.0,,,,,,0.6745,0.6748,0.3252,0.170263,0.170263,1.0,7.012,7.012,0.067065,0.067065,1.0,10.0619,3.9844,1000.0,375.0,1.0,1,1
SIM1513,TPMS,neovius,sheet,32,2.0,1.0,,,,,,0.6745,0.6836,0.3164,0.156554,0.156554,1.0,7.879,7.879,0.0,0.0,1.0,,8.25,500.0,250.0,1.0,0,1
SIM1514,TPMS,neovius,sheet,32,1.0,2.0,,,,,,0.6909,0.6909,0.3091,0.159808,0.159808,1.0,7.332,7.332,0.091839,0.091839,1.0,7.5232,4.1719,1000.0,279.5,1.0,1,1
SIM1515,TPMS,neovius,sheet,32,1.0,2.0,,,,,,0.7073,0.7056,0.2944,0.149205,0.149205,1.0,7.741,7.741,0.113576,0.113576,1.0,6.2123,4.3125,1000.0,279.5,1.0,1,1
SIM1516,TPMS,neovius,sheet,32,2.0,1.0,,,,,,0.6909,0.707,0.293,0.139083,0.139083,1.0,8.974,8.974,0.0,0.0,1.0,,8.25,500.0,250.0,0.84,0,1
SIM1517,TPMS,neovius,sheet,32,2.0,1.0,,,,,,0.7236,0.707,0.293,0.139083,0.139083,1.0,8.974,8.974,0.0,0.0,1.0,,8.25,500.0,250.0,0.84,0,1
SIM1518,TPMS,neovius,sheet,32,2.0,1.0,,,,,,0.7073,0.707,0.293,0.139083,0.139083,1.0,8.974,8.974,0.0,0.0,1.0,,8.25,500.0,250.0,0.84,0,1
SIM1519,TPMS,neovius,sheet,32,1.0,2.0,,,,,,0.7236,0.7217,0.2783,0.139039,0.139039,1.0,8.314,8.314,0.127925,0.127925,1.0,5.6414,4.5,1000.0,250.0,1.0,1,1
SIM1520,TPMS,neovius,sheet,32,1.0,2.0,,,,,,0.74,0.7393,0.2607,0.119701,0.119701,1.0,9.197,9.197,0.14026,0.14026,1.0,5.2706,4.6875,1007.8,250.0,1.0,1,1
SIM1521,TPMS,neovius,sheet,32,2.0,1.0,,,,,,0.74,0.7422,0.2578,0.117107,0.117107,1.0,10.324,10.324,0.175418,0.175418,1.0,4.231,8.625,500.0,176.8,0.8636,1,1
SIM1522,TPMS,neovius,sheet,32,2.0,1.0,,,,,,0.7727,0.7539,0.2461,0.106675,0.106675,1.0,11.122,11.122,0.365683,0.365683,1.0,2.0616,7.875,500.0,176.8,0.9048,1,1
SIM1523,TPMS,neovius,sheet,32,2.0,1.0,,,,,,0.7564,0.7539,0.2461,0.106675,0.106675,1.0,11.122,11.122,0.365683,0.365683,1.0,2.0616,7.875,500.0,176.8,0.9048,1,1
SIM1524,TPMS,neovius,sheet,32,1.0,2.0,,,,,,0.7564,0.7568,0.2432,0.105863,0.105863,1.0,11.007,11.007,0.16103,0.16103,1.0,4.7,4.6875,1030.8,250.0,1.0,1,1
SIM1525,TPMS,neovius,sheet,32,1.0,2.0,,,,,,0.7727,0.7715,0.2285,0.098461,0.098461,1.0,12.001,12.001,0.167444,0.167444,1.0,4.6074,4.6875,1030.8,250.0,1.0,1,1
SIM1526,TPMS,neovius,sheet,32,1.0,2.0,,,,,,0.7891,0.7905,0.2095,0.087583,0.087583,1.0,13.524,13.524,0.184799,0.184799,1.0,4.2778,4.6875,1038.3,250.0,1.0,1,1
SIM1527,TPMS,neovius,sheet,32,2.0,1.0,,,,,,0.7891,0.8008,0.1992,0.092042,0.092042,1.0,11.383,11.383,0.454232,0.454232,1.0,1.7629,8.25,500.0,125.0,0.8824,1,1
SIM1528,TPMS,neovius,sheet,32,2.0,1.0,,,,,,0.8055,0.8008,0.1992,0.092042,0.092042,1.0,11.383,11.383,0.454232,0.454232,1.0,1.7629,8.25,500.0,125.0,0.8824,1,1
SIM1529,TPMS,neovius,sheet,32,2.0,1.0,,,,,,0.8218,0.8008,0.1992,0.092042,0.092042,1.0,11.383,11.383,0.454232,0.454232,1.0,1.7629,8.25,500.0,125.0,0.8824,1,1
SIM1530,TPMS,neovius,sheet,32,1.0,2.0,,,,,,0.8055,0.8052,0.1948,0.078082,0.078082,1.0,16.572,16.572,0.228564,0.228564,1.0,3.5228,4.6875,1060.7,250.0,1.0,1,1
SIM1531,TPMS,neovius,sheet,32,1.0,2.0,,,,,,0.8218,0.8213,0.1787,0.072242,0.072242,1.0,17.431,17.431,0.264113,0.264113,1.0,3.1096,4.7344,1060.7,176.8,1.0,1,1
SIM1532,TPMS,neovius,sheet,32,1.0,2.0,,,,,,0.8382,0.8389,0.1611,0.06507,0.06507,1.0,18.356,18.356,0.292587,0.292587,1.0,2.8671,4.7344,1060.7,176.8,1.0,1,1
SIM1533,TPMS,neovius,sheet,32,2.0,1.0,,,,,,0.8382,0.8477,0.1523,0.065664,0.065664,1.0,23.171,23.171,0.618281,0.618281,1.0,1.371,6.75,500.0,125.0,0.8462,1,1
SIM1534,TPMS,neovius,sheet,32,1.0,2.0,,,,,,0.8545,0.8564,0.1436,0.058105,0.058105,1.0,19.845,19.845,0.313954,0.313954,1.0,2.7279,4.7812,1082.5,176.8,1.0,1,1
SIM1535,TPMS,neovius,sheet,32,1.0,2.0,,,,,,0.8709,0.8711,0.1289,0.051262,0.051262,1.0,21.847,21.847,0.325986,0.325986,1.0,2.6722,4.7812,1082.5,176.8,0.875,1,1
SIM1536,TPMS,neovius,sheet,32,2.0,1.0,,,,,,0.8545,0.8711,0.1289,0.04642,0.04642,1.0,28.446,28.446,0.68437,0.68437,1.0,1.2728,6.375,500.0,125.0,0.8182,1,1
SIM1537,TPMS,neovius,sheet,32,2.0,1.0,,,,,,0.8709,0.8711,0.1289,0.04642,0.04642,1.0,28.446,28.446,0.68437,0.68437,1.0,1.2728,6.375,500.0,125.0,0.8182,1,1
SIM1538,TPMS,neovius,sheet,32,1.0,2.0,,,,,,0.8873,0.8857,0.1143,0.046014,0.046014,1.0,23.401,23.401,0.421747,0.421747,1.0,2.1002,4.6875,1045.8,125.0,0.8846,1,1
SIM1539,TPMS,neovius,sheet,32,2.0,1.0,,,,,,0.8873,0.8945,0.1055,0.026081,0.026081,1.0,29.709,29.709,0.73608,0.73608,1.0,1.2153,6.0,515.4,125.0,0.0104,1,1
SIM1540,TPMS,neovius,sheet,32,1.0,2.0,,,,,,0.9036,0.9033,0.0967,0.035026,0.035026,1.0,28.58,28.58,0.680208,0.680208,1.0,1.328,4.0781,1075.3,125.0,0.7879,1,1
SIM1541,TPMS,neovius,sheet,32,2.0,1.0,,,,,,0.9036,0.9062,0.0938,0.004645,0.004645,1.0,53.475,53.475,0.763133,0.763133,1.0,1.1875,5.625,515.4,125.0,0.0098,1,1
SIM1542,TPMS,neovius,sheet,32,1.0,2.0,,,,,,0.92,0.9194,0.0806,0.028754,0.028754,1.0,30.021,30.021,0.722593,0.722593,1.0,1.2724,4.0312,1075.3,125.0,0.6545,1,1
SIM1543,TPMS,neovius,sheet,32,2.0,1.0,,,,,,0.92,0.9297,0.0703,0.003236,0.003236,1.0,73.219,73.219,0.823622,0.823622,1.0,1.1288,4.5,530.3,125.0,0.0035,1,1
SIM1544,TPMS,schwarzP,network,32,1.0,2.0,,,,,,0.2,0.2,0.8,0.680939,0.680939,1.0,1.653,1.653,2e-06,2e-06,1.0,,1.3828,866.0,1463.1,1.0,0,1
SIM1545,TPMS,schwarzP,network,32,1.0,2.0,,,,,,0.2164,0.219,0.781,0.645904,0.645904,1.0,1.741,1.741,0.023508,0.023508,1.0,9.3158,1.582,883.9,1447.0,1.0,1,1
SIM1546,TPMS,schwarzP,network,32,1.0,2.0,,,,,,0.2327,0.2336,0.7664,0.623499,0.623499,1.0,1.83,1.83,0.044404,0.044404,1.0,5.2617,1.582,883.9,1447.0,1.0,1,1
SIM1547,TPMS,schwarzP,network,32,2.0,1.0,,,,,,0.2,0.2344,0.7656,0.615694,0.615694,1.0,1.796,1.796,0.055705,0.055705,1.0,4.2075,3.2812,433.0,800.4,1.0,1,1
SIM1548,TPMS,schwarzP,network,32,2.0,1.0,,,,,,0.2164,0.2344,0.7656,0.615694,0.615694,1.0,1.796,1.796,0.055705,0.055705,1.0,4.2075,3.2812,433.0,800.4,1.0,1,1
SIM1549,TPMS,schwarzP,network,32,2.0,1.0,,,,,,0.2327,0.2344,0.7656,0.615694,0.615694,1.0,1.796,1.796,0.055705,0.055705,1.0,4.2075,3.2812,433.0,800.4,1.0,1,1
SIM1550,TPMS,schwarzP,network,32,1.0,2.0,,,,,,0.2491,0.241,0.759,0.610486,0.610486,1.0,1.851,1.851,0.062238,0.062238,1.0,3.8717,1.6172,918.6,1447.0,1.0,1,1
SIM1551,TPMS,schwarzP,network,32,1.0,2.0,,,,,,0.2655,0.2639,0.7361,0.577064,0.577064,1.0,1.972,1.972,0.082279,0.082279,1.0,3.2076,1.6406,943.7,1375.0,1.0,1,1
SIM1552,TPMS,schwarzP,network,32,1.0,2.0,,,,,,0.2818,0.2859,0.7141,0.544518,0.544518,1.0,2.081,2.081,0.101589,0.101589,1.0,2.8142,1.7227,943.7,1375.0,1.0,1,1
SIM1553,TPMS,schwarzP,network,32,2.0,1.0,,,,,,0.2655,0.2871,0.7129,0.546479,0.546479,1.0,2.06,2.06,0.089851,0.089851,1.0,3.1954,3.2812,515.4,728.9,1.0,1,1
SIM1554,TPMS,schwarzP,network,32,2.0,1.0,,,,,,0.2491,0.2871,0.7129,0.546479,0.546479,1.0,2.06,2.06,0.089851,0.089851,1.0,3.1954,3.2812,515.4,728.9,1.0,1,1
SIM1555,TPMS,schwarzP,network,32,2.0,1.0,,,,,,0.2818,0.2871,0.7129,0.546479,0.546479,1.0,2.06,2.06,0.089851,0.089851,1.0,3.1954,3.2812,515.4,728.9,1.0,1,1
SIM1556,TPMS,schwarzP,network,32,1.0,2.0,,,,,,0.2982,0.2976,0.7024,0.528818,0.528818,1.0,2.145,2.145,0.115909,0.115909,1.0,2.5676,1.7109,943.7,1375.0,1.0,1,1
SIM1557,TPMS,schwarzP,network,32,2.0,1.0,,,,,,0.2982,0.2988,0.7012,0.526977,0.526977,1.0,2.141,2.141,0.102964,0.102964,1.0,2.9023,3.4688,515.4,728.9,1.0,1,1
SIM1558,TPMS,schwarzP,network,32,1.0,2.0,,,,,,0.3145,0.313,0.687,0.508045,0.508045,1.0,2.241,2.241,0.129706,0.129706,1.0,2.4131,1.7578,960.1,1334.6,1.0,1,1
SIM1559,TPMS,schwarzP,network,32,2.0,1.0,,,,,,0.3145,0.3164,0.6836,0.501267,0.501267,1.0,2.218,2.218,0.119981,0.119981,1.0,2.6371,3.5625,515.4,728.9,1.0,1,1
SIM1560,TPMS,schwarzP,network,32,2.0,1.0,,,,,,0.3309,0.3242,0.6758,0.490081,0.490081,1.0,2.248,2.248,0.114515,0.114515,1.0,2.8312,3.6562,515.4,673.1,1.0,1,1
SIM1561,TPMS,schwarzP,network,32,2.0,1.0,,,,,,0.3473,0.3242,0.6758,0.490081,0.490081,1.0,2.248,2.248,0.114515,0.114515,1.0,2.8312,3.6562,515.4,673.1,1.0,1,1
SIM1562,TPMS,schwarzP,network,32,1.0,2.0,,,,,,0.3309,0.3298,0.6702,0.486652,0.486652,1.0,2.351,2.351,0.143417,0.143417,1.0,2.2998,1.8047,976.3,1311.0,1.0,1,1
SIM1563,TPMS,schwarzP,network,32,1.0,2.0,,,,,,0.3473,0.3467,0.6533,0.466802,0.466802,1.0,2.462,2.462,0.159785,0.159785,1.0,2.1697,1.793,1007.8,1299.0,1.0,1,1
SIM1564,TPMS,schwarzP,network,32,1.0,2.0,,,,,,0.3636,0.3591,0.6409,0.450542,0.450542,1.0,2.549,2.549,0.170375,0.170375,1.0,2.1079,1.8164,1015.5,1293.0,1.0,1,1
SIM1565,TPMS,schwarzP,network,32,2.0,1.0,,,,,,0.3636,0.3652,0.6348,0.441007,0.441007,1.0,2.58,2.58,0.161604,0.161604,1.0,2.2601,3.6562,544.9,649.5,1.0,1,1
SIM1566,TPMS,schwarzP,network,32,1.0,2.0,,,,,,0.38,0.3782,0.6218,0.430007,0.430007,1.0,2.755,2.755,0.191337,0.191337,1.0,1.9765,1.8164,1045.8,1256.2,1.0,1,1
SIM1567,TPMS,schwarzP,network,32,2.0,1.0,,,,,,0.38,0.3828,0.6172,0.426615,0.426615,1.0,2.622,2.622,0.172736,0.172736,1.0,2.2162,3.6562,586.3,649.5,1.0,1,1
SIM1568,TPMS,schwarzP,network,32,2.0,1.0,,,,,,0.3964,0.3945,0.6055,0.413986,0.413986,1.0,2.927,2.927,0.187532,0.187532,1.0,2.1038,3.4688,515.4,649.5,1.0,1,1
SIM1569,TPMS,schwarzP,network,32,1.0,2.0,,,,,,0.3964,0.395,0.605,0.410848,0.410848,1.0,2.823,2.823,0.202311,0.202311,1.0,1.9525,1.8516,1082.5,1231.1,1.0,1,1
SIM1570,TPMS,schwarzP,network,32,1.0,2.0,,,,,,0.4127,0.4092,0.5908,0.393469,0.393469,1.0,2.948,2.948,0.217546,0.217546,1.0,1.8809,1.875,1082.5,1231.1,1.0,1,1
SIM1571,TPMS,schwarzP,network,32,2.0,1.0,,,,,,0.4127,0.4121,0.5879,0.392113,0.392113,1.0,2.928,2.928,0.203845,0.203845,1.0,2.0217,3.6562,515.4,637.4,1.0,1,1
SIM1572,TPMS,schwarzP,network,32,2.0,1.0,,,,,,0.4291,0.4238,0.5762,0.372932,0.372932,1.0,3.027,3.027,0.20897,0.20897,1.0,2.0282,3.8438,515.4,637.4,1.0,1,1
SIM1573,TPMS,schwarzP,network,32,2.0,1.0,,,,,,0.4455,0.4238,0.5762,0.372932,0.372932,1.0,3.027,3.027,0.20897,0.20897,1.0,2.0282,3.8438,515.4,637.4,1.0,1,1
SIM1574,TPMS,schwarzP,network,32,2.0,1.0,,,,,,0.4618,0.4238,0.5762,0.372932,0.372932,1.0,3.027,3.027,0.20897,0.20897,1.0,2.0282,3.8438,515.4,637.4,1.0,1,1
SIM1575,TPMS,schwarzP,network,32,1.0,2.0,,,,,,0.4291,0.429,0.571,0.373895,0.373895,1.0,3.159,3.159,0.235423,0.235423,1.0,1.8221,1.8867,1075.3,1231.1,1.0,1,1
SIM1576,TPMS,schwarzP,network,32,1.0,2.0,,,,,,0.4455,0.4473,0.5527,0.35423,0.35423,1.0,3.34,3.34,0.253575,0.253575,1.0,1.7638,1.8867,1082.5,1231.1,1.0,1,1
SIM1577,TPMS,schwarzP,network,32,1.0,2.0,,,,,,0.4618,0.4626,0.5374,0.337186,0.337186,1.0,3.502,3.502,0.269619,0.269619,1.0,1.7159,1.9102,1082.5,1185.9,1.0,1,1
SIM1578,TPMS,schwarzP,network,32,2.0,1.0,,,,,,0.4782,0.4766,0.5234,0.323195,0.323195,1.0,3.625,3.625,0.270899,0.270899,1.0,1.7592,3.75,572.8,586.3,1.0,1,1
SIM1579,TPMS,schwarzP,network,32,1.0,2.0,,,,,,0.4782,0.478,0.522,0.323327,0.323327,1.0,3.7,3.7,0.286974,0.286974,1.0,1.6658,1.8867,1125.0,1159.2,1.0,1,1
SIM1580,TPMS,schwarzP,network,32,2.0,1.0,,,,,,0.4945,0.4883,0.5117,0.313214,0.313214,1.0,3.677,3.677,0.277033,0.277033,1.0,1.7625,3.75,586.3,586.3,1.0,1,1
SIM1581,TPMS,schwarzP,network,32,1.0,2.0,,,,,,0.4945,0.4934,0.5066,0.308804,0.308804,1.0,3.909,3.909,0.302149,0.302149,1.0,1.633,1.875,1159.2,1159.2,1.0,1,1
SIM1582,TPMS,schwarzP,network,32,1.0,2.0,,,,,,0.5109,0.511,0.489,0.291555,0.291555,1.0,4.127,4.127,0.320813,0.320813,1.0,1.5928,1.875,1159.2,1159.2,1.0,1,1
SIM1583,TPMS,schwarzP,network,32,2.0,1.0,,,,,,0.5109,0.5117,0.4883,0.284814,0.284814,1.0,4.132,4.132,0.308477,0.308477,1.0,1.6589,3.75,586.3,586.3,1.0,1,1
SIM1584,TPMS,schwarzP,network,32,1.0,2.0,,,,,,0.5273,0.5227,0.4773,0.280669,0.280669,1.0,4.369,4.369,0.333278,0.333278,1.0,1.5684,1.8867,1159.2,1096.9,1.0,1,1
SIM1585,TPMS,schwarzP,network,32,2.0,1.0,,,,,,0.5273,0.5293,0.4707,0.268921,0.268921,1.0,4.31,4.31,0.322483,0.322483,1.0,1.6413,3.8438,586.3,572.8,1.0,1,1
SIM1586,TPMS,schwarzP,network,32,1.0,2.0,,,,,,0.5436,0.5432,0.4568,0.260656,0.260656,1.0,4.699,4.699,0.357437,0.357437,1.0,1.5197,1.8633,1211.9,1082.5,1.0,1,1
SIM1587,TPMS,schwarzP,network,32,1.0,2.0,,,,,,0.56,0.5608,0.4392,0.243885,0.243885,1.0,5.01,5.01,0.375385,0.375385,1.0,1.4939,1.8633,1231.1,1082.5,1.0,1,1
SIM1588,TPMS,schwarzP,network,32,2.0,1.0,,,,,,0.56,0.5762,0.4238,0.225479,0.225479,1.0,5.363,5.363,0.37298,0.37298,1.0,1.5448,3.8438,637.4,515.4,1.0,1,1
SIM1589,TPMS,schwarzP,network,32,2.0,1.0,,,,,,0.5436,0.5762,0.4238,0.225479,0.225479,1.0,5.363,5.363,0.37298,0.37298,1.0,1.5448,3.8438,637.4,515.4,1.0,1,1
SIM1590,TPMS,schwarzP,network,32,2.0,1.0,,,,,,0.5764,0.5762,0.4238,0.225479,0.225479,1.0,5.363,5.363,0.37298,0.37298,1.0,1.5448,3.8438,637.4,515.4,1.0,1,1
SIM1591,TPMS,schwarzP,network,32,1.0,2.0,,,,,,0.5764,0.5769,0.4231,0.230121,0.230121,1.0,5.354,5.354,0.392636,0.392636,1.0,1.4693,1.875,1231.1,1075.3,1.0,1,1
SIM1592,TPMS,schwarzP,network,32,1.0,2.0,,,,,,0.5927,0.5918,0.4082,0.216482,0.216482,1.0,5.792,5.792,0.407315,0.407315,1.0,1.4529,1.875,1243.7,1082.5,1.0,1,1
SIM1593,TPMS,schwarzP,network,32,2.0,1.0,,,,,,0.5927,0.5938,0.4062,0.215422,0.215422,1.0,5.61,5.61,0.397717,0.397717,1.0,1.4929,3.6562,649.5,515.4,1.0,1,1
SIM1594,TPMS,schwarzP,network,32,2.0,1.0,,,,,,0.6091,0.6055,0.3945,0.204766,0.204766,1.0,6.529,6.529,0.416071,0.416071,1.0,1.4552,3.4688,649.5,515.4,1.0,1,1
SIM1595,TPMS,schwarzP,network,32,1.0,2.0,,,,,,0.6091,0.6108,0.3892,0.19892,0.19892,1.0,6.195,6.195,0.428419,0.428419,1.0,1.4258,1.8516,1243.7,1045.8,1.0,1,1
SIM1596,TPMS,schwarzP,network,32,1.0,2.0,,,,,,0.6255,0.6255,0.3745,0.186393,0.186393,1.0,6.726,6.726,0.448288,0.448288,1.0,1.3953,1.8398,1280.9,1015.5,1.0,1,1
SIM1597,TPMS,schwarzP,network,32,2.0,1.0,,,,,,0.6255,0.6348,0.3652,0.178434,0.178434,1.0,6.879,6.879,0.44614,0.44614,1.0,1.4228,3.6562,649.5,544.9,1.0,1,1
SIM1598,TPMS,schwarzP,network,32,1.0,2.0,,,,,,0.6418,0.6438,0.3562,0.171142,0.171142,1.0,7.525,7.525,0.46952,0.46952,1.0,1.3712,1.8164,1299.0,1015.5,1.0,1,1
SIM1599,TPMS,schwarzP,network,32,1.0,2.0,,,,,,0.6582,0.6584,0.3416,0.154561,0.154561,1.0,8.324,8.324,0.492094,0.492094,1.0,1.3381,1.8047,1299.0,1007.8,1.0,1,1
SIM1600,TPMS,schwarzP,network,32,2.0,1.0,,,,,,0.6418,0.6758,0.3242,0.134788,0.134788,1.0,9.222,9.222,0.493656,0.493656,1.0,1.3689,3.6562,673.1,515.4,1.0,1,1
SIM1601,TPMS,schwarzP,network,32,2.0,1.0,,,,,,0.6582,0.6758,0.3242,0.134788,0.134788,1.0,9.222,9.222,0.493656,0.493656,1.0,1.3689,3.6562,673.1,515.4,1.0,1,1
SIM1602,TPMS,schwarzP,network,32,2.0,1.0,,,,,,0.6745,0.6758,0.3242,0.134788,0.134788,1.0,9.222,9.222,0.493656,0.493656,1.0,1.3689,3.6562,673.1,515.4,1.0,1,1
SIM1603,TPMS,schwarzP,network,32,1.0,2.0,,,,,,0.6745,0.676,0.324,0.143096,0.143096,1.0,9.266,9.266,0.510147,0.510147,1.0,1.3252,1.7578,1311.0,960.1,1.0,1,1
SIM1604,TPMS,schwarzP,network,32,1.0,2.0,,,,,,0.6909,0.6892,0.3108,0.130798,0.130798,1.0,10.282,10.282,0.5298,0.5298,1.0,1.3009,1.7344,1311.0,943.7,1.0,1,1
SIM1605,TPMS,schwarzP,network,32,2.0,1.0,,,,,,0.6909,0.6953,0.3047,0.13046,0.13046,1.0,10.185,10.185,0.52635,0.52635,1.0,1.321,3.375,728.9,515.4,1.0,1,1
SIM1606,TPMS,schwarzP,network,32,1.0,2.0,,,,,,0.7073,0.7068,0.2932,0.115249,0.115249,1.0,11.363,11.363,0.555606,0.555606,1.0,1.2721,1.7109,1375.0,943.7,1.0,1,1
SIM1607,TPMS,schwarzP,network,32,2.0,1.0,,,,,,0.7073,0.7129,0.2871,0.106636,0.106636,1.0,10.537,10.537,0.54855,0.54855,1.0,1.2996,3.2812,728.9,515.4,1.0,1,1
SIM1608,TPMS,schwarzP,network,32,2.0,1.0,,,,,,0.7236,0.7129,0.2871,0.106636,0.106636,1.0,10.537,10.537,0.54855,0.54855,1.0,1.2996,3.2812,728.9,515.4,1.0,1,1
SIM1609,TPMS,schwarzP,network,32,2.0,1.0,,,,,,0.74,0.7129,0.2871,0.106636,0.106636,1.0,10.537,10.537,0.54855,0.54855,1.0,1.2996,3.2812,728.9,515.4,1.0,1,1
SIM1610,TPMS,schwarzP,network,32,1.0,2.0,,,,,,0.7236,0.7251,0.2749,0.091413,0.091413,1.0,12.62,12.62,0.587364,0.587364,1.0,1.2345,1.7227,1380.7,943.7,1.0,1,1
SIM1611,TPMS,schwarzP,network,32,1.0,2.0,,,,,,0.74,0.7412,0.2588,0.083782,0.083782,1.0,13.618,13.618,0.614324,0.614324,1.0,1.2065,1.6172,1386.3,943.7,1.0,1,1
SIM1612,TPMS,schwarzP,network,32,2.0,1.0,,,,,,0.7564,0.7539,0.2461,0.055996,0.055996,1.0,15.271,15.271,0.609346,0.609346,1.0,1.2372,3.2812,728.9,467.7,1.0,1,1
SIM1613,TPMS,schwarzP,network,32,1.0,2.0,,,,,,0.7564,0.759,0.241,0.058526,0.058526,1.0,14.739,14.739,0.634356,0.634356,1.0,1.1965,1.6172,1447.0,918.6,1.0,1,1
SIM1614,TPMS,schwarzP,network,32,2.0,1.0,,,,,,0.7727,0.7656,0.2344,0.055737,0.055737,1.0,15.413,15.413,0.616783,0.616783,1.0,1.2413,3.2812,800.4,433.0,1.0,1,1
SIM1615,TPMS,schwarzP,network,32,2.0,1.0,,,,,,0.7891,0.7656,0.2344,0.055737,0.055737,1.0,15.413,15.413,0.616783,0.616783,1.0,1.2413,3.2812,800.4,433.0,1.0,1,1
SIM1616,TPMS,schwarzP,network,32,1.0,2.0,,,,,,0.7727,0.7773,0.2227,0.026376,0.026376,1.0,14.568,14.568,0.672861,0.672861,1.0,1.1553,1.582,1447.0,892.7,1.0,1,1
SIM1617,TPMS,schwarzP,network,32,1.0,2.0,,,,,,0.7891,0.781,0.219,0.026284,0.026284,1.0,15.537,15.537,0.676115,0.676115,1.0,1.1551,1.582,1447.0,883.9,1.0,1,1
SIM1618,TPMS,schwarzP,network,32,1.0,2.0,,,,,,0.8055,0.8052,0.1948,0.0,0.0,,,,0.709455,0.709455,1.0,1.1349,1.3594,1513.2,866.0,1.0,1,1
SIM1619,TPMS,schwarzP,network,32,2.0,1.0,,,,,,0.8055,0.8066,0.1934,0.0,0.0,,,,0.674468,0.674468,1.0,1.196,2.625,750.0,433.0,0.125,1,1
SIM1620,TPMS,schwarzP,network,32,1.0,2.0,,,,,,0.8218,0.8228,0.1772,0.0,0.0,,,,0.733503,0.733503,1.0,1.1217,1.2891,1515.5,866.0,1.0,1,1
SIM1621,TPMS,schwarzP,network,32,2.0,1.0,,,,,,0.8218,0.8301,0.1699,0.0,0.0,,,,0.713024,0.713024,1.0,1.1642,2.4375,750.0,414.6,0.125,1,1
SIM1622,TPMS,schwarzP,network,32,1.0,2.0,,,,,,0.8382,0.8396,0.1604,0.0,0.0,,,,0.765298,0.765298,1.0,1.0971,1.1602,1546.2,838.5,1.0,1,1
SIM1623,TPMS,schwarzP,network,32,2.0,1.0,,,,,,0.8382,0.8477,0.1523,0.0,0.0,,,,0.746361,0.746361,1.0,1.1357,2.25,800.4,467.7,0.125,1,1
SIM1624,TPMS,schwarzP,network,32,1.0,2.0,,,,,,0.8545,0.8535,0.1465,0.0,0.0,,,,0.784715,0.784715,1.0,1.0877,1.0898,1586.1,819.7,1.0,1,1
SIM1625,TPMS,schwarzP,network,32,2.0,1.0,,,,,,0.8545,0.8535,0.1465,0.0,0.0,,,,0.749132,0.749132,1.0,1.1393,2.25,800.4,433.0,0.125,1,1
SIM1626,TPMS,schwarzP,network,32,2.0,1.0,,,,,,0.8709,0.8711,0.1289,0.0,0.0,,,,0.779973,0.779973,1.0,1.1168,1.9688,838.5,433.0,0.125,1,1
SIM1627,TPMS,schwarzP,network,32,1.0,2.0,,,,,,0.8709,0.8721,0.1279,0.0,0.0,,,,0.807511,0.807511,1.0,1.0799,0.9727,1610.5,770.6,1.0,1,1
SIM1628,TPMS,schwarzP,network,32,1.0,2.0,,,,,,0.8873,0.886,0.114,0.0,0.0,,,,0.826677,0.826677,1.0,1.0717,0.9023,1629.8,739.5,1.0,1,1
SIM1629,TPMS,schwarzP,network,32,2.0,1.0,,,,,,0.8873,0.8945,0.1055,0.0,0.0,,,,0.818785,0.818785,1.0,1.0925,1.7812,866.0,375.0,0.125,1,1
SIM1630,TPMS,schwarzP,network,32,2.0,1.0,,,,,,0.9036,0.8945,0.1055,0.0,0.0,,,,0.818785,0.818785,1.0,1.0925,1.7812,866.0,375.0,0.125,1,1
SIM1631,TPMS,schwarzP,network,32,1.0,2.0,,,,,,0.9036,0.9036,0.0964,0.0,0.0,,,,0.857613,0.857613,1.0,1.0536,0.8203,1709.3,728.9,1.0,1,1
SIM1632,TPMS,schwarzP,network,32,1.0,2.0,,,,,,0.92,0.9197,0.0803,0.0,0.0,,,,0.884116,0.884116,1.0,1.0402,0.7031,1767.8,707.1,1.0,1,1
SIM1633,TPMS,schwarzP,network,32,2.0,1.0,,,,,,0.92,0.9199,0.0801,0.0,0.0,,,,0.85634,0.85634,1.0,1.0742,1.4062,892.7,353.6,0.125,1,1
SIM1634,TPMS,schwarzP,sheet,32,2.0,1.0,,,,,,0.2,0.1875,0.8125,0.660216,0.660216,1.0,1.794,1.794,0.0,0.0,,,3.1875,375.0,467.7,1.0,0,1
SIM1635,TPMS,schwarzP,sheet,32,1.0,2.0,,,,,,0.2,0.2017,0.7983,0.631273,0.631273,1.0,1.958,1.958,0.0,0.0,1.0,,1.6406,728.9,883.9,1.0,0,1
SIM1636,TPMS,schwarzP,sheet,32,1.0,2.0,,,,,,0.2164,0.2178,0.7822,0.605845,0.605845,1.0,2.029,2.029,0.0,0.0,1.0,,1.7578,750.0,838.5,1.0,0,1
SIM1637,TPMS,schwarzP,sheet,32,1.0,2.0,,,,,,0.2327,0.2324,0.7676,0.58428,0.58428,1.0,2.089,2.089,0.0,0.0,1.0,,1.8516,750.0,810.1,1.0,0,1
SIM1638,TPMS,schwarzP,sheet,32,2.0,1.0,,,,,,0.2164,0.2344,0.7656,0.590128,0.590128,1.0,2.117,2.117,0.0,0.0,,,3.5625,414.6,450.7,1.0,0,1
SIM1639,TPMS,schwarzP,sheet,32,2.0,1.0,,,,,,0.2327,0.2344,0.7656,0.590128,0.590128,1.0,2.117,2.117,0.0,0.0,,,3.5625,414.6,450.7,1.0,0,1
SIM1640,TPMS,schwarzP,sheet,32,1.0,2.0,,,,,,0.2491,0.25,0.75,0.557147,0.557147,1.0,2.197,2.197,0.0,0.0,1.0,,1.9453,800.4,800.4,1.0,0,1
SIM1641,TPMS,schwarzP,sheet,32,2.0,1.0,,,,,,0.2491,0.2578,0.7422,0.547168,0.547168,1.0,2.309,2.309,0.0,0.0,,,3.9375,433.0,450.7,1.0,0,1
SIM1642,TPMS,schwarzP,sheet,32,2.0,1.0,,,,,,0.2655,0.2578,0.7422,0.547168,0.547168,1.0,2.309,2.309,0.0,0.0,,,3.9375,433.0,450.7,1.0,0,1
SIM1643,TPMS,schwarzP,sheet,32,1.0,2.0,,,,,,0.2655,0.2651,0.7349,0.535134,0.535134,1.0,2.308,2.308,0.0,0.0,1.0,,1.9922,800.4,770.6,1.0,0,1
SIM1644,TPMS,schwarzP,sheet,32,2.0,1.0,,,,,,0.2818,0.2695,0.7305,0.532458,0.532458,1.0,2.387,2.387,0.0,0.0,,,4.125,433.0,395.3,1.0,0,1
SIM1645,TPMS,schwarzP,sheet,32,1.0,2.0,,,,,,0.2818,0.2812,0.7188,0.509837,0.509837,1.0,2.405,2.405,1e-06,1e-06,1.0,,2.1328,800.4,728.9,1.0,0,1
SIM1646,TPMS,schwarzP,sheet,32,1.0,2.0,,,,,,0.2982,0.2988,0.7012,0.486921,0.486921,1.0,2.524,2.524,1e-06,1e-06,1.0,,2.2266,838.5,718.1,1.0,0,1
SIM1647,TPMS,schwarzP,sheet,32,2.0,1.0,,,,,,0.3145,0.3047,0.6953,0.488134,0.488134,1.0,2.431,2.431,0.0,0.0,1.0,,4.5,467.7,375.0,1.0,0,1
SIM1648,TPMS,schwarzP,sheet,32,2.0,1.0,,,,,,0.2982,0.3047,0.6953,0.488134,0.488134,1.0,2.431,2.431,0.0,0.0,1.0,,4.5,467.7,375.0,1.0,0,1
SIM1649,TPMS,schwarzP,sheet,32,1.0,2.0,,,,,,0.3145,0.3135,0.6865,0.465655,0.465655,1.0,2.631,2.631,2e-06,2e-06,1.0,,2.2734,819.7,707.1,1.0,0,1
SIM1650,TPMS,schwarzP,sheet,32,1.0,2.0,,,,,,0.3309,0.3311,0.6689,0.440579,0.440579,1.0,2.754,2.754,2e-06,2e-06,1.0,,2.3672,866.0,673.1,1.0,0,1
SIM1651,TPMS,schwarzP,sheet,32,2.0,1.0,,,,,,0.3309,0.3398,0.6602,0.438032,0.438032,1.0,2.742,2.742,0.0,0.0,1.0,,4.875,414.6,353.6,1.0,0,1
SIM1652,TPMS,schwarzP,sheet,32,1.0,2.0,,,,,,0.3473,0.3486,0.6514,0.416059,0.416059,1.0,2.92,2.92,2e-06,2e-06,1.0,,2.5312,838.5,637.4,1.0,0,1
SIM1653,TPMS,schwarzP,sheet,32,1.0,2.0,,,,,,0.3636,0.3618,0.6382,0.403722,0.403722,1.0,2.99,2.99,2e-06,2e-06,1.0,,2.5781,866.0,625.0,1.0,0,1
SIM1654,TPMS,schwarzP,sheet,32,2.0,1.0,,,,,,0.3636,0.3633,0.6367,0.415901,0.415901,1.0,2.942,2.942,0.0,0.0,1.0,,4.875,433.0,353.6,1.0,0,1
SIM1655,TPMS,schwarzP,sheet,32,2.0,1.0,,,,,,0.3473,0.3633,0.6367,0.415901,0.415901,1.0,2.942,2.942,0.0,0.0,1.0,,4.875,433.0,353.6,1.0,0,1
SIM1656,TPMS,schwarzP,sheet,32,1.0,2.0,,,,,,0.38,0.3809,0.6191,0.375345,0.375345,1.0,3.195,3.195,3e-06,3e-06,1.0,,2.7188,866.0,625.0,1.0,0,1
SIM1657,TPMS,schwarzP,sheet,32,2.0,1.0,,,,,,0.38,0.3867,0.6133,0.37796,0.37796,1.0,3.222,3.222,0.0,0.0,1.0,,5.25,433.0,353.6,1.0,0,1
SIM1658,TPMS,schwarzP,sheet,32,2.0,1.0,,,,,,0.3964,0.3867,0.6133,0.37796,0.37796,1.0,3.222,3.222,0.0,0.0,1.0,,5.25,433.0,353.6,1.0,0,1
SIM1659,TPMS,schwarzP,sheet,32,2.0,1.0,,,,,,0.4291,0.3867,0.6133,0.37796,0.37796,1.0,3.222,3.222,0.0,0.0,1.0,,5.25,433.0,353.6,1.0,0,1
SIM1660,TPMS,schwarzP,sheet,32,2.0,1.0,,,,,,0.4127,0.3867,0.6133,0.37796,0.37796,1.0,3.222,3.222,0.0,0.0,1.0,,5.25,433.0,353.6,1.0,0,1
SIM1661,TPMS,schwarzP,sheet,32,1.0,2.0,,,,,,0.3964,0.3955,0.6045,0.35552,0.35552,1.0,3.396,3.396,3e-06,3e-06,1.0,,2.7656,866.0,625.0,1.0,0,1
SIM1662,TPMS,schwarzP,sheet,32,1.0,2.0,,,,,,0.4127,0.4131,0.5869,0.335275,0.335275,1.0,3.533,3.533,3e-06,3e-06,1.0,,2.8125,883.9,612.4,1.0,0,1
SIM1663,TPMS,schwarzP,sheet,32,1.0,2.0,,,,,,0.4291,0.416,0.584,0.33287,0.33287,1.0,3.566,3.566,3e-06,3e-06,1.0,,2.8125,883.9,625.0,1.0,0,1
SIM1664,TPMS,schwarzP,sheet,32,1.0,2.0,,,,,,0.4455,0.4453,0.5547,0.288443,0.288443,1.0,3.884,3.884,0.047597,0.047597,1.0,9.356,3.1641,892.7,530.3,1.0,1,1
SIM1665,TPMS,schwarzP,sheet,32,1.0,2.0,,,,,,0.4618,0.4453,0.5547,0.288443,0.288443,1.0,3.884,3.884,0.047597,0.047597,1.0,9.356,3.1641,892.7,530.3,1.0,1,1
SIM1666,TPMS,schwarzP,sheet,32,1.0,2.0,,,,,,0.4782,0.479,0.521,0.24636,0.24636,1.0,4.352,4.352,0.106598,0.106598,1.0,4.4936,3.1875,918.6,530.3,1.0,1,1
SIM1667,TPMS,schwarzP,sheet,32,2.0,1.0,,,,,,0.4782,0.4805,0.5195,0.2557,0.2557,1.0,4.074,4.074,0.116794,0.116794,1.0,4.1138,6.5625,467.7,279.5,1.0,1,1
SIM1668,TPMS,schwarzP,sheet,32,1.0,2.0,,,,,,0.4945,0.5039,0.4961,0.215935,0.215935,1.0,4.656,4.656,0.137046,0.137046,1.0,3.6769,3.2344,943.7,515.4,1.0,1,1
SIM1669,TPMS,schwarzP,sheet,32,1.0,2.0,,,,,,0.5109,0.5103,0.4897,0.209863,0.209863,1.0,4.69,4.69,0.138105,0.138105,1.0,3.6947,3.2812,943.7,467.7,1.0,1,1
SIM1670,TPMS,schwarzP,sheet,32,1.0,2.0,,,,,,0.5273,0.5278,0.4722,0.194883,0.194883,1.0,5.014,5.014,0.159702,0.159702,1.0,3.3051,3.2812,943.7,450.7,1.0,1,1
SIM1671,TPMS,schwarzP,sheet,32,1.0,2.0,,,,,,0.5436,0.5425,0.4575,0.179812,0.179812,1.0,5.295,5.295,0.171277,0.171277,1.0,3.1673,3.4453,943.7,450.7,1.0,1,1
SIM1672,TPMS,schwarzP,sheet,32,1.0,2.0,,,,,,0.56,0.5718,0.4282,0.154995,0.154995,1.0,5.972,5.972,0.196986,0.196986,1.0,2.9026,3.4453,943.7,433.0,1.0,1,1
SIM1673,TPMS,schwarzP,sheet,32,2.0,1.0,,,,,,0.5273,0.5742,0.4258,0.165172,0.165172,1.0,5.664,5.664,0.201195,0.201195,1.0,2.854,6.5625,515.4,279.5,1.0,1,1
SIM1674,TPMS,schwarzP,sheet,32,2.0,1.0,,,,,,0.56,0.5742,0.4258,0.165172,0.165172,1.0,5.664,5.664,0.201195,0.201195,1.0,2.854,6.5625,515.4,279.5,1.0,1,1
SIM1675,TPMS,schwarzP,sheet,32,2.0,1.0,,,,,,0.5436,0.5742,0.4258,0.165172,0.165172,1.0,5.664,5.664,0.201195,0.201195,1.0,2.854,6.5625,515.4,279.5,1.0,1,1
SIM1676,TPMS,schwarzP,sheet,32,2.0,1.0,,,,,,0.5764,0.5742,0.4258,0.165172,0.165172,1.0,5.664,5.664,0.201195,0.201195,1.0,2.854,6.5625,515.4,279.5,1.0,1,1
SIM1677,TPMS,schwarzP,sheet,32,2.0,1.0,,,,,,0.5927,0.5742,0.4258,0.165172,0.165172,1.0,5.664,5.664,0.201195,0.201195,1.0,2.854,6.5625,515.4,279.5,1.0,1,1
SIM1678,TPMS,schwarzP,sheet,32,1.0,2.0,,,,,,0.5764,0.5776,0.4224,0.152502,0.152502,1.0,6.091,6.091,0.204012,0.204012,1.0,2.8314,3.4219,943.7,433.0,1.0,1,1
SIM1679,TPMS,schwarzP,sheet,32,1.0,2.0,,,,,,0.5927,0.5923,0.4077,0.139865,0.139865,1.0,6.346,6.346,0.226285,0.226285,1.0,2.6174,3.4219,943.7,395.3,1.0,1,1
SIM1680,TPMS,schwarzP,sheet,32,2.0,1.0,,,,,,0.6091,0.6094,0.3906,0.139494,0.139494,1.0,6.284,6.284,0.243467,0.243467,1.0,2.5029,6.75,515.4,216.5,1.0,1,1
SIM1681,TPMS,schwarzP,sheet,32,1.0,2.0,,,,,,0.6091,0.6099,0.3901,0.125982,0.125982,1.0,6.835,6.835,0.242584,0.242584,1.0,2.514,3.5156,943.7,375.0,1.0,1,1
SIM1682,TPMS,schwarzP,sheet,32,1.0,2.0,,,,,,0.6255,0.626,0.374,0.116071,0.116071,1.0,7.504,7.504,0.25922,0.25922,1.0,2.4148,3.5156,960.1,353.6,1.0,1,1
SIM1683,TPMS,schwarzP,sheet,32,2.0,1.0,,,,,,0.6418,0.6328,0.3672,0.124246,0.124246,1.0,6.477,6.477,0.253326,0.253326,1.0,2.498,7.125,515.4,176.8,1.0,1,1
SIM1684,TPMS,schwarzP,sheet,32,2.0,1.0,,,,,,0.6255,0.6328,0.3672,0.124246,0.124246,1.0,6.477,6.477,0.253326,0.253326,1.0,2.498,7.125,515.4,176.8,1.0,1,1
SIM1685,TPMS,schwarzP,sheet,32,1.0,2.0,,,,,,0.6418,0.6479,0.3521,0.100912,0.100912,1.0,8.592,8.592,0.283223,0.283223,1.0,2.2878,3.5156,960.1,353.6,1.0,1,1
SIM1686,TPMS,schwarzP,sheet,32,1.0,2.0,,,,,,0.6582,0.6597,0.3403,0.094715,0.094715,1.0,8.831,8.831,0.278788,0.278788,1.0,2.3662,3.6094,976.3,353.6,1.0,1,1
SIM1687,TPMS,schwarzP,sheet,32,1.0,2.0,,,,,,0.6745,0.6729,0.3271,0.086945,0.086945,1.0,9.354,9.354,0.301957,0.301957,1.0,2.2283,3.6094,1007.8,306.2,1.0,1,1
SIM1688,TPMS,schwarzP,sheet,32,1.0,2.0,,,,,,0.6909,0.6904,0.3096,0.079377,0.079377,1.0,10.023,10.023,0.314084,0.314084,1.0,2.1982,3.5859,1007.8,306.2,1.0,1,1
SIM1689,TPMS,schwarzP,sheet,32,1.0,2.0,,,,,,0.7073,0.708,0.292,0.069722,0.069722,1.0,10.746,10.746,0.328958,0.328958,1.0,2.1523,3.6328,1015.5,279.5,1.0,1,1
SIM1690,TPMS,schwarzP,sheet,32,2.0,1.0,,,,,,0.6909,0.7305,0.2695,0.062094,0.062094,1.0,12.119,12.119,0.341327,0.341327,1.0,2.1401,7.3125,544.9,176.8,1.0,1,1
SIM1691,TPMS,schwarzP,sheet,32,2.0,1.0,,,,,,0.7073,0.7305,0.2695,0.062094,0.062094,1.0,12.119,12.119,0.341327,0.341327,1.0,2.1401,7.3125,544.9,176.8,1.0,1,1
SIM1692,TPMS,schwarzP,sheet,32,2.0,1.0,,,,,,0.7236,0.7305,0.2695,0.062094,0.062094,1.0,12.119,12.119,0.341327,0.341327,1.0,2.1401,7.3125,544.9,176.8,1.0,1,1
SIM1693,TPMS,schwarzP,sheet,32,1.0,2.0,,,,,,0.7236,0.7402,0.2598,0.053466,0.053466,1.0,13.869,13.869,0.359027,0.359027,1.0,2.0618,3.6328,1015.5,279.5,1.0,1,1
SIM1694,TPMS,schwarzP,sheet,32,1.0,2.0,,,,,,0.74,0.7402,0.2598,0.053466,0.053466,1.0,13.869,13.869,0.359027,0.359027,1.0,2.0618,3.6328,1015.5,279.5,1.0,1,1
SIM1695,TPMS,schwarzP,sheet,32,2.0,1.0,,,,,,0.74,0.7539,0.2461,0.053795,0.053795,1.0,13.56,13.56,0.34853,0.34853,1.0,2.1631,7.3125,544.9,176.8,1.0,1,1
SIM1696,TPMS,schwarzP,sheet,32,1.0,2.0,,,,,,0.7564,0.7563,0.2437,0.04775,0.04775,1.0,15.447,15.447,0.378319,0.378319,1.0,1.9992,3.6328,1045.8,279.5,1.0,1,1
SIM1697,TPMS,schwarzP,sheet,32,2.0,1.0,,,,,,0.7564,0.7656,0.2344,0.049722,0.049722,1.0,14.005,14.005,0.359772,0.359772,1.0,2.1281,7.3125,586.3,176.8,1.0,1,1
SIM1698,TPMS,schwarzP,sheet,32,2.0,1.0,,,,,,0.7727,0.7656,0.2344,0.049722,0.049722,1.0,14.005,14.005,0.359772,0.359772,1.0,2.1281,7.3125,586.3,176.8,1.0,1,1
SIM1699,TPMS,schwarzP,sheet,32,1.0,2.0,,,,,,0.7727,0.7725,0.2275,0.042231,0.042231,1.0,16.707,16.707,0.389181,0.389181,1.0,1.9848,3.7031,1045.8,250.0,1.0,1,1
SIM1700,TPMS,schwarzP,sheet,32,2.0,1.0,,,,,,0.7891,0.7891,0.2109,0.044249,0.044249,1.0,15.729,15.729,0.400299,0.400299,1.0,1.9712,6.9375,515.4,125.0,1.0,1,1
SIM1701,TPMS,schwarzP,sheet,32,1.0,2.0,,,,,,0.7891,0.79,0.21,0.037409,0.037409,1.0,18.342,18.342,0.403442,0.403442,1.0,1.9582,3.7031,1082.5,250.0,1.0,1,1
SIM1702,TPMS,schwarzP,sheet,32,1.0,2.0,,,,,,0.8055,0.8047,0.1953,0.033059,0.033059,1.0,19.911,19.911,0.427407,0.427407,1.0,1.8827,3.6562,1082.5,216.5,1.0,1,1
SIM1703,TPMS,schwarzP,sheet,32,2.0,1.0,,,,,,0.8055,0.8125,0.1875,0.036314,0.036314,1.0,17.293,17.293,0.422428,0.422428,1.0,1.9234,7.3125,515.4,125.0,1.0,1,1
SIM1704,TPMS,schwarzP,sheet,32,1.0,2.0,,,,,,0.8218,0.8184,0.1816,0.028496,0.028496,1.0,21.83,21.83,0.432246,0.432246,1.0,1.8933,3.75,1082.5,176.8,1.0,1,1
SIM1705,TPMS,schwarzP,sheet,32,1.0,2.0,,,,,,0.8382,0.8184,0.1816,0.028496,0.028496,1.0,21.83,21.83,0.432246,0.432246,1.0,1.8933,3.75,1082.5,176.8,1.0,1,1
SIM1706,TPMS,schwarzP,sheet,32,2.0,1.0,,,,,,0.8218,0.8242,0.1758,0.034016,0.034016,1.0,18.322,18.322,0.42965,0.42965,1.0,1.9184,7.3125,515.4,125.0,1.0,1,1
SIM1707,TPMS,schwarzP,sheet,32,2.0,1.0,,,,,,0.8382,0.8242,0.1758,0.034016,0.034016,1.0,18.322,18.322,0.42965,0.42965,1.0,1.9184,7.3125,515.4,125.0,1.0,1,1
SIM1708,TPMS,schwarzP,sheet,32,2.0,1.0,,,,,,0.8545,0.8477,0.1523,0.028302,0.028302,1.0,20.249,20.249,0.443291,0.443291,1.0,1.9122,7.6875,515.4,125.0,0.9231,1,1
SIM1709,TPMS,schwarzP,sheet,32,2.0,1.0,,,,,,0.8709,0.8477,0.1523,0.028302,0.028302,1.0,20.249,20.249,0.443291,0.443291,1.0,1.9122,7.6875,515.4,125.0,0.9231,1,1
SIM1710,TPMS,schwarzP,sheet,32,2.0,1.0,,,,,,0.8873,0.8477,0.1523,0.028302,0.028302,1.0,20.249,20.249,0.443291,0.443291,1.0,1.9122,7.6875,515.4,125.0,0.9231,1,1
SIM1711,TPMS,schwarzP,sheet,32,1.0,2.0,,,,,,0.8545,0.855,0.145,0.018137,0.018137,1.0,33.129,33.129,0.464996,0.464996,1.0,1.8387,3.7734,1075.3,176.8,1.0,1,1
SIM1712,TPMS,schwarzP,sheet,32,1.0,2.0,,,,,,0.8709,0.8726,0.1274,0.014973,0.014973,1.0,41.03,41.03,0.479123,0.479123,1.0,1.8212,3.7266,1082.5,176.8,1.0,1,1
SIM1713,TPMS,schwarzP,sheet,32,1.0,2.0,,,,,,0.8873,0.8872,0.1128,0.012452,0.012452,1.0,46.56,46.56,0.49619,0.49619,1.0,1.788,3.7734,1082.5,125.0,1.0,1,1
SIM1714,TPMS,schwarzP,sheet,32,1.0,2.0,,,,,,0.9036,0.9048,0.0952,0.009875,0.009875,1.0,56.609,56.609,0.516369,0.516369,1.0,1.7522,3.7266,1082.5,125.0,1.0,1,1
SIM1715,TPMS,schwarzP,sheet,32,1.0,2.0,,,,,,0.92,0.9194,0.0806,0.007608,0.007608,1.0,68.919,68.919,0.532398,0.532398,1.0,1.727,3.7734,1082.5,125.0,1.0,1,1
SIM1716,TPMS,splitP,network,32,2.0,1.0,,,,,,0.2,0.1953,0.8047,0.626478,0.626478,1.0,1.908,1.908,0.038704,0.038704,1.0,5.0464,5.8594,176.8,375.0,1.0,1,1
SIM1717,TPMS,splitP,network,32,1.0,2.0,,,,,,0.2,0.2012,0.7988,0.611076,0.611076,1.0,2.002,2.002,0.042696,0.042696,1.0,4.7118,3.0117,353.6,684.7,1.0,1,1
SIM1718,TPMS,splitP,network,32,2.0,1.0,,,,,,0.2164,0.2109,0.7891,0.601886,0.601886,1.0,1.981,1.981,0.048508,0.048508,1.0,4.3485,5.9062,176.8,375.0,1.0,1,1
SIM1719,TPMS,splitP,network,32,1.0,2.0,,,,,,0.2164,0.2173,0.7827,0.586966,0.586966,1.0,2.09,2.09,0.047644,0.047644,1.0,4.5606,3.0,353.6,673.1,1.0,1,1
SIM1720,TPMS,splitP,network,32,1.0,2.0,,,,,,0.2327,0.2334,0.7666,0.559227,0.559227,1.0,2.194,2.194,0.052432,0.052432,1.0,4.4514,3.1172,353.6,673.1,1.0,1,1
SIM1721,TPMS,splitP,network,32,2.0,1.0,,,,,,0.2327,0.2344,0.7656,0.573076,0.573076,1.0,2.181,2.181,0.05528,0.05528,1.0,4.2398,5.8594,176.8,375.0,1.0,1,1
SIM1722,TPMS,splitP,network,32,2.0,1.0,,,,,,0.2491,0.2461,0.7539,0.553296,0.553296,1.0,2.244,2.244,0.058705,0.058705,1.0,4.1921,6.2344,176.8,375.0,1.0,1,1
SIM1723,TPMS,splitP,network,32,1.0,2.0,,,,,,0.2491,0.248,0.752,0.54117,0.54117,1.0,2.265,2.265,0.055025,0.055025,1.0,4.5079,3.1523,375.0,673.1,1.0,1,1
SIM1724,TPMS,splitP,network,32,1.0,2.0,,,,,,0.2655,0.2661,0.7339,0.518255,0.518255,1.0,2.378,2.378,0.059168,0.059168,1.0,4.4976,3.2812,375.0,637.4,1.0,1,1
SIM1725,TPMS,splitP,network,32,2.0,1.0,,,,,,0.2655,0.2695,0.7305,0.508231,0.508231,1.0,2.334,2.334,0.06423,0.06423,1.0,4.1963,6.5625,216.5,353.6,1.0,1,1
SIM1726,TPMS,splitP,network,32,1.0,2.0,,,,,,0.2818,0.2808,0.7192,0.492633,0.492633,1.0,2.488,2.488,0.063972,0.063972,1.0,4.3888,3.3281,375.0,637.4,1.0,1,1
SIM1727,TPMS,splitP,network,32,2.0,1.0,,,,,,0.2818,0.2812,0.7188,0.497417,0.497417,1.0,2.399,2.399,0.0687,0.0687,1.0,4.0939,6.5156,216.5,353.6,1.0,1,1
SIM1728,TPMS,splitP,network,32,1.0,2.0,,,,,,0.2982,0.2969,0.7031,0.465558,0.465558,1.0,2.622,2.622,0.112295,0.112295,1.0,2.6437,3.4219,395.3,625.0,1.0,1,1
SIM1729,TPMS,splitP,network,32,2.0,1.0,,,,,,0.2982,0.3047,0.6953,0.465025,0.465025,1.0,2.543,2.543,0.0801,0.0801,1.0,3.8039,6.9375,216.5,306.2,1.0,1,1
SIM1730,TPMS,splitP,network,32,1.0,2.0,,,,,,0.3145,0.3145,0.6855,0.445901,0.445901,1.0,2.713,2.713,0.124863,0.124863,1.0,2.5184,3.4805,395.3,612.4,1.0,1,1
SIM1731,TPMS,splitP,network,32,2.0,1.0,,,,,,0.3145,0.3164,0.6836,0.451616,0.451616,1.0,2.631,2.631,0.083488,0.083488,1.0,3.7898,6.9375,250.0,306.2,1.0,1,1
SIM1732,TPMS,splitP,network,32,1.0,2.0,,,,,,0.3309,0.332,0.668,0.418499,0.418499,1.0,2.853,2.853,0.109872,0.109872,1.0,3.022,3.5859,414.6,586.3,1.0,1,1
SIM1733,TPMS,splitP,network,32,2.0,1.0,,,,,,0.3473,0.3398,0.6602,0.41825,0.41825,1.0,2.808,2.808,0.137475,0.137475,1.0,2.472,6.9375,250.0,306.2,1.0,1,1
SIM1734,TPMS,splitP,network,32,2.0,1.0,,,,,,0.3309,0.3398,0.6602,0.41825,0.41825,1.0,2.808,2.808,0.137475,0.137475,1.0,2.472,6.9375,250.0,306.2,1.0,1,1
SIM1735,TPMS,splitP,network,32,1.0,2.0,,,,,,0.3473,0.3481,0.6519,0.393041,0.393041,1.0,3.045,3.045,0.155503,0.155503,1.0,2.2388,3.5742,414.6,586.3,1.0,1,1
SIM1736,TPMS,splitP,network,32,2.0,1.0,,,,,,0.3636,0.3633,0.6367,0.39672,0.39672,1.0,2.964,2.964,0.146508,0.146508,1.0,2.4796,6.9844,250.0,306.2,1.0,1,1
SIM1737,TPMS,splitP,network,32,1.0,2.0,,,,,,0.3636,0.3643,0.6357,0.370491,0.370491,1.0,3.189,3.189,0.153999,0.153999,1.0,2.3653,3.6328,414.6,586.3,1.0,1,1
SIM1738,TPMS,splitP,network,32,2.0,1.0,,,,,,0.38,0.375,0.625,0.350006,0.350006,1.0,3.198,3.198,0.155041,0.155041,1.0,2.4187,7.2656,250.0,306.2,0.999,1,1
SIM1739,TPMS,splitP,network,32,1.0,2.0,,,,,,0.38,0.3789,0.6211,0.359131,0.359131,1.0,3.286,3.286,0.166998,0.166998,1.0,2.2689,3.5508,433.0,572.8,1.0,1,1
SIM1740,TPMS,splitP,network,32,1.0,2.0,,,,,,0.3964,0.3955,0.6045,0.341095,0.341095,1.0,3.431,3.431,0.198588,0.198588,1.0,1.9916,3.5391,450.7,559.0,1.0,1,1
SIM1741,TPMS,splitP,network,32,2.0,1.0,,,,,,0.3964,0.3984,0.6016,0.326689,0.326689,1.0,3.346,3.346,0.175848,0.175848,1.0,2.2658,7.5938,250.0,306.2,0.999,1,1
SIM1742,TPMS,splitP,network,32,1.0,2.0,,,,,,0.4127,0.4131,0.5869,0.323827,0.323827,1.0,3.6,3.6,0.205394,0.205394,1.0,2.0112,3.6914,467.7,530.3,1.0,1,1
SIM1743,TPMS,splitP,network,32,2.0,1.0,,,,,,0.4127,0.4219,0.5781,0.310232,0.310232,1.0,3.573,3.573,0.18473,0.18473,1.0,2.2837,7.5938,250.0,279.5,0.9989,1,1
SIM1744,TPMS,splitP,network,32,1.0,2.0,,,,,,0.4291,0.4277,0.5723,0.310323,0.310323,1.0,3.74,3.74,0.220207,0.220207,1.0,1.9424,3.6797,467.7,530.3,1.0,1,1
SIM1745,TPMS,splitP,network,32,2.0,1.0,,,,,,0.4291,0.4336,0.5664,0.283691,0.283691,1.0,3.854,3.854,0.193201,0.193201,1.0,2.2443,7.5938,250.0,279.5,0.9989,1,1
SIM1746,TPMS,splitP,network,32,2.0,1.0,,,,,,0.4455,0.4453,0.5547,0.268588,0.268588,1.0,4.005,4.005,0.1993,0.1993,1.0,2.2344,7.9688,279.5,279.5,0.9989,1,1
SIM1747,TPMS,splitP,network,32,1.0,2.0,,,,,,0.4455,0.4468,0.5532,0.278298,0.278298,1.0,4.103,4.103,0.238146,0.238146,1.0,1.8761,3.75,500.0,515.4,1.0,1,1
SIM1748,TPMS,splitP,network,32,1.0,2.0,,,,,,0.4618,0.46,0.54,0.269734,0.269734,1.0,4.226,4.226,0.252126,0.252126,1.0,1.8243,3.6562,500.0,515.4,1.0,1,1
SIM1749,TPMS,splitP,network,32,2.0,1.0,,,,,,0.4618,0.4688,0.5312,0.251532,0.251532,1.0,4.275,4.275,0.224233,0.224233,1.0,2.0905,7.5938,279.5,279.5,0.9989,1,1
SIM1750,TPMS,splitP,network,32,1.0,2.0,,,,,,0.4782,0.479,0.521,0.234519,0.234519,1.0,4.779,4.779,0.267558,0.267558,1.0,1.7903,3.6328,515.4,515.4,0.9927,1,1
SIM1751,TPMS,splitP,network,32,2.0,1.0,,,,,,0.4782,0.4805,0.5195,0.244933,0.244933,1.0,4.437,4.437,0.229748,0.229748,1.0,2.0913,7.5469,279.5,279.5,0.9992,1,1
SIM1752,TPMS,splitP,network,32,1.0,2.0,,,,,,0.4945,0.4951,0.5049,0.214407,0.214407,1.0,5.194,5.194,0.286617,0.286617,1.0,1.7275,3.6094,515.4,515.4,0.9929,1,1
SIM1753,TPMS,splitP,network,32,2.0,1.0,,,,,,0.4945,0.5039,0.4961,0.226205,0.226205,1.0,4.875,4.875,0.249297,0.249297,1.0,2.0213,7.1719,279.5,279.5,0.9991,1,1
SIM1754,TPMS,splitP,network,32,1.0,2.0,,,,,,0.5109,0.5112,0.4888,0.203028,0.203028,1.0,5.429,5.429,0.295294,0.295294,1.0,1.7313,3.6797,515.4,467.7,0.993,1,1
SIM1755,TPMS,splitP,network,32,2.0,1.0,,,,,,0.5109,0.5156,0.4844,0.204432,0.204432,1.0,5.388,5.388,0.281873,0.281873,1.0,1.8293,7.1719,279.5,279.5,0.9991,1,1
SIM1756,TPMS,splitP,network,32,2.0,1.0,,,,,,0.5273,0.5273,0.4727,0.198559,0.198559,1.0,5.564,5.564,0.291132,0.291132,1.0,1.8114,7.0781,279.5,279.5,0.9995,1,1
SIM1757,TPMS,splitP,network,32,1.0,2.0,,,,,,0.5273,0.5288,0.4712,0.189018,0.189018,1.0,5.76,5.76,0.309944,0.309944,1.0,1.7061,3.668,515.4,467.7,0.9931,1,1
SIM1758,TPMS,splitP,network,32,1.0,2.0,,,,,,0.5436,0.5449,0.4551,0.178985,0.178985,1.0,6.068,6.068,0.33051,0.33051,1.0,1.6487,3.668,530.3,450.7,0.9941,1,1
SIM1759,TPMS,splitP,network,32,2.0,1.0,,,,,,0.5436,0.5508,0.4492,0.19134,0.19134,1.0,5.867,5.867,0.319818,0.319818,1.0,1.7222,6.7031,279.5,279.5,0.9995,1,1
SIM1760,TPMS,splitP,network,32,1.0,2.0,,,,,,0.56,0.5596,0.4404,0.167116,0.167116,1.0,6.425,6.425,0.342772,0.342772,1.0,1.6325,3.7148,544.9,450.7,0.9943,1,1
SIM1761,TPMS,splitP,network,32,2.0,1.0,,,,,,0.56,0.5625,0.4375,0.1713,0.1713,1.0,6.316,6.316,0.330448,0.330448,1.0,1.7022,7.125,279.5,279.5,0.9994,1,1
SIM1762,TPMS,splitP,network,32,2.0,1.0,,,,,,0.5764,0.5742,0.4258,0.163559,0.163559,1.0,6.693,6.693,0.335859,0.335859,1.0,1.7097,7.1719,306.2,250.0,0.9994,1,1
SIM1763,TPMS,splitP,network,32,1.0,2.0,,,,,,0.5764,0.5757,0.4243,0.157365,0.157365,1.0,6.804,6.804,0.362232,0.362232,1.0,1.5893,3.5742,559.0,450.7,0.9941,1,1
SIM1764,TPMS,splitP,network,32,2.0,1.0,,,,,,0.5927,0.5859,0.4141,0.160204,0.160204,1.0,6.807,6.807,0.343244,0.343244,1.0,1.7071,7.1719,306.2,216.5,0.9994,1,1
SIM1765,TPMS,splitP,network,32,1.0,2.0,,,,,,0.5927,0.5933,0.4067,0.149265,0.149265,1.0,7.271,7.271,0.378637,0.378637,1.0,1.5668,3.4688,572.8,450.7,0.9947,1,1
SIM1766,TPMS,splitP,network,32,1.0,2.0,,,,,,0.6091,0.6079,0.3921,0.139931,0.139931,1.0,7.701,7.701,0.391164,0.391164,1.0,1.5541,3.5625,586.3,433.0,0.9946,1,1
SIM1767,TPMS,splitP,network,32,2.0,1.0,,,,,,0.6091,0.6094,0.3906,0.146164,0.146164,1.0,7.267,7.267,0.374937,0.374937,1.0,1.6253,6.8438,306.2,216.5,0.9994,1,1
SIM1768,TPMS,splitP,network,32,1.0,2.0,,,,,,0.6255,0.627,0.373,0.128742,0.128742,1.0,8.283,8.283,0.425341,0.425341,1.0,1.474,3.4805,612.4,414.6,0.9943,1,1
SIM1769,TPMS,splitP,network,32,2.0,1.0,,,,,,0.6255,0.6328,0.3672,0.138184,0.138184,1.0,7.814,7.814,0.394001,0.394001,1.0,1.6061,6.8438,353.6,216.5,0.9993,1,1
SIM1770,TPMS,splitP,network,32,2.0,1.0,,,,,,0.6418,0.6328,0.3672,0.138184,0.138184,1.0,7.814,7.814,0.394001,0.394001,1.0,1.6061,6.8438,353.6,216.5,0.9993,1,1
SIM1771,TPMS,splitP,network,32,1.0,2.0,,,,,,0.6418,0.6431,0.3569,0.115986,0.115986,1.0,9.054,9.054,0.430925,0.430925,1.0,1.4923,3.6094,612.4,395.3,0.994,1,1
SIM1772,TPMS,splitP,network,32,2.0,1.0,,,,,,0.6582,0.6562,0.3438,0.127065,0.127065,1.0,8.387,8.387,0.413732,0.413732,1.0,1.5862,6.8438,353.6,216.5,0.9993,1,1
SIM1773,TPMS,splitP,network,32,1.0,2.0,,,,,,0.6582,0.6592,0.3408,0.104417,0.104417,1.0,9.789,9.789,0.466406,0.466406,1.0,1.4133,3.6445,612.4,375.0,0.9937,1,1
SIM1774,TPMS,splitP,network,32,2.0,1.0,,,,,,0.6745,0.6688,0.3312,0.114753,0.114392,1.0032,9.115,9.152,0.427709,0.427592,1.0003,1.5637,6.9155,353.6,216.5,0.9993,1,1
SIM1775,TPMS,splitP,network,32,1.0,2.0,,,,,,0.6745,0.6753,0.3247,0.094378,0.094378,1.0,10.797,10.797,0.492202,0.492202,1.0,1.372,3.5859,625.0,375.0,0.9934,1,1
SIM1776,TPMS,splitP,network,32,1.0,2.0,,,,,,0.6909,0.6914,0.3086,0.088868,0.088868,1.0,11.364,11.364,0.511686,0.511686,1.0,1.3512,3.4688,637.4,375.0,0.9955,1,1
SIM1777,TPMS,splitP,network,32,2.0,1.0,,,,,,0.6909,0.6914,0.3086,0.076988,0.076988,1.0,11.623,11.623,0.466584,0.466584,1.0,1.4818,7.2656,353.6,216.5,0.9992,1,1
SIM1778,TPMS,splitP,network,32,1.0,2.0,,,,,,0.7073,0.7061,0.2939,0.082613,0.082613,1.0,12.347,12.347,0.531053,0.531053,1.0,1.3295,3.3398,649.5,375.0,0.9958,1,1
SIM1779,TPMS,splitP,network,32,2.0,1.0,,,,,,0.7073,0.7148,0.2852,0.06969,0.06969,1.0,12.59,12.59,0.481659,0.481659,1.0,1.4841,7.6406,353.6,176.8,0.9991,1,1
SIM1780,TPMS,splitP,network,32,2.0,1.0,,,,,,0.7236,0.7148,0.2852,0.06969,0.06969,1.0,12.59,12.59,0.481659,0.481659,1.0,1.4841,7.6406,353.6,176.8,0.9991,1,1
SIM1781,TPMS,splitP,network,32,1.0,2.0,,,,,,0.7236,0.7236,0.2764,0.074491,0.074491,1.0,13.527,13.527,0.552119,0.552119,1.0,1.3106,3.3398,673.1,375.0,0.9956,1,1
SIM1782,TPMS,splitP,network,32,2.0,1.0,,,,,,0.74,0.7383,0.2617,0.055679,0.055679,1.0,15.667,15.667,0.524489,0.524489,1.0,1.4076,7.3594,353.6,176.8,0.9991,1,1
SIM1783,TPMS,splitP,network,32,1.0,2.0,,,,,,0.74,0.7412,0.2588,0.06492,0.06492,1.0,15.341,15.341,0.58672,0.58672,1.0,1.2633,3.293,673.1,375.0,0.9953,1,1
SIM1784,TPMS,splitP,network,32,1.0,2.0,,,,,,0.7564,0.7573,0.2427,0.054046,0.054046,1.0,17.323,17.323,0.612705,0.612705,1.0,1.236,3.2461,684.7,353.6,0.995,1,1
SIM1785,TPMS,splitP,network,32,2.0,1.0,,,,,,0.7564,0.7617,0.2383,0.042869,0.042869,1.0,17.858,17.858,0.570065,0.570065,1.0,1.3362,6.6562,353.6,176.8,0.999,1,1
SIM1786,TPMS,splitP,network,32,1.0,2.0,,,,,,0.7727,0.772,0.228,0.045547,0.045547,1.0,19.675,19.675,0.626175,0.626175,1.0,1.2328,3.1992,684.7,353.6,0.9946,1,1
SIM1787,TPMS,splitP,network,32,2.0,1.0,,,,,,0.7727,0.7734,0.2266,0.041908,0.041908,1.0,18.436,18.436,0.578829,0.578829,1.0,1.3362,6.6094,375.0,176.8,0.9989,1,1
SIM1788,TPMS,splitP,network,32,1.0,2.0,,,,,,0.7891,0.7881,0.2119,0.037665,0.037665,1.0,22.101,22.101,0.661469,0.661469,1.0,1.1914,3.1406,718.1,353.6,0.9942,1,1
SIM1789,TPMS,splitP,network,32,2.0,1.0,,,,,,0.7891,0.7969,0.2031,0.039839,0.039839,1.0,19.81,19.81,0.607411,0.607411,1.0,1.3119,6.0938,395.3,176.8,0.9997,1,1
SIM1790,TPMS,splitP,network,32,2.0,1.0,,,,,,0.8055,0.7969,0.2031,0.039839,0.039839,1.0,19.81,19.81,0.607411,0.607411,1.0,1.3119,6.0938,395.3,176.8,0.9997,1,1
SIM1791,TPMS,splitP,network,32,1.0,2.0,,,,,,0.8055,0.8057,0.1943,0.031204,0.031204,1.0,25.058,25.058,0.680255,0.680255,1.0,1.1844,3.0469,728.9,306.2,0.9937,1,1
SIM1792,TPMS,splitP,network,32,1.0,2.0,,,,,,0.8218,0.8203,0.1797,0.02197,0.02197,1.0,30.113,30.113,0.700487,0.700487,1.0,1.1711,2.9766,728.9,306.2,0.9942,1,1
SIM1793,TPMS,splitP,network,32,2.0,1.0,,,,,,0.8218,0.8203,0.1797,0.03167,0.03167,1.0,26.367,26.367,0.644271,0.644271,1.0,1.2732,5.7188,395.3,176.8,0.9997,1,1
SIM1794,TPMS,splitP,network,32,2.0,1.0,,,,,,0.8382,0.832,0.168,0.028147,0.028147,1.0,27.87,27.87,0.674026,0.674026,1.0,1.2344,5.3906,395.3,176.8,0.9996,1,1
SIM1795,TPMS,splitP,network,32,1.0,2.0,,,,,,0.8382,0.8384,0.1616,0.018304,0.018304,1.0,34.85,34.85,0.733806,0.733806,1.0,1.1425,2.7773,750.0,306.2,0.9962,1,1
SIM1796,TPMS,splitP,network,32,2.0,1.0,,,,,,0.8545,0.8555,0.1445,0.005848,0.005848,1.0,49.755,49.755,0.716945,0.716945,1.0,1.1932,5.3438,414.6,176.8,0.0156,1,1
SIM1797,TPMS,splitP,network,32,1.0,2.0,,,,,,0.8545,0.856,0.144,0.000215,0.000215,1.0,68.505,68.505,0.76548,0.76548,1.0,1.1182,2.6133,770.6,306.2,0.125,1,1
SIM1798,TPMS,splitP,network,32,2.0,1.0,,,,,,0.8709,0.8672,0.1328,0.0,0.0,,679520.509,679517.374,0.751912,0.751912,1.0,1.1533,4.6406,414.6,176.8,0.0156,1,1
SIM1799,TPMS,splitP,network,32,1.0,2.0,,,,,,0.8709,0.8721,0.1279,0.0,0.0,1.0,780.86,780.86,0.789091,0.789091,1.0,1.1052,2.2383,800.4,306.2,0.125,1,1
SIM1800,TPMS,splitP,network,32,1.0,2.0,,,,,,0.8873,0.8867,0.1133,0.0,0.0,,134388248.916,134188120.673,0.80962,0.80962,1.0,1.0952,2.0391,800.4,306.2,0.125,1,1
SIM1801,TPMS,splitP,network,32,2.0,1.0,,,,,,0.8873,0.8906,0.1094,0.0,0.0,,832170.845,832168.581,0.786192,0.786192,1.0,1.1328,3.9375,450.7,176.8,0.0156,1,1
SIM1802,TPMS,splitP,network,32,2.0,1.0,,,,,,0.9036,0.9023,0.0977,0.0,0.0,,531274.324,531273.093,0.805556,0.805556,1.0,1.1202,3.6562,433.0,176.8,0.0156,1,1
SIM1803,TPMS,splitP,network,32,1.0,2.0,,,,,,0.9036,0.9028,0.0972,0.0,0.0,,203478.119,203477.849,0.829395,0.829395,1.0,1.0885,1.875,819.7,279.5,0.125,1,1
SIM1804,TPMS,splitP,network,32,1.0,2.0,,,,,,0.92,0.9189,0.0811,0.0,0.0,1.0,2453.119,2453.119,0.854724,0.854724,1.0,1.0751,1.6289,838.5,279.5,0.125,1,1
SIM1805,TPMS,splitP,network,32,2.0,1.0,,,,,,0.92,0.9258,0.0742,0.0,0.0,1.0,864.291,864.291,0.85262,0.85262,1.0,1.0858,2.5312,467.7,176.8,0.0156,1,1
SIM1806,TPMS,splitP,sheet,32,1.0,2.0,,,,,,0.2,0.2012,0.7988,0.62326,0.62326,1.0,1.915,1.915,0.014115,0.014115,1.0,14.2522,4.043,279.5,467.7,1.0,1,1
SIM1807,TPMS,splitP,sheet,32,2.0,1.0,,,,,,0.2,0.207,0.793,0.633996,0.633996,1.0,1.886,1.886,0.016536,0.016536,1.0,12.5202,8.0625,176.8,279.5,1.0,1,1
SIM1808,TPMS,splitP,sheet,32,1.0,2.0,,,,,,0.2164,0.2173,0.7827,0.595655,0.595655,1.0,2.001,2.001,0.023123,0.023123,1.0,9.3971,4.2422,279.5,450.7,1.0,1,1
SIM1809,TPMS,splitP,sheet,32,2.0,1.0,,,,,,0.2164,0.2188,0.7812,0.618625,0.618625,1.0,1.91,1.91,0.016905,0.016905,1.0,12.9397,8.4844,176.8,250.0,1.0,1,1
SIM1810,TPMS,splitP,sheet,32,2.0,1.0,,,,,,0.2327,0.2305,0.7695,0.597481,0.597481,1.0,1.986,1.986,0.020781,0.020781,1.0,11.0906,8.8125,176.8,250.0,1.0,1,1
SIM1811,TPMS,splitP,sheet,32,1.0,2.0,,,,,,0.2327,0.2319,0.7681,0.574723,0.574723,1.0,2.07,2.07,0.027276,0.027276,1.0,8.5031,4.3477,279.5,433.0,1.0,1,1
SIM1812,TPMS,splitP,sheet,32,1.0,2.0,,,,,,0.2491,0.25,0.75,0.550799,0.550799,1.0,2.164,2.164,0.027842,0.027842,1.0,8.9793,4.582,279.5,433.0,1.0,1,1
SIM1813,TPMS,splitP,sheet,32,2.0,1.0,,,,,,0.2491,0.2539,0.7461,0.560781,0.560781,1.0,2.098,2.098,0.019106,0.019106,1.0,13.2892,9.4219,176.8,216.5,1.0,1,1
SIM1814,TPMS,splitP,sheet,32,1.0,2.0,,,,,,0.2655,0.2646,0.7354,0.532013,0.532013,1.0,2.227,2.227,0.030271,0.030271,1.0,8.7427,4.6523,306.2,395.3,1.0,1,1
SIM1815,TPMS,splitP,sheet,32,2.0,1.0,,,,,,0.2655,0.2656,0.7344,0.547725,0.547725,1.0,2.148,2.148,0.019315,0.019315,1.0,13.7521,9.4219,176.8,216.5,1.0,1,1
SIM1816,TPMS,splitP,sheet,32,1.0,2.0,,,,,,0.2818,0.2808,0.7192,0.511987,0.511987,1.0,2.329,2.329,0.028261,0.028261,1.0,9.9347,4.875,306.2,395.3,1.0,1,1
SIM1817,TPMS,splitP,sheet,32,2.0,1.0,,,,,,0.2818,0.2891,0.7109,0.51123,0.51123,1.0,2.276,2.276,0.021881,0.021881,1.0,13.2108,10.125,176.8,216.5,1.0,1,1
SIM1818,TPMS,splitP,sheet,32,2.0,1.0,,,,,,0.2982,0.2891,0.7109,0.51123,0.51123,1.0,2.276,2.276,0.021881,0.021881,1.0,13.2108,10.125,176.8,216.5,1.0,1,1
SIM1819,TPMS,splitP,sheet,32,1.0,2.0,,,,,,0.2982,0.2983,0.7017,0.489234,0.489234,1.0,2.46,2.46,0.02431,0.02431,1.0,12.2723,5.1328,306.2,375.0,1.0,1,1
SIM1820,TPMS,splitP,sheet,32,2.0,1.0,,,,,,0.3145,0.3125,0.6875,0.488248,0.488248,1.0,2.378,2.378,0.022532,0.022532,1.0,13.8689,10.8281,176.8,216.5,1.0,1,1
SIM1821,TPMS,splitP,sheet,32,1.0,2.0,,,,,,0.3145,0.313,0.687,0.469208,0.469208,1.0,2.557,2.557,0.033015,0.033015,1.0,9.48,5.3438,306.2,375.0,1.0,1,1
SIM1822,TPMS,splitP,sheet,32,1.0,2.0,,,,,,0.3309,0.3291,0.6709,0.448186,0.448186,1.0,2.68,2.68,0.057348,0.057348,1.0,5.7387,5.4609,306.2,375.0,1.0,1,1
SIM1823,TPMS,splitP,sheet,32,2.0,1.0,,,,,,0.3309,0.3359,0.6641,0.458932,0.458932,1.0,2.493,2.493,0.064906,0.064906,1.0,5.1757,10.8281,176.8,216.5,1.0,1,1
SIM1824,TPMS,splitP,sheet,32,1.0,2.0,,,,,,0.3473,0.3457,0.6543,0.426007,0.426007,1.0,2.786,2.786,0.053683,0.053683,1.0,6.4398,5.6484,306.2,353.6,1.0,1,1
SIM1825,TPMS,splitP,sheet,32,2.0,1.0,,,,,,0.3473,0.3477,0.6523,0.43749,0.43749,1.0,2.599,2.599,0.072092,0.072092,1.0,4.8224,11.2031,176.8,176.8,1.0,1,1
SIM1826,TPMS,splitP,sheet,32,1.0,2.0,,,,,,0.3636,0.3618,0.6382,0.408065,0.408065,1.0,2.896,2.896,0.060007,0.060007,1.0,6.0295,5.7656,306.2,353.6,1.0,1,1
SIM1827,TPMS,splitP,sheet,32,2.0,1.0,,,,,,0.3636,0.3711,0.6289,0.406772,0.406772,1.0,2.772,2.772,0.083316,0.083316,1.0,4.454,11.5781,176.8,176.8,1.0,1,1
SIM1828,TPMS,splitP,sheet,32,1.0,2.0,,,,,,0.38,0.3809,0.6191,0.388075,0.388075,1.0,3.049,3.049,0.060864,0.060864,1.0,6.2576,5.9648,306.2,353.6,1.0,1,1
SIM1829,TPMS,splitP,sheet,32,2.0,1.0,,,,,,0.38,0.3867,0.6133,0.389009,0.389009,1.0,2.933,2.933,0.096499,0.096499,1.0,4.0075,11.625,176.8,176.8,1.0,1,1
SIM1830,TPMS,splitP,sheet,32,1.0,2.0,,,,,,0.3964,0.3955,0.6045,0.37139,0.37139,1.0,3.145,3.145,0.076639,0.076639,1.0,5.1607,6.0586,353.6,306.2,1.0,1,1
SIM1831,TPMS,splitP,sheet,32,2.0,1.0,,,,,,0.3964,0.4023,0.5977,0.378078,0.378078,1.0,2.948,2.948,0.100212,0.100212,1.0,4.0149,11.625,176.8,176.8,1.0,1,1
SIM1832,TPMS,splitP,sheet,32,1.0,2.0,,,,,,0.4127,0.4116,0.5884,0.353988,0.353988,1.0,3.314,3.314,0.0898,0.0898,1.0,4.5837,6.0586,353.6,306.2,1.0,1,1
SIM1833,TPMS,splitP,sheet,32,2.0,1.0,,,,,,0.4127,0.4141,0.5859,0.368956,0.368956,1.0,3.02,3.02,0.104802,0.104802,1.0,3.9509,11.5781,176.8,176.8,1.0,1,1
SIM1834,TPMS,splitP,sheet,32,1.0,2.0,,,,,,0.4291,0.4292,0.5708,0.337736,0.337736,1.0,3.479,3.479,0.091149,0.091149,1.0,4.7088,6.1523,353.6,306.2,1.0,1,1
SIM1835,TPMS,splitP,sheet,32,2.0,1.0,,,,,,0.4291,0.4375,0.5625,0.340286,0.340286,1.0,3.314,3.314,0.106458,0.106458,1.0,4.1096,12.375,176.8,176.8,1.0,1,1
SIM1836,TPMS,splitP,sheet,32,1.0,2.0,,,,,,0.4455,0.4468,0.5532,0.319069,0.319069,1.0,3.677,3.677,0.101269,0.101269,1.0,4.4118,6.2578,353.6,306.2,1.0,1,1
SIM1837,TPMS,splitP,sheet,32,2.0,1.0,,,,,,0.4455,0.4492,0.5508,0.330153,0.330153,1.0,3.4,3.4,0.103695,0.103695,1.0,4.3321,12.4688,176.8,176.8,1.0,1,1
SIM1838,TPMS,splitP,sheet,32,1.0,2.0,,,,,,0.4618,0.46,0.54,0.306567,0.306567,1.0,3.803,3.803,0.106027,0.106027,1.0,4.3382,6.3164,353.6,279.5,1.0,1,1
SIM1839,TPMS,splitP,sheet,32,2.0,1.0,,,,,,0.4618,0.4609,0.5391,0.317966,0.317966,1.0,3.586,3.586,0.110145,0.110145,1.0,4.1848,12.4688,176.8,176.8,1.0,1,1
SIM1840,TPMS,splitP,sheet,32,1.0,2.0,,,,,,0.4782,0.4775,0.5225,0.290486,0.290486,1.0,3.986,3.986,0.130196,0.130196,1.0,3.6678,6.3633,353.6,279.5,1.0,1,1
SIM1841,TPMS,splitP,sheet,32,2.0,1.0,,,,,,0.4782,0.4844,0.5156,0.288622,0.288622,1.0,3.874,3.874,0.120789,0.120789,1.0,4.0101,12.8906,176.8,176.8,1.0,1,1
SIM1842,TPMS,splitP,sheet,32,1.0,2.0,,,,,,0.4945,0.4937,0.5063,0.275023,0.275023,1.0,4.198,4.198,0.139584,0.139584,1.0,3.5366,6.3984,375.0,279.5,1.0,1,1
SIM1843,TPMS,splitP,sheet,32,2.0,1.0,,,,,,0.4945,0.4961,0.5039,0.276742,0.276742,1.0,4.051,4.051,0.11969,0.11969,1.0,4.1448,13.2188,176.8,176.8,1.0,1,1
SIM1844,TPMS,splitP,sheet,32,1.0,2.0,,,,,,0.5109,0.5117,0.4883,0.260706,0.260706,1.0,4.423,4.423,0.144706,0.144706,1.0,3.5363,6.457,375.0,279.5,1.0,1,1
SIM1845,TPMS,splitP,sheet,32,2.0,1.0,,,,,,0.5109,0.5195,0.4805,0.261594,0.261594,1.0,4.272,4.272,0.138279,0.138279,1.0,3.7571,13.5938,176.8,176.8,1.0,1,1
SIM1846,TPMS,splitP,sheet,32,1.0,2.0,,,,,,0.5273,0.5293,0.4707,0.243401,0.243401,1.0,4.703,4.703,0.151341,0.151341,1.0,3.4974,6.6094,375.0,279.5,1.0,1,1
SIM1847,TPMS,splitP,sheet,32,2.0,1.0,,,,,,0.5273,0.5312,0.4688,0.248688,0.248688,1.0,4.482,4.482,0.142007,0.142007,1.0,3.741,13.875,176.8,176.8,1.0,1,1
SIM1848,TPMS,splitP,sheet,32,1.0,2.0,,,,,,0.5436,0.5425,0.4575,0.23461,0.23461,1.0,4.902,4.902,0.158308,0.158308,1.0,3.4267,6.6211,375.0,279.5,1.0,1,1
SIM1849,TPMS,splitP,sheet,32,2.0,1.0,,,,,,0.5436,0.543,0.457,0.242425,0.242425,1.0,4.553,4.553,0.146042,0.146042,1.0,3.7179,13.875,176.8,176.8,1.0,1,1
SIM1850,TPMS,splitP,sheet,32,2.0,1.0,,,,,,0.56,0.5547,0.4453,0.238641,0.238641,1.0,4.632,4.632,0.129298,0.129298,1.0,4.29,13.8281,216.5,176.8,1.0,1,1
SIM1851,TPMS,splitP,sheet,32,1.0,2.0,,,,,,0.56,0.5586,0.4414,0.223074,0.223074,1.0,5.082,5.082,0.153256,0.153256,1.0,3.6449,6.6797,375.0,250.0,1.0,1,1
SIM1852,TPMS,splitP,sheet,32,1.0,2.0,,,,,,0.5764,0.5747,0.4253,0.211254,0.211254,1.0,5.331,5.331,0.170035,0.170035,1.0,3.3799,6.668,375.0,250.0,1.0,1,1
SIM1853,TPMS,splitP,sheet,32,2.0,1.0,,,,,,0.5764,0.5781,0.4219,0.215153,0.215153,1.0,4.938,4.938,0.157812,0.157812,1.0,3.6634,13.8281,216.5,176.8,1.0,1,1
SIM1854,TPMS,splitP,sheet,32,1.0,2.0,,,,,,0.5927,0.5908,0.4092,0.193814,0.193814,1.0,5.783,5.783,0.205589,0.205589,1.0,2.8738,6.7383,375.0,250.0,1.0,1,1
SIM1855,TPMS,splitP,sheet,32,2.0,1.0,,,,,,0.5927,0.6016,0.3984,0.19817,0.19817,1.0,5.3,5.3,0.165661,0.165661,1.0,3.6313,14.2031,216.5,176.8,0.9706,1,1
SIM1856,TPMS,splitP,sheet,32,2.0,1.0,,,,,,0.6091,0.6016,0.3984,0.19817,0.19817,1.0,5.3,5.3,0.165661,0.165661,1.0,3.6313,14.2031,216.5,176.8,0.9706,1,1
SIM1857,TPMS,splitP,sheet,32,1.0,2.0,,,,,,0.6091,0.6084,0.3916,0.181039,0.181039,1.0,6.083,6.083,0.214558,0.214558,1.0,2.8356,6.9023,375.0,216.5,1.0,1,1
SIM1858,TPMS,splitP,sheet,32,2.0,1.0,,,,,,0.6255,0.625,0.375,0.176538,0.176538,1.0,6.294,6.294,0.195524,0.195524,1.0,3.1965,14.2031,216.5,176.8,0.9688,1,1
SIM1859,TPMS,splitP,sheet,32,1.0,2.0,,,,,,0.6255,0.626,0.374,0.169083,0.169083,1.0,6.485,6.485,0.227947,0.227947,1.0,2.7462,7.0078,375.0,216.5,1.0,1,1
SIM1860,TPMS,splitP,sheet,32,2.0,1.0,,,,,,0.6418,0.6367,0.3633,0.168516,0.168516,1.0,6.307,6.307,0.196142,0.196142,1.0,3.2462,14.2031,216.5,125.0,0.9677,1,1
SIM1861,TPMS,splitP,sheet,32,1.0,2.0,,,,,,0.6418,0.6436,0.3564,0.154641,0.154641,1.0,6.927,6.927,0.236637,0.236637,1.0,2.7196,7.1133,395.3,216.5,1.0,1,1
SIM1862,TPMS,splitP,sheet,32,1.0,2.0,,,,,,0.6582,0.6567,0.3433,0.145329,0.145329,1.0,7.274,7.274,0.244179,0.244179,1.0,2.6896,7.1719,395.3,176.8,1.0,1,1
SIM1863,TPMS,splitP,sheet,32,2.0,1.0,,,,,,0.6582,0.6602,0.3398,0.151917,0.151917,1.0,6.942,6.942,0.223905,0.223905,1.0,2.9484,13.7812,216.5,125.0,0.9655,1,1
SIM1864,TPMS,splitP,sheet,32,2.0,1.0,,,,,,0.6745,0.6719,0.3281,0.13064,0.13064,1.0,6.984,6.984,0.284227,0.284227,1.0,2.3639,13.7812,216.5,125.0,0.9643,1,1
SIM1865,TPMS,splitP,sheet,32,1.0,2.0,,,,,,0.6745,0.6743,0.3257,0.133865,0.133865,1.0,7.778,7.778,0.254644,0.254644,1.0,2.6481,7.207,395.3,176.8,1.0,1,1
SIM1866,TPMS,splitP,sheet,32,1.0,2.0,,,,,,0.6909,0.6904,0.3096,0.122223,0.122223,1.0,8.384,8.384,0.261059,0.261059,1.0,2.6447,7.2422,395.3,176.8,1.0,1,1
SIM1867,TPMS,splitP,sheet,32,2.0,1.0,,,,,,0.6909,0.6953,0.3047,0.117332,0.117332,1.0,7.574,7.574,0.300079,0.300079,1.0,2.3171,13.7812,216.5,125.0,0.9615,1,1
SIM1868,TPMS,splitP,sheet,32,2.0,1.0,,,,,,0.7073,0.707,0.293,0.113559,0.113559,1.0,7.733,7.733,0.302588,0.302588,1.0,2.3366,13.7812,216.5,125.0,0.96,1,1
SIM1869,TPMS,splitP,sheet,32,1.0,2.0,,,,,,0.7073,0.708,0.292,0.108041,0.108041,1.0,9.186,9.186,0.298224,0.298224,1.0,2.3741,7.1367,395.3,176.8,1.0,1,1
SIM1870,TPMS,splitP,sheet,32,2.0,1.0,,,,,,0.7236,0.7188,0.2812,0.108246,0.108246,1.0,7.833,7.833,0.308538,0.308538,1.0,2.3295,13.8281,216.5,125.0,0.875,1,1
SIM1871,TPMS,splitP,sheet,32,1.0,2.0,,,,,,0.7236,0.7241,0.2759,0.095864,0.095864,1.0,10.117,10.117,0.314207,0.314207,1.0,2.3046,7.043,414.6,176.8,1.0,1,1
SIM1872,TPMS,splitP,sheet,32,1.0,2.0,,,,,,0.74,0.7402,0.2598,0.086787,0.086787,1.0,11.063,11.063,0.327243,0.327243,1.0,2.262,7.1016,433.0,176.8,1.0,1,1
SIM1873,TPMS,splitP,sheet,32,2.0,1.0,,,,,,0.74,0.7422,0.2578,0.091551,0.091551,1.0,9.018,9.018,0.367587,0.367587,1.0,2.0191,13.4531,216.5,125.0,0.8636,1,1
SIM1874,TPMS,splitP,sheet,32,1.0,2.0,,,,,,0.7564,0.7549,0.2451,0.079303,0.079303,1.0,11.847,11.847,0.343536,0.343536,1.0,2.1974,7.1133,433.0,176.8,1.0,1,1
SIM1875,TPMS,splitP,sheet,32,2.0,1.0,,,,,,0.7564,0.7656,0.2344,0.074816,0.074816,1.0,11.833,11.833,0.404988,0.404988,1.0,1.8905,13.4531,250.0,125.0,0.85,1,1
SIM1876,TPMS,splitP,sheet,32,1.0,2.0,,,,,,0.7727,0.771,0.229,0.071691,0.071691,1.0,12.962,12.962,0.356476,0.356476,1.0,2.1628,7.1133,433.0,125.0,1.0,1,1
SIM1877,TPMS,splitP,sheet,32,2.0,1.0,,,,,,0.7727,0.7773,0.2227,0.065913,0.065913,1.0,13.063,13.063,0.433837,0.433837,1.0,1.7918,13.4531,250.0,125.0,0.7895,1,1
SIM1878,TPMS,splitP,sheet,32,2.0,1.0,,,,,,0.7891,0.7891,0.2109,0.060087,0.060087,1.0,14.9,14.9,0.445932,0.445932,1.0,1.7695,13.4531,250.0,125.0,0.0061,1,1
SIM1879,TPMS,splitP,sheet,32,1.0,2.0,,,,,,0.7891,0.7905,0.2095,0.065461,0.065461,1.0,14.216,14.216,0.370414,0.370414,1.0,2.1342,7.0078,450.7,125.0,1.0,1,1
SIM1880,TPMS,splitP,sheet,32,1.0,2.0,,,,,,0.8055,0.8066,0.1934,0.056846,0.056846,1.0,15.667,15.667,0.39088,0.39088,1.0,2.0637,7.0547,450.7,125.0,0.9924,1,1
SIM1881,TPMS,splitP,sheet,32,2.0,1.0,,,,,,0.8055,0.8125,0.1875,0.045051,0.045051,1.0,16.241,16.241,0.512337,0.512337,1.0,1.5859,12.6562,250.0,125.0,0.0049,1,1
SIM1882,TPMS,splitP,sheet,32,2.0,1.0,,,,,,0.8218,0.8125,0.1875,0.045051,0.045051,1.0,16.241,16.241,0.512337,0.512337,1.0,1.5859,12.6562,250.0,125.0,0.0049,1,1
SIM1883,TPMS,splitP,sheet,32,1.0,2.0,,,,,,0.8218,0.8228,0.1772,0.049822,0.049822,1.0,17.254,17.254,0.397487,0.397487,1.0,2.0699,7.1953,450.7,125.0,0.9835,1,1
SIM1884,TPMS,splitP,sheet,32,1.0,2.0,,,,,,0.8382,0.8389,0.1611,0.043649,0.043649,1.0,19.05,19.05,0.403339,0.403339,1.0,2.0798,7.3477,450.7,125.0,0.8727,1,1
SIM1885,TPMS,splitP,sheet,32,2.0,1.0,,,,,,0.8382,0.8477,0.1523,0.014818,0.014818,1.0,30.865,30.865,0.628183,0.628183,1.0,1.3494,10.8281,279.5,125.0,0.006,1,1
SIM1886,TPMS,splitP,sheet,32,1.0,2.0,,,,,,0.8545,0.855,0.145,0.035182,0.035182,1.0,22.459,22.459,0.514222,0.514222,1.0,1.6627,7.1719,467.7,125.0,0.8182,1,1
SIM1887,TPMS,splitP,sheet,32,2.0,1.0,,,,,,0.8545,0.8594,0.1406,0.008298,0.008298,1.0,34.872,34.872,0.653529,0.653529,1.0,1.315,10.125,279.5,125.0,0.0065,1,1
SIM1888,TPMS,splitP,sheet,32,1.0,2.0,,,,,,0.8709,0.8711,0.1289,0.028003,0.028003,1.0,25.833,25.833,0.573664,0.573664,1.0,1.5185,6.9727,467.7,125.0,0.7045,1,1
SIM1889,TPMS,splitP,sheet,32,2.0,1.0,,,,,,0.8709,0.8711,0.1289,0.004128,0.004128,1.0,54.808,54.808,0.684492,0.684492,1.0,1.2726,9.0469,279.5,125.0,0.0071,1,1
SIM1890,TPMS,splitP,sheet,32,2.0,1.0,,,,,,0.8873,0.8828,0.1172,0.004128,0.004128,1.0,56.059,56.059,0.708919,0.708919,1.0,1.2453,8.3906,279.5,125.0,0.0078,1,1
SIM1891,TPMS,splitP,sheet,32,1.0,2.0,,,,,,0.8873,0.8857,0.1143,0.019391,0.019391,1.0,33.555,33.555,0.67004,0.67004,1.0,1.3219,6.5508,467.7,125.0,0.6154,1,1
SIM1892,TPMS,splitP,sheet,32,2.0,1.0,,,,,,0.9036,0.8945,0.1055,0.003961,0.003961,1.0,56.641,56.641,0.731897,0.731897,1.0,1.2222,8.0156,279.5,125.0,0.0069,1,1
SIM1893,TPMS,splitP,sheet,32,1.0,2.0,,,,,,0.9036,0.9048,0.0952,0.008738,0.008738,1.0,50.925,50.925,0.739646,0.739646,1.0,1.2233,5.9414,467.7,125.0,0.5692,1,1
SIM1894,TPMS,splitP,sheet,32,1.0,2.0,,,,,,0.92,0.9194,0.0806,0.005235,0.005235,1.0,69.019,69.019,0.777864,0.777864,1.0,1.182,5.2969,467.7,125.0,0.0098,1,1
SIM1895,TPMS,splitP,sheet,32,2.0,1.0,,,,,,0.92,0.9297,0.0703,0.000619,0.000619,1.0,121.034,121.034,0.813544,0.813544,1.0,1.1428,5.8125,306.2,125.0,0.0009,1,1
